============================================================
  Generated by:           Genus(TM) Synthesis Solution 22.13-s093_1
  Generated on:           Apr 13 2026  07:21:28 pm
  Module:                 picorv32
  Operating conditions:   PVT_1P1V_0C 
  Interconnect mode:      global
  Area mode:              physical library
============================================================


Path 1: MET (1308 ps) Setup Check with Pin genblk2.pcpi_div_dividend_reg[20]/CK->D
          Group: C2C
     Startpoint: (R) genblk2.pcpi_div_divisor_reg[0]/CK
          Clock: (R) myclock
       Endpoint: (F) genblk2.pcpi_div_dividend_reg[20]/D
          Clock: (R) myclock

                     Capture       Launch     
        Clock Edge:+    4000            0     
       Src Latency:+       0            0     
       Net Latency:+       0 (I)        0 (I) 
           Arrival:=    4000            0     
                                              
             Setup:-      25                  
       Uncertainty:-      20                  
     Required Time:=    3955                  
      Launch Clock:-       0                  
         Data Path:-    2647                  
             Slack:=    1308                  

#--------------------------------------------------------------------------------------------------------------
#            Timing Point              Flags    Arc   Edge   Cell     Fanout Load Trans Delay Arrival Instance 
#                                                                            (fF)  (ps)  (ps)   (ps)  Location 
#--------------------------------------------------------------------------------------------------------------
  genblk2.pcpi_div_divisor_reg[0]/CK   -       -      R     (arrival)   2050    -     0     0       0    (-,-) 
  genblk2.pcpi_div_divisor_reg[0]/Q    -       CK->Q  F     DFFHQX1        3  5.6    39    68      68    (-,-) 
  genblk2.pcpi_div_lte_2493_16_g1345/Y -       AN->Y  F     NOR2BX1        2  4.2    39    37     104    (-,-) 
  genblk2.pcpi_div_lte_2493_16_g1328/Y -       A1N->Y F     OAI2BB1X1      1  2.7    45    42     146    (-,-) 
  genblk2.pcpi_div_lte_2493_16_g1327/Y -       B0->Y  F     OA21X1         1  2.8    23    36     182    (-,-) 
  genblk2.pcpi_div_lte_2493_16_g1326/Y -       A1->Y  R     OAI22X1        1  2.9    61    42     223    (-,-) 
  genblk2.pcpi_div_lte_2493_16_g1325/Y -       A1->Y  F     AOI22X1        1  2.8    60    55     278    (-,-) 
  genblk2.pcpi_div_lte_2493_16_g1324/Y -       A1->Y  R     OAI22X1        1  2.9    66    54     332    (-,-) 
  genblk2.pcpi_div_lte_2493_16_g1323/Y -       A1->Y  F     AOI22X1        1  2.8    61    57     389    (-,-) 
  genblk2.pcpi_div_lte_2493_16_g1322/Y -       A1->Y  R     OAI22X1        1  2.9    66    54     443    (-,-) 
  genblk2.pcpi_div_lte_2493_16_g1321/Y -       A1->Y  F     AOI22X1        1  2.8    61    57     500    (-,-) 
  genblk2.pcpi_div_lte_2493_16_g1320/Y -       A1->Y  R     OAI22X1        1  2.9    66    54     554    (-,-) 
  genblk2.pcpi_div_lte_2493_16_g1319/Y -       A1->Y  F     AOI22X1        1  2.8    61    57     611    (-,-) 
  genblk2.pcpi_div_lte_2493_16_g1318/Y -       A1->Y  R     OAI22X1        1  2.9    66    54     665    (-,-) 
  genblk2.pcpi_div_lte_2493_16_g1317/Y -       A1->Y  F     AOI22X1        1  2.8    61    57     722    (-,-) 
  genblk2.pcpi_div_lte_2493_16_g1316/Y -       A1->Y  R     OAI22X1        1  2.9    66    54     776    (-,-) 
  genblk2.pcpi_div_lte_2493_16_g1315/Y -       A1->Y  F     AOI22X1        1  2.8    61    57     833    (-,-) 
  genblk2.pcpi_div_lte_2493_16_g1314/Y -       A1->Y  R     OAI22X1        1  2.9    66    54     887    (-,-) 
  genblk2.pcpi_div_lte_2493_16_g1313/Y -       A1->Y  F     AOI22X1        1  2.8    61    57     944    (-,-) 
  genblk2.pcpi_div_lte_2493_16_g1312/Y -       A1->Y  R     OAI22X1        1  2.9    66    54     998    (-,-) 
  genblk2.pcpi_div_lte_2493_16_g1311/Y -       A1->Y  F     AOI22X1        1  2.8    61    57    1055    (-,-) 
  genblk2.pcpi_div_lte_2493_16_g1310/Y -       A1->Y  R     OAI22X1        1  2.9    66    54    1109    (-,-) 
  genblk2.pcpi_div_lte_2493_16_g1309/Y -       A1->Y  F     AOI22X1        1  2.8    61    57    1166    (-,-) 
  genblk2.pcpi_div_lte_2493_16_g1308/Y -       A1->Y  R     OAI22X1        1  2.9    66    54    1220    (-,-) 
  genblk2.pcpi_div_lte_2493_16_g1307/Y -       A1->Y  F     AOI22X1        1  2.8    61    57    1276    (-,-) 
  genblk2.pcpi_div_lte_2493_16_g1306/Y -       A1->Y  R     OAI22X1        1  2.9    66    54    1330    (-,-) 
  genblk2.pcpi_div_lte_2493_16_g1305/Y -       A1->Y  F     AOI22X1        1  2.8    61    57    1387    (-,-) 
  genblk2.pcpi_div_lte_2493_16_g1304/Y -       A1->Y  R     OAI22X1        1  2.9    66    54    1441    (-,-) 
  genblk2.pcpi_div_lte_2493_16_g1303/Y -       A1->Y  F     AOI22X1        1  2.8    61    57    1498    (-,-) 
  genblk2.pcpi_div_lte_2493_16_g1302/Y -       A1->Y  R     OAI22X1        1  2.9    66    54    1552    (-,-) 
  genblk2.pcpi_div_lte_2493_16_g1301/Y -       A1->Y  F     AOI22X1        1  2.8    61    57    1609    (-,-) 
  genblk2.pcpi_div_lte_2493_16_g1300/Y -       A1->Y  R     OAI22X1        1  2.9    66    54    1663    (-,-) 
  genblk2.pcpi_div_lte_2493_16_g1299/Y -       A1->Y  F     AOI22X1        1  2.8    61    57    1720    (-,-) 
  genblk2.pcpi_div_lte_2493_16_g1298/Y -       A1->Y  R     OAI22X1        1  2.9    66    54    1774    (-,-) 
  genblk2.pcpi_div_lte_2493_16_g1297/Y -       A1->Y  F     AOI22X1        1  2.6    59    55    1830    (-,-) 
  genblk2.pcpi_div_lte_2493_16_g1296/Y -       D->Y   F     OR4X1          1  2.6    27    69    1899    (-,-) 
  genblk2.pcpi_div_lte_2493_16_g1295/Y -       D->Y   F     OR4X1          1  2.6    27    63    1962    (-,-) 
  genblk2.pcpi_div_lte_2493_16_g1294/Y -       D->Y   F     OR4X1          1  2.6    27    63    2024    (-,-) 
  genblk2.pcpi_div_lte_2493_16_g1293/Y -       D->Y   F     OR4X1          1  2.6    27    63    2087    (-,-) 
  genblk2.pcpi_div_lte_2493_16_g1292/Y -       D->Y   F     OR4X1          1  2.6    27    63    2150    (-,-) 
  genblk2.pcpi_div_lte_2493_16_g1291/Y -       D->Y   F     OR4X1          1  2.6    27    63    2213    (-,-) 
  genblk2.pcpi_div_lte_2493_16_g1290/Y -       D->Y   F     OR4X1          1  2.8    28    64    2276    (-,-) 
  genblk2.pcpi_div_lte_2493_16_g1289/Y -       D->Y   R     NOR4X1         1  2.7    90    60    2336    (-,-) 
  genblk2.pcpi_div_lte_2493_16_g1288/Y -       A->Y   R     AND2X1         2  5.1    38    56    2392    (-,-) 
  g131008/Y                            -       A->Y   F     INVX1          1  2.8    26    26    2418    (-,-) 
  g126658/Y                            -       A1->Y  F     AO21X4        32 51.4   106    98    2516    (-,-) 
  g126514/Y                            -       A1->Y  R     AOI22X1        1  2.9    64    66    2582    (-,-) 
  g126353/Y                            -       C0->Y  F     OAI211X1       1  2.8    74    66    2647    (-,-) 
  genblk2.pcpi_div_dividend_reg[20]/D  -       -      F     DFFHQX1        1    -     -     0    2647    (-,-) 
#--------------------------------------------------------------------------------------------------------------



Path 2: MET (1309 ps) Setup Check with Pin genblk2.pcpi_div_dividend_reg[12]/CK->D
          Group: C2C
     Startpoint: (R) genblk2.pcpi_div_divisor_reg[0]/CK
          Clock: (R) myclock
       Endpoint: (F) genblk2.pcpi_div_dividend_reg[12]/D
          Clock: (R) myclock

                     Capture       Launch     
        Clock Edge:+    4000            0     
       Src Latency:+       0            0     
       Net Latency:+       0 (I)        0 (I) 
           Arrival:=    4000            0     
                                              
             Setup:-      24                  
       Uncertainty:-      20                  
     Required Time:=    3956                  
      Launch Clock:-       0                  
         Data Path:-    2646                  
             Slack:=    1309                  

#--------------------------------------------------------------------------------------------------------------
#            Timing Point              Flags    Arc   Edge   Cell     Fanout Load Trans Delay Arrival Instance 
#                                                                            (fF)  (ps)  (ps)   (ps)  Location 
#--------------------------------------------------------------------------------------------------------------
  genblk2.pcpi_div_divisor_reg[0]/CK   -       -      R     (arrival)   2050    -     0     0       0    (-,-) 
  genblk2.pcpi_div_divisor_reg[0]/Q    -       CK->Q  F     DFFHQX1        3  5.6    39    68      68    (-,-) 
  genblk2.pcpi_div_lte_2493_16_g1345/Y -       AN->Y  F     NOR2BX1        2  4.2    39    37     104    (-,-) 
  genblk2.pcpi_div_lte_2493_16_g1328/Y -       A1N->Y F     OAI2BB1X1      1  2.7    45    42     146    (-,-) 
  genblk2.pcpi_div_lte_2493_16_g1327/Y -       B0->Y  F     OA21X1         1  2.8    23    36     182    (-,-) 
  genblk2.pcpi_div_lte_2493_16_g1326/Y -       A1->Y  R     OAI22X1        1  2.9    61    42     223    (-,-) 
  genblk2.pcpi_div_lte_2493_16_g1325/Y -       A1->Y  F     AOI22X1        1  2.8    60    55     278    (-,-) 
  genblk2.pcpi_div_lte_2493_16_g1324/Y -       A1->Y  R     OAI22X1        1  2.9    66    54     332    (-,-) 
  genblk2.pcpi_div_lte_2493_16_g1323/Y -       A1->Y  F     AOI22X1        1  2.8    61    57     389    (-,-) 
  genblk2.pcpi_div_lte_2493_16_g1322/Y -       A1->Y  R     OAI22X1        1  2.9    66    54     443    (-,-) 
  genblk2.pcpi_div_lte_2493_16_g1321/Y -       A1->Y  F     AOI22X1        1  2.8    61    57     500    (-,-) 
  genblk2.pcpi_div_lte_2493_16_g1320/Y -       A1->Y  R     OAI22X1        1  2.9    66    54     554    (-,-) 
  genblk2.pcpi_div_lte_2493_16_g1319/Y -       A1->Y  F     AOI22X1        1  2.8    61    57     611    (-,-) 
  genblk2.pcpi_div_lte_2493_16_g1318/Y -       A1->Y  R     OAI22X1        1  2.9    66    54     665    (-,-) 
  genblk2.pcpi_div_lte_2493_16_g1317/Y -       A1->Y  F     AOI22X1        1  2.8    61    57     722    (-,-) 
  genblk2.pcpi_div_lte_2493_16_g1316/Y -       A1->Y  R     OAI22X1        1  2.9    66    54     776    (-,-) 
  genblk2.pcpi_div_lte_2493_16_g1315/Y -       A1->Y  F     AOI22X1        1  2.8    61    57     833    (-,-) 
  genblk2.pcpi_div_lte_2493_16_g1314/Y -       A1->Y  R     OAI22X1        1  2.9    66    54     887    (-,-) 
  genblk2.pcpi_div_lte_2493_16_g1313/Y -       A1->Y  F     AOI22X1        1  2.8    61    57     944    (-,-) 
  genblk2.pcpi_div_lte_2493_16_g1312/Y -       A1->Y  R     OAI22X1        1  2.9    66    54     998    (-,-) 
  genblk2.pcpi_div_lte_2493_16_g1311/Y -       A1->Y  F     AOI22X1        1  2.8    61    57    1055    (-,-) 
  genblk2.pcpi_div_lte_2493_16_g1310/Y -       A1->Y  R     OAI22X1        1  2.9    66    54    1109    (-,-) 
  genblk2.pcpi_div_lte_2493_16_g1309/Y -       A1->Y  F     AOI22X1        1  2.8    61    57    1166    (-,-) 
  genblk2.pcpi_div_lte_2493_16_g1308/Y -       A1->Y  R     OAI22X1        1  2.9    66    54    1220    (-,-) 
  genblk2.pcpi_div_lte_2493_16_g1307/Y -       A1->Y  F     AOI22X1        1  2.8    61    57    1276    (-,-) 
  genblk2.pcpi_div_lte_2493_16_g1306/Y -       A1->Y  R     OAI22X1        1  2.9    66    54    1330    (-,-) 
  genblk2.pcpi_div_lte_2493_16_g1305/Y -       A1->Y  F     AOI22X1        1  2.8    61    57    1387    (-,-) 
  genblk2.pcpi_div_lte_2493_16_g1304/Y -       A1->Y  R     OAI22X1        1  2.9    66    54    1441    (-,-) 
  genblk2.pcpi_div_lte_2493_16_g1303/Y -       A1->Y  F     AOI22X1        1  2.8    61    57    1498    (-,-) 
  genblk2.pcpi_div_lte_2493_16_g1302/Y -       A1->Y  R     OAI22X1        1  2.9    66    54    1552    (-,-) 
  genblk2.pcpi_div_lte_2493_16_g1301/Y -       A1->Y  F     AOI22X1        1  2.8    61    57    1609    (-,-) 
  genblk2.pcpi_div_lte_2493_16_g1300/Y -       A1->Y  R     OAI22X1        1  2.9    66    54    1663    (-,-) 
  genblk2.pcpi_div_lte_2493_16_g1299/Y -       A1->Y  F     AOI22X1        1  2.8    61    57    1720    (-,-) 
  genblk2.pcpi_div_lte_2493_16_g1298/Y -       A1->Y  R     OAI22X1        1  2.9    66    54    1774    (-,-) 
  genblk2.pcpi_div_lte_2493_16_g1297/Y -       A1->Y  F     AOI22X1        1  2.6    59    55    1830    (-,-) 
  genblk2.pcpi_div_lte_2493_16_g1296/Y -       D->Y   F     OR4X1          1  2.6    27    69    1899    (-,-) 
  genblk2.pcpi_div_lte_2493_16_g1295/Y -       D->Y   F     OR4X1          1  2.6    27    63    1962    (-,-) 
  genblk2.pcpi_div_lte_2493_16_g1294/Y -       D->Y   F     OR4X1          1  2.6    27    63    2024    (-,-) 
  genblk2.pcpi_div_lte_2493_16_g1293/Y -       D->Y   F     OR4X1          1  2.6    27    63    2087    (-,-) 
  genblk2.pcpi_div_lte_2493_16_g1292/Y -       D->Y   F     OR4X1          1  2.6    27    63    2150    (-,-) 
  genblk2.pcpi_div_lte_2493_16_g1291/Y -       D->Y   F     OR4X1          1  2.6    27    63    2213    (-,-) 
  genblk2.pcpi_div_lte_2493_16_g1290/Y -       D->Y   F     OR4X1          1  2.8    28    64    2276    (-,-) 
  genblk2.pcpi_div_lte_2493_16_g1289/Y -       D->Y   R     NOR4X1         1  2.7    90    60    2336    (-,-) 
  genblk2.pcpi_div_lte_2493_16_g1288/Y -       A->Y   R     AND2X1         2  5.1    38    56    2392    (-,-) 
  g131008/Y                            -       A->Y   F     INVX1          1  2.8    26    26    2418    (-,-) 
  g126658/Y                            -       A1->Y  F     AO21X4        32 51.4   106    98    2516    (-,-) 
  g126504/Y                            -       A1->Y  R     AOI22X1        1  2.9    61    66    2582    (-,-) 
  g126354/Y                            -       C0->Y  F     OAI211X1       1  2.8    73    65    2646    (-,-) 
  genblk2.pcpi_div_dividend_reg[12]/D  -       -      F     DFFHQX1        1    -     -     0    2646    (-,-) 
#--------------------------------------------------------------------------------------------------------------



Path 3: MET (1309 ps) Setup Check with Pin genblk2.pcpi_div_dividend_reg[8]/CK->D
          Group: C2C
     Startpoint: (R) genblk2.pcpi_div_divisor_reg[0]/CK
          Clock: (R) myclock
       Endpoint: (F) genblk2.pcpi_div_dividend_reg[8]/D
          Clock: (R) myclock

                     Capture       Launch     
        Clock Edge:+    4000            0     
       Src Latency:+       0            0     
       Net Latency:+       0 (I)        0 (I) 
           Arrival:=    4000            0     
                                              
             Setup:-      24                  
       Uncertainty:-      20                  
     Required Time:=    3956                  
      Launch Clock:-       0                  
         Data Path:-    2646                  
             Slack:=    1309                  

#--------------------------------------------------------------------------------------------------------------
#            Timing Point              Flags    Arc   Edge   Cell     Fanout Load Trans Delay Arrival Instance 
#                                                                            (fF)  (ps)  (ps)   (ps)  Location 
#--------------------------------------------------------------------------------------------------------------
  genblk2.pcpi_div_divisor_reg[0]/CK   -       -      R     (arrival)   2050    -     0     0       0    (-,-) 
  genblk2.pcpi_div_divisor_reg[0]/Q    -       CK->Q  F     DFFHQX1        3  5.6    39    68      68    (-,-) 
  genblk2.pcpi_div_lte_2493_16_g1345/Y -       AN->Y  F     NOR2BX1        2  4.2    39    37     104    (-,-) 
  genblk2.pcpi_div_lte_2493_16_g1328/Y -       A1N->Y F     OAI2BB1X1      1  2.7    45    42     146    (-,-) 
  genblk2.pcpi_div_lte_2493_16_g1327/Y -       B0->Y  F     OA21X1         1  2.8    23    36     182    (-,-) 
  genblk2.pcpi_div_lte_2493_16_g1326/Y -       A1->Y  R     OAI22X1        1  2.9    61    42     223    (-,-) 
  genblk2.pcpi_div_lte_2493_16_g1325/Y -       A1->Y  F     AOI22X1        1  2.8    60    55     278    (-,-) 
  genblk2.pcpi_div_lte_2493_16_g1324/Y -       A1->Y  R     OAI22X1        1  2.9    66    54     332    (-,-) 
  genblk2.pcpi_div_lte_2493_16_g1323/Y -       A1->Y  F     AOI22X1        1  2.8    61    57     389    (-,-) 
  genblk2.pcpi_div_lte_2493_16_g1322/Y -       A1->Y  R     OAI22X1        1  2.9    66    54     443    (-,-) 
  genblk2.pcpi_div_lte_2493_16_g1321/Y -       A1->Y  F     AOI22X1        1  2.8    61    57     500    (-,-) 
  genblk2.pcpi_div_lte_2493_16_g1320/Y -       A1->Y  R     OAI22X1        1  2.9    66    54     554    (-,-) 
  genblk2.pcpi_div_lte_2493_16_g1319/Y -       A1->Y  F     AOI22X1        1  2.8    61    57     611    (-,-) 
  genblk2.pcpi_div_lte_2493_16_g1318/Y -       A1->Y  R     OAI22X1        1  2.9    66    54     665    (-,-) 
  genblk2.pcpi_div_lte_2493_16_g1317/Y -       A1->Y  F     AOI22X1        1  2.8    61    57     722    (-,-) 
  genblk2.pcpi_div_lte_2493_16_g1316/Y -       A1->Y  R     OAI22X1        1  2.9    66    54     776    (-,-) 
  genblk2.pcpi_div_lte_2493_16_g1315/Y -       A1->Y  F     AOI22X1        1  2.8    61    57     833    (-,-) 
  genblk2.pcpi_div_lte_2493_16_g1314/Y -       A1->Y  R     OAI22X1        1  2.9    66    54     887    (-,-) 
  genblk2.pcpi_div_lte_2493_16_g1313/Y -       A1->Y  F     AOI22X1        1  2.8    61    57     944    (-,-) 
  genblk2.pcpi_div_lte_2493_16_g1312/Y -       A1->Y  R     OAI22X1        1  2.9    66    54     998    (-,-) 
  genblk2.pcpi_div_lte_2493_16_g1311/Y -       A1->Y  F     AOI22X1        1  2.8    61    57    1055    (-,-) 
  genblk2.pcpi_div_lte_2493_16_g1310/Y -       A1->Y  R     OAI22X1        1  2.9    66    54    1109    (-,-) 
  genblk2.pcpi_div_lte_2493_16_g1309/Y -       A1->Y  F     AOI22X1        1  2.8    61    57    1166    (-,-) 
  genblk2.pcpi_div_lte_2493_16_g1308/Y -       A1->Y  R     OAI22X1        1  2.9    66    54    1220    (-,-) 
  genblk2.pcpi_div_lte_2493_16_g1307/Y -       A1->Y  F     AOI22X1        1  2.8    61    57    1276    (-,-) 
  genblk2.pcpi_div_lte_2493_16_g1306/Y -       A1->Y  R     OAI22X1        1  2.9    66    54    1330    (-,-) 
  genblk2.pcpi_div_lte_2493_16_g1305/Y -       A1->Y  F     AOI22X1        1  2.8    61    57    1387    (-,-) 
  genblk2.pcpi_div_lte_2493_16_g1304/Y -       A1->Y  R     OAI22X1        1  2.9    66    54    1441    (-,-) 
  genblk2.pcpi_div_lte_2493_16_g1303/Y -       A1->Y  F     AOI22X1        1  2.8    61    57    1498    (-,-) 
  genblk2.pcpi_div_lte_2493_16_g1302/Y -       A1->Y  R     OAI22X1        1  2.9    66    54    1552    (-,-) 
  genblk2.pcpi_div_lte_2493_16_g1301/Y -       A1->Y  F     AOI22X1        1  2.8    61    57    1609    (-,-) 
  genblk2.pcpi_div_lte_2493_16_g1300/Y -       A1->Y  R     OAI22X1        1  2.9    66    54    1663    (-,-) 
  genblk2.pcpi_div_lte_2493_16_g1299/Y -       A1->Y  F     AOI22X1        1  2.8    61    57    1720    (-,-) 
  genblk2.pcpi_div_lte_2493_16_g1298/Y -       A1->Y  R     OAI22X1        1  2.9    66    54    1774    (-,-) 
  genblk2.pcpi_div_lte_2493_16_g1297/Y -       A1->Y  F     AOI22X1        1  2.6    59    55    1830    (-,-) 
  genblk2.pcpi_div_lte_2493_16_g1296/Y -       D->Y   F     OR4X1          1  2.6    27    69    1899    (-,-) 
  genblk2.pcpi_div_lte_2493_16_g1295/Y -       D->Y   F     OR4X1          1  2.6    27    63    1962    (-,-) 
  genblk2.pcpi_div_lte_2493_16_g1294/Y -       D->Y   F     OR4X1          1  2.6    27    63    2024    (-,-) 
  genblk2.pcpi_div_lte_2493_16_g1293/Y -       D->Y   F     OR4X1          1  2.6    27    63    2087    (-,-) 
  genblk2.pcpi_div_lte_2493_16_g1292/Y -       D->Y   F     OR4X1          1  2.6    27    63    2150    (-,-) 
  genblk2.pcpi_div_lte_2493_16_g1291/Y -       D->Y   F     OR4X1          1  2.6    27    63    2213    (-,-) 
  genblk2.pcpi_div_lte_2493_16_g1290/Y -       D->Y   F     OR4X1          1  2.8    28    64    2276    (-,-) 
  genblk2.pcpi_div_lte_2493_16_g1289/Y -       D->Y   R     NOR4X1         1  2.7    90    60    2336    (-,-) 
  genblk2.pcpi_div_lte_2493_16_g1288/Y -       A->Y   R     AND2X1         2  5.1    38    56    2392    (-,-) 
  g131008/Y                            -       A->Y   F     INVX1          1  2.8    26    26    2418    (-,-) 
  g126658/Y                            -       A1->Y  F     AO21X4        32 51.4   106    98    2516    (-,-) 
  g126502/Y                            -       A1->Y  R     AOI22X1        1  2.9    61    66    2582    (-,-) 
  g126352/Y                            -       C0->Y  F     OAI211X1       1  2.8    73    65    2646    (-,-) 
  genblk2.pcpi_div_dividend_reg[8]/D   -       -      F     DFFHQX1        1    -     -     0    2646    (-,-) 
#--------------------------------------------------------------------------------------------------------------



Path 4: MET (1332 ps) Setup Check with Pin genblk2.pcpi_div_dividend_reg[31]/CK->D
          Group: C2C
     Startpoint: (R) genblk2.pcpi_div_divisor_reg[0]/CK
          Clock: (R) myclock
       Endpoint: (F) genblk2.pcpi_div_dividend_reg[31]/D
          Clock: (R) myclock

                     Capture       Launch     
        Clock Edge:+    4000            0     
       Src Latency:+       0            0     
       Net Latency:+       0 (I)        0 (I) 
           Arrival:=    4000            0     
                                              
             Setup:-      20                  
       Uncertainty:-      20                  
     Required Time:=    3960                  
      Launch Clock:-       0                  
         Data Path:-    2628                  
             Slack:=    1332                  

#--------------------------------------------------------------------------------------------------------------
#            Timing Point              Flags    Arc   Edge   Cell     Fanout Load Trans Delay Arrival Instance 
#                                                                            (fF)  (ps)  (ps)   (ps)  Location 
#--------------------------------------------------------------------------------------------------------------
  genblk2.pcpi_div_divisor_reg[0]/CK   -       -      R     (arrival)   2050    -     0     0       0    (-,-) 
  genblk2.pcpi_div_divisor_reg[0]/Q    -       CK->Q  F     DFFHQX1        3  5.6    39    68      68    (-,-) 
  genblk2.pcpi_div_lte_2493_16_g1345/Y -       AN->Y  F     NOR2BX1        2  4.2    39    37     104    (-,-) 
  genblk2.pcpi_div_lte_2493_16_g1328/Y -       A1N->Y F     OAI2BB1X1      1  2.7    45    42     146    (-,-) 
  genblk2.pcpi_div_lte_2493_16_g1327/Y -       B0->Y  F     OA21X1         1  2.8    23    36     182    (-,-) 
  genblk2.pcpi_div_lte_2493_16_g1326/Y -       A1->Y  R     OAI22X1        1  2.9    61    42     223    (-,-) 
  genblk2.pcpi_div_lte_2493_16_g1325/Y -       A1->Y  F     AOI22X1        1  2.8    60    55     278    (-,-) 
  genblk2.pcpi_div_lte_2493_16_g1324/Y -       A1->Y  R     OAI22X1        1  2.9    66    54     332    (-,-) 
  genblk2.pcpi_div_lte_2493_16_g1323/Y -       A1->Y  F     AOI22X1        1  2.8    61    57     389    (-,-) 
  genblk2.pcpi_div_lte_2493_16_g1322/Y -       A1->Y  R     OAI22X1        1  2.9    66    54     443    (-,-) 
  genblk2.pcpi_div_lte_2493_16_g1321/Y -       A1->Y  F     AOI22X1        1  2.8    61    57     500    (-,-) 
  genblk2.pcpi_div_lte_2493_16_g1320/Y -       A1->Y  R     OAI22X1        1  2.9    66    54     554    (-,-) 
  genblk2.pcpi_div_lte_2493_16_g1319/Y -       A1->Y  F     AOI22X1        1  2.8    61    57     611    (-,-) 
  genblk2.pcpi_div_lte_2493_16_g1318/Y -       A1->Y  R     OAI22X1        1  2.9    66    54     665    (-,-) 
  genblk2.pcpi_div_lte_2493_16_g1317/Y -       A1->Y  F     AOI22X1        1  2.8    61    57     722    (-,-) 
  genblk2.pcpi_div_lte_2493_16_g1316/Y -       A1->Y  R     OAI22X1        1  2.9    66    54     776    (-,-) 
  genblk2.pcpi_div_lte_2493_16_g1315/Y -       A1->Y  F     AOI22X1        1  2.8    61    57     833    (-,-) 
  genblk2.pcpi_div_lte_2493_16_g1314/Y -       A1->Y  R     OAI22X1        1  2.9    66    54     887    (-,-) 
  genblk2.pcpi_div_lte_2493_16_g1313/Y -       A1->Y  F     AOI22X1        1  2.8    61    57     944    (-,-) 
  genblk2.pcpi_div_lte_2493_16_g1312/Y -       A1->Y  R     OAI22X1        1  2.9    66    54     998    (-,-) 
  genblk2.pcpi_div_lte_2493_16_g1311/Y -       A1->Y  F     AOI22X1        1  2.8    61    57    1055    (-,-) 
  genblk2.pcpi_div_lte_2493_16_g1310/Y -       A1->Y  R     OAI22X1        1  2.9    66    54    1109    (-,-) 
  genblk2.pcpi_div_lte_2493_16_g1309/Y -       A1->Y  F     AOI22X1        1  2.8    61    57    1166    (-,-) 
  genblk2.pcpi_div_lte_2493_16_g1308/Y -       A1->Y  R     OAI22X1        1  2.9    66    54    1220    (-,-) 
  genblk2.pcpi_div_lte_2493_16_g1307/Y -       A1->Y  F     AOI22X1        1  2.8    61    57    1276    (-,-) 
  genblk2.pcpi_div_lte_2493_16_g1306/Y -       A1->Y  R     OAI22X1        1  2.9    66    54    1330    (-,-) 
  genblk2.pcpi_div_lte_2493_16_g1305/Y -       A1->Y  F     AOI22X1        1  2.8    61    57    1387    (-,-) 
  genblk2.pcpi_div_lte_2493_16_g1304/Y -       A1->Y  R     OAI22X1        1  2.9    66    54    1441    (-,-) 
  genblk2.pcpi_div_lte_2493_16_g1303/Y -       A1->Y  F     AOI22X1        1  2.8    61    57    1498    (-,-) 
  genblk2.pcpi_div_lte_2493_16_g1302/Y -       A1->Y  R     OAI22X1        1  2.9    66    54    1552    (-,-) 
  genblk2.pcpi_div_lte_2493_16_g1301/Y -       A1->Y  F     AOI22X1        1  2.8    61    57    1609    (-,-) 
  genblk2.pcpi_div_lte_2493_16_g1300/Y -       A1->Y  R     OAI22X1        1  2.9    66    54    1663    (-,-) 
  genblk2.pcpi_div_lte_2493_16_g1299/Y -       A1->Y  F     AOI22X1        1  2.8    61    57    1720    (-,-) 
  genblk2.pcpi_div_lte_2493_16_g1298/Y -       A1->Y  R     OAI22X1        1  2.9    66    54    1774    (-,-) 
  genblk2.pcpi_div_lte_2493_16_g1297/Y -       A1->Y  F     AOI22X1        1  2.6    59    55    1830    (-,-) 
  genblk2.pcpi_div_lte_2493_16_g1296/Y -       D->Y   F     OR4X1          1  2.6    27    69    1899    (-,-) 
  genblk2.pcpi_div_lte_2493_16_g1295/Y -       D->Y   F     OR4X1          1  2.6    27    63    1962    (-,-) 
  genblk2.pcpi_div_lte_2493_16_g1294/Y -       D->Y   F     OR4X1          1  2.6    27    63    2024    (-,-) 
  genblk2.pcpi_div_lte_2493_16_g1293/Y -       D->Y   F     OR4X1          1  2.6    27    63    2087    (-,-) 
  genblk2.pcpi_div_lte_2493_16_g1292/Y -       D->Y   F     OR4X1          1  2.6    27    63    2150    (-,-) 
  genblk2.pcpi_div_lte_2493_16_g1291/Y -       D->Y   F     OR4X1          1  2.6    27    63    2213    (-,-) 
  genblk2.pcpi_div_lte_2493_16_g1290/Y -       D->Y   F     OR4X1          1  2.8    28    64    2276    (-,-) 
  genblk2.pcpi_div_lte_2493_16_g1289/Y -       D->Y   R     NOR4X1         1  2.7    90    60    2336    (-,-) 
  genblk2.pcpi_div_lte_2493_16_g1288/Y -       A->Y   R     AND2X1         2  5.1    38    56    2392    (-,-) 
  g131008/Y                            -       A->Y   F     INVX1          1  2.8    26    26    2418    (-,-) 
  g126658/Y                            -       A1->Y  F     AO21X4        32 51.4   106    98    2516    (-,-) 
  g126525/Y                            -       A1->Y  R     AOI22X1        1  2.9    64    66    2582    (-,-) 
  g126355/Y                            -       A->Y   F     NAND2X1        1  2.8    49    47    2628    (-,-) 
  genblk2.pcpi_div_dividend_reg[31]/D  -       -      F     DFFHQX1        1    -     -     0    2628    (-,-) 
#--------------------------------------------------------------------------------------------------------------



Path 5: MET (1332 ps) Setup Check with Pin genblk2.pcpi_div_dividend_reg[30]/CK->D
          Group: C2C
     Startpoint: (R) genblk2.pcpi_div_divisor_reg[0]/CK
          Clock: (R) myclock
       Endpoint: (F) genblk2.pcpi_div_dividend_reg[30]/D
          Clock: (R) myclock

                     Capture       Launch     
        Clock Edge:+    4000            0     
       Src Latency:+       0            0     
       Net Latency:+       0 (I)        0 (I) 
           Arrival:=    4000            0     
                                              
             Setup:-      20                  
       Uncertainty:-      20                  
     Required Time:=    3960                  
      Launch Clock:-       0                  
         Data Path:-    2628                  
             Slack:=    1332                  

#--------------------------------------------------------------------------------------------------------------
#            Timing Point              Flags    Arc   Edge   Cell     Fanout Load Trans Delay Arrival Instance 
#                                                                            (fF)  (ps)  (ps)   (ps)  Location 
#--------------------------------------------------------------------------------------------------------------
  genblk2.pcpi_div_divisor_reg[0]/CK   -       -      R     (arrival)   2050    -     0     0       0    (-,-) 
  genblk2.pcpi_div_divisor_reg[0]/Q    -       CK->Q  F     DFFHQX1        3  5.6    39    68      68    (-,-) 
  genblk2.pcpi_div_lte_2493_16_g1345/Y -       AN->Y  F     NOR2BX1        2  4.2    39    37     104    (-,-) 
  genblk2.pcpi_div_lte_2493_16_g1328/Y -       A1N->Y F     OAI2BB1X1      1  2.7    45    42     146    (-,-) 
  genblk2.pcpi_div_lte_2493_16_g1327/Y -       B0->Y  F     OA21X1         1  2.8    23    36     182    (-,-) 
  genblk2.pcpi_div_lte_2493_16_g1326/Y -       A1->Y  R     OAI22X1        1  2.9    61    42     223    (-,-) 
  genblk2.pcpi_div_lte_2493_16_g1325/Y -       A1->Y  F     AOI22X1        1  2.8    60    55     278    (-,-) 
  genblk2.pcpi_div_lte_2493_16_g1324/Y -       A1->Y  R     OAI22X1        1  2.9    66    54     332    (-,-) 
  genblk2.pcpi_div_lte_2493_16_g1323/Y -       A1->Y  F     AOI22X1        1  2.8    61    57     389    (-,-) 
  genblk2.pcpi_div_lte_2493_16_g1322/Y -       A1->Y  R     OAI22X1        1  2.9    66    54     443    (-,-) 
  genblk2.pcpi_div_lte_2493_16_g1321/Y -       A1->Y  F     AOI22X1        1  2.8    61    57     500    (-,-) 
  genblk2.pcpi_div_lte_2493_16_g1320/Y -       A1->Y  R     OAI22X1        1  2.9    66    54     554    (-,-) 
  genblk2.pcpi_div_lte_2493_16_g1319/Y -       A1->Y  F     AOI22X1        1  2.8    61    57     611    (-,-) 
  genblk2.pcpi_div_lte_2493_16_g1318/Y -       A1->Y  R     OAI22X1        1  2.9    66    54     665    (-,-) 
  genblk2.pcpi_div_lte_2493_16_g1317/Y -       A1->Y  F     AOI22X1        1  2.8    61    57     722    (-,-) 
  genblk2.pcpi_div_lte_2493_16_g1316/Y -       A1->Y  R     OAI22X1        1  2.9    66    54     776    (-,-) 
  genblk2.pcpi_div_lte_2493_16_g1315/Y -       A1->Y  F     AOI22X1        1  2.8    61    57     833    (-,-) 
  genblk2.pcpi_div_lte_2493_16_g1314/Y -       A1->Y  R     OAI22X1        1  2.9    66    54     887    (-,-) 
  genblk2.pcpi_div_lte_2493_16_g1313/Y -       A1->Y  F     AOI22X1        1  2.8    61    57     944    (-,-) 
  genblk2.pcpi_div_lte_2493_16_g1312/Y -       A1->Y  R     OAI22X1        1  2.9    66    54     998    (-,-) 
  genblk2.pcpi_div_lte_2493_16_g1311/Y -       A1->Y  F     AOI22X1        1  2.8    61    57    1055    (-,-) 
  genblk2.pcpi_div_lte_2493_16_g1310/Y -       A1->Y  R     OAI22X1        1  2.9    66    54    1109    (-,-) 
  genblk2.pcpi_div_lte_2493_16_g1309/Y -       A1->Y  F     AOI22X1        1  2.8    61    57    1166    (-,-) 
  genblk2.pcpi_div_lte_2493_16_g1308/Y -       A1->Y  R     OAI22X1        1  2.9    66    54    1220    (-,-) 
  genblk2.pcpi_div_lte_2493_16_g1307/Y -       A1->Y  F     AOI22X1        1  2.8    61    57    1276    (-,-) 
  genblk2.pcpi_div_lte_2493_16_g1306/Y -       A1->Y  R     OAI22X1        1  2.9    66    54    1330    (-,-) 
  genblk2.pcpi_div_lte_2493_16_g1305/Y -       A1->Y  F     AOI22X1        1  2.8    61    57    1387    (-,-) 
  genblk2.pcpi_div_lte_2493_16_g1304/Y -       A1->Y  R     OAI22X1        1  2.9    66    54    1441    (-,-) 
  genblk2.pcpi_div_lte_2493_16_g1303/Y -       A1->Y  F     AOI22X1        1  2.8    61    57    1498    (-,-) 
  genblk2.pcpi_div_lte_2493_16_g1302/Y -       A1->Y  R     OAI22X1        1  2.9    66    54    1552    (-,-) 
  genblk2.pcpi_div_lte_2493_16_g1301/Y -       A1->Y  F     AOI22X1        1  2.8    61    57    1609    (-,-) 
  genblk2.pcpi_div_lte_2493_16_g1300/Y -       A1->Y  R     OAI22X1        1  2.9    66    54    1663    (-,-) 
  genblk2.pcpi_div_lte_2493_16_g1299/Y -       A1->Y  F     AOI22X1        1  2.8    61    57    1720    (-,-) 
  genblk2.pcpi_div_lte_2493_16_g1298/Y -       A1->Y  R     OAI22X1        1  2.9    66    54    1774    (-,-) 
  genblk2.pcpi_div_lte_2493_16_g1297/Y -       A1->Y  F     AOI22X1        1  2.6    59    55    1830    (-,-) 
  genblk2.pcpi_div_lte_2493_16_g1296/Y -       D->Y   F     OR4X1          1  2.6    27    69    1899    (-,-) 
  genblk2.pcpi_div_lte_2493_16_g1295/Y -       D->Y   F     OR4X1          1  2.6    27    63    1962    (-,-) 
  genblk2.pcpi_div_lte_2493_16_g1294/Y -       D->Y   F     OR4X1          1  2.6    27    63    2024    (-,-) 
  genblk2.pcpi_div_lte_2493_16_g1293/Y -       D->Y   F     OR4X1          1  2.6    27    63    2087    (-,-) 
  genblk2.pcpi_div_lte_2493_16_g1292/Y -       D->Y   F     OR4X1          1  2.6    27    63    2150    (-,-) 
  genblk2.pcpi_div_lte_2493_16_g1291/Y -       D->Y   F     OR4X1          1  2.6    27    63    2213    (-,-) 
  genblk2.pcpi_div_lte_2493_16_g1290/Y -       D->Y   F     OR4X1          1  2.8    28    64    2276    (-,-) 
  genblk2.pcpi_div_lte_2493_16_g1289/Y -       D->Y   R     NOR4X1         1  2.7    90    60    2336    (-,-) 
  genblk2.pcpi_div_lte_2493_16_g1288/Y -       A->Y   R     AND2X1         2  5.1    38    56    2392    (-,-) 
  g131008/Y                            -       A->Y   F     INVX1          1  2.8    26    26    2418    (-,-) 
  g126658/Y                            -       A1->Y  F     AO21X4        32 51.4   106    98    2516    (-,-) 
  g126524/Y                            -       A1->Y  R     AOI22X1        1  2.9    64    66    2582    (-,-) 
  g126356/Y                            -       A->Y   F     NAND2X1        1  2.8    49    47    2628    (-,-) 
  genblk2.pcpi_div_dividend_reg[30]/D  -       -      F     DFFHQX1        1    -     -     0    2628    (-,-) 
#--------------------------------------------------------------------------------------------------------------



Path 6: MET (1332 ps) Setup Check with Pin genblk2.pcpi_div_dividend_reg[29]/CK->D
          Group: C2C
     Startpoint: (R) genblk2.pcpi_div_divisor_reg[0]/CK
          Clock: (R) myclock
       Endpoint: (F) genblk2.pcpi_div_dividend_reg[29]/D
          Clock: (R) myclock

                     Capture       Launch     
        Clock Edge:+    4000            0     
       Src Latency:+       0            0     
       Net Latency:+       0 (I)        0 (I) 
           Arrival:=    4000            0     
                                              
             Setup:-      20                  
       Uncertainty:-      20                  
     Required Time:=    3960                  
      Launch Clock:-       0                  
         Data Path:-    2628                  
             Slack:=    1332                  

#--------------------------------------------------------------------------------------------------------------
#            Timing Point              Flags    Arc   Edge   Cell     Fanout Load Trans Delay Arrival Instance 
#                                                                            (fF)  (ps)  (ps)   (ps)  Location 
#--------------------------------------------------------------------------------------------------------------
  genblk2.pcpi_div_divisor_reg[0]/CK   -       -      R     (arrival)   2050    -     0     0       0    (-,-) 
  genblk2.pcpi_div_divisor_reg[0]/Q    -       CK->Q  F     DFFHQX1        3  5.6    39    68      68    (-,-) 
  genblk2.pcpi_div_lte_2493_16_g1345/Y -       AN->Y  F     NOR2BX1        2  4.2    39    37     104    (-,-) 
  genblk2.pcpi_div_lte_2493_16_g1328/Y -       A1N->Y F     OAI2BB1X1      1  2.7    45    42     146    (-,-) 
  genblk2.pcpi_div_lte_2493_16_g1327/Y -       B0->Y  F     OA21X1         1  2.8    23    36     182    (-,-) 
  genblk2.pcpi_div_lte_2493_16_g1326/Y -       A1->Y  R     OAI22X1        1  2.9    61    42     223    (-,-) 
  genblk2.pcpi_div_lte_2493_16_g1325/Y -       A1->Y  F     AOI22X1        1  2.8    60    55     278    (-,-) 
  genblk2.pcpi_div_lte_2493_16_g1324/Y -       A1->Y  R     OAI22X1        1  2.9    66    54     332    (-,-) 
  genblk2.pcpi_div_lte_2493_16_g1323/Y -       A1->Y  F     AOI22X1        1  2.8    61    57     389    (-,-) 
  genblk2.pcpi_div_lte_2493_16_g1322/Y -       A1->Y  R     OAI22X1        1  2.9    66    54     443    (-,-) 
  genblk2.pcpi_div_lte_2493_16_g1321/Y -       A1->Y  F     AOI22X1        1  2.8    61    57     500    (-,-) 
  genblk2.pcpi_div_lte_2493_16_g1320/Y -       A1->Y  R     OAI22X1        1  2.9    66    54     554    (-,-) 
  genblk2.pcpi_div_lte_2493_16_g1319/Y -       A1->Y  F     AOI22X1        1  2.8    61    57     611    (-,-) 
  genblk2.pcpi_div_lte_2493_16_g1318/Y -       A1->Y  R     OAI22X1        1  2.9    66    54     665    (-,-) 
  genblk2.pcpi_div_lte_2493_16_g1317/Y -       A1->Y  F     AOI22X1        1  2.8    61    57     722    (-,-) 
  genblk2.pcpi_div_lte_2493_16_g1316/Y -       A1->Y  R     OAI22X1        1  2.9    66    54     776    (-,-) 
  genblk2.pcpi_div_lte_2493_16_g1315/Y -       A1->Y  F     AOI22X1        1  2.8    61    57     833    (-,-) 
  genblk2.pcpi_div_lte_2493_16_g1314/Y -       A1->Y  R     OAI22X1        1  2.9    66    54     887    (-,-) 
  genblk2.pcpi_div_lte_2493_16_g1313/Y -       A1->Y  F     AOI22X1        1  2.8    61    57     944    (-,-) 
  genblk2.pcpi_div_lte_2493_16_g1312/Y -       A1->Y  R     OAI22X1        1  2.9    66    54     998    (-,-) 
  genblk2.pcpi_div_lte_2493_16_g1311/Y -       A1->Y  F     AOI22X1        1  2.8    61    57    1055    (-,-) 
  genblk2.pcpi_div_lte_2493_16_g1310/Y -       A1->Y  R     OAI22X1        1  2.9    66    54    1109    (-,-) 
  genblk2.pcpi_div_lte_2493_16_g1309/Y -       A1->Y  F     AOI22X1        1  2.8    61    57    1166    (-,-) 
  genblk2.pcpi_div_lte_2493_16_g1308/Y -       A1->Y  R     OAI22X1        1  2.9    66    54    1220    (-,-) 
  genblk2.pcpi_div_lte_2493_16_g1307/Y -       A1->Y  F     AOI22X1        1  2.8    61    57    1276    (-,-) 
  genblk2.pcpi_div_lte_2493_16_g1306/Y -       A1->Y  R     OAI22X1        1  2.9    66    54    1330    (-,-) 
  genblk2.pcpi_div_lte_2493_16_g1305/Y -       A1->Y  F     AOI22X1        1  2.8    61    57    1387    (-,-) 
  genblk2.pcpi_div_lte_2493_16_g1304/Y -       A1->Y  R     OAI22X1        1  2.9    66    54    1441    (-,-) 
  genblk2.pcpi_div_lte_2493_16_g1303/Y -       A1->Y  F     AOI22X1        1  2.8    61    57    1498    (-,-) 
  genblk2.pcpi_div_lte_2493_16_g1302/Y -       A1->Y  R     OAI22X1        1  2.9    66    54    1552    (-,-) 
  genblk2.pcpi_div_lte_2493_16_g1301/Y -       A1->Y  F     AOI22X1        1  2.8    61    57    1609    (-,-) 
  genblk2.pcpi_div_lte_2493_16_g1300/Y -       A1->Y  R     OAI22X1        1  2.9    66    54    1663    (-,-) 
  genblk2.pcpi_div_lte_2493_16_g1299/Y -       A1->Y  F     AOI22X1        1  2.8    61    57    1720    (-,-) 
  genblk2.pcpi_div_lte_2493_16_g1298/Y -       A1->Y  R     OAI22X1        1  2.9    66    54    1774    (-,-) 
  genblk2.pcpi_div_lte_2493_16_g1297/Y -       A1->Y  F     AOI22X1        1  2.6    59    55    1830    (-,-) 
  genblk2.pcpi_div_lte_2493_16_g1296/Y -       D->Y   F     OR4X1          1  2.6    27    69    1899    (-,-) 
  genblk2.pcpi_div_lte_2493_16_g1295/Y -       D->Y   F     OR4X1          1  2.6    27    63    1962    (-,-) 
  genblk2.pcpi_div_lte_2493_16_g1294/Y -       D->Y   F     OR4X1          1  2.6    27    63    2024    (-,-) 
  genblk2.pcpi_div_lte_2493_16_g1293/Y -       D->Y   F     OR4X1          1  2.6    27    63    2087    (-,-) 
  genblk2.pcpi_div_lte_2493_16_g1292/Y -       D->Y   F     OR4X1          1  2.6    27    63    2150    (-,-) 
  genblk2.pcpi_div_lte_2493_16_g1291/Y -       D->Y   F     OR4X1          1  2.6    27    63    2213    (-,-) 
  genblk2.pcpi_div_lte_2493_16_g1290/Y -       D->Y   F     OR4X1          1  2.8    28    64    2276    (-,-) 
  genblk2.pcpi_div_lte_2493_16_g1289/Y -       D->Y   R     NOR4X1         1  2.7    90    60    2336    (-,-) 
  genblk2.pcpi_div_lte_2493_16_g1288/Y -       A->Y   R     AND2X1         2  5.1    38    56    2392    (-,-) 
  g131008/Y                            -       A->Y   F     INVX1          1  2.8    26    26    2418    (-,-) 
  g126658/Y                            -       A1->Y  F     AO21X4        32 51.4   106    98    2516    (-,-) 
  g126523/Y                            -       A1->Y  R     AOI22X1        1  2.9    64    66    2582    (-,-) 
  g126358/Y                            -       A->Y   F     NAND2X1        1  2.8    49    47    2628    (-,-) 
  genblk2.pcpi_div_dividend_reg[29]/D  -       -      F     DFFHQX1        1    -     -     0    2628    (-,-) 
#--------------------------------------------------------------------------------------------------------------



Path 7: MET (1332 ps) Setup Check with Pin genblk2.pcpi_div_dividend_reg[28]/CK->D
          Group: C2C
     Startpoint: (R) genblk2.pcpi_div_divisor_reg[0]/CK
          Clock: (R) myclock
       Endpoint: (F) genblk2.pcpi_div_dividend_reg[28]/D
          Clock: (R) myclock

                     Capture       Launch     
        Clock Edge:+    4000            0     
       Src Latency:+       0            0     
       Net Latency:+       0 (I)        0 (I) 
           Arrival:=    4000            0     
                                              
             Setup:-      20                  
       Uncertainty:-      20                  
     Required Time:=    3960                  
      Launch Clock:-       0                  
         Data Path:-    2628                  
             Slack:=    1332                  

#--------------------------------------------------------------------------------------------------------------
#            Timing Point              Flags    Arc   Edge   Cell     Fanout Load Trans Delay Arrival Instance 
#                                                                            (fF)  (ps)  (ps)   (ps)  Location 
#--------------------------------------------------------------------------------------------------------------
  genblk2.pcpi_div_divisor_reg[0]/CK   -       -      R     (arrival)   2050    -     0     0       0    (-,-) 
  genblk2.pcpi_div_divisor_reg[0]/Q    -       CK->Q  F     DFFHQX1        3  5.6    39    68      68    (-,-) 
  genblk2.pcpi_div_lte_2493_16_g1345/Y -       AN->Y  F     NOR2BX1        2  4.2    39    37     104    (-,-) 
  genblk2.pcpi_div_lte_2493_16_g1328/Y -       A1N->Y F     OAI2BB1X1      1  2.7    45    42     146    (-,-) 
  genblk2.pcpi_div_lte_2493_16_g1327/Y -       B0->Y  F     OA21X1         1  2.8    23    36     182    (-,-) 
  genblk2.pcpi_div_lte_2493_16_g1326/Y -       A1->Y  R     OAI22X1        1  2.9    61    42     223    (-,-) 
  genblk2.pcpi_div_lte_2493_16_g1325/Y -       A1->Y  F     AOI22X1        1  2.8    60    55     278    (-,-) 
  genblk2.pcpi_div_lte_2493_16_g1324/Y -       A1->Y  R     OAI22X1        1  2.9    66    54     332    (-,-) 
  genblk2.pcpi_div_lte_2493_16_g1323/Y -       A1->Y  F     AOI22X1        1  2.8    61    57     389    (-,-) 
  genblk2.pcpi_div_lte_2493_16_g1322/Y -       A1->Y  R     OAI22X1        1  2.9    66    54     443    (-,-) 
  genblk2.pcpi_div_lte_2493_16_g1321/Y -       A1->Y  F     AOI22X1        1  2.8    61    57     500    (-,-) 
  genblk2.pcpi_div_lte_2493_16_g1320/Y -       A1->Y  R     OAI22X1        1  2.9    66    54     554    (-,-) 
  genblk2.pcpi_div_lte_2493_16_g1319/Y -       A1->Y  F     AOI22X1        1  2.8    61    57     611    (-,-) 
  genblk2.pcpi_div_lte_2493_16_g1318/Y -       A1->Y  R     OAI22X1        1  2.9    66    54     665    (-,-) 
  genblk2.pcpi_div_lte_2493_16_g1317/Y -       A1->Y  F     AOI22X1        1  2.8    61    57     722    (-,-) 
  genblk2.pcpi_div_lte_2493_16_g1316/Y -       A1->Y  R     OAI22X1        1  2.9    66    54     776    (-,-) 
  genblk2.pcpi_div_lte_2493_16_g1315/Y -       A1->Y  F     AOI22X1        1  2.8    61    57     833    (-,-) 
  genblk2.pcpi_div_lte_2493_16_g1314/Y -       A1->Y  R     OAI22X1        1  2.9    66    54     887    (-,-) 
  genblk2.pcpi_div_lte_2493_16_g1313/Y -       A1->Y  F     AOI22X1        1  2.8    61    57     944    (-,-) 
  genblk2.pcpi_div_lte_2493_16_g1312/Y -       A1->Y  R     OAI22X1        1  2.9    66    54     998    (-,-) 
  genblk2.pcpi_div_lte_2493_16_g1311/Y -       A1->Y  F     AOI22X1        1  2.8    61    57    1055    (-,-) 
  genblk2.pcpi_div_lte_2493_16_g1310/Y -       A1->Y  R     OAI22X1        1  2.9    66    54    1109    (-,-) 
  genblk2.pcpi_div_lte_2493_16_g1309/Y -       A1->Y  F     AOI22X1        1  2.8    61    57    1166    (-,-) 
  genblk2.pcpi_div_lte_2493_16_g1308/Y -       A1->Y  R     OAI22X1        1  2.9    66    54    1220    (-,-) 
  genblk2.pcpi_div_lte_2493_16_g1307/Y -       A1->Y  F     AOI22X1        1  2.8    61    57    1276    (-,-) 
  genblk2.pcpi_div_lte_2493_16_g1306/Y -       A1->Y  R     OAI22X1        1  2.9    66    54    1330    (-,-) 
  genblk2.pcpi_div_lte_2493_16_g1305/Y -       A1->Y  F     AOI22X1        1  2.8    61    57    1387    (-,-) 
  genblk2.pcpi_div_lte_2493_16_g1304/Y -       A1->Y  R     OAI22X1        1  2.9    66    54    1441    (-,-) 
  genblk2.pcpi_div_lte_2493_16_g1303/Y -       A1->Y  F     AOI22X1        1  2.8    61    57    1498    (-,-) 
  genblk2.pcpi_div_lte_2493_16_g1302/Y -       A1->Y  R     OAI22X1        1  2.9    66    54    1552    (-,-) 
  genblk2.pcpi_div_lte_2493_16_g1301/Y -       A1->Y  F     AOI22X1        1  2.8    61    57    1609    (-,-) 
  genblk2.pcpi_div_lte_2493_16_g1300/Y -       A1->Y  R     OAI22X1        1  2.9    66    54    1663    (-,-) 
  genblk2.pcpi_div_lte_2493_16_g1299/Y -       A1->Y  F     AOI22X1        1  2.8    61    57    1720    (-,-) 
  genblk2.pcpi_div_lte_2493_16_g1298/Y -       A1->Y  R     OAI22X1        1  2.9    66    54    1774    (-,-) 
  genblk2.pcpi_div_lte_2493_16_g1297/Y -       A1->Y  F     AOI22X1        1  2.6    59    55    1830    (-,-) 
  genblk2.pcpi_div_lte_2493_16_g1296/Y -       D->Y   F     OR4X1          1  2.6    27    69    1899    (-,-) 
  genblk2.pcpi_div_lte_2493_16_g1295/Y -       D->Y   F     OR4X1          1  2.6    27    63    1962    (-,-) 
  genblk2.pcpi_div_lte_2493_16_g1294/Y -       D->Y   F     OR4X1          1  2.6    27    63    2024    (-,-) 
  genblk2.pcpi_div_lte_2493_16_g1293/Y -       D->Y   F     OR4X1          1  2.6    27    63    2087    (-,-) 
  genblk2.pcpi_div_lte_2493_16_g1292/Y -       D->Y   F     OR4X1          1  2.6    27    63    2150    (-,-) 
  genblk2.pcpi_div_lte_2493_16_g1291/Y -       D->Y   F     OR4X1          1  2.6    27    63    2213    (-,-) 
  genblk2.pcpi_div_lte_2493_16_g1290/Y -       D->Y   F     OR4X1          1  2.8    28    64    2276    (-,-) 
  genblk2.pcpi_div_lte_2493_16_g1289/Y -       D->Y   R     NOR4X1         1  2.7    90    60    2336    (-,-) 
  genblk2.pcpi_div_lte_2493_16_g1288/Y -       A->Y   R     AND2X1         2  5.1    38    56    2392    (-,-) 
  g131008/Y                            -       A->Y   F     INVX1          1  2.8    26    26    2418    (-,-) 
  g126658/Y                            -       A1->Y  F     AO21X4        32 51.4   106    98    2516    (-,-) 
  g126522/Y                            -       A1->Y  R     AOI22X1        1  2.9    64    66    2582    (-,-) 
  g126359/Y                            -       A->Y   F     NAND2X1        1  2.8    49    47    2628    (-,-) 
  genblk2.pcpi_div_dividend_reg[28]/D  -       -      F     DFFHQX1        1    -     -     0    2628    (-,-) 
#--------------------------------------------------------------------------------------------------------------



Path 8: MET (1332 ps) Setup Check with Pin genblk2.pcpi_div_dividend_reg[26]/CK->D
          Group: C2C
     Startpoint: (R) genblk2.pcpi_div_divisor_reg[0]/CK
          Clock: (R) myclock
       Endpoint: (F) genblk2.pcpi_div_dividend_reg[26]/D
          Clock: (R) myclock

                     Capture       Launch     
        Clock Edge:+    4000            0     
       Src Latency:+       0            0     
       Net Latency:+       0 (I)        0 (I) 
           Arrival:=    4000            0     
                                              
             Setup:-      20                  
       Uncertainty:-      20                  
     Required Time:=    3960                  
      Launch Clock:-       0                  
         Data Path:-    2628                  
             Slack:=    1332                  

#--------------------------------------------------------------------------------------------------------------
#            Timing Point              Flags    Arc   Edge   Cell     Fanout Load Trans Delay Arrival Instance 
#                                                                            (fF)  (ps)  (ps)   (ps)  Location 
#--------------------------------------------------------------------------------------------------------------
  genblk2.pcpi_div_divisor_reg[0]/CK   -       -      R     (arrival)   2050    -     0     0       0    (-,-) 
  genblk2.pcpi_div_divisor_reg[0]/Q    -       CK->Q  F     DFFHQX1        3  5.6    39    68      68    (-,-) 
  genblk2.pcpi_div_lte_2493_16_g1345/Y -       AN->Y  F     NOR2BX1        2  4.2    39    37     104    (-,-) 
  genblk2.pcpi_div_lte_2493_16_g1328/Y -       A1N->Y F     OAI2BB1X1      1  2.7    45    42     146    (-,-) 
  genblk2.pcpi_div_lte_2493_16_g1327/Y -       B0->Y  F     OA21X1         1  2.8    23    36     182    (-,-) 
  genblk2.pcpi_div_lte_2493_16_g1326/Y -       A1->Y  R     OAI22X1        1  2.9    61    42     223    (-,-) 
  genblk2.pcpi_div_lte_2493_16_g1325/Y -       A1->Y  F     AOI22X1        1  2.8    60    55     278    (-,-) 
  genblk2.pcpi_div_lte_2493_16_g1324/Y -       A1->Y  R     OAI22X1        1  2.9    66    54     332    (-,-) 
  genblk2.pcpi_div_lte_2493_16_g1323/Y -       A1->Y  F     AOI22X1        1  2.8    61    57     389    (-,-) 
  genblk2.pcpi_div_lte_2493_16_g1322/Y -       A1->Y  R     OAI22X1        1  2.9    66    54     443    (-,-) 
  genblk2.pcpi_div_lte_2493_16_g1321/Y -       A1->Y  F     AOI22X1        1  2.8    61    57     500    (-,-) 
  genblk2.pcpi_div_lte_2493_16_g1320/Y -       A1->Y  R     OAI22X1        1  2.9    66    54     554    (-,-) 
  genblk2.pcpi_div_lte_2493_16_g1319/Y -       A1->Y  F     AOI22X1        1  2.8    61    57     611    (-,-) 
  genblk2.pcpi_div_lte_2493_16_g1318/Y -       A1->Y  R     OAI22X1        1  2.9    66    54     665    (-,-) 
  genblk2.pcpi_div_lte_2493_16_g1317/Y -       A1->Y  F     AOI22X1        1  2.8    61    57     722    (-,-) 
  genblk2.pcpi_div_lte_2493_16_g1316/Y -       A1->Y  R     OAI22X1        1  2.9    66    54     776    (-,-) 
  genblk2.pcpi_div_lte_2493_16_g1315/Y -       A1->Y  F     AOI22X1        1  2.8    61    57     833    (-,-) 
  genblk2.pcpi_div_lte_2493_16_g1314/Y -       A1->Y  R     OAI22X1        1  2.9    66    54     887    (-,-) 
  genblk2.pcpi_div_lte_2493_16_g1313/Y -       A1->Y  F     AOI22X1        1  2.8    61    57     944    (-,-) 
  genblk2.pcpi_div_lte_2493_16_g1312/Y -       A1->Y  R     OAI22X1        1  2.9    66    54     998    (-,-) 
  genblk2.pcpi_div_lte_2493_16_g1311/Y -       A1->Y  F     AOI22X1        1  2.8    61    57    1055    (-,-) 
  genblk2.pcpi_div_lte_2493_16_g1310/Y -       A1->Y  R     OAI22X1        1  2.9    66    54    1109    (-,-) 
  genblk2.pcpi_div_lte_2493_16_g1309/Y -       A1->Y  F     AOI22X1        1  2.8    61    57    1166    (-,-) 
  genblk2.pcpi_div_lte_2493_16_g1308/Y -       A1->Y  R     OAI22X1        1  2.9    66    54    1220    (-,-) 
  genblk2.pcpi_div_lte_2493_16_g1307/Y -       A1->Y  F     AOI22X1        1  2.8    61    57    1276    (-,-) 
  genblk2.pcpi_div_lte_2493_16_g1306/Y -       A1->Y  R     OAI22X1        1  2.9    66    54    1330    (-,-) 
  genblk2.pcpi_div_lte_2493_16_g1305/Y -       A1->Y  F     AOI22X1        1  2.8    61    57    1387    (-,-) 
  genblk2.pcpi_div_lte_2493_16_g1304/Y -       A1->Y  R     OAI22X1        1  2.9    66    54    1441    (-,-) 
  genblk2.pcpi_div_lte_2493_16_g1303/Y -       A1->Y  F     AOI22X1        1  2.8    61    57    1498    (-,-) 
  genblk2.pcpi_div_lte_2493_16_g1302/Y -       A1->Y  R     OAI22X1        1  2.9    66    54    1552    (-,-) 
  genblk2.pcpi_div_lte_2493_16_g1301/Y -       A1->Y  F     AOI22X1        1  2.8    61    57    1609    (-,-) 
  genblk2.pcpi_div_lte_2493_16_g1300/Y -       A1->Y  R     OAI22X1        1  2.9    66    54    1663    (-,-) 
  genblk2.pcpi_div_lte_2493_16_g1299/Y -       A1->Y  F     AOI22X1        1  2.8    61    57    1720    (-,-) 
  genblk2.pcpi_div_lte_2493_16_g1298/Y -       A1->Y  R     OAI22X1        1  2.9    66    54    1774    (-,-) 
  genblk2.pcpi_div_lte_2493_16_g1297/Y -       A1->Y  F     AOI22X1        1  2.6    59    55    1830    (-,-) 
  genblk2.pcpi_div_lte_2493_16_g1296/Y -       D->Y   F     OR4X1          1  2.6    27    69    1899    (-,-) 
  genblk2.pcpi_div_lte_2493_16_g1295/Y -       D->Y   F     OR4X1          1  2.6    27    63    1962    (-,-) 
  genblk2.pcpi_div_lte_2493_16_g1294/Y -       D->Y   F     OR4X1          1  2.6    27    63    2024    (-,-) 
  genblk2.pcpi_div_lte_2493_16_g1293/Y -       D->Y   F     OR4X1          1  2.6    27    63    2087    (-,-) 
  genblk2.pcpi_div_lte_2493_16_g1292/Y -       D->Y   F     OR4X1          1  2.6    27    63    2150    (-,-) 
  genblk2.pcpi_div_lte_2493_16_g1291/Y -       D->Y   F     OR4X1          1  2.6    27    63    2213    (-,-) 
  genblk2.pcpi_div_lte_2493_16_g1290/Y -       D->Y   F     OR4X1          1  2.8    28    64    2276    (-,-) 
  genblk2.pcpi_div_lte_2493_16_g1289/Y -       D->Y   R     NOR4X1         1  2.7    90    60    2336    (-,-) 
  genblk2.pcpi_div_lte_2493_16_g1288/Y -       A->Y   R     AND2X1         2  5.1    38    56    2392    (-,-) 
  g131008/Y                            -       A->Y   F     INVX1          1  2.8    26    26    2418    (-,-) 
  g126658/Y                            -       A1->Y  F     AO21X4        32 51.4   106    98    2516    (-,-) 
  g126520/Y                            -       A1->Y  R     AOI22X1        1  2.9    64    66    2582    (-,-) 
  g126360/Y                            -       B->Y   F     NAND2X1        1  2.8    48    47    2628    (-,-) 
  genblk2.pcpi_div_dividend_reg[26]/D  -       -      F     DFFHQX1        1    -     -     0    2628    (-,-) 
#--------------------------------------------------------------------------------------------------------------



Path 9: MET (1332 ps) Setup Check with Pin genblk2.pcpi_div_dividend_reg[25]/CK->D
          Group: C2C
     Startpoint: (R) genblk2.pcpi_div_divisor_reg[0]/CK
          Clock: (R) myclock
       Endpoint: (F) genblk2.pcpi_div_dividend_reg[25]/D
          Clock: (R) myclock

                     Capture       Launch     
        Clock Edge:+    4000            0     
       Src Latency:+       0            0     
       Net Latency:+       0 (I)        0 (I) 
           Arrival:=    4000            0     
                                              
             Setup:-      20                  
       Uncertainty:-      20                  
     Required Time:=    3960                  
      Launch Clock:-       0                  
         Data Path:-    2628                  
             Slack:=    1332                  

#--------------------------------------------------------------------------------------------------------------
#            Timing Point              Flags    Arc   Edge   Cell     Fanout Load Trans Delay Arrival Instance 
#                                                                            (fF)  (ps)  (ps)   (ps)  Location 
#--------------------------------------------------------------------------------------------------------------
  genblk2.pcpi_div_divisor_reg[0]/CK   -       -      R     (arrival)   2050    -     0     0       0    (-,-) 
  genblk2.pcpi_div_divisor_reg[0]/Q    -       CK->Q  F     DFFHQX1        3  5.6    39    68      68    (-,-) 
  genblk2.pcpi_div_lte_2493_16_g1345/Y -       AN->Y  F     NOR2BX1        2  4.2    39    37     104    (-,-) 
  genblk2.pcpi_div_lte_2493_16_g1328/Y -       A1N->Y F     OAI2BB1X1      1  2.7    45    42     146    (-,-) 
  genblk2.pcpi_div_lte_2493_16_g1327/Y -       B0->Y  F     OA21X1         1  2.8    23    36     182    (-,-) 
  genblk2.pcpi_div_lte_2493_16_g1326/Y -       A1->Y  R     OAI22X1        1  2.9    61    42     223    (-,-) 
  genblk2.pcpi_div_lte_2493_16_g1325/Y -       A1->Y  F     AOI22X1        1  2.8    60    55     278    (-,-) 
  genblk2.pcpi_div_lte_2493_16_g1324/Y -       A1->Y  R     OAI22X1        1  2.9    66    54     332    (-,-) 
  genblk2.pcpi_div_lte_2493_16_g1323/Y -       A1->Y  F     AOI22X1        1  2.8    61    57     389    (-,-) 
  genblk2.pcpi_div_lte_2493_16_g1322/Y -       A1->Y  R     OAI22X1        1  2.9    66    54     443    (-,-) 
  genblk2.pcpi_div_lte_2493_16_g1321/Y -       A1->Y  F     AOI22X1        1  2.8    61    57     500    (-,-) 
  genblk2.pcpi_div_lte_2493_16_g1320/Y -       A1->Y  R     OAI22X1        1  2.9    66    54     554    (-,-) 
  genblk2.pcpi_div_lte_2493_16_g1319/Y -       A1->Y  F     AOI22X1        1  2.8    61    57     611    (-,-) 
  genblk2.pcpi_div_lte_2493_16_g1318/Y -       A1->Y  R     OAI22X1        1  2.9    66    54     665    (-,-) 
  genblk2.pcpi_div_lte_2493_16_g1317/Y -       A1->Y  F     AOI22X1        1  2.8    61    57     722    (-,-) 
  genblk2.pcpi_div_lte_2493_16_g1316/Y -       A1->Y  R     OAI22X1        1  2.9    66    54     776    (-,-) 
  genblk2.pcpi_div_lte_2493_16_g1315/Y -       A1->Y  F     AOI22X1        1  2.8    61    57     833    (-,-) 
  genblk2.pcpi_div_lte_2493_16_g1314/Y -       A1->Y  R     OAI22X1        1  2.9    66    54     887    (-,-) 
  genblk2.pcpi_div_lte_2493_16_g1313/Y -       A1->Y  F     AOI22X1        1  2.8    61    57     944    (-,-) 
  genblk2.pcpi_div_lte_2493_16_g1312/Y -       A1->Y  R     OAI22X1        1  2.9    66    54     998    (-,-) 
  genblk2.pcpi_div_lte_2493_16_g1311/Y -       A1->Y  F     AOI22X1        1  2.8    61    57    1055    (-,-) 
  genblk2.pcpi_div_lte_2493_16_g1310/Y -       A1->Y  R     OAI22X1        1  2.9    66    54    1109    (-,-) 
  genblk2.pcpi_div_lte_2493_16_g1309/Y -       A1->Y  F     AOI22X1        1  2.8    61    57    1166    (-,-) 
  genblk2.pcpi_div_lte_2493_16_g1308/Y -       A1->Y  R     OAI22X1        1  2.9    66    54    1220    (-,-) 
  genblk2.pcpi_div_lte_2493_16_g1307/Y -       A1->Y  F     AOI22X1        1  2.8    61    57    1276    (-,-) 
  genblk2.pcpi_div_lte_2493_16_g1306/Y -       A1->Y  R     OAI22X1        1  2.9    66    54    1330    (-,-) 
  genblk2.pcpi_div_lte_2493_16_g1305/Y -       A1->Y  F     AOI22X1        1  2.8    61    57    1387    (-,-) 
  genblk2.pcpi_div_lte_2493_16_g1304/Y -       A1->Y  R     OAI22X1        1  2.9    66    54    1441    (-,-) 
  genblk2.pcpi_div_lte_2493_16_g1303/Y -       A1->Y  F     AOI22X1        1  2.8    61    57    1498    (-,-) 
  genblk2.pcpi_div_lte_2493_16_g1302/Y -       A1->Y  R     OAI22X1        1  2.9    66    54    1552    (-,-) 
  genblk2.pcpi_div_lte_2493_16_g1301/Y -       A1->Y  F     AOI22X1        1  2.8    61    57    1609    (-,-) 
  genblk2.pcpi_div_lte_2493_16_g1300/Y -       A1->Y  R     OAI22X1        1  2.9    66    54    1663    (-,-) 
  genblk2.pcpi_div_lte_2493_16_g1299/Y -       A1->Y  F     AOI22X1        1  2.8    61    57    1720    (-,-) 
  genblk2.pcpi_div_lte_2493_16_g1298/Y -       A1->Y  R     OAI22X1        1  2.9    66    54    1774    (-,-) 
  genblk2.pcpi_div_lte_2493_16_g1297/Y -       A1->Y  F     AOI22X1        1  2.6    59    55    1830    (-,-) 
  genblk2.pcpi_div_lte_2493_16_g1296/Y -       D->Y   F     OR4X1          1  2.6    27    69    1899    (-,-) 
  genblk2.pcpi_div_lte_2493_16_g1295/Y -       D->Y   F     OR4X1          1  2.6    27    63    1962    (-,-) 
  genblk2.pcpi_div_lte_2493_16_g1294/Y -       D->Y   F     OR4X1          1  2.6    27    63    2024    (-,-) 
  genblk2.pcpi_div_lte_2493_16_g1293/Y -       D->Y   F     OR4X1          1  2.6    27    63    2087    (-,-) 
  genblk2.pcpi_div_lte_2493_16_g1292/Y -       D->Y   F     OR4X1          1  2.6    27    63    2150    (-,-) 
  genblk2.pcpi_div_lte_2493_16_g1291/Y -       D->Y   F     OR4X1          1  2.6    27    63    2213    (-,-) 
  genblk2.pcpi_div_lte_2493_16_g1290/Y -       D->Y   F     OR4X1          1  2.8    28    64    2276    (-,-) 
  genblk2.pcpi_div_lte_2493_16_g1289/Y -       D->Y   R     NOR4X1         1  2.7    90    60    2336    (-,-) 
  genblk2.pcpi_div_lte_2493_16_g1288/Y -       A->Y   R     AND2X1         2  5.1    38    56    2392    (-,-) 
  g131008/Y                            -       A->Y   F     INVX1          1  2.8    26    26    2418    (-,-) 
  g126658/Y                            -       A1->Y  F     AO21X4        32 51.4   106    98    2516    (-,-) 
  g126519/Y                            -       A1->Y  R     AOI22X1        1  2.9    64    66    2582    (-,-) 
  g126361/Y                            -       B->Y   F     NAND2X1        1  2.8    48    47    2628    (-,-) 
  genblk2.pcpi_div_dividend_reg[25]/D  -       -      F     DFFHQX1        1    -     -     0    2628    (-,-) 
#--------------------------------------------------------------------------------------------------------------



Path 10: MET (1332 ps) Setup Check with Pin genblk2.pcpi_div_dividend_reg[24]/CK->D
          Group: C2C
     Startpoint: (R) genblk2.pcpi_div_divisor_reg[0]/CK
          Clock: (R) myclock
       Endpoint: (F) genblk2.pcpi_div_dividend_reg[24]/D
          Clock: (R) myclock

                     Capture       Launch     
        Clock Edge:+    4000            0     
       Src Latency:+       0            0     
       Net Latency:+       0 (I)        0 (I) 
           Arrival:=    4000            0     
                                              
             Setup:-      20                  
       Uncertainty:-      20                  
     Required Time:=    3960                  
      Launch Clock:-       0                  
         Data Path:-    2628                  
             Slack:=    1332                  

#--------------------------------------------------------------------------------------------------------------
#            Timing Point              Flags    Arc   Edge   Cell     Fanout Load Trans Delay Arrival Instance 
#                                                                            (fF)  (ps)  (ps)   (ps)  Location 
#--------------------------------------------------------------------------------------------------------------
  genblk2.pcpi_div_divisor_reg[0]/CK   -       -      R     (arrival)   2050    -     0     0       0    (-,-) 
  genblk2.pcpi_div_divisor_reg[0]/Q    -       CK->Q  F     DFFHQX1        3  5.6    39    68      68    (-,-) 
  genblk2.pcpi_div_lte_2493_16_g1345/Y -       AN->Y  F     NOR2BX1        2  4.2    39    37     104    (-,-) 
  genblk2.pcpi_div_lte_2493_16_g1328/Y -       A1N->Y F     OAI2BB1X1      1  2.7    45    42     146    (-,-) 
  genblk2.pcpi_div_lte_2493_16_g1327/Y -       B0->Y  F     OA21X1         1  2.8    23    36     182    (-,-) 
  genblk2.pcpi_div_lte_2493_16_g1326/Y -       A1->Y  R     OAI22X1        1  2.9    61    42     223    (-,-) 
  genblk2.pcpi_div_lte_2493_16_g1325/Y -       A1->Y  F     AOI22X1        1  2.8    60    55     278    (-,-) 
  genblk2.pcpi_div_lte_2493_16_g1324/Y -       A1->Y  R     OAI22X1        1  2.9    66    54     332    (-,-) 
  genblk2.pcpi_div_lte_2493_16_g1323/Y -       A1->Y  F     AOI22X1        1  2.8    61    57     389    (-,-) 
  genblk2.pcpi_div_lte_2493_16_g1322/Y -       A1->Y  R     OAI22X1        1  2.9    66    54     443    (-,-) 
  genblk2.pcpi_div_lte_2493_16_g1321/Y -       A1->Y  F     AOI22X1        1  2.8    61    57     500    (-,-) 
  genblk2.pcpi_div_lte_2493_16_g1320/Y -       A1->Y  R     OAI22X1        1  2.9    66    54     554    (-,-) 
  genblk2.pcpi_div_lte_2493_16_g1319/Y -       A1->Y  F     AOI22X1        1  2.8    61    57     611    (-,-) 
  genblk2.pcpi_div_lte_2493_16_g1318/Y -       A1->Y  R     OAI22X1        1  2.9    66    54     665    (-,-) 
  genblk2.pcpi_div_lte_2493_16_g1317/Y -       A1->Y  F     AOI22X1        1  2.8    61    57     722    (-,-) 
  genblk2.pcpi_div_lte_2493_16_g1316/Y -       A1->Y  R     OAI22X1        1  2.9    66    54     776    (-,-) 
  genblk2.pcpi_div_lte_2493_16_g1315/Y -       A1->Y  F     AOI22X1        1  2.8    61    57     833    (-,-) 
  genblk2.pcpi_div_lte_2493_16_g1314/Y -       A1->Y  R     OAI22X1        1  2.9    66    54     887    (-,-) 
  genblk2.pcpi_div_lte_2493_16_g1313/Y -       A1->Y  F     AOI22X1        1  2.8    61    57     944    (-,-) 
  genblk2.pcpi_div_lte_2493_16_g1312/Y -       A1->Y  R     OAI22X1        1  2.9    66    54     998    (-,-) 
  genblk2.pcpi_div_lte_2493_16_g1311/Y -       A1->Y  F     AOI22X1        1  2.8    61    57    1055    (-,-) 
  genblk2.pcpi_div_lte_2493_16_g1310/Y -       A1->Y  R     OAI22X1        1  2.9    66    54    1109    (-,-) 
  genblk2.pcpi_div_lte_2493_16_g1309/Y -       A1->Y  F     AOI22X1        1  2.8    61    57    1166    (-,-) 
  genblk2.pcpi_div_lte_2493_16_g1308/Y -       A1->Y  R     OAI22X1        1  2.9    66    54    1220    (-,-) 
  genblk2.pcpi_div_lte_2493_16_g1307/Y -       A1->Y  F     AOI22X1        1  2.8    61    57    1276    (-,-) 
  genblk2.pcpi_div_lte_2493_16_g1306/Y -       A1->Y  R     OAI22X1        1  2.9    66    54    1330    (-,-) 
  genblk2.pcpi_div_lte_2493_16_g1305/Y -       A1->Y  F     AOI22X1        1  2.8    61    57    1387    (-,-) 
  genblk2.pcpi_div_lte_2493_16_g1304/Y -       A1->Y  R     OAI22X1        1  2.9    66    54    1441    (-,-) 
  genblk2.pcpi_div_lte_2493_16_g1303/Y -       A1->Y  F     AOI22X1        1  2.8    61    57    1498    (-,-) 
  genblk2.pcpi_div_lte_2493_16_g1302/Y -       A1->Y  R     OAI22X1        1  2.9    66    54    1552    (-,-) 
  genblk2.pcpi_div_lte_2493_16_g1301/Y -       A1->Y  F     AOI22X1        1  2.8    61    57    1609    (-,-) 
  genblk2.pcpi_div_lte_2493_16_g1300/Y -       A1->Y  R     OAI22X1        1  2.9    66    54    1663    (-,-) 
  genblk2.pcpi_div_lte_2493_16_g1299/Y -       A1->Y  F     AOI22X1        1  2.8    61    57    1720    (-,-) 
  genblk2.pcpi_div_lte_2493_16_g1298/Y -       A1->Y  R     OAI22X1        1  2.9    66    54    1774    (-,-) 
  genblk2.pcpi_div_lte_2493_16_g1297/Y -       A1->Y  F     AOI22X1        1  2.6    59    55    1830    (-,-) 
  genblk2.pcpi_div_lte_2493_16_g1296/Y -       D->Y   F     OR4X1          1  2.6    27    69    1899    (-,-) 
  genblk2.pcpi_div_lte_2493_16_g1295/Y -       D->Y   F     OR4X1          1  2.6    27    63    1962    (-,-) 
  genblk2.pcpi_div_lte_2493_16_g1294/Y -       D->Y   F     OR4X1          1  2.6    27    63    2024    (-,-) 
  genblk2.pcpi_div_lte_2493_16_g1293/Y -       D->Y   F     OR4X1          1  2.6    27    63    2087    (-,-) 
  genblk2.pcpi_div_lte_2493_16_g1292/Y -       D->Y   F     OR4X1          1  2.6    27    63    2150    (-,-) 
  genblk2.pcpi_div_lte_2493_16_g1291/Y -       D->Y   F     OR4X1          1  2.6    27    63    2213    (-,-) 
  genblk2.pcpi_div_lte_2493_16_g1290/Y -       D->Y   F     OR4X1          1  2.8    28    64    2276    (-,-) 
  genblk2.pcpi_div_lte_2493_16_g1289/Y -       D->Y   R     NOR4X1         1  2.7    90    60    2336    (-,-) 
  genblk2.pcpi_div_lte_2493_16_g1288/Y -       A->Y   R     AND2X1         2  5.1    38    56    2392    (-,-) 
  g131008/Y                            -       A->Y   F     INVX1          1  2.8    26    26    2418    (-,-) 
  g126658/Y                            -       A1->Y  F     AO21X4        32 51.4   106    98    2516    (-,-) 
  g126518/Y                            -       A1->Y  R     AOI22X1        1  2.9    64    66    2582    (-,-) 
  g126362/Y                            -       B->Y   F     NAND2X1        1  2.8    48    47    2628    (-,-) 
  genblk2.pcpi_div_dividend_reg[24]/D  -       -      F     DFFHQX1        1    -     -     0    2628    (-,-) 
#--------------------------------------------------------------------------------------------------------------



Path 11: MET (1332 ps) Setup Check with Pin genblk2.pcpi_div_dividend_reg[23]/CK->D
          Group: C2C
     Startpoint: (R) genblk2.pcpi_div_divisor_reg[0]/CK
          Clock: (R) myclock
       Endpoint: (F) genblk2.pcpi_div_dividend_reg[23]/D
          Clock: (R) myclock

                     Capture       Launch     
        Clock Edge:+    4000            0     
       Src Latency:+       0            0     
       Net Latency:+       0 (I)        0 (I) 
           Arrival:=    4000            0     
                                              
             Setup:-      20                  
       Uncertainty:-      20                  
     Required Time:=    3960                  
      Launch Clock:-       0                  
         Data Path:-    2628                  
             Slack:=    1332                  

#--------------------------------------------------------------------------------------------------------------
#            Timing Point              Flags    Arc   Edge   Cell     Fanout Load Trans Delay Arrival Instance 
#                                                                            (fF)  (ps)  (ps)   (ps)  Location 
#--------------------------------------------------------------------------------------------------------------
  genblk2.pcpi_div_divisor_reg[0]/CK   -       -      R     (arrival)   2050    -     0     0       0    (-,-) 
  genblk2.pcpi_div_divisor_reg[0]/Q    -       CK->Q  F     DFFHQX1        3  5.6    39    68      68    (-,-) 
  genblk2.pcpi_div_lte_2493_16_g1345/Y -       AN->Y  F     NOR2BX1        2  4.2    39    37     104    (-,-) 
  genblk2.pcpi_div_lte_2493_16_g1328/Y -       A1N->Y F     OAI2BB1X1      1  2.7    45    42     146    (-,-) 
  genblk2.pcpi_div_lte_2493_16_g1327/Y -       B0->Y  F     OA21X1         1  2.8    23    36     182    (-,-) 
  genblk2.pcpi_div_lte_2493_16_g1326/Y -       A1->Y  R     OAI22X1        1  2.9    61    42     223    (-,-) 
  genblk2.pcpi_div_lte_2493_16_g1325/Y -       A1->Y  F     AOI22X1        1  2.8    60    55     278    (-,-) 
  genblk2.pcpi_div_lte_2493_16_g1324/Y -       A1->Y  R     OAI22X1        1  2.9    66    54     332    (-,-) 
  genblk2.pcpi_div_lte_2493_16_g1323/Y -       A1->Y  F     AOI22X1        1  2.8    61    57     389    (-,-) 
  genblk2.pcpi_div_lte_2493_16_g1322/Y -       A1->Y  R     OAI22X1        1  2.9    66    54     443    (-,-) 
  genblk2.pcpi_div_lte_2493_16_g1321/Y -       A1->Y  F     AOI22X1        1  2.8    61    57     500    (-,-) 
  genblk2.pcpi_div_lte_2493_16_g1320/Y -       A1->Y  R     OAI22X1        1  2.9    66    54     554    (-,-) 
  genblk2.pcpi_div_lte_2493_16_g1319/Y -       A1->Y  F     AOI22X1        1  2.8    61    57     611    (-,-) 
  genblk2.pcpi_div_lte_2493_16_g1318/Y -       A1->Y  R     OAI22X1        1  2.9    66    54     665    (-,-) 
  genblk2.pcpi_div_lte_2493_16_g1317/Y -       A1->Y  F     AOI22X1        1  2.8    61    57     722    (-,-) 
  genblk2.pcpi_div_lte_2493_16_g1316/Y -       A1->Y  R     OAI22X1        1  2.9    66    54     776    (-,-) 
  genblk2.pcpi_div_lte_2493_16_g1315/Y -       A1->Y  F     AOI22X1        1  2.8    61    57     833    (-,-) 
  genblk2.pcpi_div_lte_2493_16_g1314/Y -       A1->Y  R     OAI22X1        1  2.9    66    54     887    (-,-) 
  genblk2.pcpi_div_lte_2493_16_g1313/Y -       A1->Y  F     AOI22X1        1  2.8    61    57     944    (-,-) 
  genblk2.pcpi_div_lte_2493_16_g1312/Y -       A1->Y  R     OAI22X1        1  2.9    66    54     998    (-,-) 
  genblk2.pcpi_div_lte_2493_16_g1311/Y -       A1->Y  F     AOI22X1        1  2.8    61    57    1055    (-,-) 
  genblk2.pcpi_div_lte_2493_16_g1310/Y -       A1->Y  R     OAI22X1        1  2.9    66    54    1109    (-,-) 
  genblk2.pcpi_div_lte_2493_16_g1309/Y -       A1->Y  F     AOI22X1        1  2.8    61    57    1166    (-,-) 
  genblk2.pcpi_div_lte_2493_16_g1308/Y -       A1->Y  R     OAI22X1        1  2.9    66    54    1220    (-,-) 
  genblk2.pcpi_div_lte_2493_16_g1307/Y -       A1->Y  F     AOI22X1        1  2.8    61    57    1276    (-,-) 
  genblk2.pcpi_div_lte_2493_16_g1306/Y -       A1->Y  R     OAI22X1        1  2.9    66    54    1330    (-,-) 
  genblk2.pcpi_div_lte_2493_16_g1305/Y -       A1->Y  F     AOI22X1        1  2.8    61    57    1387    (-,-) 
  genblk2.pcpi_div_lte_2493_16_g1304/Y -       A1->Y  R     OAI22X1        1  2.9    66    54    1441    (-,-) 
  genblk2.pcpi_div_lte_2493_16_g1303/Y -       A1->Y  F     AOI22X1        1  2.8    61    57    1498    (-,-) 
  genblk2.pcpi_div_lte_2493_16_g1302/Y -       A1->Y  R     OAI22X1        1  2.9    66    54    1552    (-,-) 
  genblk2.pcpi_div_lte_2493_16_g1301/Y -       A1->Y  F     AOI22X1        1  2.8    61    57    1609    (-,-) 
  genblk2.pcpi_div_lte_2493_16_g1300/Y -       A1->Y  R     OAI22X1        1  2.9    66    54    1663    (-,-) 
  genblk2.pcpi_div_lte_2493_16_g1299/Y -       A1->Y  F     AOI22X1        1  2.8    61    57    1720    (-,-) 
  genblk2.pcpi_div_lte_2493_16_g1298/Y -       A1->Y  R     OAI22X1        1  2.9    66    54    1774    (-,-) 
  genblk2.pcpi_div_lte_2493_16_g1297/Y -       A1->Y  F     AOI22X1        1  2.6    59    55    1830    (-,-) 
  genblk2.pcpi_div_lte_2493_16_g1296/Y -       D->Y   F     OR4X1          1  2.6    27    69    1899    (-,-) 
  genblk2.pcpi_div_lte_2493_16_g1295/Y -       D->Y   F     OR4X1          1  2.6    27    63    1962    (-,-) 
  genblk2.pcpi_div_lte_2493_16_g1294/Y -       D->Y   F     OR4X1          1  2.6    27    63    2024    (-,-) 
  genblk2.pcpi_div_lte_2493_16_g1293/Y -       D->Y   F     OR4X1          1  2.6    27    63    2087    (-,-) 
  genblk2.pcpi_div_lte_2493_16_g1292/Y -       D->Y   F     OR4X1          1  2.6    27    63    2150    (-,-) 
  genblk2.pcpi_div_lte_2493_16_g1291/Y -       D->Y   F     OR4X1          1  2.6    27    63    2213    (-,-) 
  genblk2.pcpi_div_lte_2493_16_g1290/Y -       D->Y   F     OR4X1          1  2.8    28    64    2276    (-,-) 
  genblk2.pcpi_div_lte_2493_16_g1289/Y -       D->Y   R     NOR4X1         1  2.7    90    60    2336    (-,-) 
  genblk2.pcpi_div_lte_2493_16_g1288/Y -       A->Y   R     AND2X1         2  5.1    38    56    2392    (-,-) 
  g131008/Y                            -       A->Y   F     INVX1          1  2.8    26    26    2418    (-,-) 
  g126658/Y                            -       A1->Y  F     AO21X4        32 51.4   106    98    2516    (-,-) 
  g126517/Y                            -       A1->Y  R     AOI22X1        1  2.9    64    66    2582    (-,-) 
  g126363/Y                            -       B->Y   F     NAND2X1        1  2.8    48    47    2628    (-,-) 
  genblk2.pcpi_div_dividend_reg[23]/D  -       -      F     DFFHQX1        1    -     -     0    2628    (-,-) 
#--------------------------------------------------------------------------------------------------------------



Path 12: MET (1332 ps) Setup Check with Pin genblk2.pcpi_div_dividend_reg[22]/CK->D
          Group: C2C
     Startpoint: (R) genblk2.pcpi_div_divisor_reg[0]/CK
          Clock: (R) myclock
       Endpoint: (F) genblk2.pcpi_div_dividend_reg[22]/D
          Clock: (R) myclock

                     Capture       Launch     
        Clock Edge:+    4000            0     
       Src Latency:+       0            0     
       Net Latency:+       0 (I)        0 (I) 
           Arrival:=    4000            0     
                                              
             Setup:-      20                  
       Uncertainty:-      20                  
     Required Time:=    3960                  
      Launch Clock:-       0                  
         Data Path:-    2628                  
             Slack:=    1332                  

#--------------------------------------------------------------------------------------------------------------
#            Timing Point              Flags    Arc   Edge   Cell     Fanout Load Trans Delay Arrival Instance 
#                                                                            (fF)  (ps)  (ps)   (ps)  Location 
#--------------------------------------------------------------------------------------------------------------
  genblk2.pcpi_div_divisor_reg[0]/CK   -       -      R     (arrival)   2050    -     0     0       0    (-,-) 
  genblk2.pcpi_div_divisor_reg[0]/Q    -       CK->Q  F     DFFHQX1        3  5.6    39    68      68    (-,-) 
  genblk2.pcpi_div_lte_2493_16_g1345/Y -       AN->Y  F     NOR2BX1        2  4.2    39    37     104    (-,-) 
  genblk2.pcpi_div_lte_2493_16_g1328/Y -       A1N->Y F     OAI2BB1X1      1  2.7    45    42     146    (-,-) 
  genblk2.pcpi_div_lte_2493_16_g1327/Y -       B0->Y  F     OA21X1         1  2.8    23    36     182    (-,-) 
  genblk2.pcpi_div_lte_2493_16_g1326/Y -       A1->Y  R     OAI22X1        1  2.9    61    42     223    (-,-) 
  genblk2.pcpi_div_lte_2493_16_g1325/Y -       A1->Y  F     AOI22X1        1  2.8    60    55     278    (-,-) 
  genblk2.pcpi_div_lte_2493_16_g1324/Y -       A1->Y  R     OAI22X1        1  2.9    66    54     332    (-,-) 
  genblk2.pcpi_div_lte_2493_16_g1323/Y -       A1->Y  F     AOI22X1        1  2.8    61    57     389    (-,-) 
  genblk2.pcpi_div_lte_2493_16_g1322/Y -       A1->Y  R     OAI22X1        1  2.9    66    54     443    (-,-) 
  genblk2.pcpi_div_lte_2493_16_g1321/Y -       A1->Y  F     AOI22X1        1  2.8    61    57     500    (-,-) 
  genblk2.pcpi_div_lte_2493_16_g1320/Y -       A1->Y  R     OAI22X1        1  2.9    66    54     554    (-,-) 
  genblk2.pcpi_div_lte_2493_16_g1319/Y -       A1->Y  F     AOI22X1        1  2.8    61    57     611    (-,-) 
  genblk2.pcpi_div_lte_2493_16_g1318/Y -       A1->Y  R     OAI22X1        1  2.9    66    54     665    (-,-) 
  genblk2.pcpi_div_lte_2493_16_g1317/Y -       A1->Y  F     AOI22X1        1  2.8    61    57     722    (-,-) 
  genblk2.pcpi_div_lte_2493_16_g1316/Y -       A1->Y  R     OAI22X1        1  2.9    66    54     776    (-,-) 
  genblk2.pcpi_div_lte_2493_16_g1315/Y -       A1->Y  F     AOI22X1        1  2.8    61    57     833    (-,-) 
  genblk2.pcpi_div_lte_2493_16_g1314/Y -       A1->Y  R     OAI22X1        1  2.9    66    54     887    (-,-) 
  genblk2.pcpi_div_lte_2493_16_g1313/Y -       A1->Y  F     AOI22X1        1  2.8    61    57     944    (-,-) 
  genblk2.pcpi_div_lte_2493_16_g1312/Y -       A1->Y  R     OAI22X1        1  2.9    66    54     998    (-,-) 
  genblk2.pcpi_div_lte_2493_16_g1311/Y -       A1->Y  F     AOI22X1        1  2.8    61    57    1055    (-,-) 
  genblk2.pcpi_div_lte_2493_16_g1310/Y -       A1->Y  R     OAI22X1        1  2.9    66    54    1109    (-,-) 
  genblk2.pcpi_div_lte_2493_16_g1309/Y -       A1->Y  F     AOI22X1        1  2.8    61    57    1166    (-,-) 
  genblk2.pcpi_div_lte_2493_16_g1308/Y -       A1->Y  R     OAI22X1        1  2.9    66    54    1220    (-,-) 
  genblk2.pcpi_div_lte_2493_16_g1307/Y -       A1->Y  F     AOI22X1        1  2.8    61    57    1276    (-,-) 
  genblk2.pcpi_div_lte_2493_16_g1306/Y -       A1->Y  R     OAI22X1        1  2.9    66    54    1330    (-,-) 
  genblk2.pcpi_div_lte_2493_16_g1305/Y -       A1->Y  F     AOI22X1        1  2.8    61    57    1387    (-,-) 
  genblk2.pcpi_div_lte_2493_16_g1304/Y -       A1->Y  R     OAI22X1        1  2.9    66    54    1441    (-,-) 
  genblk2.pcpi_div_lte_2493_16_g1303/Y -       A1->Y  F     AOI22X1        1  2.8    61    57    1498    (-,-) 
  genblk2.pcpi_div_lte_2493_16_g1302/Y -       A1->Y  R     OAI22X1        1  2.9    66    54    1552    (-,-) 
  genblk2.pcpi_div_lte_2493_16_g1301/Y -       A1->Y  F     AOI22X1        1  2.8    61    57    1609    (-,-) 
  genblk2.pcpi_div_lte_2493_16_g1300/Y -       A1->Y  R     OAI22X1        1  2.9    66    54    1663    (-,-) 
  genblk2.pcpi_div_lte_2493_16_g1299/Y -       A1->Y  F     AOI22X1        1  2.8    61    57    1720    (-,-) 
  genblk2.pcpi_div_lte_2493_16_g1298/Y -       A1->Y  R     OAI22X1        1  2.9    66    54    1774    (-,-) 
  genblk2.pcpi_div_lte_2493_16_g1297/Y -       A1->Y  F     AOI22X1        1  2.6    59    55    1830    (-,-) 
  genblk2.pcpi_div_lte_2493_16_g1296/Y -       D->Y   F     OR4X1          1  2.6    27    69    1899    (-,-) 
  genblk2.pcpi_div_lte_2493_16_g1295/Y -       D->Y   F     OR4X1          1  2.6    27    63    1962    (-,-) 
  genblk2.pcpi_div_lte_2493_16_g1294/Y -       D->Y   F     OR4X1          1  2.6    27    63    2024    (-,-) 
  genblk2.pcpi_div_lte_2493_16_g1293/Y -       D->Y   F     OR4X1          1  2.6    27    63    2087    (-,-) 
  genblk2.pcpi_div_lte_2493_16_g1292/Y -       D->Y   F     OR4X1          1  2.6    27    63    2150    (-,-) 
  genblk2.pcpi_div_lte_2493_16_g1291/Y -       D->Y   F     OR4X1          1  2.6    27    63    2213    (-,-) 
  genblk2.pcpi_div_lte_2493_16_g1290/Y -       D->Y   F     OR4X1          1  2.8    28    64    2276    (-,-) 
  genblk2.pcpi_div_lte_2493_16_g1289/Y -       D->Y   R     NOR4X1         1  2.7    90    60    2336    (-,-) 
  genblk2.pcpi_div_lte_2493_16_g1288/Y -       A->Y   R     AND2X1         2  5.1    38    56    2392    (-,-) 
  g131008/Y                            -       A->Y   F     INVX1          1  2.8    26    26    2418    (-,-) 
  g126658/Y                            -       A1->Y  F     AO21X4        32 51.4   106    98    2516    (-,-) 
  g126516/Y                            -       A1->Y  R     AOI22X1        1  2.9    64    66    2582    (-,-) 
  g126364/Y                            -       B->Y   F     NAND2X1        1  2.8    48    47    2628    (-,-) 
  genblk2.pcpi_div_dividend_reg[22]/D  -       -      F     DFFHQX1        1    -     -     0    2628    (-,-) 
#--------------------------------------------------------------------------------------------------------------



Path 13: MET (1332 ps) Setup Check with Pin genblk2.pcpi_div_dividend_reg[21]/CK->D
          Group: C2C
     Startpoint: (R) genblk2.pcpi_div_divisor_reg[0]/CK
          Clock: (R) myclock
       Endpoint: (F) genblk2.pcpi_div_dividend_reg[21]/D
          Clock: (R) myclock

                     Capture       Launch     
        Clock Edge:+    4000            0     
       Src Latency:+       0            0     
       Net Latency:+       0 (I)        0 (I) 
           Arrival:=    4000            0     
                                              
             Setup:-      20                  
       Uncertainty:-      20                  
     Required Time:=    3960                  
      Launch Clock:-       0                  
         Data Path:-    2628                  
             Slack:=    1332                  

#--------------------------------------------------------------------------------------------------------------
#            Timing Point              Flags    Arc   Edge   Cell     Fanout Load Trans Delay Arrival Instance 
#                                                                            (fF)  (ps)  (ps)   (ps)  Location 
#--------------------------------------------------------------------------------------------------------------
  genblk2.pcpi_div_divisor_reg[0]/CK   -       -      R     (arrival)   2050    -     0     0       0    (-,-) 
  genblk2.pcpi_div_divisor_reg[0]/Q    -       CK->Q  F     DFFHQX1        3  5.6    39    68      68    (-,-) 
  genblk2.pcpi_div_lte_2493_16_g1345/Y -       AN->Y  F     NOR2BX1        2  4.2    39    37     104    (-,-) 
  genblk2.pcpi_div_lte_2493_16_g1328/Y -       A1N->Y F     OAI2BB1X1      1  2.7    45    42     146    (-,-) 
  genblk2.pcpi_div_lte_2493_16_g1327/Y -       B0->Y  F     OA21X1         1  2.8    23    36     182    (-,-) 
  genblk2.pcpi_div_lte_2493_16_g1326/Y -       A1->Y  R     OAI22X1        1  2.9    61    42     223    (-,-) 
  genblk2.pcpi_div_lte_2493_16_g1325/Y -       A1->Y  F     AOI22X1        1  2.8    60    55     278    (-,-) 
  genblk2.pcpi_div_lte_2493_16_g1324/Y -       A1->Y  R     OAI22X1        1  2.9    66    54     332    (-,-) 
  genblk2.pcpi_div_lte_2493_16_g1323/Y -       A1->Y  F     AOI22X1        1  2.8    61    57     389    (-,-) 
  genblk2.pcpi_div_lte_2493_16_g1322/Y -       A1->Y  R     OAI22X1        1  2.9    66    54     443    (-,-) 
  genblk2.pcpi_div_lte_2493_16_g1321/Y -       A1->Y  F     AOI22X1        1  2.8    61    57     500    (-,-) 
  genblk2.pcpi_div_lte_2493_16_g1320/Y -       A1->Y  R     OAI22X1        1  2.9    66    54     554    (-,-) 
  genblk2.pcpi_div_lte_2493_16_g1319/Y -       A1->Y  F     AOI22X1        1  2.8    61    57     611    (-,-) 
  genblk2.pcpi_div_lte_2493_16_g1318/Y -       A1->Y  R     OAI22X1        1  2.9    66    54     665    (-,-) 
  genblk2.pcpi_div_lte_2493_16_g1317/Y -       A1->Y  F     AOI22X1        1  2.8    61    57     722    (-,-) 
  genblk2.pcpi_div_lte_2493_16_g1316/Y -       A1->Y  R     OAI22X1        1  2.9    66    54     776    (-,-) 
  genblk2.pcpi_div_lte_2493_16_g1315/Y -       A1->Y  F     AOI22X1        1  2.8    61    57     833    (-,-) 
  genblk2.pcpi_div_lte_2493_16_g1314/Y -       A1->Y  R     OAI22X1        1  2.9    66    54     887    (-,-) 
  genblk2.pcpi_div_lte_2493_16_g1313/Y -       A1->Y  F     AOI22X1        1  2.8    61    57     944    (-,-) 
  genblk2.pcpi_div_lte_2493_16_g1312/Y -       A1->Y  R     OAI22X1        1  2.9    66    54     998    (-,-) 
  genblk2.pcpi_div_lte_2493_16_g1311/Y -       A1->Y  F     AOI22X1        1  2.8    61    57    1055    (-,-) 
  genblk2.pcpi_div_lte_2493_16_g1310/Y -       A1->Y  R     OAI22X1        1  2.9    66    54    1109    (-,-) 
  genblk2.pcpi_div_lte_2493_16_g1309/Y -       A1->Y  F     AOI22X1        1  2.8    61    57    1166    (-,-) 
  genblk2.pcpi_div_lte_2493_16_g1308/Y -       A1->Y  R     OAI22X1        1  2.9    66    54    1220    (-,-) 
  genblk2.pcpi_div_lte_2493_16_g1307/Y -       A1->Y  F     AOI22X1        1  2.8    61    57    1276    (-,-) 
  genblk2.pcpi_div_lte_2493_16_g1306/Y -       A1->Y  R     OAI22X1        1  2.9    66    54    1330    (-,-) 
  genblk2.pcpi_div_lte_2493_16_g1305/Y -       A1->Y  F     AOI22X1        1  2.8    61    57    1387    (-,-) 
  genblk2.pcpi_div_lte_2493_16_g1304/Y -       A1->Y  R     OAI22X1        1  2.9    66    54    1441    (-,-) 
  genblk2.pcpi_div_lte_2493_16_g1303/Y -       A1->Y  F     AOI22X1        1  2.8    61    57    1498    (-,-) 
  genblk2.pcpi_div_lte_2493_16_g1302/Y -       A1->Y  R     OAI22X1        1  2.9    66    54    1552    (-,-) 
  genblk2.pcpi_div_lte_2493_16_g1301/Y -       A1->Y  F     AOI22X1        1  2.8    61    57    1609    (-,-) 
  genblk2.pcpi_div_lte_2493_16_g1300/Y -       A1->Y  R     OAI22X1        1  2.9    66    54    1663    (-,-) 
  genblk2.pcpi_div_lte_2493_16_g1299/Y -       A1->Y  F     AOI22X1        1  2.8    61    57    1720    (-,-) 
  genblk2.pcpi_div_lte_2493_16_g1298/Y -       A1->Y  R     OAI22X1        1  2.9    66    54    1774    (-,-) 
  genblk2.pcpi_div_lte_2493_16_g1297/Y -       A1->Y  F     AOI22X1        1  2.6    59    55    1830    (-,-) 
  genblk2.pcpi_div_lte_2493_16_g1296/Y -       D->Y   F     OR4X1          1  2.6    27    69    1899    (-,-) 
  genblk2.pcpi_div_lte_2493_16_g1295/Y -       D->Y   F     OR4X1          1  2.6    27    63    1962    (-,-) 
  genblk2.pcpi_div_lte_2493_16_g1294/Y -       D->Y   F     OR4X1          1  2.6    27    63    2024    (-,-) 
  genblk2.pcpi_div_lte_2493_16_g1293/Y -       D->Y   F     OR4X1          1  2.6    27    63    2087    (-,-) 
  genblk2.pcpi_div_lte_2493_16_g1292/Y -       D->Y   F     OR4X1          1  2.6    27    63    2150    (-,-) 
  genblk2.pcpi_div_lte_2493_16_g1291/Y -       D->Y   F     OR4X1          1  2.6    27    63    2213    (-,-) 
  genblk2.pcpi_div_lte_2493_16_g1290/Y -       D->Y   F     OR4X1          1  2.8    28    64    2276    (-,-) 
  genblk2.pcpi_div_lte_2493_16_g1289/Y -       D->Y   R     NOR4X1         1  2.7    90    60    2336    (-,-) 
  genblk2.pcpi_div_lte_2493_16_g1288/Y -       A->Y   R     AND2X1         2  5.1    38    56    2392    (-,-) 
  g131008/Y                            -       A->Y   F     INVX1          1  2.8    26    26    2418    (-,-) 
  g126658/Y                            -       A1->Y  F     AO21X4        32 51.4   106    98    2516    (-,-) 
  g126515/Y                            -       A1->Y  R     AOI22X1        1  2.9    64    66    2582    (-,-) 
  g126365/Y                            -       B->Y   F     NAND2X1        1  2.8    48    47    2628    (-,-) 
  genblk2.pcpi_div_dividend_reg[21]/D  -       -      F     DFFHQX1        1    -     -     0    2628    (-,-) 
#--------------------------------------------------------------------------------------------------------------



Path 14: MET (1332 ps) Setup Check with Pin genblk2.pcpi_div_dividend_reg[19]/CK->D
          Group: C2C
     Startpoint: (R) genblk2.pcpi_div_divisor_reg[0]/CK
          Clock: (R) myclock
       Endpoint: (F) genblk2.pcpi_div_dividend_reg[19]/D
          Clock: (R) myclock

                     Capture       Launch     
        Clock Edge:+    4000            0     
       Src Latency:+       0            0     
       Net Latency:+       0 (I)        0 (I) 
           Arrival:=    4000            0     
                                              
             Setup:-      20                  
       Uncertainty:-      20                  
     Required Time:=    3960                  
      Launch Clock:-       0                  
         Data Path:-    2628                  
             Slack:=    1332                  

#--------------------------------------------------------------------------------------------------------------
#            Timing Point              Flags    Arc   Edge   Cell     Fanout Load Trans Delay Arrival Instance 
#                                                                            (fF)  (ps)  (ps)   (ps)  Location 
#--------------------------------------------------------------------------------------------------------------
  genblk2.pcpi_div_divisor_reg[0]/CK   -       -      R     (arrival)   2050    -     0     0       0    (-,-) 
  genblk2.pcpi_div_divisor_reg[0]/Q    -       CK->Q  F     DFFHQX1        3  5.6    39    68      68    (-,-) 
  genblk2.pcpi_div_lte_2493_16_g1345/Y -       AN->Y  F     NOR2BX1        2  4.2    39    37     104    (-,-) 
  genblk2.pcpi_div_lte_2493_16_g1328/Y -       A1N->Y F     OAI2BB1X1      1  2.7    45    42     146    (-,-) 
  genblk2.pcpi_div_lte_2493_16_g1327/Y -       B0->Y  F     OA21X1         1  2.8    23    36     182    (-,-) 
  genblk2.pcpi_div_lte_2493_16_g1326/Y -       A1->Y  R     OAI22X1        1  2.9    61    42     223    (-,-) 
  genblk2.pcpi_div_lte_2493_16_g1325/Y -       A1->Y  F     AOI22X1        1  2.8    60    55     278    (-,-) 
  genblk2.pcpi_div_lte_2493_16_g1324/Y -       A1->Y  R     OAI22X1        1  2.9    66    54     332    (-,-) 
  genblk2.pcpi_div_lte_2493_16_g1323/Y -       A1->Y  F     AOI22X1        1  2.8    61    57     389    (-,-) 
  genblk2.pcpi_div_lte_2493_16_g1322/Y -       A1->Y  R     OAI22X1        1  2.9    66    54     443    (-,-) 
  genblk2.pcpi_div_lte_2493_16_g1321/Y -       A1->Y  F     AOI22X1        1  2.8    61    57     500    (-,-) 
  genblk2.pcpi_div_lte_2493_16_g1320/Y -       A1->Y  R     OAI22X1        1  2.9    66    54     554    (-,-) 
  genblk2.pcpi_div_lte_2493_16_g1319/Y -       A1->Y  F     AOI22X1        1  2.8    61    57     611    (-,-) 
  genblk2.pcpi_div_lte_2493_16_g1318/Y -       A1->Y  R     OAI22X1        1  2.9    66    54     665    (-,-) 
  genblk2.pcpi_div_lte_2493_16_g1317/Y -       A1->Y  F     AOI22X1        1  2.8    61    57     722    (-,-) 
  genblk2.pcpi_div_lte_2493_16_g1316/Y -       A1->Y  R     OAI22X1        1  2.9    66    54     776    (-,-) 
  genblk2.pcpi_div_lte_2493_16_g1315/Y -       A1->Y  F     AOI22X1        1  2.8    61    57     833    (-,-) 
  genblk2.pcpi_div_lte_2493_16_g1314/Y -       A1->Y  R     OAI22X1        1  2.9    66    54     887    (-,-) 
  genblk2.pcpi_div_lte_2493_16_g1313/Y -       A1->Y  F     AOI22X1        1  2.8    61    57     944    (-,-) 
  genblk2.pcpi_div_lte_2493_16_g1312/Y -       A1->Y  R     OAI22X1        1  2.9    66    54     998    (-,-) 
  genblk2.pcpi_div_lte_2493_16_g1311/Y -       A1->Y  F     AOI22X1        1  2.8    61    57    1055    (-,-) 
  genblk2.pcpi_div_lte_2493_16_g1310/Y -       A1->Y  R     OAI22X1        1  2.9    66    54    1109    (-,-) 
  genblk2.pcpi_div_lte_2493_16_g1309/Y -       A1->Y  F     AOI22X1        1  2.8    61    57    1166    (-,-) 
  genblk2.pcpi_div_lte_2493_16_g1308/Y -       A1->Y  R     OAI22X1        1  2.9    66    54    1220    (-,-) 
  genblk2.pcpi_div_lte_2493_16_g1307/Y -       A1->Y  F     AOI22X1        1  2.8    61    57    1276    (-,-) 
  genblk2.pcpi_div_lte_2493_16_g1306/Y -       A1->Y  R     OAI22X1        1  2.9    66    54    1330    (-,-) 
  genblk2.pcpi_div_lte_2493_16_g1305/Y -       A1->Y  F     AOI22X1        1  2.8    61    57    1387    (-,-) 
  genblk2.pcpi_div_lte_2493_16_g1304/Y -       A1->Y  R     OAI22X1        1  2.9    66    54    1441    (-,-) 
  genblk2.pcpi_div_lte_2493_16_g1303/Y -       A1->Y  F     AOI22X1        1  2.8    61    57    1498    (-,-) 
  genblk2.pcpi_div_lte_2493_16_g1302/Y -       A1->Y  R     OAI22X1        1  2.9    66    54    1552    (-,-) 
  genblk2.pcpi_div_lte_2493_16_g1301/Y -       A1->Y  F     AOI22X1        1  2.8    61    57    1609    (-,-) 
  genblk2.pcpi_div_lte_2493_16_g1300/Y -       A1->Y  R     OAI22X1        1  2.9    66    54    1663    (-,-) 
  genblk2.pcpi_div_lte_2493_16_g1299/Y -       A1->Y  F     AOI22X1        1  2.8    61    57    1720    (-,-) 
  genblk2.pcpi_div_lte_2493_16_g1298/Y -       A1->Y  R     OAI22X1        1  2.9    66    54    1774    (-,-) 
  genblk2.pcpi_div_lte_2493_16_g1297/Y -       A1->Y  F     AOI22X1        1  2.6    59    55    1830    (-,-) 
  genblk2.pcpi_div_lte_2493_16_g1296/Y -       D->Y   F     OR4X1          1  2.6    27    69    1899    (-,-) 
  genblk2.pcpi_div_lte_2493_16_g1295/Y -       D->Y   F     OR4X1          1  2.6    27    63    1962    (-,-) 
  genblk2.pcpi_div_lte_2493_16_g1294/Y -       D->Y   F     OR4X1          1  2.6    27    63    2024    (-,-) 
  genblk2.pcpi_div_lte_2493_16_g1293/Y -       D->Y   F     OR4X1          1  2.6    27    63    2087    (-,-) 
  genblk2.pcpi_div_lte_2493_16_g1292/Y -       D->Y   F     OR4X1          1  2.6    27    63    2150    (-,-) 
  genblk2.pcpi_div_lte_2493_16_g1291/Y -       D->Y   F     OR4X1          1  2.6    27    63    2213    (-,-) 
  genblk2.pcpi_div_lte_2493_16_g1290/Y -       D->Y   F     OR4X1          1  2.8    28    64    2276    (-,-) 
  genblk2.pcpi_div_lte_2493_16_g1289/Y -       D->Y   R     NOR4X1         1  2.7    90    60    2336    (-,-) 
  genblk2.pcpi_div_lte_2493_16_g1288/Y -       A->Y   R     AND2X1         2  5.1    38    56    2392    (-,-) 
  g131008/Y                            -       A->Y   F     INVX1          1  2.8    26    26    2418    (-,-) 
  g126658/Y                            -       A1->Y  F     AO21X4        32 51.4   106    98    2516    (-,-) 
  g126512/Y                            -       A1->Y  R     AOI22X1        1  2.9    64    66    2582    (-,-) 
  g126382/Y                            -       B->Y   F     NAND2X1        1  2.8    48    47    2628    (-,-) 
  genblk2.pcpi_div_dividend_reg[19]/D  -       -      F     DFFHQX1        1    -     -     0    2628    (-,-) 
#--------------------------------------------------------------------------------------------------------------



Path 15: MET (1332 ps) Setup Check with Pin genblk2.pcpi_div_dividend_reg[18]/CK->D
          Group: C2C
     Startpoint: (R) genblk2.pcpi_div_divisor_reg[0]/CK
          Clock: (R) myclock
       Endpoint: (F) genblk2.pcpi_div_dividend_reg[18]/D
          Clock: (R) myclock

                     Capture       Launch     
        Clock Edge:+    4000            0     
       Src Latency:+       0            0     
       Net Latency:+       0 (I)        0 (I) 
           Arrival:=    4000            0     
                                              
             Setup:-      20                  
       Uncertainty:-      20                  
     Required Time:=    3960                  
      Launch Clock:-       0                  
         Data Path:-    2628                  
             Slack:=    1332                  

#--------------------------------------------------------------------------------------------------------------
#            Timing Point              Flags    Arc   Edge   Cell     Fanout Load Trans Delay Arrival Instance 
#                                                                            (fF)  (ps)  (ps)   (ps)  Location 
#--------------------------------------------------------------------------------------------------------------
  genblk2.pcpi_div_divisor_reg[0]/CK   -       -      R     (arrival)   2050    -     0     0       0    (-,-) 
  genblk2.pcpi_div_divisor_reg[0]/Q    -       CK->Q  F     DFFHQX1        3  5.6    39    68      68    (-,-) 
  genblk2.pcpi_div_lte_2493_16_g1345/Y -       AN->Y  F     NOR2BX1        2  4.2    39    37     104    (-,-) 
  genblk2.pcpi_div_lte_2493_16_g1328/Y -       A1N->Y F     OAI2BB1X1      1  2.7    45    42     146    (-,-) 
  genblk2.pcpi_div_lte_2493_16_g1327/Y -       B0->Y  F     OA21X1         1  2.8    23    36     182    (-,-) 
  genblk2.pcpi_div_lte_2493_16_g1326/Y -       A1->Y  R     OAI22X1        1  2.9    61    42     223    (-,-) 
  genblk2.pcpi_div_lte_2493_16_g1325/Y -       A1->Y  F     AOI22X1        1  2.8    60    55     278    (-,-) 
  genblk2.pcpi_div_lte_2493_16_g1324/Y -       A1->Y  R     OAI22X1        1  2.9    66    54     332    (-,-) 
  genblk2.pcpi_div_lte_2493_16_g1323/Y -       A1->Y  F     AOI22X1        1  2.8    61    57     389    (-,-) 
  genblk2.pcpi_div_lte_2493_16_g1322/Y -       A1->Y  R     OAI22X1        1  2.9    66    54     443    (-,-) 
  genblk2.pcpi_div_lte_2493_16_g1321/Y -       A1->Y  F     AOI22X1        1  2.8    61    57     500    (-,-) 
  genblk2.pcpi_div_lte_2493_16_g1320/Y -       A1->Y  R     OAI22X1        1  2.9    66    54     554    (-,-) 
  genblk2.pcpi_div_lte_2493_16_g1319/Y -       A1->Y  F     AOI22X1        1  2.8    61    57     611    (-,-) 
  genblk2.pcpi_div_lte_2493_16_g1318/Y -       A1->Y  R     OAI22X1        1  2.9    66    54     665    (-,-) 
  genblk2.pcpi_div_lte_2493_16_g1317/Y -       A1->Y  F     AOI22X1        1  2.8    61    57     722    (-,-) 
  genblk2.pcpi_div_lte_2493_16_g1316/Y -       A1->Y  R     OAI22X1        1  2.9    66    54     776    (-,-) 
  genblk2.pcpi_div_lte_2493_16_g1315/Y -       A1->Y  F     AOI22X1        1  2.8    61    57     833    (-,-) 
  genblk2.pcpi_div_lte_2493_16_g1314/Y -       A1->Y  R     OAI22X1        1  2.9    66    54     887    (-,-) 
  genblk2.pcpi_div_lte_2493_16_g1313/Y -       A1->Y  F     AOI22X1        1  2.8    61    57     944    (-,-) 
  genblk2.pcpi_div_lte_2493_16_g1312/Y -       A1->Y  R     OAI22X1        1  2.9    66    54     998    (-,-) 
  genblk2.pcpi_div_lte_2493_16_g1311/Y -       A1->Y  F     AOI22X1        1  2.8    61    57    1055    (-,-) 
  genblk2.pcpi_div_lte_2493_16_g1310/Y -       A1->Y  R     OAI22X1        1  2.9    66    54    1109    (-,-) 
  genblk2.pcpi_div_lte_2493_16_g1309/Y -       A1->Y  F     AOI22X1        1  2.8    61    57    1166    (-,-) 
  genblk2.pcpi_div_lte_2493_16_g1308/Y -       A1->Y  R     OAI22X1        1  2.9    66    54    1220    (-,-) 
  genblk2.pcpi_div_lte_2493_16_g1307/Y -       A1->Y  F     AOI22X1        1  2.8    61    57    1276    (-,-) 
  genblk2.pcpi_div_lte_2493_16_g1306/Y -       A1->Y  R     OAI22X1        1  2.9    66    54    1330    (-,-) 
  genblk2.pcpi_div_lte_2493_16_g1305/Y -       A1->Y  F     AOI22X1        1  2.8    61    57    1387    (-,-) 
  genblk2.pcpi_div_lte_2493_16_g1304/Y -       A1->Y  R     OAI22X1        1  2.9    66    54    1441    (-,-) 
  genblk2.pcpi_div_lte_2493_16_g1303/Y -       A1->Y  F     AOI22X1        1  2.8    61    57    1498    (-,-) 
  genblk2.pcpi_div_lte_2493_16_g1302/Y -       A1->Y  R     OAI22X1        1  2.9    66    54    1552    (-,-) 
  genblk2.pcpi_div_lte_2493_16_g1301/Y -       A1->Y  F     AOI22X1        1  2.8    61    57    1609    (-,-) 
  genblk2.pcpi_div_lte_2493_16_g1300/Y -       A1->Y  R     OAI22X1        1  2.9    66    54    1663    (-,-) 
  genblk2.pcpi_div_lte_2493_16_g1299/Y -       A1->Y  F     AOI22X1        1  2.8    61    57    1720    (-,-) 
  genblk2.pcpi_div_lte_2493_16_g1298/Y -       A1->Y  R     OAI22X1        1  2.9    66    54    1774    (-,-) 
  genblk2.pcpi_div_lte_2493_16_g1297/Y -       A1->Y  F     AOI22X1        1  2.6    59    55    1830    (-,-) 
  genblk2.pcpi_div_lte_2493_16_g1296/Y -       D->Y   F     OR4X1          1  2.6    27    69    1899    (-,-) 
  genblk2.pcpi_div_lte_2493_16_g1295/Y -       D->Y   F     OR4X1          1  2.6    27    63    1962    (-,-) 
  genblk2.pcpi_div_lte_2493_16_g1294/Y -       D->Y   F     OR4X1          1  2.6    27    63    2024    (-,-) 
  genblk2.pcpi_div_lte_2493_16_g1293/Y -       D->Y   F     OR4X1          1  2.6    27    63    2087    (-,-) 
  genblk2.pcpi_div_lte_2493_16_g1292/Y -       D->Y   F     OR4X1          1  2.6    27    63    2150    (-,-) 
  genblk2.pcpi_div_lte_2493_16_g1291/Y -       D->Y   F     OR4X1          1  2.6    27    63    2213    (-,-) 
  genblk2.pcpi_div_lte_2493_16_g1290/Y -       D->Y   F     OR4X1          1  2.8    28    64    2276    (-,-) 
  genblk2.pcpi_div_lte_2493_16_g1289/Y -       D->Y   R     NOR4X1         1  2.7    90    60    2336    (-,-) 
  genblk2.pcpi_div_lte_2493_16_g1288/Y -       A->Y   R     AND2X1         2  5.1    38    56    2392    (-,-) 
  g131008/Y                            -       A->Y   F     INVX1          1  2.8    26    26    2418    (-,-) 
  g126658/Y                            -       A1->Y  F     AO21X4        32 51.4   106    98    2516    (-,-) 
  g126513/Y                            -       A1->Y  R     AOI22X1        1  2.9    64    66    2582    (-,-) 
  g126381/Y                            -       B->Y   F     NAND2X1        1  2.8    48    47    2628    (-,-) 
  genblk2.pcpi_div_dividend_reg[18]/D  -       -      F     DFFHQX1        1    -     -     0    2628    (-,-) 
#--------------------------------------------------------------------------------------------------------------



Path 16: MET (1332 ps) Setup Check with Pin genblk2.pcpi_div_dividend_reg[17]/CK->D
          Group: C2C
     Startpoint: (R) genblk2.pcpi_div_divisor_reg[0]/CK
          Clock: (R) myclock
       Endpoint: (F) genblk2.pcpi_div_dividend_reg[17]/D
          Clock: (R) myclock

                     Capture       Launch     
        Clock Edge:+    4000            0     
       Src Latency:+       0            0     
       Net Latency:+       0 (I)        0 (I) 
           Arrival:=    4000            0     
                                              
             Setup:-      20                  
       Uncertainty:-      20                  
     Required Time:=    3960                  
      Launch Clock:-       0                  
         Data Path:-    2628                  
             Slack:=    1332                  

#--------------------------------------------------------------------------------------------------------------
#            Timing Point              Flags    Arc   Edge   Cell     Fanout Load Trans Delay Arrival Instance 
#                                                                            (fF)  (ps)  (ps)   (ps)  Location 
#--------------------------------------------------------------------------------------------------------------
  genblk2.pcpi_div_divisor_reg[0]/CK   -       -      R     (arrival)   2050    -     0     0       0    (-,-) 
  genblk2.pcpi_div_divisor_reg[0]/Q    -       CK->Q  F     DFFHQX1        3  5.6    39    68      68    (-,-) 
  genblk2.pcpi_div_lte_2493_16_g1345/Y -       AN->Y  F     NOR2BX1        2  4.2    39    37     104    (-,-) 
  genblk2.pcpi_div_lte_2493_16_g1328/Y -       A1N->Y F     OAI2BB1X1      1  2.7    45    42     146    (-,-) 
  genblk2.pcpi_div_lte_2493_16_g1327/Y -       B0->Y  F     OA21X1         1  2.8    23    36     182    (-,-) 
  genblk2.pcpi_div_lte_2493_16_g1326/Y -       A1->Y  R     OAI22X1        1  2.9    61    42     223    (-,-) 
  genblk2.pcpi_div_lte_2493_16_g1325/Y -       A1->Y  F     AOI22X1        1  2.8    60    55     278    (-,-) 
  genblk2.pcpi_div_lte_2493_16_g1324/Y -       A1->Y  R     OAI22X1        1  2.9    66    54     332    (-,-) 
  genblk2.pcpi_div_lte_2493_16_g1323/Y -       A1->Y  F     AOI22X1        1  2.8    61    57     389    (-,-) 
  genblk2.pcpi_div_lte_2493_16_g1322/Y -       A1->Y  R     OAI22X1        1  2.9    66    54     443    (-,-) 
  genblk2.pcpi_div_lte_2493_16_g1321/Y -       A1->Y  F     AOI22X1        1  2.8    61    57     500    (-,-) 
  genblk2.pcpi_div_lte_2493_16_g1320/Y -       A1->Y  R     OAI22X1        1  2.9    66    54     554    (-,-) 
  genblk2.pcpi_div_lte_2493_16_g1319/Y -       A1->Y  F     AOI22X1        1  2.8    61    57     611    (-,-) 
  genblk2.pcpi_div_lte_2493_16_g1318/Y -       A1->Y  R     OAI22X1        1  2.9    66    54     665    (-,-) 
  genblk2.pcpi_div_lte_2493_16_g1317/Y -       A1->Y  F     AOI22X1        1  2.8    61    57     722    (-,-) 
  genblk2.pcpi_div_lte_2493_16_g1316/Y -       A1->Y  R     OAI22X1        1  2.9    66    54     776    (-,-) 
  genblk2.pcpi_div_lte_2493_16_g1315/Y -       A1->Y  F     AOI22X1        1  2.8    61    57     833    (-,-) 
  genblk2.pcpi_div_lte_2493_16_g1314/Y -       A1->Y  R     OAI22X1        1  2.9    66    54     887    (-,-) 
  genblk2.pcpi_div_lte_2493_16_g1313/Y -       A1->Y  F     AOI22X1        1  2.8    61    57     944    (-,-) 
  genblk2.pcpi_div_lte_2493_16_g1312/Y -       A1->Y  R     OAI22X1        1  2.9    66    54     998    (-,-) 
  genblk2.pcpi_div_lte_2493_16_g1311/Y -       A1->Y  F     AOI22X1        1  2.8    61    57    1055    (-,-) 
  genblk2.pcpi_div_lte_2493_16_g1310/Y -       A1->Y  R     OAI22X1        1  2.9    66    54    1109    (-,-) 
  genblk2.pcpi_div_lte_2493_16_g1309/Y -       A1->Y  F     AOI22X1        1  2.8    61    57    1166    (-,-) 
  genblk2.pcpi_div_lte_2493_16_g1308/Y -       A1->Y  R     OAI22X1        1  2.9    66    54    1220    (-,-) 
  genblk2.pcpi_div_lte_2493_16_g1307/Y -       A1->Y  F     AOI22X1        1  2.8    61    57    1276    (-,-) 
  genblk2.pcpi_div_lte_2493_16_g1306/Y -       A1->Y  R     OAI22X1        1  2.9    66    54    1330    (-,-) 
  genblk2.pcpi_div_lte_2493_16_g1305/Y -       A1->Y  F     AOI22X1        1  2.8    61    57    1387    (-,-) 
  genblk2.pcpi_div_lte_2493_16_g1304/Y -       A1->Y  R     OAI22X1        1  2.9    66    54    1441    (-,-) 
  genblk2.pcpi_div_lte_2493_16_g1303/Y -       A1->Y  F     AOI22X1        1  2.8    61    57    1498    (-,-) 
  genblk2.pcpi_div_lte_2493_16_g1302/Y -       A1->Y  R     OAI22X1        1  2.9    66    54    1552    (-,-) 
  genblk2.pcpi_div_lte_2493_16_g1301/Y -       A1->Y  F     AOI22X1        1  2.8    61    57    1609    (-,-) 
  genblk2.pcpi_div_lte_2493_16_g1300/Y -       A1->Y  R     OAI22X1        1  2.9    66    54    1663    (-,-) 
  genblk2.pcpi_div_lte_2493_16_g1299/Y -       A1->Y  F     AOI22X1        1  2.8    61    57    1720    (-,-) 
  genblk2.pcpi_div_lte_2493_16_g1298/Y -       A1->Y  R     OAI22X1        1  2.9    66    54    1774    (-,-) 
  genblk2.pcpi_div_lte_2493_16_g1297/Y -       A1->Y  F     AOI22X1        1  2.6    59    55    1830    (-,-) 
  genblk2.pcpi_div_lte_2493_16_g1296/Y -       D->Y   F     OR4X1          1  2.6    27    69    1899    (-,-) 
  genblk2.pcpi_div_lte_2493_16_g1295/Y -       D->Y   F     OR4X1          1  2.6    27    63    1962    (-,-) 
  genblk2.pcpi_div_lte_2493_16_g1294/Y -       D->Y   F     OR4X1          1  2.6    27    63    2024    (-,-) 
  genblk2.pcpi_div_lte_2493_16_g1293/Y -       D->Y   F     OR4X1          1  2.6    27    63    2087    (-,-) 
  genblk2.pcpi_div_lte_2493_16_g1292/Y -       D->Y   F     OR4X1          1  2.6    27    63    2150    (-,-) 
  genblk2.pcpi_div_lte_2493_16_g1291/Y -       D->Y   F     OR4X1          1  2.6    27    63    2213    (-,-) 
  genblk2.pcpi_div_lte_2493_16_g1290/Y -       D->Y   F     OR4X1          1  2.8    28    64    2276    (-,-) 
  genblk2.pcpi_div_lte_2493_16_g1289/Y -       D->Y   R     NOR4X1         1  2.7    90    60    2336    (-,-) 
  genblk2.pcpi_div_lte_2493_16_g1288/Y -       A->Y   R     AND2X1         2  5.1    38    56    2392    (-,-) 
  g131008/Y                            -       A->Y   F     INVX1          1  2.8    26    26    2418    (-,-) 
  g126658/Y                            -       A1->Y  F     AO21X4        32 51.4   106    98    2516    (-,-) 
  g126511/Y                            -       A1->Y  R     AOI22X1        1  2.9    64    66    2582    (-,-) 
  g126379/Y                            -       B->Y   F     NAND2X1        1  2.8    48    47    2628    (-,-) 
  genblk2.pcpi_div_dividend_reg[17]/D  -       -      F     DFFHQX1        1    -     -     0    2628    (-,-) 
#--------------------------------------------------------------------------------------------------------------



Path 17: MET (1332 ps) Setup Check with Pin genblk2.pcpi_div_dividend_reg[27]/CK->D
          Group: C2C
     Startpoint: (R) genblk2.pcpi_div_divisor_reg[0]/CK
          Clock: (R) myclock
       Endpoint: (F) genblk2.pcpi_div_dividend_reg[27]/D
          Clock: (R) myclock

                     Capture       Launch     
        Clock Edge:+    4000            0     
       Src Latency:+       0            0     
       Net Latency:+       0 (I)        0 (I) 
           Arrival:=    4000            0     
                                              
             Setup:-      20                  
       Uncertainty:-      20                  
     Required Time:=    3960                  
      Launch Clock:-       0                  
         Data Path:-    2628                  
             Slack:=    1332                  

#--------------------------------------------------------------------------------------------------------------
#            Timing Point              Flags    Arc   Edge   Cell     Fanout Load Trans Delay Arrival Instance 
#                                                                            (fF)  (ps)  (ps)   (ps)  Location 
#--------------------------------------------------------------------------------------------------------------
  genblk2.pcpi_div_divisor_reg[0]/CK   -       -      R     (arrival)   2050    -     0     0       0    (-,-) 
  genblk2.pcpi_div_divisor_reg[0]/Q    -       CK->Q  F     DFFHQX1        3  5.6    39    68      68    (-,-) 
  genblk2.pcpi_div_lte_2493_16_g1345/Y -       AN->Y  F     NOR2BX1        2  4.2    39    37     104    (-,-) 
  genblk2.pcpi_div_lte_2493_16_g1328/Y -       A1N->Y F     OAI2BB1X1      1  2.7    45    42     146    (-,-) 
  genblk2.pcpi_div_lte_2493_16_g1327/Y -       B0->Y  F     OA21X1         1  2.8    23    36     182    (-,-) 
  genblk2.pcpi_div_lte_2493_16_g1326/Y -       A1->Y  R     OAI22X1        1  2.9    61    42     223    (-,-) 
  genblk2.pcpi_div_lte_2493_16_g1325/Y -       A1->Y  F     AOI22X1        1  2.8    60    55     278    (-,-) 
  genblk2.pcpi_div_lte_2493_16_g1324/Y -       A1->Y  R     OAI22X1        1  2.9    66    54     332    (-,-) 
  genblk2.pcpi_div_lte_2493_16_g1323/Y -       A1->Y  F     AOI22X1        1  2.8    61    57     389    (-,-) 
  genblk2.pcpi_div_lte_2493_16_g1322/Y -       A1->Y  R     OAI22X1        1  2.9    66    54     443    (-,-) 
  genblk2.pcpi_div_lte_2493_16_g1321/Y -       A1->Y  F     AOI22X1        1  2.8    61    57     500    (-,-) 
  genblk2.pcpi_div_lte_2493_16_g1320/Y -       A1->Y  R     OAI22X1        1  2.9    66    54     554    (-,-) 
  genblk2.pcpi_div_lte_2493_16_g1319/Y -       A1->Y  F     AOI22X1        1  2.8    61    57     611    (-,-) 
  genblk2.pcpi_div_lte_2493_16_g1318/Y -       A1->Y  R     OAI22X1        1  2.9    66    54     665    (-,-) 
  genblk2.pcpi_div_lte_2493_16_g1317/Y -       A1->Y  F     AOI22X1        1  2.8    61    57     722    (-,-) 
  genblk2.pcpi_div_lte_2493_16_g1316/Y -       A1->Y  R     OAI22X1        1  2.9    66    54     776    (-,-) 
  genblk2.pcpi_div_lte_2493_16_g1315/Y -       A1->Y  F     AOI22X1        1  2.8    61    57     833    (-,-) 
  genblk2.pcpi_div_lte_2493_16_g1314/Y -       A1->Y  R     OAI22X1        1  2.9    66    54     887    (-,-) 
  genblk2.pcpi_div_lte_2493_16_g1313/Y -       A1->Y  F     AOI22X1        1  2.8    61    57     944    (-,-) 
  genblk2.pcpi_div_lte_2493_16_g1312/Y -       A1->Y  R     OAI22X1        1  2.9    66    54     998    (-,-) 
  genblk2.pcpi_div_lte_2493_16_g1311/Y -       A1->Y  F     AOI22X1        1  2.8    61    57    1055    (-,-) 
  genblk2.pcpi_div_lte_2493_16_g1310/Y -       A1->Y  R     OAI22X1        1  2.9    66    54    1109    (-,-) 
  genblk2.pcpi_div_lte_2493_16_g1309/Y -       A1->Y  F     AOI22X1        1  2.8    61    57    1166    (-,-) 
  genblk2.pcpi_div_lte_2493_16_g1308/Y -       A1->Y  R     OAI22X1        1  2.9    66    54    1220    (-,-) 
  genblk2.pcpi_div_lte_2493_16_g1307/Y -       A1->Y  F     AOI22X1        1  2.8    61    57    1276    (-,-) 
  genblk2.pcpi_div_lte_2493_16_g1306/Y -       A1->Y  R     OAI22X1        1  2.9    66    54    1330    (-,-) 
  genblk2.pcpi_div_lte_2493_16_g1305/Y -       A1->Y  F     AOI22X1        1  2.8    61    57    1387    (-,-) 
  genblk2.pcpi_div_lte_2493_16_g1304/Y -       A1->Y  R     OAI22X1        1  2.9    66    54    1441    (-,-) 
  genblk2.pcpi_div_lte_2493_16_g1303/Y -       A1->Y  F     AOI22X1        1  2.8    61    57    1498    (-,-) 
  genblk2.pcpi_div_lte_2493_16_g1302/Y -       A1->Y  R     OAI22X1        1  2.9    66    54    1552    (-,-) 
  genblk2.pcpi_div_lte_2493_16_g1301/Y -       A1->Y  F     AOI22X1        1  2.8    61    57    1609    (-,-) 
  genblk2.pcpi_div_lte_2493_16_g1300/Y -       A1->Y  R     OAI22X1        1  2.9    66    54    1663    (-,-) 
  genblk2.pcpi_div_lte_2493_16_g1299/Y -       A1->Y  F     AOI22X1        1  2.8    61    57    1720    (-,-) 
  genblk2.pcpi_div_lte_2493_16_g1298/Y -       A1->Y  R     OAI22X1        1  2.9    66    54    1774    (-,-) 
  genblk2.pcpi_div_lte_2493_16_g1297/Y -       A1->Y  F     AOI22X1        1  2.6    59    55    1830    (-,-) 
  genblk2.pcpi_div_lte_2493_16_g1296/Y -       D->Y   F     OR4X1          1  2.6    27    69    1899    (-,-) 
  genblk2.pcpi_div_lte_2493_16_g1295/Y -       D->Y   F     OR4X1          1  2.6    27    63    1962    (-,-) 
  genblk2.pcpi_div_lte_2493_16_g1294/Y -       D->Y   F     OR4X1          1  2.6    27    63    2024    (-,-) 
  genblk2.pcpi_div_lte_2493_16_g1293/Y -       D->Y   F     OR4X1          1  2.6    27    63    2087    (-,-) 
  genblk2.pcpi_div_lte_2493_16_g1292/Y -       D->Y   F     OR4X1          1  2.6    27    63    2150    (-,-) 
  genblk2.pcpi_div_lte_2493_16_g1291/Y -       D->Y   F     OR4X1          1  2.6    27    63    2213    (-,-) 
  genblk2.pcpi_div_lte_2493_16_g1290/Y -       D->Y   F     OR4X1          1  2.8    28    64    2276    (-,-) 
  genblk2.pcpi_div_lte_2493_16_g1289/Y -       D->Y   R     NOR4X1         1  2.7    90    60    2336    (-,-) 
  genblk2.pcpi_div_lte_2493_16_g1288/Y -       A->Y   R     AND2X1         2  5.1    38    56    2392    (-,-) 
  g131008/Y                            -       A->Y   F     INVX1          1  2.8    26    26    2418    (-,-) 
  g126658/Y                            -       A1->Y  F     AO21X4        32 51.4   106    98    2516    (-,-) 
  g126521/Y                            -       A1->Y  R     AOI22X1        1  2.9    64    66    2582    (-,-) 
  g126357/Y                            -       A->Y   F     NAND2X1        1  2.8    48    47    2628    (-,-) 
  genblk2.pcpi_div_dividend_reg[27]/D  -       -      F     DFFHQX1        1    -     -     0    2628    (-,-) 
#--------------------------------------------------------------------------------------------------------------



Path 18: MET (1333 ps) Setup Check with Pin genblk2.pcpi_div_dividend_reg[16]/CK->D
          Group: C2C
     Startpoint: (R) genblk2.pcpi_div_divisor_reg[0]/CK
          Clock: (R) myclock
       Endpoint: (F) genblk2.pcpi_div_dividend_reg[16]/D
          Clock: (R) myclock

                     Capture       Launch     
        Clock Edge:+    4000            0     
       Src Latency:+       0            0     
       Net Latency:+       0 (I)        0 (I) 
           Arrival:=    4000            0     
                                              
             Setup:-      20                  
       Uncertainty:-      20                  
     Required Time:=    3960                  
      Launch Clock:-       0                  
         Data Path:-    2627                  
             Slack:=    1333                  

#--------------------------------------------------------------------------------------------------------------
#            Timing Point              Flags    Arc   Edge   Cell     Fanout Load Trans Delay Arrival Instance 
#                                                                            (fF)  (ps)  (ps)   (ps)  Location 
#--------------------------------------------------------------------------------------------------------------
  genblk2.pcpi_div_divisor_reg[0]/CK   -       -      R     (arrival)   2050    -     0     0       0    (-,-) 
  genblk2.pcpi_div_divisor_reg[0]/Q    -       CK->Q  F     DFFHQX1        3  5.6    39    68      68    (-,-) 
  genblk2.pcpi_div_lte_2493_16_g1345/Y -       AN->Y  F     NOR2BX1        2  4.2    39    37     104    (-,-) 
  genblk2.pcpi_div_lte_2493_16_g1328/Y -       A1N->Y F     OAI2BB1X1      1  2.7    45    42     146    (-,-) 
  genblk2.pcpi_div_lte_2493_16_g1327/Y -       B0->Y  F     OA21X1         1  2.8    23    36     182    (-,-) 
  genblk2.pcpi_div_lte_2493_16_g1326/Y -       A1->Y  R     OAI22X1        1  2.9    61    42     223    (-,-) 
  genblk2.pcpi_div_lte_2493_16_g1325/Y -       A1->Y  F     AOI22X1        1  2.8    60    55     278    (-,-) 
  genblk2.pcpi_div_lte_2493_16_g1324/Y -       A1->Y  R     OAI22X1        1  2.9    66    54     332    (-,-) 
  genblk2.pcpi_div_lte_2493_16_g1323/Y -       A1->Y  F     AOI22X1        1  2.8    61    57     389    (-,-) 
  genblk2.pcpi_div_lte_2493_16_g1322/Y -       A1->Y  R     OAI22X1        1  2.9    66    54     443    (-,-) 
  genblk2.pcpi_div_lte_2493_16_g1321/Y -       A1->Y  F     AOI22X1        1  2.8    61    57     500    (-,-) 
  genblk2.pcpi_div_lte_2493_16_g1320/Y -       A1->Y  R     OAI22X1        1  2.9    66    54     554    (-,-) 
  genblk2.pcpi_div_lte_2493_16_g1319/Y -       A1->Y  F     AOI22X1        1  2.8    61    57     611    (-,-) 
  genblk2.pcpi_div_lte_2493_16_g1318/Y -       A1->Y  R     OAI22X1        1  2.9    66    54     665    (-,-) 
  genblk2.pcpi_div_lte_2493_16_g1317/Y -       A1->Y  F     AOI22X1        1  2.8    61    57     722    (-,-) 
  genblk2.pcpi_div_lte_2493_16_g1316/Y -       A1->Y  R     OAI22X1        1  2.9    66    54     776    (-,-) 
  genblk2.pcpi_div_lte_2493_16_g1315/Y -       A1->Y  F     AOI22X1        1  2.8    61    57     833    (-,-) 
  genblk2.pcpi_div_lte_2493_16_g1314/Y -       A1->Y  R     OAI22X1        1  2.9    66    54     887    (-,-) 
  genblk2.pcpi_div_lte_2493_16_g1313/Y -       A1->Y  F     AOI22X1        1  2.8    61    57     944    (-,-) 
  genblk2.pcpi_div_lte_2493_16_g1312/Y -       A1->Y  R     OAI22X1        1  2.9    66    54     998    (-,-) 
  genblk2.pcpi_div_lte_2493_16_g1311/Y -       A1->Y  F     AOI22X1        1  2.8    61    57    1055    (-,-) 
  genblk2.pcpi_div_lte_2493_16_g1310/Y -       A1->Y  R     OAI22X1        1  2.9    66    54    1109    (-,-) 
  genblk2.pcpi_div_lte_2493_16_g1309/Y -       A1->Y  F     AOI22X1        1  2.8    61    57    1166    (-,-) 
  genblk2.pcpi_div_lte_2493_16_g1308/Y -       A1->Y  R     OAI22X1        1  2.9    66    54    1220    (-,-) 
  genblk2.pcpi_div_lte_2493_16_g1307/Y -       A1->Y  F     AOI22X1        1  2.8    61    57    1276    (-,-) 
  genblk2.pcpi_div_lte_2493_16_g1306/Y -       A1->Y  R     OAI22X1        1  2.9    66    54    1330    (-,-) 
  genblk2.pcpi_div_lte_2493_16_g1305/Y -       A1->Y  F     AOI22X1        1  2.8    61    57    1387    (-,-) 
  genblk2.pcpi_div_lte_2493_16_g1304/Y -       A1->Y  R     OAI22X1        1  2.9    66    54    1441    (-,-) 
  genblk2.pcpi_div_lte_2493_16_g1303/Y -       A1->Y  F     AOI22X1        1  2.8    61    57    1498    (-,-) 
  genblk2.pcpi_div_lte_2493_16_g1302/Y -       A1->Y  R     OAI22X1        1  2.9    66    54    1552    (-,-) 
  genblk2.pcpi_div_lte_2493_16_g1301/Y -       A1->Y  F     AOI22X1        1  2.8    61    57    1609    (-,-) 
  genblk2.pcpi_div_lte_2493_16_g1300/Y -       A1->Y  R     OAI22X1        1  2.9    66    54    1663    (-,-) 
  genblk2.pcpi_div_lte_2493_16_g1299/Y -       A1->Y  F     AOI22X1        1  2.8    61    57    1720    (-,-) 
  genblk2.pcpi_div_lte_2493_16_g1298/Y -       A1->Y  R     OAI22X1        1  2.9    66    54    1774    (-,-) 
  genblk2.pcpi_div_lte_2493_16_g1297/Y -       A1->Y  F     AOI22X1        1  2.6    59    55    1830    (-,-) 
  genblk2.pcpi_div_lte_2493_16_g1296/Y -       D->Y   F     OR4X1          1  2.6    27    69    1899    (-,-) 
  genblk2.pcpi_div_lte_2493_16_g1295/Y -       D->Y   F     OR4X1          1  2.6    27    63    1962    (-,-) 
  genblk2.pcpi_div_lte_2493_16_g1294/Y -       D->Y   F     OR4X1          1  2.6    27    63    2024    (-,-) 
  genblk2.pcpi_div_lte_2493_16_g1293/Y -       D->Y   F     OR4X1          1  2.6    27    63    2087    (-,-) 
  genblk2.pcpi_div_lte_2493_16_g1292/Y -       D->Y   F     OR4X1          1  2.6    27    63    2150    (-,-) 
  genblk2.pcpi_div_lte_2493_16_g1291/Y -       D->Y   F     OR4X1          1  2.6    27    63    2213    (-,-) 
  genblk2.pcpi_div_lte_2493_16_g1290/Y -       D->Y   F     OR4X1          1  2.8    28    64    2276    (-,-) 
  genblk2.pcpi_div_lte_2493_16_g1289/Y -       D->Y   R     NOR4X1         1  2.7    90    60    2336    (-,-) 
  genblk2.pcpi_div_lte_2493_16_g1288/Y -       A->Y   R     AND2X1         2  5.1    38    56    2392    (-,-) 
  g131008/Y                            -       A->Y   F     INVX1          1  2.8    26    26    2418    (-,-) 
  g126658/Y                            -       A1->Y  F     AO21X4        32 51.4   106    98    2516    (-,-) 
  g126510/Y                            -       A1->Y  R     AOI22X1        1  2.9    61    66    2582    (-,-) 
  g126378/Y                            -       B->Y   F     NAND2X1        1  2.8    48    46    2627    (-,-) 
  genblk2.pcpi_div_dividend_reg[16]/D  -       -      F     DFFHQX1        1    -     -     0    2627    (-,-) 
#--------------------------------------------------------------------------------------------------------------



Path 19: MET (1333 ps) Setup Check with Pin genblk2.pcpi_div_dividend_reg[15]/CK->D
          Group: C2C
     Startpoint: (R) genblk2.pcpi_div_divisor_reg[0]/CK
          Clock: (R) myclock
       Endpoint: (F) genblk2.pcpi_div_dividend_reg[15]/D
          Clock: (R) myclock

                     Capture       Launch     
        Clock Edge:+    4000            0     
       Src Latency:+       0            0     
       Net Latency:+       0 (I)        0 (I) 
           Arrival:=    4000            0     
                                              
             Setup:-      20                  
       Uncertainty:-      20                  
     Required Time:=    3960                  
      Launch Clock:-       0                  
         Data Path:-    2627                  
             Slack:=    1333                  

#--------------------------------------------------------------------------------------------------------------
#            Timing Point              Flags    Arc   Edge   Cell     Fanout Load Trans Delay Arrival Instance 
#                                                                            (fF)  (ps)  (ps)   (ps)  Location 
#--------------------------------------------------------------------------------------------------------------
  genblk2.pcpi_div_divisor_reg[0]/CK   -       -      R     (arrival)   2050    -     0     0       0    (-,-) 
  genblk2.pcpi_div_divisor_reg[0]/Q    -       CK->Q  F     DFFHQX1        3  5.6    39    68      68    (-,-) 
  genblk2.pcpi_div_lte_2493_16_g1345/Y -       AN->Y  F     NOR2BX1        2  4.2    39    37     104    (-,-) 
  genblk2.pcpi_div_lte_2493_16_g1328/Y -       A1N->Y F     OAI2BB1X1      1  2.7    45    42     146    (-,-) 
  genblk2.pcpi_div_lte_2493_16_g1327/Y -       B0->Y  F     OA21X1         1  2.8    23    36     182    (-,-) 
  genblk2.pcpi_div_lte_2493_16_g1326/Y -       A1->Y  R     OAI22X1        1  2.9    61    42     223    (-,-) 
  genblk2.pcpi_div_lte_2493_16_g1325/Y -       A1->Y  F     AOI22X1        1  2.8    60    55     278    (-,-) 
  genblk2.pcpi_div_lte_2493_16_g1324/Y -       A1->Y  R     OAI22X1        1  2.9    66    54     332    (-,-) 
  genblk2.pcpi_div_lte_2493_16_g1323/Y -       A1->Y  F     AOI22X1        1  2.8    61    57     389    (-,-) 
  genblk2.pcpi_div_lte_2493_16_g1322/Y -       A1->Y  R     OAI22X1        1  2.9    66    54     443    (-,-) 
  genblk2.pcpi_div_lte_2493_16_g1321/Y -       A1->Y  F     AOI22X1        1  2.8    61    57     500    (-,-) 
  genblk2.pcpi_div_lte_2493_16_g1320/Y -       A1->Y  R     OAI22X1        1  2.9    66    54     554    (-,-) 
  genblk2.pcpi_div_lte_2493_16_g1319/Y -       A1->Y  F     AOI22X1        1  2.8    61    57     611    (-,-) 
  genblk2.pcpi_div_lte_2493_16_g1318/Y -       A1->Y  R     OAI22X1        1  2.9    66    54     665    (-,-) 
  genblk2.pcpi_div_lte_2493_16_g1317/Y -       A1->Y  F     AOI22X1        1  2.8    61    57     722    (-,-) 
  genblk2.pcpi_div_lte_2493_16_g1316/Y -       A1->Y  R     OAI22X1        1  2.9    66    54     776    (-,-) 
  genblk2.pcpi_div_lte_2493_16_g1315/Y -       A1->Y  F     AOI22X1        1  2.8    61    57     833    (-,-) 
  genblk2.pcpi_div_lte_2493_16_g1314/Y -       A1->Y  R     OAI22X1        1  2.9    66    54     887    (-,-) 
  genblk2.pcpi_div_lte_2493_16_g1313/Y -       A1->Y  F     AOI22X1        1  2.8    61    57     944    (-,-) 
  genblk2.pcpi_div_lte_2493_16_g1312/Y -       A1->Y  R     OAI22X1        1  2.9    66    54     998    (-,-) 
  genblk2.pcpi_div_lte_2493_16_g1311/Y -       A1->Y  F     AOI22X1        1  2.8    61    57    1055    (-,-) 
  genblk2.pcpi_div_lte_2493_16_g1310/Y -       A1->Y  R     OAI22X1        1  2.9    66    54    1109    (-,-) 
  genblk2.pcpi_div_lte_2493_16_g1309/Y -       A1->Y  F     AOI22X1        1  2.8    61    57    1166    (-,-) 
  genblk2.pcpi_div_lte_2493_16_g1308/Y -       A1->Y  R     OAI22X1        1  2.9    66    54    1220    (-,-) 
  genblk2.pcpi_div_lte_2493_16_g1307/Y -       A1->Y  F     AOI22X1        1  2.8    61    57    1276    (-,-) 
  genblk2.pcpi_div_lte_2493_16_g1306/Y -       A1->Y  R     OAI22X1        1  2.9    66    54    1330    (-,-) 
  genblk2.pcpi_div_lte_2493_16_g1305/Y -       A1->Y  F     AOI22X1        1  2.8    61    57    1387    (-,-) 
  genblk2.pcpi_div_lte_2493_16_g1304/Y -       A1->Y  R     OAI22X1        1  2.9    66    54    1441    (-,-) 
  genblk2.pcpi_div_lte_2493_16_g1303/Y -       A1->Y  F     AOI22X1        1  2.8    61    57    1498    (-,-) 
  genblk2.pcpi_div_lte_2493_16_g1302/Y -       A1->Y  R     OAI22X1        1  2.9    66    54    1552    (-,-) 
  genblk2.pcpi_div_lte_2493_16_g1301/Y -       A1->Y  F     AOI22X1        1  2.8    61    57    1609    (-,-) 
  genblk2.pcpi_div_lte_2493_16_g1300/Y -       A1->Y  R     OAI22X1        1  2.9    66    54    1663    (-,-) 
  genblk2.pcpi_div_lte_2493_16_g1299/Y -       A1->Y  F     AOI22X1        1  2.8    61    57    1720    (-,-) 
  genblk2.pcpi_div_lte_2493_16_g1298/Y -       A1->Y  R     OAI22X1        1  2.9    66    54    1774    (-,-) 
  genblk2.pcpi_div_lte_2493_16_g1297/Y -       A1->Y  F     AOI22X1        1  2.6    59    55    1830    (-,-) 
  genblk2.pcpi_div_lte_2493_16_g1296/Y -       D->Y   F     OR4X1          1  2.6    27    69    1899    (-,-) 
  genblk2.pcpi_div_lte_2493_16_g1295/Y -       D->Y   F     OR4X1          1  2.6    27    63    1962    (-,-) 
  genblk2.pcpi_div_lte_2493_16_g1294/Y -       D->Y   F     OR4X1          1  2.6    27    63    2024    (-,-) 
  genblk2.pcpi_div_lte_2493_16_g1293/Y -       D->Y   F     OR4X1          1  2.6    27    63    2087    (-,-) 
  genblk2.pcpi_div_lte_2493_16_g1292/Y -       D->Y   F     OR4X1          1  2.6    27    63    2150    (-,-) 
  genblk2.pcpi_div_lte_2493_16_g1291/Y -       D->Y   F     OR4X1          1  2.6    27    63    2213    (-,-) 
  genblk2.pcpi_div_lte_2493_16_g1290/Y -       D->Y   F     OR4X1          1  2.8    28    64    2276    (-,-) 
  genblk2.pcpi_div_lte_2493_16_g1289/Y -       D->Y   R     NOR4X1         1  2.7    90    60    2336    (-,-) 
  genblk2.pcpi_div_lte_2493_16_g1288/Y -       A->Y   R     AND2X1         2  5.1    38    56    2392    (-,-) 
  g131008/Y                            -       A->Y   F     INVX1          1  2.8    26    26    2418    (-,-) 
  g126658/Y                            -       A1->Y  F     AO21X4        32 51.4   106    98    2516    (-,-) 
  g126509/Y                            -       A1->Y  R     AOI22X1        1  2.9    61    66    2582    (-,-) 
  g126377/Y                            -       B->Y   F     NAND2X1        1  2.8    48    46    2627    (-,-) 
  genblk2.pcpi_div_dividend_reg[15]/D  -       -      F     DFFHQX1        1    -     -     0    2627    (-,-) 
#--------------------------------------------------------------------------------------------------------------



Path 20: MET (1333 ps) Setup Check with Pin genblk2.pcpi_div_dividend_reg[14]/CK->D
          Group: C2C
     Startpoint: (R) genblk2.pcpi_div_divisor_reg[0]/CK
          Clock: (R) myclock
       Endpoint: (F) genblk2.pcpi_div_dividend_reg[14]/D
          Clock: (R) myclock

                     Capture       Launch     
        Clock Edge:+    4000            0     
       Src Latency:+       0            0     
       Net Latency:+       0 (I)        0 (I) 
           Arrival:=    4000            0     
                                              
             Setup:-      20                  
       Uncertainty:-      20                  
     Required Time:=    3960                  
      Launch Clock:-       0                  
         Data Path:-    2627                  
             Slack:=    1333                  

#--------------------------------------------------------------------------------------------------------------
#            Timing Point              Flags    Arc   Edge   Cell     Fanout Load Trans Delay Arrival Instance 
#                                                                            (fF)  (ps)  (ps)   (ps)  Location 
#--------------------------------------------------------------------------------------------------------------
  genblk2.pcpi_div_divisor_reg[0]/CK   -       -      R     (arrival)   2050    -     0     0       0    (-,-) 
  genblk2.pcpi_div_divisor_reg[0]/Q    -       CK->Q  F     DFFHQX1        3  5.6    39    68      68    (-,-) 
  genblk2.pcpi_div_lte_2493_16_g1345/Y -       AN->Y  F     NOR2BX1        2  4.2    39    37     104    (-,-) 
  genblk2.pcpi_div_lte_2493_16_g1328/Y -       A1N->Y F     OAI2BB1X1      1  2.7    45    42     146    (-,-) 
  genblk2.pcpi_div_lte_2493_16_g1327/Y -       B0->Y  F     OA21X1         1  2.8    23    36     182    (-,-) 
  genblk2.pcpi_div_lte_2493_16_g1326/Y -       A1->Y  R     OAI22X1        1  2.9    61    42     223    (-,-) 
  genblk2.pcpi_div_lte_2493_16_g1325/Y -       A1->Y  F     AOI22X1        1  2.8    60    55     278    (-,-) 
  genblk2.pcpi_div_lte_2493_16_g1324/Y -       A1->Y  R     OAI22X1        1  2.9    66    54     332    (-,-) 
  genblk2.pcpi_div_lte_2493_16_g1323/Y -       A1->Y  F     AOI22X1        1  2.8    61    57     389    (-,-) 
  genblk2.pcpi_div_lte_2493_16_g1322/Y -       A1->Y  R     OAI22X1        1  2.9    66    54     443    (-,-) 
  genblk2.pcpi_div_lte_2493_16_g1321/Y -       A1->Y  F     AOI22X1        1  2.8    61    57     500    (-,-) 
  genblk2.pcpi_div_lte_2493_16_g1320/Y -       A1->Y  R     OAI22X1        1  2.9    66    54     554    (-,-) 
  genblk2.pcpi_div_lte_2493_16_g1319/Y -       A1->Y  F     AOI22X1        1  2.8    61    57     611    (-,-) 
  genblk2.pcpi_div_lte_2493_16_g1318/Y -       A1->Y  R     OAI22X1        1  2.9    66    54     665    (-,-) 
  genblk2.pcpi_div_lte_2493_16_g1317/Y -       A1->Y  F     AOI22X1        1  2.8    61    57     722    (-,-) 
  genblk2.pcpi_div_lte_2493_16_g1316/Y -       A1->Y  R     OAI22X1        1  2.9    66    54     776    (-,-) 
  genblk2.pcpi_div_lte_2493_16_g1315/Y -       A1->Y  F     AOI22X1        1  2.8    61    57     833    (-,-) 
  genblk2.pcpi_div_lte_2493_16_g1314/Y -       A1->Y  R     OAI22X1        1  2.9    66    54     887    (-,-) 
  genblk2.pcpi_div_lte_2493_16_g1313/Y -       A1->Y  F     AOI22X1        1  2.8    61    57     944    (-,-) 
  genblk2.pcpi_div_lte_2493_16_g1312/Y -       A1->Y  R     OAI22X1        1  2.9    66    54     998    (-,-) 
  genblk2.pcpi_div_lte_2493_16_g1311/Y -       A1->Y  F     AOI22X1        1  2.8    61    57    1055    (-,-) 
  genblk2.pcpi_div_lte_2493_16_g1310/Y -       A1->Y  R     OAI22X1        1  2.9    66    54    1109    (-,-) 
  genblk2.pcpi_div_lte_2493_16_g1309/Y -       A1->Y  F     AOI22X1        1  2.8    61    57    1166    (-,-) 
  genblk2.pcpi_div_lte_2493_16_g1308/Y -       A1->Y  R     OAI22X1        1  2.9    66    54    1220    (-,-) 
  genblk2.pcpi_div_lte_2493_16_g1307/Y -       A1->Y  F     AOI22X1        1  2.8    61    57    1276    (-,-) 
  genblk2.pcpi_div_lte_2493_16_g1306/Y -       A1->Y  R     OAI22X1        1  2.9    66    54    1330    (-,-) 
  genblk2.pcpi_div_lte_2493_16_g1305/Y -       A1->Y  F     AOI22X1        1  2.8    61    57    1387    (-,-) 
  genblk2.pcpi_div_lte_2493_16_g1304/Y -       A1->Y  R     OAI22X1        1  2.9    66    54    1441    (-,-) 
  genblk2.pcpi_div_lte_2493_16_g1303/Y -       A1->Y  F     AOI22X1        1  2.8    61    57    1498    (-,-) 
  genblk2.pcpi_div_lte_2493_16_g1302/Y -       A1->Y  R     OAI22X1        1  2.9    66    54    1552    (-,-) 
  genblk2.pcpi_div_lte_2493_16_g1301/Y -       A1->Y  F     AOI22X1        1  2.8    61    57    1609    (-,-) 
  genblk2.pcpi_div_lte_2493_16_g1300/Y -       A1->Y  R     OAI22X1        1  2.9    66    54    1663    (-,-) 
  genblk2.pcpi_div_lte_2493_16_g1299/Y -       A1->Y  F     AOI22X1        1  2.8    61    57    1720    (-,-) 
  genblk2.pcpi_div_lte_2493_16_g1298/Y -       A1->Y  R     OAI22X1        1  2.9    66    54    1774    (-,-) 
  genblk2.pcpi_div_lte_2493_16_g1297/Y -       A1->Y  F     AOI22X1        1  2.6    59    55    1830    (-,-) 
  genblk2.pcpi_div_lte_2493_16_g1296/Y -       D->Y   F     OR4X1          1  2.6    27    69    1899    (-,-) 
  genblk2.pcpi_div_lte_2493_16_g1295/Y -       D->Y   F     OR4X1          1  2.6    27    63    1962    (-,-) 
  genblk2.pcpi_div_lte_2493_16_g1294/Y -       D->Y   F     OR4X1          1  2.6    27    63    2024    (-,-) 
  genblk2.pcpi_div_lte_2493_16_g1293/Y -       D->Y   F     OR4X1          1  2.6    27    63    2087    (-,-) 
  genblk2.pcpi_div_lte_2493_16_g1292/Y -       D->Y   F     OR4X1          1  2.6    27    63    2150    (-,-) 
  genblk2.pcpi_div_lte_2493_16_g1291/Y -       D->Y   F     OR4X1          1  2.6    27    63    2213    (-,-) 
  genblk2.pcpi_div_lte_2493_16_g1290/Y -       D->Y   F     OR4X1          1  2.8    28    64    2276    (-,-) 
  genblk2.pcpi_div_lte_2493_16_g1289/Y -       D->Y   R     NOR4X1         1  2.7    90    60    2336    (-,-) 
  genblk2.pcpi_div_lte_2493_16_g1288/Y -       A->Y   R     AND2X1         2  5.1    38    56    2392    (-,-) 
  g131008/Y                            -       A->Y   F     INVX1          1  2.8    26    26    2418    (-,-) 
  g126658/Y                            -       A1->Y  F     AO21X4        32 51.4   106    98    2516    (-,-) 
  g126508/Y                            -       A1->Y  R     AOI22X1        1  2.9    61    66    2582    (-,-) 
  g126375/Y                            -       B->Y   F     NAND2X1        1  2.8    48    46    2627    (-,-) 
  genblk2.pcpi_div_dividend_reg[14]/D  -       -      F     DFFHQX1        1    -     -     0    2627    (-,-) 
#--------------------------------------------------------------------------------------------------------------



Path 21: MET (1333 ps) Setup Check with Pin genblk2.pcpi_div_dividend_reg[13]/CK->D
          Group: C2C
     Startpoint: (R) genblk2.pcpi_div_divisor_reg[0]/CK
          Clock: (R) myclock
       Endpoint: (F) genblk2.pcpi_div_dividend_reg[13]/D
          Clock: (R) myclock

                     Capture       Launch     
        Clock Edge:+    4000            0     
       Src Latency:+       0            0     
       Net Latency:+       0 (I)        0 (I) 
           Arrival:=    4000            0     
                                              
             Setup:-      20                  
       Uncertainty:-      20                  
     Required Time:=    3960                  
      Launch Clock:-       0                  
         Data Path:-    2627                  
             Slack:=    1333                  

#--------------------------------------------------------------------------------------------------------------
#            Timing Point              Flags    Arc   Edge   Cell     Fanout Load Trans Delay Arrival Instance 
#                                                                            (fF)  (ps)  (ps)   (ps)  Location 
#--------------------------------------------------------------------------------------------------------------
  genblk2.pcpi_div_divisor_reg[0]/CK   -       -      R     (arrival)   2050    -     0     0       0    (-,-) 
  genblk2.pcpi_div_divisor_reg[0]/Q    -       CK->Q  F     DFFHQX1        3  5.6    39    68      68    (-,-) 
  genblk2.pcpi_div_lte_2493_16_g1345/Y -       AN->Y  F     NOR2BX1        2  4.2    39    37     104    (-,-) 
  genblk2.pcpi_div_lte_2493_16_g1328/Y -       A1N->Y F     OAI2BB1X1      1  2.7    45    42     146    (-,-) 
  genblk2.pcpi_div_lte_2493_16_g1327/Y -       B0->Y  F     OA21X1         1  2.8    23    36     182    (-,-) 
  genblk2.pcpi_div_lte_2493_16_g1326/Y -       A1->Y  R     OAI22X1        1  2.9    61    42     223    (-,-) 
  genblk2.pcpi_div_lte_2493_16_g1325/Y -       A1->Y  F     AOI22X1        1  2.8    60    55     278    (-,-) 
  genblk2.pcpi_div_lte_2493_16_g1324/Y -       A1->Y  R     OAI22X1        1  2.9    66    54     332    (-,-) 
  genblk2.pcpi_div_lte_2493_16_g1323/Y -       A1->Y  F     AOI22X1        1  2.8    61    57     389    (-,-) 
  genblk2.pcpi_div_lte_2493_16_g1322/Y -       A1->Y  R     OAI22X1        1  2.9    66    54     443    (-,-) 
  genblk2.pcpi_div_lte_2493_16_g1321/Y -       A1->Y  F     AOI22X1        1  2.8    61    57     500    (-,-) 
  genblk2.pcpi_div_lte_2493_16_g1320/Y -       A1->Y  R     OAI22X1        1  2.9    66    54     554    (-,-) 
  genblk2.pcpi_div_lte_2493_16_g1319/Y -       A1->Y  F     AOI22X1        1  2.8    61    57     611    (-,-) 
  genblk2.pcpi_div_lte_2493_16_g1318/Y -       A1->Y  R     OAI22X1        1  2.9    66    54     665    (-,-) 
  genblk2.pcpi_div_lte_2493_16_g1317/Y -       A1->Y  F     AOI22X1        1  2.8    61    57     722    (-,-) 
  genblk2.pcpi_div_lte_2493_16_g1316/Y -       A1->Y  R     OAI22X1        1  2.9    66    54     776    (-,-) 
  genblk2.pcpi_div_lte_2493_16_g1315/Y -       A1->Y  F     AOI22X1        1  2.8    61    57     833    (-,-) 
  genblk2.pcpi_div_lte_2493_16_g1314/Y -       A1->Y  R     OAI22X1        1  2.9    66    54     887    (-,-) 
  genblk2.pcpi_div_lte_2493_16_g1313/Y -       A1->Y  F     AOI22X1        1  2.8    61    57     944    (-,-) 
  genblk2.pcpi_div_lte_2493_16_g1312/Y -       A1->Y  R     OAI22X1        1  2.9    66    54     998    (-,-) 
  genblk2.pcpi_div_lte_2493_16_g1311/Y -       A1->Y  F     AOI22X1        1  2.8    61    57    1055    (-,-) 
  genblk2.pcpi_div_lte_2493_16_g1310/Y -       A1->Y  R     OAI22X1        1  2.9    66    54    1109    (-,-) 
  genblk2.pcpi_div_lte_2493_16_g1309/Y -       A1->Y  F     AOI22X1        1  2.8    61    57    1166    (-,-) 
  genblk2.pcpi_div_lte_2493_16_g1308/Y -       A1->Y  R     OAI22X1        1  2.9    66    54    1220    (-,-) 
  genblk2.pcpi_div_lte_2493_16_g1307/Y -       A1->Y  F     AOI22X1        1  2.8    61    57    1276    (-,-) 
  genblk2.pcpi_div_lte_2493_16_g1306/Y -       A1->Y  R     OAI22X1        1  2.9    66    54    1330    (-,-) 
  genblk2.pcpi_div_lte_2493_16_g1305/Y -       A1->Y  F     AOI22X1        1  2.8    61    57    1387    (-,-) 
  genblk2.pcpi_div_lte_2493_16_g1304/Y -       A1->Y  R     OAI22X1        1  2.9    66    54    1441    (-,-) 
  genblk2.pcpi_div_lte_2493_16_g1303/Y -       A1->Y  F     AOI22X1        1  2.8    61    57    1498    (-,-) 
  genblk2.pcpi_div_lte_2493_16_g1302/Y -       A1->Y  R     OAI22X1        1  2.9    66    54    1552    (-,-) 
  genblk2.pcpi_div_lte_2493_16_g1301/Y -       A1->Y  F     AOI22X1        1  2.8    61    57    1609    (-,-) 
  genblk2.pcpi_div_lte_2493_16_g1300/Y -       A1->Y  R     OAI22X1        1  2.9    66    54    1663    (-,-) 
  genblk2.pcpi_div_lte_2493_16_g1299/Y -       A1->Y  F     AOI22X1        1  2.8    61    57    1720    (-,-) 
  genblk2.pcpi_div_lte_2493_16_g1298/Y -       A1->Y  R     OAI22X1        1  2.9    66    54    1774    (-,-) 
  genblk2.pcpi_div_lte_2493_16_g1297/Y -       A1->Y  F     AOI22X1        1  2.6    59    55    1830    (-,-) 
  genblk2.pcpi_div_lte_2493_16_g1296/Y -       D->Y   F     OR4X1          1  2.6    27    69    1899    (-,-) 
  genblk2.pcpi_div_lte_2493_16_g1295/Y -       D->Y   F     OR4X1          1  2.6    27    63    1962    (-,-) 
  genblk2.pcpi_div_lte_2493_16_g1294/Y -       D->Y   F     OR4X1          1  2.6    27    63    2024    (-,-) 
  genblk2.pcpi_div_lte_2493_16_g1293/Y -       D->Y   F     OR4X1          1  2.6    27    63    2087    (-,-) 
  genblk2.pcpi_div_lte_2493_16_g1292/Y -       D->Y   F     OR4X1          1  2.6    27    63    2150    (-,-) 
  genblk2.pcpi_div_lte_2493_16_g1291/Y -       D->Y   F     OR4X1          1  2.6    27    63    2213    (-,-) 
  genblk2.pcpi_div_lte_2493_16_g1290/Y -       D->Y   F     OR4X1          1  2.8    28    64    2276    (-,-) 
  genblk2.pcpi_div_lte_2493_16_g1289/Y -       D->Y   R     NOR4X1         1  2.7    90    60    2336    (-,-) 
  genblk2.pcpi_div_lte_2493_16_g1288/Y -       A->Y   R     AND2X1         2  5.1    38    56    2392    (-,-) 
  g131008/Y                            -       A->Y   F     INVX1          1  2.8    26    26    2418    (-,-) 
  g126658/Y                            -       A1->Y  F     AO21X4        32 51.4   106    98    2516    (-,-) 
  g126506/Y                            -       A1->Y  R     AOI22X1        1  2.9    61    66    2582    (-,-) 
  g126376/Y                            -       B->Y   F     NAND2X1        1  2.8    48    46    2627    (-,-) 
  genblk2.pcpi_div_dividend_reg[13]/D  -       -      F     DFFHQX1        1    -     -     0    2627    (-,-) 
#--------------------------------------------------------------------------------------------------------------



Path 22: MET (1333 ps) Setup Check with Pin genblk2.pcpi_div_dividend_reg[11]/CK->D
          Group: C2C
     Startpoint: (R) genblk2.pcpi_div_divisor_reg[0]/CK
          Clock: (R) myclock
       Endpoint: (F) genblk2.pcpi_div_dividend_reg[11]/D
          Clock: (R) myclock

                     Capture       Launch     
        Clock Edge:+    4000            0     
       Src Latency:+       0            0     
       Net Latency:+       0 (I)        0 (I) 
           Arrival:=    4000            0     
                                              
             Setup:-      20                  
       Uncertainty:-      20                  
     Required Time:=    3960                  
      Launch Clock:-       0                  
         Data Path:-    2627                  
             Slack:=    1333                  

#--------------------------------------------------------------------------------------------------------------
#            Timing Point              Flags    Arc   Edge   Cell     Fanout Load Trans Delay Arrival Instance 
#                                                                            (fF)  (ps)  (ps)   (ps)  Location 
#--------------------------------------------------------------------------------------------------------------
  genblk2.pcpi_div_divisor_reg[0]/CK   -       -      R     (arrival)   2050    -     0     0       0    (-,-) 
  genblk2.pcpi_div_divisor_reg[0]/Q    -       CK->Q  F     DFFHQX1        3  5.6    39    68      68    (-,-) 
  genblk2.pcpi_div_lte_2493_16_g1345/Y -       AN->Y  F     NOR2BX1        2  4.2    39    37     104    (-,-) 
  genblk2.pcpi_div_lte_2493_16_g1328/Y -       A1N->Y F     OAI2BB1X1      1  2.7    45    42     146    (-,-) 
  genblk2.pcpi_div_lte_2493_16_g1327/Y -       B0->Y  F     OA21X1         1  2.8    23    36     182    (-,-) 
  genblk2.pcpi_div_lte_2493_16_g1326/Y -       A1->Y  R     OAI22X1        1  2.9    61    42     223    (-,-) 
  genblk2.pcpi_div_lte_2493_16_g1325/Y -       A1->Y  F     AOI22X1        1  2.8    60    55     278    (-,-) 
  genblk2.pcpi_div_lte_2493_16_g1324/Y -       A1->Y  R     OAI22X1        1  2.9    66    54     332    (-,-) 
  genblk2.pcpi_div_lte_2493_16_g1323/Y -       A1->Y  F     AOI22X1        1  2.8    61    57     389    (-,-) 
  genblk2.pcpi_div_lte_2493_16_g1322/Y -       A1->Y  R     OAI22X1        1  2.9    66    54     443    (-,-) 
  genblk2.pcpi_div_lte_2493_16_g1321/Y -       A1->Y  F     AOI22X1        1  2.8    61    57     500    (-,-) 
  genblk2.pcpi_div_lte_2493_16_g1320/Y -       A1->Y  R     OAI22X1        1  2.9    66    54     554    (-,-) 
  genblk2.pcpi_div_lte_2493_16_g1319/Y -       A1->Y  F     AOI22X1        1  2.8    61    57     611    (-,-) 
  genblk2.pcpi_div_lte_2493_16_g1318/Y -       A1->Y  R     OAI22X1        1  2.9    66    54     665    (-,-) 
  genblk2.pcpi_div_lte_2493_16_g1317/Y -       A1->Y  F     AOI22X1        1  2.8    61    57     722    (-,-) 
  genblk2.pcpi_div_lte_2493_16_g1316/Y -       A1->Y  R     OAI22X1        1  2.9    66    54     776    (-,-) 
  genblk2.pcpi_div_lte_2493_16_g1315/Y -       A1->Y  F     AOI22X1        1  2.8    61    57     833    (-,-) 
  genblk2.pcpi_div_lte_2493_16_g1314/Y -       A1->Y  R     OAI22X1        1  2.9    66    54     887    (-,-) 
  genblk2.pcpi_div_lte_2493_16_g1313/Y -       A1->Y  F     AOI22X1        1  2.8    61    57     944    (-,-) 
  genblk2.pcpi_div_lte_2493_16_g1312/Y -       A1->Y  R     OAI22X1        1  2.9    66    54     998    (-,-) 
  genblk2.pcpi_div_lte_2493_16_g1311/Y -       A1->Y  F     AOI22X1        1  2.8    61    57    1055    (-,-) 
  genblk2.pcpi_div_lte_2493_16_g1310/Y -       A1->Y  R     OAI22X1        1  2.9    66    54    1109    (-,-) 
  genblk2.pcpi_div_lte_2493_16_g1309/Y -       A1->Y  F     AOI22X1        1  2.8    61    57    1166    (-,-) 
  genblk2.pcpi_div_lte_2493_16_g1308/Y -       A1->Y  R     OAI22X1        1  2.9    66    54    1220    (-,-) 
  genblk2.pcpi_div_lte_2493_16_g1307/Y -       A1->Y  F     AOI22X1        1  2.8    61    57    1276    (-,-) 
  genblk2.pcpi_div_lte_2493_16_g1306/Y -       A1->Y  R     OAI22X1        1  2.9    66    54    1330    (-,-) 
  genblk2.pcpi_div_lte_2493_16_g1305/Y -       A1->Y  F     AOI22X1        1  2.8    61    57    1387    (-,-) 
  genblk2.pcpi_div_lte_2493_16_g1304/Y -       A1->Y  R     OAI22X1        1  2.9    66    54    1441    (-,-) 
  genblk2.pcpi_div_lte_2493_16_g1303/Y -       A1->Y  F     AOI22X1        1  2.8    61    57    1498    (-,-) 
  genblk2.pcpi_div_lte_2493_16_g1302/Y -       A1->Y  R     OAI22X1        1  2.9    66    54    1552    (-,-) 
  genblk2.pcpi_div_lte_2493_16_g1301/Y -       A1->Y  F     AOI22X1        1  2.8    61    57    1609    (-,-) 
  genblk2.pcpi_div_lte_2493_16_g1300/Y -       A1->Y  R     OAI22X1        1  2.9    66    54    1663    (-,-) 
  genblk2.pcpi_div_lte_2493_16_g1299/Y -       A1->Y  F     AOI22X1        1  2.8    61    57    1720    (-,-) 
  genblk2.pcpi_div_lte_2493_16_g1298/Y -       A1->Y  R     OAI22X1        1  2.9    66    54    1774    (-,-) 
  genblk2.pcpi_div_lte_2493_16_g1297/Y -       A1->Y  F     AOI22X1        1  2.6    59    55    1830    (-,-) 
  genblk2.pcpi_div_lte_2493_16_g1296/Y -       D->Y   F     OR4X1          1  2.6    27    69    1899    (-,-) 
  genblk2.pcpi_div_lte_2493_16_g1295/Y -       D->Y   F     OR4X1          1  2.6    27    63    1962    (-,-) 
  genblk2.pcpi_div_lte_2493_16_g1294/Y -       D->Y   F     OR4X1          1  2.6    27    63    2024    (-,-) 
  genblk2.pcpi_div_lte_2493_16_g1293/Y -       D->Y   F     OR4X1          1  2.6    27    63    2087    (-,-) 
  genblk2.pcpi_div_lte_2493_16_g1292/Y -       D->Y   F     OR4X1          1  2.6    27    63    2150    (-,-) 
  genblk2.pcpi_div_lte_2493_16_g1291/Y -       D->Y   F     OR4X1          1  2.6    27    63    2213    (-,-) 
  genblk2.pcpi_div_lte_2493_16_g1290/Y -       D->Y   F     OR4X1          1  2.8    28    64    2276    (-,-) 
  genblk2.pcpi_div_lte_2493_16_g1289/Y -       D->Y   R     NOR4X1         1  2.7    90    60    2336    (-,-) 
  genblk2.pcpi_div_lte_2493_16_g1288/Y -       A->Y   R     AND2X1         2  5.1    38    56    2392    (-,-) 
  g131008/Y                            -       A->Y   F     INVX1          1  2.8    26    26    2418    (-,-) 
  g126658/Y                            -       A1->Y  F     AO21X4        32 51.4   106    98    2516    (-,-) 
  g126507/Y                            -       A1->Y  R     AOI22X1        1  2.9    61    66    2582    (-,-) 
  g126380/Y                            -       B->Y   F     NAND2X1        1  2.8    48    46    2627    (-,-) 
  genblk2.pcpi_div_dividend_reg[11]/D  -       -      F     DFFHQX1        1    -     -     0    2627    (-,-) 
#--------------------------------------------------------------------------------------------------------------



Path 23: MET (1333 ps) Setup Check with Pin genblk2.pcpi_div_dividend_reg[10]/CK->D
          Group: C2C
     Startpoint: (R) genblk2.pcpi_div_divisor_reg[0]/CK
          Clock: (R) myclock
       Endpoint: (F) genblk2.pcpi_div_dividend_reg[10]/D
          Clock: (R) myclock

                     Capture       Launch     
        Clock Edge:+    4000            0     
       Src Latency:+       0            0     
       Net Latency:+       0 (I)        0 (I) 
           Arrival:=    4000            0     
                                              
             Setup:-      20                  
       Uncertainty:-      20                  
     Required Time:=    3960                  
      Launch Clock:-       0                  
         Data Path:-    2627                  
             Slack:=    1333                  

#--------------------------------------------------------------------------------------------------------------
#            Timing Point              Flags    Arc   Edge   Cell     Fanout Load Trans Delay Arrival Instance 
#                                                                            (fF)  (ps)  (ps)   (ps)  Location 
#--------------------------------------------------------------------------------------------------------------
  genblk2.pcpi_div_divisor_reg[0]/CK   -       -      R     (arrival)   2050    -     0     0       0    (-,-) 
  genblk2.pcpi_div_divisor_reg[0]/Q    -       CK->Q  F     DFFHQX1        3  5.6    39    68      68    (-,-) 
  genblk2.pcpi_div_lte_2493_16_g1345/Y -       AN->Y  F     NOR2BX1        2  4.2    39    37     104    (-,-) 
  genblk2.pcpi_div_lte_2493_16_g1328/Y -       A1N->Y F     OAI2BB1X1      1  2.7    45    42     146    (-,-) 
  genblk2.pcpi_div_lte_2493_16_g1327/Y -       B0->Y  F     OA21X1         1  2.8    23    36     182    (-,-) 
  genblk2.pcpi_div_lte_2493_16_g1326/Y -       A1->Y  R     OAI22X1        1  2.9    61    42     223    (-,-) 
  genblk2.pcpi_div_lte_2493_16_g1325/Y -       A1->Y  F     AOI22X1        1  2.8    60    55     278    (-,-) 
  genblk2.pcpi_div_lte_2493_16_g1324/Y -       A1->Y  R     OAI22X1        1  2.9    66    54     332    (-,-) 
  genblk2.pcpi_div_lte_2493_16_g1323/Y -       A1->Y  F     AOI22X1        1  2.8    61    57     389    (-,-) 
  genblk2.pcpi_div_lte_2493_16_g1322/Y -       A1->Y  R     OAI22X1        1  2.9    66    54     443    (-,-) 
  genblk2.pcpi_div_lte_2493_16_g1321/Y -       A1->Y  F     AOI22X1        1  2.8    61    57     500    (-,-) 
  genblk2.pcpi_div_lte_2493_16_g1320/Y -       A1->Y  R     OAI22X1        1  2.9    66    54     554    (-,-) 
  genblk2.pcpi_div_lte_2493_16_g1319/Y -       A1->Y  F     AOI22X1        1  2.8    61    57     611    (-,-) 
  genblk2.pcpi_div_lte_2493_16_g1318/Y -       A1->Y  R     OAI22X1        1  2.9    66    54     665    (-,-) 
  genblk2.pcpi_div_lte_2493_16_g1317/Y -       A1->Y  F     AOI22X1        1  2.8    61    57     722    (-,-) 
  genblk2.pcpi_div_lte_2493_16_g1316/Y -       A1->Y  R     OAI22X1        1  2.9    66    54     776    (-,-) 
  genblk2.pcpi_div_lte_2493_16_g1315/Y -       A1->Y  F     AOI22X1        1  2.8    61    57     833    (-,-) 
  genblk2.pcpi_div_lte_2493_16_g1314/Y -       A1->Y  R     OAI22X1        1  2.9    66    54     887    (-,-) 
  genblk2.pcpi_div_lte_2493_16_g1313/Y -       A1->Y  F     AOI22X1        1  2.8    61    57     944    (-,-) 
  genblk2.pcpi_div_lte_2493_16_g1312/Y -       A1->Y  R     OAI22X1        1  2.9    66    54     998    (-,-) 
  genblk2.pcpi_div_lte_2493_16_g1311/Y -       A1->Y  F     AOI22X1        1  2.8    61    57    1055    (-,-) 
  genblk2.pcpi_div_lte_2493_16_g1310/Y -       A1->Y  R     OAI22X1        1  2.9    66    54    1109    (-,-) 
  genblk2.pcpi_div_lte_2493_16_g1309/Y -       A1->Y  F     AOI22X1        1  2.8    61    57    1166    (-,-) 
  genblk2.pcpi_div_lte_2493_16_g1308/Y -       A1->Y  R     OAI22X1        1  2.9    66    54    1220    (-,-) 
  genblk2.pcpi_div_lte_2493_16_g1307/Y -       A1->Y  F     AOI22X1        1  2.8    61    57    1276    (-,-) 
  genblk2.pcpi_div_lte_2493_16_g1306/Y -       A1->Y  R     OAI22X1        1  2.9    66    54    1330    (-,-) 
  genblk2.pcpi_div_lte_2493_16_g1305/Y -       A1->Y  F     AOI22X1        1  2.8    61    57    1387    (-,-) 
  genblk2.pcpi_div_lte_2493_16_g1304/Y -       A1->Y  R     OAI22X1        1  2.9    66    54    1441    (-,-) 
  genblk2.pcpi_div_lte_2493_16_g1303/Y -       A1->Y  F     AOI22X1        1  2.8    61    57    1498    (-,-) 
  genblk2.pcpi_div_lte_2493_16_g1302/Y -       A1->Y  R     OAI22X1        1  2.9    66    54    1552    (-,-) 
  genblk2.pcpi_div_lte_2493_16_g1301/Y -       A1->Y  F     AOI22X1        1  2.8    61    57    1609    (-,-) 
  genblk2.pcpi_div_lte_2493_16_g1300/Y -       A1->Y  R     OAI22X1        1  2.9    66    54    1663    (-,-) 
  genblk2.pcpi_div_lte_2493_16_g1299/Y -       A1->Y  F     AOI22X1        1  2.8    61    57    1720    (-,-) 
  genblk2.pcpi_div_lte_2493_16_g1298/Y -       A1->Y  R     OAI22X1        1  2.9    66    54    1774    (-,-) 
  genblk2.pcpi_div_lte_2493_16_g1297/Y -       A1->Y  F     AOI22X1        1  2.6    59    55    1830    (-,-) 
  genblk2.pcpi_div_lte_2493_16_g1296/Y -       D->Y   F     OR4X1          1  2.6    27    69    1899    (-,-) 
  genblk2.pcpi_div_lte_2493_16_g1295/Y -       D->Y   F     OR4X1          1  2.6    27    63    1962    (-,-) 
  genblk2.pcpi_div_lte_2493_16_g1294/Y -       D->Y   F     OR4X1          1  2.6    27    63    2024    (-,-) 
  genblk2.pcpi_div_lte_2493_16_g1293/Y -       D->Y   F     OR4X1          1  2.6    27    63    2087    (-,-) 
  genblk2.pcpi_div_lte_2493_16_g1292/Y -       D->Y   F     OR4X1          1  2.6    27    63    2150    (-,-) 
  genblk2.pcpi_div_lte_2493_16_g1291/Y -       D->Y   F     OR4X1          1  2.6    27    63    2213    (-,-) 
  genblk2.pcpi_div_lte_2493_16_g1290/Y -       D->Y   F     OR4X1          1  2.8    28    64    2276    (-,-) 
  genblk2.pcpi_div_lte_2493_16_g1289/Y -       D->Y   R     NOR4X1         1  2.7    90    60    2336    (-,-) 
  genblk2.pcpi_div_lte_2493_16_g1288/Y -       A->Y   R     AND2X1         2  5.1    38    56    2392    (-,-) 
  g131008/Y                            -       A->Y   F     INVX1          1  2.8    26    26    2418    (-,-) 
  g126658/Y                            -       A1->Y  F     AO21X4        32 51.4   106    98    2516    (-,-) 
  g126505/Y                            -       A1->Y  R     AOI22X1        1  2.9    61    66    2582    (-,-) 
  g126374/Y                            -       B->Y   F     NAND2X1        1  2.8    48    46    2627    (-,-) 
  genblk2.pcpi_div_dividend_reg[10]/D  -       -      F     DFFHQX1        1    -     -     0    2627    (-,-) 
#--------------------------------------------------------------------------------------------------------------



Path 24: MET (1333 ps) Setup Check with Pin genblk2.pcpi_div_dividend_reg[9]/CK->D
          Group: C2C
     Startpoint: (R) genblk2.pcpi_div_divisor_reg[0]/CK
          Clock: (R) myclock
       Endpoint: (F) genblk2.pcpi_div_dividend_reg[9]/D
          Clock: (R) myclock

                     Capture       Launch     
        Clock Edge:+    4000            0     
       Src Latency:+       0            0     
       Net Latency:+       0 (I)        0 (I) 
           Arrival:=    4000            0     
                                              
             Setup:-      20                  
       Uncertainty:-      20                  
     Required Time:=    3960                  
      Launch Clock:-       0                  
         Data Path:-    2627                  
             Slack:=    1333                  

#--------------------------------------------------------------------------------------------------------------
#            Timing Point              Flags    Arc   Edge   Cell     Fanout Load Trans Delay Arrival Instance 
#                                                                            (fF)  (ps)  (ps)   (ps)  Location 
#--------------------------------------------------------------------------------------------------------------
  genblk2.pcpi_div_divisor_reg[0]/CK   -       -      R     (arrival)   2050    -     0     0       0    (-,-) 
  genblk2.pcpi_div_divisor_reg[0]/Q    -       CK->Q  F     DFFHQX1        3  5.6    39    68      68    (-,-) 
  genblk2.pcpi_div_lte_2493_16_g1345/Y -       AN->Y  F     NOR2BX1        2  4.2    39    37     104    (-,-) 
  genblk2.pcpi_div_lte_2493_16_g1328/Y -       A1N->Y F     OAI2BB1X1      1  2.7    45    42     146    (-,-) 
  genblk2.pcpi_div_lte_2493_16_g1327/Y -       B0->Y  F     OA21X1         1  2.8    23    36     182    (-,-) 
  genblk2.pcpi_div_lte_2493_16_g1326/Y -       A1->Y  R     OAI22X1        1  2.9    61    42     223    (-,-) 
  genblk2.pcpi_div_lte_2493_16_g1325/Y -       A1->Y  F     AOI22X1        1  2.8    60    55     278    (-,-) 
  genblk2.pcpi_div_lte_2493_16_g1324/Y -       A1->Y  R     OAI22X1        1  2.9    66    54     332    (-,-) 
  genblk2.pcpi_div_lte_2493_16_g1323/Y -       A1->Y  F     AOI22X1        1  2.8    61    57     389    (-,-) 
  genblk2.pcpi_div_lte_2493_16_g1322/Y -       A1->Y  R     OAI22X1        1  2.9    66    54     443    (-,-) 
  genblk2.pcpi_div_lte_2493_16_g1321/Y -       A1->Y  F     AOI22X1        1  2.8    61    57     500    (-,-) 
  genblk2.pcpi_div_lte_2493_16_g1320/Y -       A1->Y  R     OAI22X1        1  2.9    66    54     554    (-,-) 
  genblk2.pcpi_div_lte_2493_16_g1319/Y -       A1->Y  F     AOI22X1        1  2.8    61    57     611    (-,-) 
  genblk2.pcpi_div_lte_2493_16_g1318/Y -       A1->Y  R     OAI22X1        1  2.9    66    54     665    (-,-) 
  genblk2.pcpi_div_lte_2493_16_g1317/Y -       A1->Y  F     AOI22X1        1  2.8    61    57     722    (-,-) 
  genblk2.pcpi_div_lte_2493_16_g1316/Y -       A1->Y  R     OAI22X1        1  2.9    66    54     776    (-,-) 
  genblk2.pcpi_div_lte_2493_16_g1315/Y -       A1->Y  F     AOI22X1        1  2.8    61    57     833    (-,-) 
  genblk2.pcpi_div_lte_2493_16_g1314/Y -       A1->Y  R     OAI22X1        1  2.9    66    54     887    (-,-) 
  genblk2.pcpi_div_lte_2493_16_g1313/Y -       A1->Y  F     AOI22X1        1  2.8    61    57     944    (-,-) 
  genblk2.pcpi_div_lte_2493_16_g1312/Y -       A1->Y  R     OAI22X1        1  2.9    66    54     998    (-,-) 
  genblk2.pcpi_div_lte_2493_16_g1311/Y -       A1->Y  F     AOI22X1        1  2.8    61    57    1055    (-,-) 
  genblk2.pcpi_div_lte_2493_16_g1310/Y -       A1->Y  R     OAI22X1        1  2.9    66    54    1109    (-,-) 
  genblk2.pcpi_div_lte_2493_16_g1309/Y -       A1->Y  F     AOI22X1        1  2.8    61    57    1166    (-,-) 
  genblk2.pcpi_div_lte_2493_16_g1308/Y -       A1->Y  R     OAI22X1        1  2.9    66    54    1220    (-,-) 
  genblk2.pcpi_div_lte_2493_16_g1307/Y -       A1->Y  F     AOI22X1        1  2.8    61    57    1276    (-,-) 
  genblk2.pcpi_div_lte_2493_16_g1306/Y -       A1->Y  R     OAI22X1        1  2.9    66    54    1330    (-,-) 
  genblk2.pcpi_div_lte_2493_16_g1305/Y -       A1->Y  F     AOI22X1        1  2.8    61    57    1387    (-,-) 
  genblk2.pcpi_div_lte_2493_16_g1304/Y -       A1->Y  R     OAI22X1        1  2.9    66    54    1441    (-,-) 
  genblk2.pcpi_div_lte_2493_16_g1303/Y -       A1->Y  F     AOI22X1        1  2.8    61    57    1498    (-,-) 
  genblk2.pcpi_div_lte_2493_16_g1302/Y -       A1->Y  R     OAI22X1        1  2.9    66    54    1552    (-,-) 
  genblk2.pcpi_div_lte_2493_16_g1301/Y -       A1->Y  F     AOI22X1        1  2.8    61    57    1609    (-,-) 
  genblk2.pcpi_div_lte_2493_16_g1300/Y -       A1->Y  R     OAI22X1        1  2.9    66    54    1663    (-,-) 
  genblk2.pcpi_div_lte_2493_16_g1299/Y -       A1->Y  F     AOI22X1        1  2.8    61    57    1720    (-,-) 
  genblk2.pcpi_div_lte_2493_16_g1298/Y -       A1->Y  R     OAI22X1        1  2.9    66    54    1774    (-,-) 
  genblk2.pcpi_div_lte_2493_16_g1297/Y -       A1->Y  F     AOI22X1        1  2.6    59    55    1830    (-,-) 
  genblk2.pcpi_div_lte_2493_16_g1296/Y -       D->Y   F     OR4X1          1  2.6    27    69    1899    (-,-) 
  genblk2.pcpi_div_lte_2493_16_g1295/Y -       D->Y   F     OR4X1          1  2.6    27    63    1962    (-,-) 
  genblk2.pcpi_div_lte_2493_16_g1294/Y -       D->Y   F     OR4X1          1  2.6    27    63    2024    (-,-) 
  genblk2.pcpi_div_lte_2493_16_g1293/Y -       D->Y   F     OR4X1          1  2.6    27    63    2087    (-,-) 
  genblk2.pcpi_div_lte_2493_16_g1292/Y -       D->Y   F     OR4X1          1  2.6    27    63    2150    (-,-) 
  genblk2.pcpi_div_lte_2493_16_g1291/Y -       D->Y   F     OR4X1          1  2.6    27    63    2213    (-,-) 
  genblk2.pcpi_div_lte_2493_16_g1290/Y -       D->Y   F     OR4X1          1  2.8    28    64    2276    (-,-) 
  genblk2.pcpi_div_lte_2493_16_g1289/Y -       D->Y   R     NOR4X1         1  2.7    90    60    2336    (-,-) 
  genblk2.pcpi_div_lte_2493_16_g1288/Y -       A->Y   R     AND2X1         2  5.1    38    56    2392    (-,-) 
  g131008/Y                            -       A->Y   F     INVX1          1  2.8    26    26    2418    (-,-) 
  g126658/Y                            -       A1->Y  F     AO21X4        32 51.4   106    98    2516    (-,-) 
  g126503/Y                            -       A1->Y  R     AOI22X1        1  2.9    61    66    2582    (-,-) 
  g126373/Y                            -       B->Y   F     NAND2X1        1  2.8    48    46    2627    (-,-) 
  genblk2.pcpi_div_dividend_reg[9]/D   -       -      F     DFFHQX1        1    -     -     0    2627    (-,-) 
#--------------------------------------------------------------------------------------------------------------



Path 25: MET (1333 ps) Setup Check with Pin genblk2.pcpi_div_dividend_reg[7]/CK->D
          Group: C2C
     Startpoint: (R) genblk2.pcpi_div_divisor_reg[0]/CK
          Clock: (R) myclock
       Endpoint: (F) genblk2.pcpi_div_dividend_reg[7]/D
          Clock: (R) myclock

                     Capture       Launch     
        Clock Edge:+    4000            0     
       Src Latency:+       0            0     
       Net Latency:+       0 (I)        0 (I) 
           Arrival:=    4000            0     
                                              
             Setup:-      20                  
       Uncertainty:-      20                  
     Required Time:=    3960                  
      Launch Clock:-       0                  
         Data Path:-    2627                  
             Slack:=    1333                  

#--------------------------------------------------------------------------------------------------------------
#            Timing Point              Flags    Arc   Edge   Cell     Fanout Load Trans Delay Arrival Instance 
#                                                                            (fF)  (ps)  (ps)   (ps)  Location 
#--------------------------------------------------------------------------------------------------------------
  genblk2.pcpi_div_divisor_reg[0]/CK   -       -      R     (arrival)   2050    -     0     0       0    (-,-) 
  genblk2.pcpi_div_divisor_reg[0]/Q    -       CK->Q  F     DFFHQX1        3  5.6    39    68      68    (-,-) 
  genblk2.pcpi_div_lte_2493_16_g1345/Y -       AN->Y  F     NOR2BX1        2  4.2    39    37     104    (-,-) 
  genblk2.pcpi_div_lte_2493_16_g1328/Y -       A1N->Y F     OAI2BB1X1      1  2.7    45    42     146    (-,-) 
  genblk2.pcpi_div_lte_2493_16_g1327/Y -       B0->Y  F     OA21X1         1  2.8    23    36     182    (-,-) 
  genblk2.pcpi_div_lte_2493_16_g1326/Y -       A1->Y  R     OAI22X1        1  2.9    61    42     223    (-,-) 
  genblk2.pcpi_div_lte_2493_16_g1325/Y -       A1->Y  F     AOI22X1        1  2.8    60    55     278    (-,-) 
  genblk2.pcpi_div_lte_2493_16_g1324/Y -       A1->Y  R     OAI22X1        1  2.9    66    54     332    (-,-) 
  genblk2.pcpi_div_lte_2493_16_g1323/Y -       A1->Y  F     AOI22X1        1  2.8    61    57     389    (-,-) 
  genblk2.pcpi_div_lte_2493_16_g1322/Y -       A1->Y  R     OAI22X1        1  2.9    66    54     443    (-,-) 
  genblk2.pcpi_div_lte_2493_16_g1321/Y -       A1->Y  F     AOI22X1        1  2.8    61    57     500    (-,-) 
  genblk2.pcpi_div_lte_2493_16_g1320/Y -       A1->Y  R     OAI22X1        1  2.9    66    54     554    (-,-) 
  genblk2.pcpi_div_lte_2493_16_g1319/Y -       A1->Y  F     AOI22X1        1  2.8    61    57     611    (-,-) 
  genblk2.pcpi_div_lte_2493_16_g1318/Y -       A1->Y  R     OAI22X1        1  2.9    66    54     665    (-,-) 
  genblk2.pcpi_div_lte_2493_16_g1317/Y -       A1->Y  F     AOI22X1        1  2.8    61    57     722    (-,-) 
  genblk2.pcpi_div_lte_2493_16_g1316/Y -       A1->Y  R     OAI22X1        1  2.9    66    54     776    (-,-) 
  genblk2.pcpi_div_lte_2493_16_g1315/Y -       A1->Y  F     AOI22X1        1  2.8    61    57     833    (-,-) 
  genblk2.pcpi_div_lte_2493_16_g1314/Y -       A1->Y  R     OAI22X1        1  2.9    66    54     887    (-,-) 
  genblk2.pcpi_div_lte_2493_16_g1313/Y -       A1->Y  F     AOI22X1        1  2.8    61    57     944    (-,-) 
  genblk2.pcpi_div_lte_2493_16_g1312/Y -       A1->Y  R     OAI22X1        1  2.9    66    54     998    (-,-) 
  genblk2.pcpi_div_lte_2493_16_g1311/Y -       A1->Y  F     AOI22X1        1  2.8    61    57    1055    (-,-) 
  genblk2.pcpi_div_lte_2493_16_g1310/Y -       A1->Y  R     OAI22X1        1  2.9    66    54    1109    (-,-) 
  genblk2.pcpi_div_lte_2493_16_g1309/Y -       A1->Y  F     AOI22X1        1  2.8    61    57    1166    (-,-) 
  genblk2.pcpi_div_lte_2493_16_g1308/Y -       A1->Y  R     OAI22X1        1  2.9    66    54    1220    (-,-) 
  genblk2.pcpi_div_lte_2493_16_g1307/Y -       A1->Y  F     AOI22X1        1  2.8    61    57    1276    (-,-) 
  genblk2.pcpi_div_lte_2493_16_g1306/Y -       A1->Y  R     OAI22X1        1  2.9    66    54    1330    (-,-) 
  genblk2.pcpi_div_lte_2493_16_g1305/Y -       A1->Y  F     AOI22X1        1  2.8    61    57    1387    (-,-) 
  genblk2.pcpi_div_lte_2493_16_g1304/Y -       A1->Y  R     OAI22X1        1  2.9    66    54    1441    (-,-) 
  genblk2.pcpi_div_lte_2493_16_g1303/Y -       A1->Y  F     AOI22X1        1  2.8    61    57    1498    (-,-) 
  genblk2.pcpi_div_lte_2493_16_g1302/Y -       A1->Y  R     OAI22X1        1  2.9    66    54    1552    (-,-) 
  genblk2.pcpi_div_lte_2493_16_g1301/Y -       A1->Y  F     AOI22X1        1  2.8    61    57    1609    (-,-) 
  genblk2.pcpi_div_lte_2493_16_g1300/Y -       A1->Y  R     OAI22X1        1  2.9    66    54    1663    (-,-) 
  genblk2.pcpi_div_lte_2493_16_g1299/Y -       A1->Y  F     AOI22X1        1  2.8    61    57    1720    (-,-) 
  genblk2.pcpi_div_lte_2493_16_g1298/Y -       A1->Y  R     OAI22X1        1  2.9    66    54    1774    (-,-) 
  genblk2.pcpi_div_lte_2493_16_g1297/Y -       A1->Y  F     AOI22X1        1  2.6    59    55    1830    (-,-) 
  genblk2.pcpi_div_lte_2493_16_g1296/Y -       D->Y   F     OR4X1          1  2.6    27    69    1899    (-,-) 
  genblk2.pcpi_div_lte_2493_16_g1295/Y -       D->Y   F     OR4X1          1  2.6    27    63    1962    (-,-) 
  genblk2.pcpi_div_lte_2493_16_g1294/Y -       D->Y   F     OR4X1          1  2.6    27    63    2024    (-,-) 
  genblk2.pcpi_div_lte_2493_16_g1293/Y -       D->Y   F     OR4X1          1  2.6    27    63    2087    (-,-) 
  genblk2.pcpi_div_lte_2493_16_g1292/Y -       D->Y   F     OR4X1          1  2.6    27    63    2150    (-,-) 
  genblk2.pcpi_div_lte_2493_16_g1291/Y -       D->Y   F     OR4X1          1  2.6    27    63    2213    (-,-) 
  genblk2.pcpi_div_lte_2493_16_g1290/Y -       D->Y   F     OR4X1          1  2.8    28    64    2276    (-,-) 
  genblk2.pcpi_div_lte_2493_16_g1289/Y -       D->Y   R     NOR4X1         1  2.7    90    60    2336    (-,-) 
  genblk2.pcpi_div_lte_2493_16_g1288/Y -       A->Y   R     AND2X1         2  5.1    38    56    2392    (-,-) 
  g131008/Y                            -       A->Y   F     INVX1          1  2.8    26    26    2418    (-,-) 
  g126658/Y                            -       A1->Y  F     AO21X4        32 51.4   106    98    2516    (-,-) 
  g126501/Y                            -       A1->Y  R     AOI22X1        1  2.9    61    66    2582    (-,-) 
  g126372/Y                            -       B->Y   F     NAND2X1        1  2.8    48    46    2627    (-,-) 
  genblk2.pcpi_div_dividend_reg[7]/D   -       -      F     DFFHQX1        1    -     -     0    2627    (-,-) 
#--------------------------------------------------------------------------------------------------------------



Path 26: MET (1333 ps) Setup Check with Pin genblk2.pcpi_div_dividend_reg[6]/CK->D
          Group: C2C
     Startpoint: (R) genblk2.pcpi_div_divisor_reg[0]/CK
          Clock: (R) myclock
       Endpoint: (F) genblk2.pcpi_div_dividend_reg[6]/D
          Clock: (R) myclock

                     Capture       Launch     
        Clock Edge:+    4000            0     
       Src Latency:+       0            0     
       Net Latency:+       0 (I)        0 (I) 
           Arrival:=    4000            0     
                                              
             Setup:-      20                  
       Uncertainty:-      20                  
     Required Time:=    3960                  
      Launch Clock:-       0                  
         Data Path:-    2627                  
             Slack:=    1333                  

#--------------------------------------------------------------------------------------------------------------
#            Timing Point              Flags    Arc   Edge   Cell     Fanout Load Trans Delay Arrival Instance 
#                                                                            (fF)  (ps)  (ps)   (ps)  Location 
#--------------------------------------------------------------------------------------------------------------
  genblk2.pcpi_div_divisor_reg[0]/CK   -       -      R     (arrival)   2050    -     0     0       0    (-,-) 
  genblk2.pcpi_div_divisor_reg[0]/Q    -       CK->Q  F     DFFHQX1        3  5.6    39    68      68    (-,-) 
  genblk2.pcpi_div_lte_2493_16_g1345/Y -       AN->Y  F     NOR2BX1        2  4.2    39    37     104    (-,-) 
  genblk2.pcpi_div_lte_2493_16_g1328/Y -       A1N->Y F     OAI2BB1X1      1  2.7    45    42     146    (-,-) 
  genblk2.pcpi_div_lte_2493_16_g1327/Y -       B0->Y  F     OA21X1         1  2.8    23    36     182    (-,-) 
  genblk2.pcpi_div_lte_2493_16_g1326/Y -       A1->Y  R     OAI22X1        1  2.9    61    42     223    (-,-) 
  genblk2.pcpi_div_lte_2493_16_g1325/Y -       A1->Y  F     AOI22X1        1  2.8    60    55     278    (-,-) 
  genblk2.pcpi_div_lte_2493_16_g1324/Y -       A1->Y  R     OAI22X1        1  2.9    66    54     332    (-,-) 
  genblk2.pcpi_div_lte_2493_16_g1323/Y -       A1->Y  F     AOI22X1        1  2.8    61    57     389    (-,-) 
  genblk2.pcpi_div_lte_2493_16_g1322/Y -       A1->Y  R     OAI22X1        1  2.9    66    54     443    (-,-) 
  genblk2.pcpi_div_lte_2493_16_g1321/Y -       A1->Y  F     AOI22X1        1  2.8    61    57     500    (-,-) 
  genblk2.pcpi_div_lte_2493_16_g1320/Y -       A1->Y  R     OAI22X1        1  2.9    66    54     554    (-,-) 
  genblk2.pcpi_div_lte_2493_16_g1319/Y -       A1->Y  F     AOI22X1        1  2.8    61    57     611    (-,-) 
  genblk2.pcpi_div_lte_2493_16_g1318/Y -       A1->Y  R     OAI22X1        1  2.9    66    54     665    (-,-) 
  genblk2.pcpi_div_lte_2493_16_g1317/Y -       A1->Y  F     AOI22X1        1  2.8    61    57     722    (-,-) 
  genblk2.pcpi_div_lte_2493_16_g1316/Y -       A1->Y  R     OAI22X1        1  2.9    66    54     776    (-,-) 
  genblk2.pcpi_div_lte_2493_16_g1315/Y -       A1->Y  F     AOI22X1        1  2.8    61    57     833    (-,-) 
  genblk2.pcpi_div_lte_2493_16_g1314/Y -       A1->Y  R     OAI22X1        1  2.9    66    54     887    (-,-) 
  genblk2.pcpi_div_lte_2493_16_g1313/Y -       A1->Y  F     AOI22X1        1  2.8    61    57     944    (-,-) 
  genblk2.pcpi_div_lte_2493_16_g1312/Y -       A1->Y  R     OAI22X1        1  2.9    66    54     998    (-,-) 
  genblk2.pcpi_div_lte_2493_16_g1311/Y -       A1->Y  F     AOI22X1        1  2.8    61    57    1055    (-,-) 
  genblk2.pcpi_div_lte_2493_16_g1310/Y -       A1->Y  R     OAI22X1        1  2.9    66    54    1109    (-,-) 
  genblk2.pcpi_div_lte_2493_16_g1309/Y -       A1->Y  F     AOI22X1        1  2.8    61    57    1166    (-,-) 
  genblk2.pcpi_div_lte_2493_16_g1308/Y -       A1->Y  R     OAI22X1        1  2.9    66    54    1220    (-,-) 
  genblk2.pcpi_div_lte_2493_16_g1307/Y -       A1->Y  F     AOI22X1        1  2.8    61    57    1276    (-,-) 
  genblk2.pcpi_div_lte_2493_16_g1306/Y -       A1->Y  R     OAI22X1        1  2.9    66    54    1330    (-,-) 
  genblk2.pcpi_div_lte_2493_16_g1305/Y -       A1->Y  F     AOI22X1        1  2.8    61    57    1387    (-,-) 
  genblk2.pcpi_div_lte_2493_16_g1304/Y -       A1->Y  R     OAI22X1        1  2.9    66    54    1441    (-,-) 
  genblk2.pcpi_div_lte_2493_16_g1303/Y -       A1->Y  F     AOI22X1        1  2.8    61    57    1498    (-,-) 
  genblk2.pcpi_div_lte_2493_16_g1302/Y -       A1->Y  R     OAI22X1        1  2.9    66    54    1552    (-,-) 
  genblk2.pcpi_div_lte_2493_16_g1301/Y -       A1->Y  F     AOI22X1        1  2.8    61    57    1609    (-,-) 
  genblk2.pcpi_div_lte_2493_16_g1300/Y -       A1->Y  R     OAI22X1        1  2.9    66    54    1663    (-,-) 
  genblk2.pcpi_div_lte_2493_16_g1299/Y -       A1->Y  F     AOI22X1        1  2.8    61    57    1720    (-,-) 
  genblk2.pcpi_div_lte_2493_16_g1298/Y -       A1->Y  R     OAI22X1        1  2.9    66    54    1774    (-,-) 
  genblk2.pcpi_div_lte_2493_16_g1297/Y -       A1->Y  F     AOI22X1        1  2.6    59    55    1830    (-,-) 
  genblk2.pcpi_div_lte_2493_16_g1296/Y -       D->Y   F     OR4X1          1  2.6    27    69    1899    (-,-) 
  genblk2.pcpi_div_lte_2493_16_g1295/Y -       D->Y   F     OR4X1          1  2.6    27    63    1962    (-,-) 
  genblk2.pcpi_div_lte_2493_16_g1294/Y -       D->Y   F     OR4X1          1  2.6    27    63    2024    (-,-) 
  genblk2.pcpi_div_lte_2493_16_g1293/Y -       D->Y   F     OR4X1          1  2.6    27    63    2087    (-,-) 
  genblk2.pcpi_div_lte_2493_16_g1292/Y -       D->Y   F     OR4X1          1  2.6    27    63    2150    (-,-) 
  genblk2.pcpi_div_lte_2493_16_g1291/Y -       D->Y   F     OR4X1          1  2.6    27    63    2213    (-,-) 
  genblk2.pcpi_div_lte_2493_16_g1290/Y -       D->Y   F     OR4X1          1  2.8    28    64    2276    (-,-) 
  genblk2.pcpi_div_lte_2493_16_g1289/Y -       D->Y   R     NOR4X1         1  2.7    90    60    2336    (-,-) 
  genblk2.pcpi_div_lte_2493_16_g1288/Y -       A->Y   R     AND2X1         2  5.1    38    56    2392    (-,-) 
  g131008/Y                            -       A->Y   F     INVX1          1  2.8    26    26    2418    (-,-) 
  g126658/Y                            -       A1->Y  F     AO21X4        32 51.4   106    98    2516    (-,-) 
  g126500/Y                            -       A1->Y  R     AOI22X1        1  2.9    61    66    2582    (-,-) 
  g126371/Y                            -       B->Y   F     NAND2X1        1  2.8    48    46    2627    (-,-) 
  genblk2.pcpi_div_dividend_reg[6]/D   -       -      F     DFFHQX1        1    -     -     0    2627    (-,-) 
#--------------------------------------------------------------------------------------------------------------



Path 27: MET (1333 ps) Setup Check with Pin genblk2.pcpi_div_dividend_reg[5]/CK->D
          Group: C2C
     Startpoint: (R) genblk2.pcpi_div_divisor_reg[0]/CK
          Clock: (R) myclock
       Endpoint: (F) genblk2.pcpi_div_dividend_reg[5]/D
          Clock: (R) myclock

                     Capture       Launch     
        Clock Edge:+    4000            0     
       Src Latency:+       0            0     
       Net Latency:+       0 (I)        0 (I) 
           Arrival:=    4000            0     
                                              
             Setup:-      20                  
       Uncertainty:-      20                  
     Required Time:=    3960                  
      Launch Clock:-       0                  
         Data Path:-    2627                  
             Slack:=    1333                  

#--------------------------------------------------------------------------------------------------------------
#            Timing Point              Flags    Arc   Edge   Cell     Fanout Load Trans Delay Arrival Instance 
#                                                                            (fF)  (ps)  (ps)   (ps)  Location 
#--------------------------------------------------------------------------------------------------------------
  genblk2.pcpi_div_divisor_reg[0]/CK   -       -      R     (arrival)   2050    -     0     0       0    (-,-) 
  genblk2.pcpi_div_divisor_reg[0]/Q    -       CK->Q  F     DFFHQX1        3  5.6    39    68      68    (-,-) 
  genblk2.pcpi_div_lte_2493_16_g1345/Y -       AN->Y  F     NOR2BX1        2  4.2    39    37     104    (-,-) 
  genblk2.pcpi_div_lte_2493_16_g1328/Y -       A1N->Y F     OAI2BB1X1      1  2.7    45    42     146    (-,-) 
  genblk2.pcpi_div_lte_2493_16_g1327/Y -       B0->Y  F     OA21X1         1  2.8    23    36     182    (-,-) 
  genblk2.pcpi_div_lte_2493_16_g1326/Y -       A1->Y  R     OAI22X1        1  2.9    61    42     223    (-,-) 
  genblk2.pcpi_div_lte_2493_16_g1325/Y -       A1->Y  F     AOI22X1        1  2.8    60    55     278    (-,-) 
  genblk2.pcpi_div_lte_2493_16_g1324/Y -       A1->Y  R     OAI22X1        1  2.9    66    54     332    (-,-) 
  genblk2.pcpi_div_lte_2493_16_g1323/Y -       A1->Y  F     AOI22X1        1  2.8    61    57     389    (-,-) 
  genblk2.pcpi_div_lte_2493_16_g1322/Y -       A1->Y  R     OAI22X1        1  2.9    66    54     443    (-,-) 
  genblk2.pcpi_div_lte_2493_16_g1321/Y -       A1->Y  F     AOI22X1        1  2.8    61    57     500    (-,-) 
  genblk2.pcpi_div_lte_2493_16_g1320/Y -       A1->Y  R     OAI22X1        1  2.9    66    54     554    (-,-) 
  genblk2.pcpi_div_lte_2493_16_g1319/Y -       A1->Y  F     AOI22X1        1  2.8    61    57     611    (-,-) 
  genblk2.pcpi_div_lte_2493_16_g1318/Y -       A1->Y  R     OAI22X1        1  2.9    66    54     665    (-,-) 
  genblk2.pcpi_div_lte_2493_16_g1317/Y -       A1->Y  F     AOI22X1        1  2.8    61    57     722    (-,-) 
  genblk2.pcpi_div_lte_2493_16_g1316/Y -       A1->Y  R     OAI22X1        1  2.9    66    54     776    (-,-) 
  genblk2.pcpi_div_lte_2493_16_g1315/Y -       A1->Y  F     AOI22X1        1  2.8    61    57     833    (-,-) 
  genblk2.pcpi_div_lte_2493_16_g1314/Y -       A1->Y  R     OAI22X1        1  2.9    66    54     887    (-,-) 
  genblk2.pcpi_div_lte_2493_16_g1313/Y -       A1->Y  F     AOI22X1        1  2.8    61    57     944    (-,-) 
  genblk2.pcpi_div_lte_2493_16_g1312/Y -       A1->Y  R     OAI22X1        1  2.9    66    54     998    (-,-) 
  genblk2.pcpi_div_lte_2493_16_g1311/Y -       A1->Y  F     AOI22X1        1  2.8    61    57    1055    (-,-) 
  genblk2.pcpi_div_lte_2493_16_g1310/Y -       A1->Y  R     OAI22X1        1  2.9    66    54    1109    (-,-) 
  genblk2.pcpi_div_lte_2493_16_g1309/Y -       A1->Y  F     AOI22X1        1  2.8    61    57    1166    (-,-) 
  genblk2.pcpi_div_lte_2493_16_g1308/Y -       A1->Y  R     OAI22X1        1  2.9    66    54    1220    (-,-) 
  genblk2.pcpi_div_lte_2493_16_g1307/Y -       A1->Y  F     AOI22X1        1  2.8    61    57    1276    (-,-) 
  genblk2.pcpi_div_lte_2493_16_g1306/Y -       A1->Y  R     OAI22X1        1  2.9    66    54    1330    (-,-) 
  genblk2.pcpi_div_lte_2493_16_g1305/Y -       A1->Y  F     AOI22X1        1  2.8    61    57    1387    (-,-) 
  genblk2.pcpi_div_lte_2493_16_g1304/Y -       A1->Y  R     OAI22X1        1  2.9    66    54    1441    (-,-) 
  genblk2.pcpi_div_lte_2493_16_g1303/Y -       A1->Y  F     AOI22X1        1  2.8    61    57    1498    (-,-) 
  genblk2.pcpi_div_lte_2493_16_g1302/Y -       A1->Y  R     OAI22X1        1  2.9    66    54    1552    (-,-) 
  genblk2.pcpi_div_lte_2493_16_g1301/Y -       A1->Y  F     AOI22X1        1  2.8    61    57    1609    (-,-) 
  genblk2.pcpi_div_lte_2493_16_g1300/Y -       A1->Y  R     OAI22X1        1  2.9    66    54    1663    (-,-) 
  genblk2.pcpi_div_lte_2493_16_g1299/Y -       A1->Y  F     AOI22X1        1  2.8    61    57    1720    (-,-) 
  genblk2.pcpi_div_lte_2493_16_g1298/Y -       A1->Y  R     OAI22X1        1  2.9    66    54    1774    (-,-) 
  genblk2.pcpi_div_lte_2493_16_g1297/Y -       A1->Y  F     AOI22X1        1  2.6    59    55    1830    (-,-) 
  genblk2.pcpi_div_lte_2493_16_g1296/Y -       D->Y   F     OR4X1          1  2.6    27    69    1899    (-,-) 
  genblk2.pcpi_div_lte_2493_16_g1295/Y -       D->Y   F     OR4X1          1  2.6    27    63    1962    (-,-) 
  genblk2.pcpi_div_lte_2493_16_g1294/Y -       D->Y   F     OR4X1          1  2.6    27    63    2024    (-,-) 
  genblk2.pcpi_div_lte_2493_16_g1293/Y -       D->Y   F     OR4X1          1  2.6    27    63    2087    (-,-) 
  genblk2.pcpi_div_lte_2493_16_g1292/Y -       D->Y   F     OR4X1          1  2.6    27    63    2150    (-,-) 
  genblk2.pcpi_div_lte_2493_16_g1291/Y -       D->Y   F     OR4X1          1  2.6    27    63    2213    (-,-) 
  genblk2.pcpi_div_lte_2493_16_g1290/Y -       D->Y   F     OR4X1          1  2.8    28    64    2276    (-,-) 
  genblk2.pcpi_div_lte_2493_16_g1289/Y -       D->Y   R     NOR4X1         1  2.7    90    60    2336    (-,-) 
  genblk2.pcpi_div_lte_2493_16_g1288/Y -       A->Y   R     AND2X1         2  5.1    38    56    2392    (-,-) 
  g131008/Y                            -       A->Y   F     INVX1          1  2.8    26    26    2418    (-,-) 
  g126658/Y                            -       A1->Y  F     AO21X4        32 51.4   106    98    2516    (-,-) 
  g126499/Y                            -       A1->Y  R     AOI22X1        1  2.9    61    66    2582    (-,-) 
  g126370/Y                            -       B->Y   F     NAND2X1        1  2.8    48    46    2627    (-,-) 
  genblk2.pcpi_div_dividend_reg[5]/D   -       -      F     DFFHQX1        1    -     -     0    2627    (-,-) 
#--------------------------------------------------------------------------------------------------------------



Path 28: MET (1333 ps) Setup Check with Pin genblk2.pcpi_div_dividend_reg[4]/CK->D
          Group: C2C
     Startpoint: (R) genblk2.pcpi_div_divisor_reg[0]/CK
          Clock: (R) myclock
       Endpoint: (F) genblk2.pcpi_div_dividend_reg[4]/D
          Clock: (R) myclock

                     Capture       Launch     
        Clock Edge:+    4000            0     
       Src Latency:+       0            0     
       Net Latency:+       0 (I)        0 (I) 
           Arrival:=    4000            0     
                                              
             Setup:-      20                  
       Uncertainty:-      20                  
     Required Time:=    3960                  
      Launch Clock:-       0                  
         Data Path:-    2627                  
             Slack:=    1333                  

#--------------------------------------------------------------------------------------------------------------
#            Timing Point              Flags    Arc   Edge   Cell     Fanout Load Trans Delay Arrival Instance 
#                                                                            (fF)  (ps)  (ps)   (ps)  Location 
#--------------------------------------------------------------------------------------------------------------
  genblk2.pcpi_div_divisor_reg[0]/CK   -       -      R     (arrival)   2050    -     0     0       0    (-,-) 
  genblk2.pcpi_div_divisor_reg[0]/Q    -       CK->Q  F     DFFHQX1        3  5.6    39    68      68    (-,-) 
  genblk2.pcpi_div_lte_2493_16_g1345/Y -       AN->Y  F     NOR2BX1        2  4.2    39    37     104    (-,-) 
  genblk2.pcpi_div_lte_2493_16_g1328/Y -       A1N->Y F     OAI2BB1X1      1  2.7    45    42     146    (-,-) 
  genblk2.pcpi_div_lte_2493_16_g1327/Y -       B0->Y  F     OA21X1         1  2.8    23    36     182    (-,-) 
  genblk2.pcpi_div_lte_2493_16_g1326/Y -       A1->Y  R     OAI22X1        1  2.9    61    42     223    (-,-) 
  genblk2.pcpi_div_lte_2493_16_g1325/Y -       A1->Y  F     AOI22X1        1  2.8    60    55     278    (-,-) 
  genblk2.pcpi_div_lte_2493_16_g1324/Y -       A1->Y  R     OAI22X1        1  2.9    66    54     332    (-,-) 
  genblk2.pcpi_div_lte_2493_16_g1323/Y -       A1->Y  F     AOI22X1        1  2.8    61    57     389    (-,-) 
  genblk2.pcpi_div_lte_2493_16_g1322/Y -       A1->Y  R     OAI22X1        1  2.9    66    54     443    (-,-) 
  genblk2.pcpi_div_lte_2493_16_g1321/Y -       A1->Y  F     AOI22X1        1  2.8    61    57     500    (-,-) 
  genblk2.pcpi_div_lte_2493_16_g1320/Y -       A1->Y  R     OAI22X1        1  2.9    66    54     554    (-,-) 
  genblk2.pcpi_div_lte_2493_16_g1319/Y -       A1->Y  F     AOI22X1        1  2.8    61    57     611    (-,-) 
  genblk2.pcpi_div_lte_2493_16_g1318/Y -       A1->Y  R     OAI22X1        1  2.9    66    54     665    (-,-) 
  genblk2.pcpi_div_lte_2493_16_g1317/Y -       A1->Y  F     AOI22X1        1  2.8    61    57     722    (-,-) 
  genblk2.pcpi_div_lte_2493_16_g1316/Y -       A1->Y  R     OAI22X1        1  2.9    66    54     776    (-,-) 
  genblk2.pcpi_div_lte_2493_16_g1315/Y -       A1->Y  F     AOI22X1        1  2.8    61    57     833    (-,-) 
  genblk2.pcpi_div_lte_2493_16_g1314/Y -       A1->Y  R     OAI22X1        1  2.9    66    54     887    (-,-) 
  genblk2.pcpi_div_lte_2493_16_g1313/Y -       A1->Y  F     AOI22X1        1  2.8    61    57     944    (-,-) 
  genblk2.pcpi_div_lte_2493_16_g1312/Y -       A1->Y  R     OAI22X1        1  2.9    66    54     998    (-,-) 
  genblk2.pcpi_div_lte_2493_16_g1311/Y -       A1->Y  F     AOI22X1        1  2.8    61    57    1055    (-,-) 
  genblk2.pcpi_div_lte_2493_16_g1310/Y -       A1->Y  R     OAI22X1        1  2.9    66    54    1109    (-,-) 
  genblk2.pcpi_div_lte_2493_16_g1309/Y -       A1->Y  F     AOI22X1        1  2.8    61    57    1166    (-,-) 
  genblk2.pcpi_div_lte_2493_16_g1308/Y -       A1->Y  R     OAI22X1        1  2.9    66    54    1220    (-,-) 
  genblk2.pcpi_div_lte_2493_16_g1307/Y -       A1->Y  F     AOI22X1        1  2.8    61    57    1276    (-,-) 
  genblk2.pcpi_div_lte_2493_16_g1306/Y -       A1->Y  R     OAI22X1        1  2.9    66    54    1330    (-,-) 
  genblk2.pcpi_div_lte_2493_16_g1305/Y -       A1->Y  F     AOI22X1        1  2.8    61    57    1387    (-,-) 
  genblk2.pcpi_div_lte_2493_16_g1304/Y -       A1->Y  R     OAI22X1        1  2.9    66    54    1441    (-,-) 
  genblk2.pcpi_div_lte_2493_16_g1303/Y -       A1->Y  F     AOI22X1        1  2.8    61    57    1498    (-,-) 
  genblk2.pcpi_div_lte_2493_16_g1302/Y -       A1->Y  R     OAI22X1        1  2.9    66    54    1552    (-,-) 
  genblk2.pcpi_div_lte_2493_16_g1301/Y -       A1->Y  F     AOI22X1        1  2.8    61    57    1609    (-,-) 
  genblk2.pcpi_div_lte_2493_16_g1300/Y -       A1->Y  R     OAI22X1        1  2.9    66    54    1663    (-,-) 
  genblk2.pcpi_div_lte_2493_16_g1299/Y -       A1->Y  F     AOI22X1        1  2.8    61    57    1720    (-,-) 
  genblk2.pcpi_div_lte_2493_16_g1298/Y -       A1->Y  R     OAI22X1        1  2.9    66    54    1774    (-,-) 
  genblk2.pcpi_div_lte_2493_16_g1297/Y -       A1->Y  F     AOI22X1        1  2.6    59    55    1830    (-,-) 
  genblk2.pcpi_div_lte_2493_16_g1296/Y -       D->Y   F     OR4X1          1  2.6    27    69    1899    (-,-) 
  genblk2.pcpi_div_lte_2493_16_g1295/Y -       D->Y   F     OR4X1          1  2.6    27    63    1962    (-,-) 
  genblk2.pcpi_div_lte_2493_16_g1294/Y -       D->Y   F     OR4X1          1  2.6    27    63    2024    (-,-) 
  genblk2.pcpi_div_lte_2493_16_g1293/Y -       D->Y   F     OR4X1          1  2.6    27    63    2087    (-,-) 
  genblk2.pcpi_div_lte_2493_16_g1292/Y -       D->Y   F     OR4X1          1  2.6    27    63    2150    (-,-) 
  genblk2.pcpi_div_lte_2493_16_g1291/Y -       D->Y   F     OR4X1          1  2.6    27    63    2213    (-,-) 
  genblk2.pcpi_div_lte_2493_16_g1290/Y -       D->Y   F     OR4X1          1  2.8    28    64    2276    (-,-) 
  genblk2.pcpi_div_lte_2493_16_g1289/Y -       D->Y   R     NOR4X1         1  2.7    90    60    2336    (-,-) 
  genblk2.pcpi_div_lte_2493_16_g1288/Y -       A->Y   R     AND2X1         2  5.1    38    56    2392    (-,-) 
  g131008/Y                            -       A->Y   F     INVX1          1  2.8    26    26    2418    (-,-) 
  g126658/Y                            -       A1->Y  F     AO21X4        32 51.4   106    98    2516    (-,-) 
  g126498/Y                            -       A1->Y  R     AOI22X1        1  2.9    61    66    2582    (-,-) 
  g126369/Y                            -       B->Y   F     NAND2X1        1  2.8    48    46    2627    (-,-) 
  genblk2.pcpi_div_dividend_reg[4]/D   -       -      F     DFFHQX1        1    -     -     0    2627    (-,-) 
#--------------------------------------------------------------------------------------------------------------



Path 29: MET (1333 ps) Setup Check with Pin genblk2.pcpi_div_dividend_reg[3]/CK->D
          Group: C2C
     Startpoint: (R) genblk2.pcpi_div_divisor_reg[0]/CK
          Clock: (R) myclock
       Endpoint: (F) genblk2.pcpi_div_dividend_reg[3]/D
          Clock: (R) myclock

                     Capture       Launch     
        Clock Edge:+    4000            0     
       Src Latency:+       0            0     
       Net Latency:+       0 (I)        0 (I) 
           Arrival:=    4000            0     
                                              
             Setup:-      20                  
       Uncertainty:-      20                  
     Required Time:=    3960                  
      Launch Clock:-       0                  
         Data Path:-    2627                  
             Slack:=    1333                  

#--------------------------------------------------------------------------------------------------------------
#            Timing Point              Flags    Arc   Edge   Cell     Fanout Load Trans Delay Arrival Instance 
#                                                                            (fF)  (ps)  (ps)   (ps)  Location 
#--------------------------------------------------------------------------------------------------------------
  genblk2.pcpi_div_divisor_reg[0]/CK   -       -      R     (arrival)   2050    -     0     0       0    (-,-) 
  genblk2.pcpi_div_divisor_reg[0]/Q    -       CK->Q  F     DFFHQX1        3  5.6    39    68      68    (-,-) 
  genblk2.pcpi_div_lte_2493_16_g1345/Y -       AN->Y  F     NOR2BX1        2  4.2    39    37     104    (-,-) 
  genblk2.pcpi_div_lte_2493_16_g1328/Y -       A1N->Y F     OAI2BB1X1      1  2.7    45    42     146    (-,-) 
  genblk2.pcpi_div_lte_2493_16_g1327/Y -       B0->Y  F     OA21X1         1  2.8    23    36     182    (-,-) 
  genblk2.pcpi_div_lte_2493_16_g1326/Y -       A1->Y  R     OAI22X1        1  2.9    61    42     223    (-,-) 
  genblk2.pcpi_div_lte_2493_16_g1325/Y -       A1->Y  F     AOI22X1        1  2.8    60    55     278    (-,-) 
  genblk2.pcpi_div_lte_2493_16_g1324/Y -       A1->Y  R     OAI22X1        1  2.9    66    54     332    (-,-) 
  genblk2.pcpi_div_lte_2493_16_g1323/Y -       A1->Y  F     AOI22X1        1  2.8    61    57     389    (-,-) 
  genblk2.pcpi_div_lte_2493_16_g1322/Y -       A1->Y  R     OAI22X1        1  2.9    66    54     443    (-,-) 
  genblk2.pcpi_div_lte_2493_16_g1321/Y -       A1->Y  F     AOI22X1        1  2.8    61    57     500    (-,-) 
  genblk2.pcpi_div_lte_2493_16_g1320/Y -       A1->Y  R     OAI22X1        1  2.9    66    54     554    (-,-) 
  genblk2.pcpi_div_lte_2493_16_g1319/Y -       A1->Y  F     AOI22X1        1  2.8    61    57     611    (-,-) 
  genblk2.pcpi_div_lte_2493_16_g1318/Y -       A1->Y  R     OAI22X1        1  2.9    66    54     665    (-,-) 
  genblk2.pcpi_div_lte_2493_16_g1317/Y -       A1->Y  F     AOI22X1        1  2.8    61    57     722    (-,-) 
  genblk2.pcpi_div_lte_2493_16_g1316/Y -       A1->Y  R     OAI22X1        1  2.9    66    54     776    (-,-) 
  genblk2.pcpi_div_lte_2493_16_g1315/Y -       A1->Y  F     AOI22X1        1  2.8    61    57     833    (-,-) 
  genblk2.pcpi_div_lte_2493_16_g1314/Y -       A1->Y  R     OAI22X1        1  2.9    66    54     887    (-,-) 
  genblk2.pcpi_div_lte_2493_16_g1313/Y -       A1->Y  F     AOI22X1        1  2.8    61    57     944    (-,-) 
  genblk2.pcpi_div_lte_2493_16_g1312/Y -       A1->Y  R     OAI22X1        1  2.9    66    54     998    (-,-) 
  genblk2.pcpi_div_lte_2493_16_g1311/Y -       A1->Y  F     AOI22X1        1  2.8    61    57    1055    (-,-) 
  genblk2.pcpi_div_lte_2493_16_g1310/Y -       A1->Y  R     OAI22X1        1  2.9    66    54    1109    (-,-) 
  genblk2.pcpi_div_lte_2493_16_g1309/Y -       A1->Y  F     AOI22X1        1  2.8    61    57    1166    (-,-) 
  genblk2.pcpi_div_lte_2493_16_g1308/Y -       A1->Y  R     OAI22X1        1  2.9    66    54    1220    (-,-) 
  genblk2.pcpi_div_lte_2493_16_g1307/Y -       A1->Y  F     AOI22X1        1  2.8    61    57    1276    (-,-) 
  genblk2.pcpi_div_lte_2493_16_g1306/Y -       A1->Y  R     OAI22X1        1  2.9    66    54    1330    (-,-) 
  genblk2.pcpi_div_lte_2493_16_g1305/Y -       A1->Y  F     AOI22X1        1  2.8    61    57    1387    (-,-) 
  genblk2.pcpi_div_lte_2493_16_g1304/Y -       A1->Y  R     OAI22X1        1  2.9    66    54    1441    (-,-) 
  genblk2.pcpi_div_lte_2493_16_g1303/Y -       A1->Y  F     AOI22X1        1  2.8    61    57    1498    (-,-) 
  genblk2.pcpi_div_lte_2493_16_g1302/Y -       A1->Y  R     OAI22X1        1  2.9    66    54    1552    (-,-) 
  genblk2.pcpi_div_lte_2493_16_g1301/Y -       A1->Y  F     AOI22X1        1  2.8    61    57    1609    (-,-) 
  genblk2.pcpi_div_lte_2493_16_g1300/Y -       A1->Y  R     OAI22X1        1  2.9    66    54    1663    (-,-) 
  genblk2.pcpi_div_lte_2493_16_g1299/Y -       A1->Y  F     AOI22X1        1  2.8    61    57    1720    (-,-) 
  genblk2.pcpi_div_lte_2493_16_g1298/Y -       A1->Y  R     OAI22X1        1  2.9    66    54    1774    (-,-) 
  genblk2.pcpi_div_lte_2493_16_g1297/Y -       A1->Y  F     AOI22X1        1  2.6    59    55    1830    (-,-) 
  genblk2.pcpi_div_lte_2493_16_g1296/Y -       D->Y   F     OR4X1          1  2.6    27    69    1899    (-,-) 
  genblk2.pcpi_div_lte_2493_16_g1295/Y -       D->Y   F     OR4X1          1  2.6    27    63    1962    (-,-) 
  genblk2.pcpi_div_lte_2493_16_g1294/Y -       D->Y   F     OR4X1          1  2.6    27    63    2024    (-,-) 
  genblk2.pcpi_div_lte_2493_16_g1293/Y -       D->Y   F     OR4X1          1  2.6    27    63    2087    (-,-) 
  genblk2.pcpi_div_lte_2493_16_g1292/Y -       D->Y   F     OR4X1          1  2.6    27    63    2150    (-,-) 
  genblk2.pcpi_div_lte_2493_16_g1291/Y -       D->Y   F     OR4X1          1  2.6    27    63    2213    (-,-) 
  genblk2.pcpi_div_lte_2493_16_g1290/Y -       D->Y   F     OR4X1          1  2.8    28    64    2276    (-,-) 
  genblk2.pcpi_div_lte_2493_16_g1289/Y -       D->Y   R     NOR4X1         1  2.7    90    60    2336    (-,-) 
  genblk2.pcpi_div_lte_2493_16_g1288/Y -       A->Y   R     AND2X1         2  5.1    38    56    2392    (-,-) 
  g131008/Y                            -       A->Y   F     INVX1          1  2.8    26    26    2418    (-,-) 
  g126658/Y                            -       A1->Y  F     AO21X4        32 51.4   106    98    2516    (-,-) 
  g126496/Y                            -       A1->Y  R     AOI22X1        1  2.9    61    66    2582    (-,-) 
  g126368/Y                            -       B->Y   F     NAND2X1        1  2.8    48    46    2627    (-,-) 
  genblk2.pcpi_div_dividend_reg[3]/D   -       -      F     DFFHQX1        1    -     -     0    2627    (-,-) 
#--------------------------------------------------------------------------------------------------------------



Path 30: MET (1333 ps) Setup Check with Pin genblk2.pcpi_div_dividend_reg[2]/CK->D
          Group: C2C
     Startpoint: (R) genblk2.pcpi_div_divisor_reg[0]/CK
          Clock: (R) myclock
       Endpoint: (F) genblk2.pcpi_div_dividend_reg[2]/D
          Clock: (R) myclock

                     Capture       Launch     
        Clock Edge:+    4000            0     
       Src Latency:+       0            0     
       Net Latency:+       0 (I)        0 (I) 
           Arrival:=    4000            0     
                                              
             Setup:-      20                  
       Uncertainty:-      20                  
     Required Time:=    3960                  
      Launch Clock:-       0                  
         Data Path:-    2627                  
             Slack:=    1333                  

#--------------------------------------------------------------------------------------------------------------
#            Timing Point              Flags    Arc   Edge   Cell     Fanout Load Trans Delay Arrival Instance 
#                                                                            (fF)  (ps)  (ps)   (ps)  Location 
#--------------------------------------------------------------------------------------------------------------
  genblk2.pcpi_div_divisor_reg[0]/CK   -       -      R     (arrival)   2050    -     0     0       0    (-,-) 
  genblk2.pcpi_div_divisor_reg[0]/Q    -       CK->Q  F     DFFHQX1        3  5.6    39    68      68    (-,-) 
  genblk2.pcpi_div_lte_2493_16_g1345/Y -       AN->Y  F     NOR2BX1        2  4.2    39    37     104    (-,-) 
  genblk2.pcpi_div_lte_2493_16_g1328/Y -       A1N->Y F     OAI2BB1X1      1  2.7    45    42     146    (-,-) 
  genblk2.pcpi_div_lte_2493_16_g1327/Y -       B0->Y  F     OA21X1         1  2.8    23    36     182    (-,-) 
  genblk2.pcpi_div_lte_2493_16_g1326/Y -       A1->Y  R     OAI22X1        1  2.9    61    42     223    (-,-) 
  genblk2.pcpi_div_lte_2493_16_g1325/Y -       A1->Y  F     AOI22X1        1  2.8    60    55     278    (-,-) 
  genblk2.pcpi_div_lte_2493_16_g1324/Y -       A1->Y  R     OAI22X1        1  2.9    66    54     332    (-,-) 
  genblk2.pcpi_div_lte_2493_16_g1323/Y -       A1->Y  F     AOI22X1        1  2.8    61    57     389    (-,-) 
  genblk2.pcpi_div_lte_2493_16_g1322/Y -       A1->Y  R     OAI22X1        1  2.9    66    54     443    (-,-) 
  genblk2.pcpi_div_lte_2493_16_g1321/Y -       A1->Y  F     AOI22X1        1  2.8    61    57     500    (-,-) 
  genblk2.pcpi_div_lte_2493_16_g1320/Y -       A1->Y  R     OAI22X1        1  2.9    66    54     554    (-,-) 
  genblk2.pcpi_div_lte_2493_16_g1319/Y -       A1->Y  F     AOI22X1        1  2.8    61    57     611    (-,-) 
  genblk2.pcpi_div_lte_2493_16_g1318/Y -       A1->Y  R     OAI22X1        1  2.9    66    54     665    (-,-) 
  genblk2.pcpi_div_lte_2493_16_g1317/Y -       A1->Y  F     AOI22X1        1  2.8    61    57     722    (-,-) 
  genblk2.pcpi_div_lte_2493_16_g1316/Y -       A1->Y  R     OAI22X1        1  2.9    66    54     776    (-,-) 
  genblk2.pcpi_div_lte_2493_16_g1315/Y -       A1->Y  F     AOI22X1        1  2.8    61    57     833    (-,-) 
  genblk2.pcpi_div_lte_2493_16_g1314/Y -       A1->Y  R     OAI22X1        1  2.9    66    54     887    (-,-) 
  genblk2.pcpi_div_lte_2493_16_g1313/Y -       A1->Y  F     AOI22X1        1  2.8    61    57     944    (-,-) 
  genblk2.pcpi_div_lte_2493_16_g1312/Y -       A1->Y  R     OAI22X1        1  2.9    66    54     998    (-,-) 
  genblk2.pcpi_div_lte_2493_16_g1311/Y -       A1->Y  F     AOI22X1        1  2.8    61    57    1055    (-,-) 
  genblk2.pcpi_div_lte_2493_16_g1310/Y -       A1->Y  R     OAI22X1        1  2.9    66    54    1109    (-,-) 
  genblk2.pcpi_div_lte_2493_16_g1309/Y -       A1->Y  F     AOI22X1        1  2.8    61    57    1166    (-,-) 
  genblk2.pcpi_div_lte_2493_16_g1308/Y -       A1->Y  R     OAI22X1        1  2.9    66    54    1220    (-,-) 
  genblk2.pcpi_div_lte_2493_16_g1307/Y -       A1->Y  F     AOI22X1        1  2.8    61    57    1276    (-,-) 
  genblk2.pcpi_div_lte_2493_16_g1306/Y -       A1->Y  R     OAI22X1        1  2.9    66    54    1330    (-,-) 
  genblk2.pcpi_div_lte_2493_16_g1305/Y -       A1->Y  F     AOI22X1        1  2.8    61    57    1387    (-,-) 
  genblk2.pcpi_div_lte_2493_16_g1304/Y -       A1->Y  R     OAI22X1        1  2.9    66    54    1441    (-,-) 
  genblk2.pcpi_div_lte_2493_16_g1303/Y -       A1->Y  F     AOI22X1        1  2.8    61    57    1498    (-,-) 
  genblk2.pcpi_div_lte_2493_16_g1302/Y -       A1->Y  R     OAI22X1        1  2.9    66    54    1552    (-,-) 
  genblk2.pcpi_div_lte_2493_16_g1301/Y -       A1->Y  F     AOI22X1        1  2.8    61    57    1609    (-,-) 
  genblk2.pcpi_div_lte_2493_16_g1300/Y -       A1->Y  R     OAI22X1        1  2.9    66    54    1663    (-,-) 
  genblk2.pcpi_div_lte_2493_16_g1299/Y -       A1->Y  F     AOI22X1        1  2.8    61    57    1720    (-,-) 
  genblk2.pcpi_div_lte_2493_16_g1298/Y -       A1->Y  R     OAI22X1        1  2.9    66    54    1774    (-,-) 
  genblk2.pcpi_div_lte_2493_16_g1297/Y -       A1->Y  F     AOI22X1        1  2.6    59    55    1830    (-,-) 
  genblk2.pcpi_div_lte_2493_16_g1296/Y -       D->Y   F     OR4X1          1  2.6    27    69    1899    (-,-) 
  genblk2.pcpi_div_lte_2493_16_g1295/Y -       D->Y   F     OR4X1          1  2.6    27    63    1962    (-,-) 
  genblk2.pcpi_div_lte_2493_16_g1294/Y -       D->Y   F     OR4X1          1  2.6    27    63    2024    (-,-) 
  genblk2.pcpi_div_lte_2493_16_g1293/Y -       D->Y   F     OR4X1          1  2.6    27    63    2087    (-,-) 
  genblk2.pcpi_div_lte_2493_16_g1292/Y -       D->Y   F     OR4X1          1  2.6    27    63    2150    (-,-) 
  genblk2.pcpi_div_lte_2493_16_g1291/Y -       D->Y   F     OR4X1          1  2.6    27    63    2213    (-,-) 
  genblk2.pcpi_div_lte_2493_16_g1290/Y -       D->Y   F     OR4X1          1  2.8    28    64    2276    (-,-) 
  genblk2.pcpi_div_lte_2493_16_g1289/Y -       D->Y   R     NOR4X1         1  2.7    90    60    2336    (-,-) 
  genblk2.pcpi_div_lte_2493_16_g1288/Y -       A->Y   R     AND2X1         2  5.1    38    56    2392    (-,-) 
  g131008/Y                            -       A->Y   F     INVX1          1  2.8    26    26    2418    (-,-) 
  g126658/Y                            -       A1->Y  F     AO21X4        32 51.4   106    98    2516    (-,-) 
  g126497/Y                            -       A1->Y  R     AOI22X1        1  2.9    61    66    2582    (-,-) 
  g126367/Y                            -       B->Y   F     NAND2X1        1  2.8    48    46    2627    (-,-) 
  genblk2.pcpi_div_dividend_reg[2]/D   -       -      F     DFFHQX1        1    -     -     0    2627    (-,-) 
#--------------------------------------------------------------------------------------------------------------



Path 31: MET (1333 ps) Setup Check with Pin genblk2.pcpi_div_dividend_reg[1]/CK->D
          Group: C2C
     Startpoint: (R) genblk2.pcpi_div_divisor_reg[0]/CK
          Clock: (R) myclock
       Endpoint: (F) genblk2.pcpi_div_dividend_reg[1]/D
          Clock: (R) myclock

                     Capture       Launch     
        Clock Edge:+    4000            0     
       Src Latency:+       0            0     
       Net Latency:+       0 (I)        0 (I) 
           Arrival:=    4000            0     
                                              
             Setup:-      20                  
       Uncertainty:-      20                  
     Required Time:=    3960                  
      Launch Clock:-       0                  
         Data Path:-    2627                  
             Slack:=    1333                  

#--------------------------------------------------------------------------------------------------------------
#            Timing Point              Flags    Arc   Edge   Cell     Fanout Load Trans Delay Arrival Instance 
#                                                                            (fF)  (ps)  (ps)   (ps)  Location 
#--------------------------------------------------------------------------------------------------------------
  genblk2.pcpi_div_divisor_reg[0]/CK   -       -      R     (arrival)   2050    -     0     0       0    (-,-) 
  genblk2.pcpi_div_divisor_reg[0]/Q    -       CK->Q  F     DFFHQX1        3  5.6    39    68      68    (-,-) 
  genblk2.pcpi_div_lte_2493_16_g1345/Y -       AN->Y  F     NOR2BX1        2  4.2    39    37     104    (-,-) 
  genblk2.pcpi_div_lte_2493_16_g1328/Y -       A1N->Y F     OAI2BB1X1      1  2.7    45    42     146    (-,-) 
  genblk2.pcpi_div_lte_2493_16_g1327/Y -       B0->Y  F     OA21X1         1  2.8    23    36     182    (-,-) 
  genblk2.pcpi_div_lte_2493_16_g1326/Y -       A1->Y  R     OAI22X1        1  2.9    61    42     223    (-,-) 
  genblk2.pcpi_div_lte_2493_16_g1325/Y -       A1->Y  F     AOI22X1        1  2.8    60    55     278    (-,-) 
  genblk2.pcpi_div_lte_2493_16_g1324/Y -       A1->Y  R     OAI22X1        1  2.9    66    54     332    (-,-) 
  genblk2.pcpi_div_lte_2493_16_g1323/Y -       A1->Y  F     AOI22X1        1  2.8    61    57     389    (-,-) 
  genblk2.pcpi_div_lte_2493_16_g1322/Y -       A1->Y  R     OAI22X1        1  2.9    66    54     443    (-,-) 
  genblk2.pcpi_div_lte_2493_16_g1321/Y -       A1->Y  F     AOI22X1        1  2.8    61    57     500    (-,-) 
  genblk2.pcpi_div_lte_2493_16_g1320/Y -       A1->Y  R     OAI22X1        1  2.9    66    54     554    (-,-) 
  genblk2.pcpi_div_lte_2493_16_g1319/Y -       A1->Y  F     AOI22X1        1  2.8    61    57     611    (-,-) 
  genblk2.pcpi_div_lte_2493_16_g1318/Y -       A1->Y  R     OAI22X1        1  2.9    66    54     665    (-,-) 
  genblk2.pcpi_div_lte_2493_16_g1317/Y -       A1->Y  F     AOI22X1        1  2.8    61    57     722    (-,-) 
  genblk2.pcpi_div_lte_2493_16_g1316/Y -       A1->Y  R     OAI22X1        1  2.9    66    54     776    (-,-) 
  genblk2.pcpi_div_lte_2493_16_g1315/Y -       A1->Y  F     AOI22X1        1  2.8    61    57     833    (-,-) 
  genblk2.pcpi_div_lte_2493_16_g1314/Y -       A1->Y  R     OAI22X1        1  2.9    66    54     887    (-,-) 
  genblk2.pcpi_div_lte_2493_16_g1313/Y -       A1->Y  F     AOI22X1        1  2.8    61    57     944    (-,-) 
  genblk2.pcpi_div_lte_2493_16_g1312/Y -       A1->Y  R     OAI22X1        1  2.9    66    54     998    (-,-) 
  genblk2.pcpi_div_lte_2493_16_g1311/Y -       A1->Y  F     AOI22X1        1  2.8    61    57    1055    (-,-) 
  genblk2.pcpi_div_lte_2493_16_g1310/Y -       A1->Y  R     OAI22X1        1  2.9    66    54    1109    (-,-) 
  genblk2.pcpi_div_lte_2493_16_g1309/Y -       A1->Y  F     AOI22X1        1  2.8    61    57    1166    (-,-) 
  genblk2.pcpi_div_lte_2493_16_g1308/Y -       A1->Y  R     OAI22X1        1  2.9    66    54    1220    (-,-) 
  genblk2.pcpi_div_lte_2493_16_g1307/Y -       A1->Y  F     AOI22X1        1  2.8    61    57    1276    (-,-) 
  genblk2.pcpi_div_lte_2493_16_g1306/Y -       A1->Y  R     OAI22X1        1  2.9    66    54    1330    (-,-) 
  genblk2.pcpi_div_lte_2493_16_g1305/Y -       A1->Y  F     AOI22X1        1  2.8    61    57    1387    (-,-) 
  genblk2.pcpi_div_lte_2493_16_g1304/Y -       A1->Y  R     OAI22X1        1  2.9    66    54    1441    (-,-) 
  genblk2.pcpi_div_lte_2493_16_g1303/Y -       A1->Y  F     AOI22X1        1  2.8    61    57    1498    (-,-) 
  genblk2.pcpi_div_lte_2493_16_g1302/Y -       A1->Y  R     OAI22X1        1  2.9    66    54    1552    (-,-) 
  genblk2.pcpi_div_lte_2493_16_g1301/Y -       A1->Y  F     AOI22X1        1  2.8    61    57    1609    (-,-) 
  genblk2.pcpi_div_lte_2493_16_g1300/Y -       A1->Y  R     OAI22X1        1  2.9    66    54    1663    (-,-) 
  genblk2.pcpi_div_lte_2493_16_g1299/Y -       A1->Y  F     AOI22X1        1  2.8    61    57    1720    (-,-) 
  genblk2.pcpi_div_lte_2493_16_g1298/Y -       A1->Y  R     OAI22X1        1  2.9    66    54    1774    (-,-) 
  genblk2.pcpi_div_lte_2493_16_g1297/Y -       A1->Y  F     AOI22X1        1  2.6    59    55    1830    (-,-) 
  genblk2.pcpi_div_lte_2493_16_g1296/Y -       D->Y   F     OR4X1          1  2.6    27    69    1899    (-,-) 
  genblk2.pcpi_div_lte_2493_16_g1295/Y -       D->Y   F     OR4X1          1  2.6    27    63    1962    (-,-) 
  genblk2.pcpi_div_lte_2493_16_g1294/Y -       D->Y   F     OR4X1          1  2.6    27    63    2024    (-,-) 
  genblk2.pcpi_div_lte_2493_16_g1293/Y -       D->Y   F     OR4X1          1  2.6    27    63    2087    (-,-) 
  genblk2.pcpi_div_lte_2493_16_g1292/Y -       D->Y   F     OR4X1          1  2.6    27    63    2150    (-,-) 
  genblk2.pcpi_div_lte_2493_16_g1291/Y -       D->Y   F     OR4X1          1  2.6    27    63    2213    (-,-) 
  genblk2.pcpi_div_lte_2493_16_g1290/Y -       D->Y   F     OR4X1          1  2.8    28    64    2276    (-,-) 
  genblk2.pcpi_div_lte_2493_16_g1289/Y -       D->Y   R     NOR4X1         1  2.7    90    60    2336    (-,-) 
  genblk2.pcpi_div_lte_2493_16_g1288/Y -       A->Y   R     AND2X1         2  5.1    38    56    2392    (-,-) 
  g131008/Y                            -       A->Y   F     INVX1          1  2.8    26    26    2418    (-,-) 
  g126658/Y                            -       A1->Y  F     AO21X4        32 51.4   106    98    2516    (-,-) 
  g126495/Y                            -       A1->Y  R     AOI22X1        1  2.9    61    66    2582    (-,-) 
  g126366/Y                            -       B->Y   F     NAND2X1        1  2.8    48    46    2627    (-,-) 
  genblk2.pcpi_div_dividend_reg[1]/D   -       -      F     DFFHQX1        1    -     -     0    2627    (-,-) 
#--------------------------------------------------------------------------------------------------------------



Path 32: MET (1364 ps) Setup Check with Pin genblk2.pcpi_div_dividend_reg[0]/CK->D
          Group: C2C
     Startpoint: (R) genblk2.pcpi_div_divisor_reg[0]/CK
          Clock: (R) myclock
       Endpoint: (R) genblk2.pcpi_div_dividend_reg[0]/D
          Clock: (R) myclock

                     Capture       Launch     
        Clock Edge:+    4000            0     
       Src Latency:+       0            0     
       Net Latency:+       0 (I)        0 (I) 
           Arrival:=    4000            0     
                                              
             Setup:-      26                  
       Uncertainty:-      20                  
     Required Time:=    3954                  
      Launch Clock:-       0                  
         Data Path:-    2590                  
             Slack:=    1364                  

#---------------------------------------------------------------------------------------------------------------
#            Timing Point              Flags    Arc   Edge   Cell     Fanout  Load Trans Delay Arrival Instance 
#                                                                             (fF)  (ps)  (ps)   (ps)  Location 
#---------------------------------------------------------------------------------------------------------------
  genblk2.pcpi_div_divisor_reg[0]/CK   -       -      R     (arrival)   2050     -     0     0       0    (-,-) 
  genblk2.pcpi_div_divisor_reg[0]/Q    -       CK->Q  F     DFFHQX1        3   5.6    39    68      68    (-,-) 
  genblk2.pcpi_div_lte_2493_16_g1345/Y -       AN->Y  F     NOR2BX1        2   4.2    39    37     104    (-,-) 
  genblk2.pcpi_div_lte_2493_16_g1328/Y -       A1N->Y F     OAI2BB1X1      1   2.7    45    42     146    (-,-) 
  genblk2.pcpi_div_lte_2493_16_g1327/Y -       B0->Y  F     OA21X1         1   2.8    23    36     182    (-,-) 
  genblk2.pcpi_div_lte_2493_16_g1326/Y -       A1->Y  R     OAI22X1        1   2.9    61    42     223    (-,-) 
  genblk2.pcpi_div_lte_2493_16_g1325/Y -       A1->Y  F     AOI22X1        1   2.8    60    55     278    (-,-) 
  genblk2.pcpi_div_lte_2493_16_g1324/Y -       A1->Y  R     OAI22X1        1   2.9    66    54     332    (-,-) 
  genblk2.pcpi_div_lte_2493_16_g1323/Y -       A1->Y  F     AOI22X1        1   2.8    61    57     389    (-,-) 
  genblk2.pcpi_div_lte_2493_16_g1322/Y -       A1->Y  R     OAI22X1        1   2.9    66    54     443    (-,-) 
  genblk2.pcpi_div_lte_2493_16_g1321/Y -       A1->Y  F     AOI22X1        1   2.8    61    57     500    (-,-) 
  genblk2.pcpi_div_lte_2493_16_g1320/Y -       A1->Y  R     OAI22X1        1   2.9    66    54     554    (-,-) 
  genblk2.pcpi_div_lte_2493_16_g1319/Y -       A1->Y  F     AOI22X1        1   2.8    61    57     611    (-,-) 
  genblk2.pcpi_div_lte_2493_16_g1318/Y -       A1->Y  R     OAI22X1        1   2.9    66    54     665    (-,-) 
  genblk2.pcpi_div_lte_2493_16_g1317/Y -       A1->Y  F     AOI22X1        1   2.8    61    57     722    (-,-) 
  genblk2.pcpi_div_lte_2493_16_g1316/Y -       A1->Y  R     OAI22X1        1   2.9    66    54     776    (-,-) 
  genblk2.pcpi_div_lte_2493_16_g1315/Y -       A1->Y  F     AOI22X1        1   2.8    61    57     833    (-,-) 
  genblk2.pcpi_div_lte_2493_16_g1314/Y -       A1->Y  R     OAI22X1        1   2.9    66    54     887    (-,-) 
  genblk2.pcpi_div_lte_2493_16_g1313/Y -       A1->Y  F     AOI22X1        1   2.8    61    57     944    (-,-) 
  genblk2.pcpi_div_lte_2493_16_g1312/Y -       A1->Y  R     OAI22X1        1   2.9    66    54     998    (-,-) 
  genblk2.pcpi_div_lte_2493_16_g1311/Y -       A1->Y  F     AOI22X1        1   2.8    61    57    1055    (-,-) 
  genblk2.pcpi_div_lte_2493_16_g1310/Y -       A1->Y  R     OAI22X1        1   2.9    66    54    1109    (-,-) 
  genblk2.pcpi_div_lte_2493_16_g1309/Y -       A1->Y  F     AOI22X1        1   2.8    61    57    1166    (-,-) 
  genblk2.pcpi_div_lte_2493_16_g1308/Y -       A1->Y  R     OAI22X1        1   2.9    66    54    1220    (-,-) 
  genblk2.pcpi_div_lte_2493_16_g1307/Y -       A1->Y  F     AOI22X1        1   2.8    61    57    1276    (-,-) 
  genblk2.pcpi_div_lte_2493_16_g1306/Y -       A1->Y  R     OAI22X1        1   2.9    66    54    1330    (-,-) 
  genblk2.pcpi_div_lte_2493_16_g1305/Y -       A1->Y  F     AOI22X1        1   2.8    61    57    1387    (-,-) 
  genblk2.pcpi_div_lte_2493_16_g1304/Y -       A1->Y  R     OAI22X1        1   2.9    66    54    1441    (-,-) 
  genblk2.pcpi_div_lte_2493_16_g1303/Y -       A1->Y  F     AOI22X1        1   2.8    61    57    1498    (-,-) 
  genblk2.pcpi_div_lte_2493_16_g1302/Y -       A1->Y  R     OAI22X1        1   2.9    66    54    1552    (-,-) 
  genblk2.pcpi_div_lte_2493_16_g1301/Y -       A1->Y  F     AOI22X1        1   2.8    61    57    1609    (-,-) 
  genblk2.pcpi_div_lte_2493_16_g1300/Y -       A1->Y  R     OAI22X1        1   2.9    66    54    1663    (-,-) 
  genblk2.pcpi_div_lte_2493_16_g1299/Y -       A1->Y  F     AOI22X1        1   2.8    61    57    1720    (-,-) 
  genblk2.pcpi_div_lte_2493_16_g1298/Y -       A1->Y  R     OAI22X1        1   2.9    66    54    1774    (-,-) 
  genblk2.pcpi_div_lte_2493_16_g1297/Y -       A1->Y  F     AOI22X1        1   2.6    59    55    1830    (-,-) 
  genblk2.pcpi_div_lte_2493_16_g1296/Y -       D->Y   F     OR4X1          1   2.6    27    69    1899    (-,-) 
  genblk2.pcpi_div_lte_2493_16_g1295/Y -       D->Y   F     OR4X1          1   2.6    27    63    1962    (-,-) 
  genblk2.pcpi_div_lte_2493_16_g1294/Y -       D->Y   F     OR4X1          1   2.6    27    63    2024    (-,-) 
  genblk2.pcpi_div_lte_2493_16_g1293/Y -       D->Y   F     OR4X1          1   2.6    27    63    2087    (-,-) 
  genblk2.pcpi_div_lte_2493_16_g1292/Y -       D->Y   F     OR4X1          1   2.6    27    63    2150    (-,-) 
  genblk2.pcpi_div_lte_2493_16_g1291/Y -       D->Y   F     OR4X1          1   2.6    27    63    2213    (-,-) 
  genblk2.pcpi_div_lte_2493_16_g1290/Y -       D->Y   F     OR4X1          1   2.8    28    64    2276    (-,-) 
  genblk2.pcpi_div_lte_2493_16_g1289/Y -       D->Y   R     NOR4X1         1   2.7    90    60    2336    (-,-) 
  genblk2.pcpi_div_lte_2493_16_g1288/Y -       A->Y   R     AND2X1         2   5.1    38    56    2392    (-,-) 
  g126656/Y                            -       A->Y   R     AND2X8        64 101.8   100    94    2486    (-,-) 
  g126494/Y                            -       A1->Y  F     AOI22X1        1   2.8    65    68    2554    (-,-) 
  g126350/Y                            -       B0->Y  R     OAI2BB1X1      1   2.8    34    36    2590    (-,-) 
  genblk2.pcpi_div_dividend_reg[0]/D   -       -      R     DFFHQX1        1     -     -     0    2590    (-,-) 
#---------------------------------------------------------------------------------------------------------------



Path 33: MET (1394 ps) Setup Check with Pin count_instr_reg[63]/CK->D
          Group: C2C
     Startpoint: (R) count_instr_reg[1]/CK
          Clock: (R) myclock
       Endpoint: (R) count_instr_reg[63]/D
          Clock: (R) myclock

                     Capture       Launch     
        Clock Edge:+    4000            0     
       Src Latency:+       0            0     
       Net Latency:+       0 (I)        0 (I) 
           Arrival:=    4000            0     
                                              
             Setup:-      29                  
       Uncertainty:-      20                  
     Required Time:=    3951                  
      Launch Clock:-       0                  
         Data Path:-    2557                  
             Slack:=    1394                  

#------------------------------------------------------------------------------------------------
#      Timing Point       Flags   Arc   Edge   Cell     Fanout Load Trans Delay Arrival Instance 
#                                                              (fF)  (ps)  (ps)   (ps)  Location 
#------------------------------------------------------------------------------------------------
  count_instr_reg[1]/CK   -       -     R     (arrival)   2050    -     0     0       0    (-,-) 
  count_instr_reg[1]/Q    -       CK->Q R     DFFHQX1        3  6.1    44    64      64    (-,-) 
  inc_add_1559_34_g920/CO -       A->CO R     ADDHX1         1  3.2    25    43     107    (-,-) 
  inc_add_1559_34_g919/CO -       B->CO R     ADDHX1         1  3.2    25    38     145    (-,-) 
  inc_add_1559_34_g918/CO -       B->CO R     ADDHX1         1  3.2    25    38     183    (-,-) 
  inc_add_1559_34_g917/CO -       B->CO R     ADDHX1         1  3.2    25    38     221    (-,-) 
  inc_add_1559_34_g916/CO -       B->CO R     ADDHX1         1  3.2    25    38     259    (-,-) 
  inc_add_1559_34_g915/CO -       B->CO R     ADDHX1         1  3.2    25    38     297    (-,-) 
  inc_add_1559_34_g914/CO -       B->CO R     ADDHX1         1  3.2    25    38     335    (-,-) 
  inc_add_1559_34_g913/CO -       B->CO R     ADDHX1         1  3.2    25    38     374    (-,-) 
  inc_add_1559_34_g912/CO -       B->CO R     ADDHX1         1  3.2    25    38     412    (-,-) 
  inc_add_1559_34_g911/CO -       B->CO R     ADDHX1         1  3.2    25    38     450    (-,-) 
  inc_add_1559_34_g910/CO -       B->CO R     ADDHX1         1  3.2    25    38     488    (-,-) 
  inc_add_1559_34_g909/CO -       B->CO R     ADDHX1         1  3.2    25    38     526    (-,-) 
  inc_add_1559_34_g908/CO -       B->CO R     ADDHX1         1  3.2    25    38     564    (-,-) 
  inc_add_1559_34_g907/CO -       B->CO R     ADDHX1         1  3.2    25    38     602    (-,-) 
  inc_add_1559_34_g906/CO -       B->CO R     ADDHX1         1  3.2    25    38     640    (-,-) 
  inc_add_1559_34_g905/CO -       B->CO R     ADDHX1         1  3.2    25    38     678    (-,-) 
  inc_add_1559_34_g904/CO -       B->CO R     ADDHX1         2  4.7    35    44     722    (-,-) 
  inc_add_1559_34_g903/Y  -       C->Y  R     AND3XL         1  3.2    40    54     776    (-,-) 
  inc_add_1559_34_g900/CO -       B->CO R     ADDHX1         1  3.2    25    41     816    (-,-) 
  inc_add_1559_34_g899/CO -       B->CO R     ADDHX1         1  3.2    25    38     854    (-,-) 
  inc_add_1559_34_g898/CO -       B->CO R     ADDHX1         1  3.2    25    38     893    (-,-) 
  inc_add_1559_34_g897/CO -       B->CO R     ADDHX1         1  3.2    25    38     931    (-,-) 
  inc_add_1559_34_g896/CO -       B->CO R     ADDHX1         1  3.2    25    38     969    (-,-) 
  inc_add_1559_34_g895/CO -       B->CO R     ADDHX1         1  3.2    25    38    1007    (-,-) 
  inc_add_1559_34_g894/CO -       B->CO R     ADDHX1         1  3.2    25    38    1045    (-,-) 
  inc_add_1559_34_g893/CO -       B->CO R     ADDHX1         1  3.2    25    38    1083    (-,-) 
  inc_add_1559_34_g892/CO -       B->CO R     ADDHX1         1  3.2    25    38    1121    (-,-) 
  inc_add_1559_34_g891/CO -       B->CO R     ADDHX1         1  3.2    25    38    1159    (-,-) 
  inc_add_1559_34_g890/CO -       B->CO R     ADDHX1         1  3.2    25    38    1197    (-,-) 
  inc_add_1559_34_g889/CO -       B->CO R     ADDHX1         1  3.2    25    38    1236    (-,-) 
  inc_add_1559_34_g888/CO -       B->CO R     ADDHX1         1  3.2    25    38    1274    (-,-) 
  inc_add_1559_34_g887/CO -       B->CO R     ADDHX1         1  3.2    25    38    1312    (-,-) 
  inc_add_1559_34_g886/CO -       B->CO R     ADDHX1         1  3.2    25    38    1350    (-,-) 
  inc_add_1559_34_g885/CO -       B->CO R     ADDHX1         1  3.2    25    38    1388    (-,-) 
  inc_add_1559_34_g884/CO -       B->CO R     ADDHX1         1  3.2    25    38    1426    (-,-) 
  inc_add_1559_34_g883/CO -       B->CO R     ADDHX1         1  3.2    25    38    1464    (-,-) 
  inc_add_1559_34_g882/CO -       B->CO R     ADDHX1         1  3.2    25    38    1502    (-,-) 
  inc_add_1559_34_g881/CO -       B->CO R     ADDHX1         1  3.2    25    38    1540    (-,-) 
  inc_add_1559_34_g880/CO -       B->CO R     ADDHX1         1  3.2    25    38    1578    (-,-) 
  inc_add_1559_34_g879/CO -       B->CO R     ADDHX1         1  3.2    25    38    1616    (-,-) 
  inc_add_1559_34_g878/CO -       B->CO R     ADDHX1         1  3.2    25    38    1655    (-,-) 
  inc_add_1559_34_g877/CO -       B->CO R     ADDHX1         1  3.2    25    38    1693    (-,-) 
  inc_add_1559_34_g876/CO -       B->CO R     ADDHX1         1  3.2    25    38    1731    (-,-) 
  inc_add_1559_34_g875/CO -       B->CO R     ADDHX1         1  3.2    25    38    1769    (-,-) 
  inc_add_1559_34_g874/CO -       B->CO R     ADDHX1         1  3.2    25    38    1807    (-,-) 
  inc_add_1559_34_g873/CO -       B->CO R     ADDHX1         1  3.2    25    38    1845    (-,-) 
  inc_add_1559_34_g872/CO -       B->CO R     ADDHX1         1  3.2    25    38    1883    (-,-) 
  inc_add_1559_34_g871/CO -       B->CO R     ADDHX1         1  3.2    25    38    1921    (-,-) 
  inc_add_1559_34_g870/CO -       B->CO R     ADDHX1         1  3.2    25    38    1959    (-,-) 
  inc_add_1559_34_g869/CO -       B->CO R     ADDHX1         1  3.2    25    38    1998    (-,-) 
  inc_add_1559_34_g868/CO -       B->CO R     ADDHX1         1  3.2    25    38    2036    (-,-) 
  inc_add_1559_34_g867/CO -       B->CO R     ADDHX1         1  3.2    25    38    2074    (-,-) 
  inc_add_1559_34_g866/CO -       B->CO R     ADDHX1         1  3.2    25    38    2112    (-,-) 
  inc_add_1559_34_g865/CO -       B->CO R     ADDHX1         1  3.2    25    38    2150    (-,-) 
  inc_add_1559_34_g864/CO -       B->CO R     ADDHX1         1  3.2    25    38    2188    (-,-) 
  inc_add_1559_34_g863/CO -       B->CO R     ADDHX1         1  3.2    25    38    2226    (-,-) 
  inc_add_1559_34_g862/CO -       B->CO R     ADDHX1         1  3.2    25    38    2264    (-,-) 
  inc_add_1559_34_g861/CO -       B->CO R     ADDHX1         1  3.2    25    38    2302    (-,-) 
  inc_add_1559_34_g860/CO -       B->CO R     ADDHX1         1  3.2    25    38    2340    (-,-) 
  inc_add_1559_34_g859/CO -       B->CO R     ADDHX1         1  3.2    25    38    2378    (-,-) 
  inc_add_1559_34_g858/CO -       B->CO R     ADDHX1         1  3.0    24    37    2416    (-,-) 
  inc_add_1559_34_g857/Y  -       B->Y  R     CLKXOR2X1      1  2.7    22    38    2454    (-,-) 
  g129985/Y               -       A->Y  F     MXI2XL         1  2.8    81    50    2505    (-,-) 
  g129369/Y               -       B->Y  R     NOR2X1         1  2.8    53    52    2557    (-,-) 
  count_instr_reg[63]/D   -       -     R     DFFHQX1        1    -     -     0    2557    (-,-) 
#------------------------------------------------------------------------------------------------



Path 34: MET (1404 ps) Setup Check with Pin genblk2.pcpi_div_quotient_reg[31]/CK->D
          Group: C2C
     Startpoint: (R) genblk2.pcpi_div_divisor_reg[0]/CK
          Clock: (R) myclock
       Endpoint: (R) genblk2.pcpi_div_quotient_reg[31]/D
          Clock: (R) myclock

                     Capture       Launch     
        Clock Edge:+    4000            0     
       Src Latency:+       0            0     
       Net Latency:+       0 (I)        0 (I) 
           Arrival:=    4000            0     
                                              
             Setup:-      24                  
       Uncertainty:-      20                  
     Required Time:=    3956                  
      Launch Clock:-       0                  
         Data Path:-    2552                  
             Slack:=    1404                  

#---------------------------------------------------------------------------------------------------------------
#            Timing Point              Flags    Arc   Edge   Cell     Fanout  Load Trans Delay Arrival Instance 
#                                                                             (fF)  (ps)  (ps)   (ps)  Location 
#---------------------------------------------------------------------------------------------------------------
  genblk2.pcpi_div_divisor_reg[0]/CK   -       -      R     (arrival)   2050     -     0     0       0    (-,-) 
  genblk2.pcpi_div_divisor_reg[0]/Q    -       CK->Q  F     DFFHQX1        3   5.6    39    68      68    (-,-) 
  genblk2.pcpi_div_lte_2493_16_g1345/Y -       AN->Y  F     NOR2BX1        2   4.2    39    37     104    (-,-) 
  genblk2.pcpi_div_lte_2493_16_g1328/Y -       A1N->Y F     OAI2BB1X1      1   2.7    45    42     146    (-,-) 
  genblk2.pcpi_div_lte_2493_16_g1327/Y -       B0->Y  F     OA21X1         1   2.8    23    36     182    (-,-) 
  genblk2.pcpi_div_lte_2493_16_g1326/Y -       A1->Y  R     OAI22X1        1   2.9    61    42     223    (-,-) 
  genblk2.pcpi_div_lte_2493_16_g1325/Y -       A1->Y  F     AOI22X1        1   2.8    60    55     278    (-,-) 
  genblk2.pcpi_div_lte_2493_16_g1324/Y -       A1->Y  R     OAI22X1        1   2.9    66    54     332    (-,-) 
  genblk2.pcpi_div_lte_2493_16_g1323/Y -       A1->Y  F     AOI22X1        1   2.8    61    57     389    (-,-) 
  genblk2.pcpi_div_lte_2493_16_g1322/Y -       A1->Y  R     OAI22X1        1   2.9    66    54     443    (-,-) 
  genblk2.pcpi_div_lte_2493_16_g1321/Y -       A1->Y  F     AOI22X1        1   2.8    61    57     500    (-,-) 
  genblk2.pcpi_div_lte_2493_16_g1320/Y -       A1->Y  R     OAI22X1        1   2.9    66    54     554    (-,-) 
  genblk2.pcpi_div_lte_2493_16_g1319/Y -       A1->Y  F     AOI22X1        1   2.8    61    57     611    (-,-) 
  genblk2.pcpi_div_lte_2493_16_g1318/Y -       A1->Y  R     OAI22X1        1   2.9    66    54     665    (-,-) 
  genblk2.pcpi_div_lte_2493_16_g1317/Y -       A1->Y  F     AOI22X1        1   2.8    61    57     722    (-,-) 
  genblk2.pcpi_div_lte_2493_16_g1316/Y -       A1->Y  R     OAI22X1        1   2.9    66    54     776    (-,-) 
  genblk2.pcpi_div_lte_2493_16_g1315/Y -       A1->Y  F     AOI22X1        1   2.8    61    57     833    (-,-) 
  genblk2.pcpi_div_lte_2493_16_g1314/Y -       A1->Y  R     OAI22X1        1   2.9    66    54     887    (-,-) 
  genblk2.pcpi_div_lte_2493_16_g1313/Y -       A1->Y  F     AOI22X1        1   2.8    61    57     944    (-,-) 
  genblk2.pcpi_div_lte_2493_16_g1312/Y -       A1->Y  R     OAI22X1        1   2.9    66    54     998    (-,-) 
  genblk2.pcpi_div_lte_2493_16_g1311/Y -       A1->Y  F     AOI22X1        1   2.8    61    57    1055    (-,-) 
  genblk2.pcpi_div_lte_2493_16_g1310/Y -       A1->Y  R     OAI22X1        1   2.9    66    54    1109    (-,-) 
  genblk2.pcpi_div_lte_2493_16_g1309/Y -       A1->Y  F     AOI22X1        1   2.8    61    57    1166    (-,-) 
  genblk2.pcpi_div_lte_2493_16_g1308/Y -       A1->Y  R     OAI22X1        1   2.9    66    54    1220    (-,-) 
  genblk2.pcpi_div_lte_2493_16_g1307/Y -       A1->Y  F     AOI22X1        1   2.8    61    57    1276    (-,-) 
  genblk2.pcpi_div_lte_2493_16_g1306/Y -       A1->Y  R     OAI22X1        1   2.9    66    54    1330    (-,-) 
  genblk2.pcpi_div_lte_2493_16_g1305/Y -       A1->Y  F     AOI22X1        1   2.8    61    57    1387    (-,-) 
  genblk2.pcpi_div_lte_2493_16_g1304/Y -       A1->Y  R     OAI22X1        1   2.9    66    54    1441    (-,-) 
  genblk2.pcpi_div_lte_2493_16_g1303/Y -       A1->Y  F     AOI22X1        1   2.8    61    57    1498    (-,-) 
  genblk2.pcpi_div_lte_2493_16_g1302/Y -       A1->Y  R     OAI22X1        1   2.9    66    54    1552    (-,-) 
  genblk2.pcpi_div_lte_2493_16_g1301/Y -       A1->Y  F     AOI22X1        1   2.8    61    57    1609    (-,-) 
  genblk2.pcpi_div_lte_2493_16_g1300/Y -       A1->Y  R     OAI22X1        1   2.9    66    54    1663    (-,-) 
  genblk2.pcpi_div_lte_2493_16_g1299/Y -       A1->Y  F     AOI22X1        1   2.8    61    57    1720    (-,-) 
  genblk2.pcpi_div_lte_2493_16_g1298/Y -       A1->Y  R     OAI22X1        1   2.9    66    54    1774    (-,-) 
  genblk2.pcpi_div_lte_2493_16_g1297/Y -       A1->Y  F     AOI22X1        1   2.6    59    55    1830    (-,-) 
  genblk2.pcpi_div_lte_2493_16_g1296/Y -       D->Y   F     OR4X1          1   2.6    27    69    1899    (-,-) 
  genblk2.pcpi_div_lte_2493_16_g1295/Y -       D->Y   F     OR4X1          1   2.6    27    63    1962    (-,-) 
  genblk2.pcpi_div_lte_2493_16_g1294/Y -       D->Y   F     OR4X1          1   2.6    27    63    2024    (-,-) 
  genblk2.pcpi_div_lte_2493_16_g1293/Y -       D->Y   F     OR4X1          1   2.6    27    63    2087    (-,-) 
  genblk2.pcpi_div_lte_2493_16_g1292/Y -       D->Y   F     OR4X1          1   2.6    27    63    2150    (-,-) 
  genblk2.pcpi_div_lte_2493_16_g1291/Y -       D->Y   F     OR4X1          1   2.6    27    63    2213    (-,-) 
  genblk2.pcpi_div_lte_2493_16_g1290/Y -       D->Y   F     OR4X1          1   2.8    28    64    2276    (-,-) 
  genblk2.pcpi_div_lte_2493_16_g1289/Y -       D->Y   R     NOR4X1         1   2.7    90    60    2336    (-,-) 
  genblk2.pcpi_div_lte_2493_16_g1288/Y -       A->Y   R     AND2X1         2   5.1    38    56    2392    (-,-) 
  g126656/Y                            -       A->Y   R     AND2X8        64 101.8   100    94    2486    (-,-) 
  g126557/Y                            -       A1->Y  R     AO22X1         1   2.8    24    66    2552    (-,-) 
  genblk2.pcpi_div_quotient_reg[31]/D  -       -      R     DFFHQX1        1     -     -     0    2552    (-,-) 
#---------------------------------------------------------------------------------------------------------------



Path 35: MET (1404 ps) Setup Check with Pin genblk2.pcpi_div_quotient_reg[30]/CK->D
          Group: C2C
     Startpoint: (R) genblk2.pcpi_div_divisor_reg[0]/CK
          Clock: (R) myclock
       Endpoint: (R) genblk2.pcpi_div_quotient_reg[30]/D
          Clock: (R) myclock

                     Capture       Launch     
        Clock Edge:+    4000            0     
       Src Latency:+       0            0     
       Net Latency:+       0 (I)        0 (I) 
           Arrival:=    4000            0     
                                              
             Setup:-      24                  
       Uncertainty:-      20                  
     Required Time:=    3956                  
      Launch Clock:-       0                  
         Data Path:-    2552                  
             Slack:=    1404                  

#---------------------------------------------------------------------------------------------------------------
#            Timing Point              Flags    Arc   Edge   Cell     Fanout  Load Trans Delay Arrival Instance 
#                                                                             (fF)  (ps)  (ps)   (ps)  Location 
#---------------------------------------------------------------------------------------------------------------
  genblk2.pcpi_div_divisor_reg[0]/CK   -       -      R     (arrival)   2050     -     0     0       0    (-,-) 
  genblk2.pcpi_div_divisor_reg[0]/Q    -       CK->Q  F     DFFHQX1        3   5.6    39    68      68    (-,-) 
  genblk2.pcpi_div_lte_2493_16_g1345/Y -       AN->Y  F     NOR2BX1        2   4.2    39    37     104    (-,-) 
  genblk2.pcpi_div_lte_2493_16_g1328/Y -       A1N->Y F     OAI2BB1X1      1   2.7    45    42     146    (-,-) 
  genblk2.pcpi_div_lte_2493_16_g1327/Y -       B0->Y  F     OA21X1         1   2.8    23    36     182    (-,-) 
  genblk2.pcpi_div_lte_2493_16_g1326/Y -       A1->Y  R     OAI22X1        1   2.9    61    42     223    (-,-) 
  genblk2.pcpi_div_lte_2493_16_g1325/Y -       A1->Y  F     AOI22X1        1   2.8    60    55     278    (-,-) 
  genblk2.pcpi_div_lte_2493_16_g1324/Y -       A1->Y  R     OAI22X1        1   2.9    66    54     332    (-,-) 
  genblk2.pcpi_div_lte_2493_16_g1323/Y -       A1->Y  F     AOI22X1        1   2.8    61    57     389    (-,-) 
  genblk2.pcpi_div_lte_2493_16_g1322/Y -       A1->Y  R     OAI22X1        1   2.9    66    54     443    (-,-) 
  genblk2.pcpi_div_lte_2493_16_g1321/Y -       A1->Y  F     AOI22X1        1   2.8    61    57     500    (-,-) 
  genblk2.pcpi_div_lte_2493_16_g1320/Y -       A1->Y  R     OAI22X1        1   2.9    66    54     554    (-,-) 
  genblk2.pcpi_div_lte_2493_16_g1319/Y -       A1->Y  F     AOI22X1        1   2.8    61    57     611    (-,-) 
  genblk2.pcpi_div_lte_2493_16_g1318/Y -       A1->Y  R     OAI22X1        1   2.9    66    54     665    (-,-) 
  genblk2.pcpi_div_lte_2493_16_g1317/Y -       A1->Y  F     AOI22X1        1   2.8    61    57     722    (-,-) 
  genblk2.pcpi_div_lte_2493_16_g1316/Y -       A1->Y  R     OAI22X1        1   2.9    66    54     776    (-,-) 
  genblk2.pcpi_div_lte_2493_16_g1315/Y -       A1->Y  F     AOI22X1        1   2.8    61    57     833    (-,-) 
  genblk2.pcpi_div_lte_2493_16_g1314/Y -       A1->Y  R     OAI22X1        1   2.9    66    54     887    (-,-) 
  genblk2.pcpi_div_lte_2493_16_g1313/Y -       A1->Y  F     AOI22X1        1   2.8    61    57     944    (-,-) 
  genblk2.pcpi_div_lte_2493_16_g1312/Y -       A1->Y  R     OAI22X1        1   2.9    66    54     998    (-,-) 
  genblk2.pcpi_div_lte_2493_16_g1311/Y -       A1->Y  F     AOI22X1        1   2.8    61    57    1055    (-,-) 
  genblk2.pcpi_div_lte_2493_16_g1310/Y -       A1->Y  R     OAI22X1        1   2.9    66    54    1109    (-,-) 
  genblk2.pcpi_div_lte_2493_16_g1309/Y -       A1->Y  F     AOI22X1        1   2.8    61    57    1166    (-,-) 
  genblk2.pcpi_div_lte_2493_16_g1308/Y -       A1->Y  R     OAI22X1        1   2.9    66    54    1220    (-,-) 
  genblk2.pcpi_div_lte_2493_16_g1307/Y -       A1->Y  F     AOI22X1        1   2.8    61    57    1276    (-,-) 
  genblk2.pcpi_div_lte_2493_16_g1306/Y -       A1->Y  R     OAI22X1        1   2.9    66    54    1330    (-,-) 
  genblk2.pcpi_div_lte_2493_16_g1305/Y -       A1->Y  F     AOI22X1        1   2.8    61    57    1387    (-,-) 
  genblk2.pcpi_div_lte_2493_16_g1304/Y -       A1->Y  R     OAI22X1        1   2.9    66    54    1441    (-,-) 
  genblk2.pcpi_div_lte_2493_16_g1303/Y -       A1->Y  F     AOI22X1        1   2.8    61    57    1498    (-,-) 
  genblk2.pcpi_div_lte_2493_16_g1302/Y -       A1->Y  R     OAI22X1        1   2.9    66    54    1552    (-,-) 
  genblk2.pcpi_div_lte_2493_16_g1301/Y -       A1->Y  F     AOI22X1        1   2.8    61    57    1609    (-,-) 
  genblk2.pcpi_div_lte_2493_16_g1300/Y -       A1->Y  R     OAI22X1        1   2.9    66    54    1663    (-,-) 
  genblk2.pcpi_div_lte_2493_16_g1299/Y -       A1->Y  F     AOI22X1        1   2.8    61    57    1720    (-,-) 
  genblk2.pcpi_div_lte_2493_16_g1298/Y -       A1->Y  R     OAI22X1        1   2.9    66    54    1774    (-,-) 
  genblk2.pcpi_div_lte_2493_16_g1297/Y -       A1->Y  F     AOI22X1        1   2.6    59    55    1830    (-,-) 
  genblk2.pcpi_div_lte_2493_16_g1296/Y -       D->Y   F     OR4X1          1   2.6    27    69    1899    (-,-) 
  genblk2.pcpi_div_lte_2493_16_g1295/Y -       D->Y   F     OR4X1          1   2.6    27    63    1962    (-,-) 
  genblk2.pcpi_div_lte_2493_16_g1294/Y -       D->Y   F     OR4X1          1   2.6    27    63    2024    (-,-) 
  genblk2.pcpi_div_lte_2493_16_g1293/Y -       D->Y   F     OR4X1          1   2.6    27    63    2087    (-,-) 
  genblk2.pcpi_div_lte_2493_16_g1292/Y -       D->Y   F     OR4X1          1   2.6    27    63    2150    (-,-) 
  genblk2.pcpi_div_lte_2493_16_g1291/Y -       D->Y   F     OR4X1          1   2.6    27    63    2213    (-,-) 
  genblk2.pcpi_div_lte_2493_16_g1290/Y -       D->Y   F     OR4X1          1   2.8    28    64    2276    (-,-) 
  genblk2.pcpi_div_lte_2493_16_g1289/Y -       D->Y   R     NOR4X1         1   2.7    90    60    2336    (-,-) 
  genblk2.pcpi_div_lte_2493_16_g1288/Y -       A->Y   R     AND2X1         2   5.1    38    56    2392    (-,-) 
  g126656/Y                            -       A->Y   R     AND2X8        64 101.8   100    94    2486    (-,-) 
  g126555/Y                            -       A1->Y  R     AO22X1         1   2.8    24    66    2552    (-,-) 
  genblk2.pcpi_div_quotient_reg[30]/D  -       -      R     DFFHQX1        1     -     -     0    2552    (-,-) 
#---------------------------------------------------------------------------------------------------------------



Path 36: MET (1404 ps) Setup Check with Pin genblk2.pcpi_div_quotient_reg[29]/CK->D
          Group: C2C
     Startpoint: (R) genblk2.pcpi_div_divisor_reg[0]/CK
          Clock: (R) myclock
       Endpoint: (R) genblk2.pcpi_div_quotient_reg[29]/D
          Clock: (R) myclock

                     Capture       Launch     
        Clock Edge:+    4000            0     
       Src Latency:+       0            0     
       Net Latency:+       0 (I)        0 (I) 
           Arrival:=    4000            0     
                                              
             Setup:-      24                  
       Uncertainty:-      20                  
     Required Time:=    3956                  
      Launch Clock:-       0                  
         Data Path:-    2552                  
             Slack:=    1404                  

#---------------------------------------------------------------------------------------------------------------
#            Timing Point              Flags    Arc   Edge   Cell     Fanout  Load Trans Delay Arrival Instance 
#                                                                             (fF)  (ps)  (ps)   (ps)  Location 
#---------------------------------------------------------------------------------------------------------------
  genblk2.pcpi_div_divisor_reg[0]/CK   -       -      R     (arrival)   2050     -     0     0       0    (-,-) 
  genblk2.pcpi_div_divisor_reg[0]/Q    -       CK->Q  F     DFFHQX1        3   5.6    39    68      68    (-,-) 
  genblk2.pcpi_div_lte_2493_16_g1345/Y -       AN->Y  F     NOR2BX1        2   4.2    39    37     104    (-,-) 
  genblk2.pcpi_div_lte_2493_16_g1328/Y -       A1N->Y F     OAI2BB1X1      1   2.7    45    42     146    (-,-) 
  genblk2.pcpi_div_lte_2493_16_g1327/Y -       B0->Y  F     OA21X1         1   2.8    23    36     182    (-,-) 
  genblk2.pcpi_div_lte_2493_16_g1326/Y -       A1->Y  R     OAI22X1        1   2.9    61    42     223    (-,-) 
  genblk2.pcpi_div_lte_2493_16_g1325/Y -       A1->Y  F     AOI22X1        1   2.8    60    55     278    (-,-) 
  genblk2.pcpi_div_lte_2493_16_g1324/Y -       A1->Y  R     OAI22X1        1   2.9    66    54     332    (-,-) 
  genblk2.pcpi_div_lte_2493_16_g1323/Y -       A1->Y  F     AOI22X1        1   2.8    61    57     389    (-,-) 
  genblk2.pcpi_div_lte_2493_16_g1322/Y -       A1->Y  R     OAI22X1        1   2.9    66    54     443    (-,-) 
  genblk2.pcpi_div_lte_2493_16_g1321/Y -       A1->Y  F     AOI22X1        1   2.8    61    57     500    (-,-) 
  genblk2.pcpi_div_lte_2493_16_g1320/Y -       A1->Y  R     OAI22X1        1   2.9    66    54     554    (-,-) 
  genblk2.pcpi_div_lte_2493_16_g1319/Y -       A1->Y  F     AOI22X1        1   2.8    61    57     611    (-,-) 
  genblk2.pcpi_div_lte_2493_16_g1318/Y -       A1->Y  R     OAI22X1        1   2.9    66    54     665    (-,-) 
  genblk2.pcpi_div_lte_2493_16_g1317/Y -       A1->Y  F     AOI22X1        1   2.8    61    57     722    (-,-) 
  genblk2.pcpi_div_lte_2493_16_g1316/Y -       A1->Y  R     OAI22X1        1   2.9    66    54     776    (-,-) 
  genblk2.pcpi_div_lte_2493_16_g1315/Y -       A1->Y  F     AOI22X1        1   2.8    61    57     833    (-,-) 
  genblk2.pcpi_div_lte_2493_16_g1314/Y -       A1->Y  R     OAI22X1        1   2.9    66    54     887    (-,-) 
  genblk2.pcpi_div_lte_2493_16_g1313/Y -       A1->Y  F     AOI22X1        1   2.8    61    57     944    (-,-) 
  genblk2.pcpi_div_lte_2493_16_g1312/Y -       A1->Y  R     OAI22X1        1   2.9    66    54     998    (-,-) 
  genblk2.pcpi_div_lte_2493_16_g1311/Y -       A1->Y  F     AOI22X1        1   2.8    61    57    1055    (-,-) 
  genblk2.pcpi_div_lte_2493_16_g1310/Y -       A1->Y  R     OAI22X1        1   2.9    66    54    1109    (-,-) 
  genblk2.pcpi_div_lte_2493_16_g1309/Y -       A1->Y  F     AOI22X1        1   2.8    61    57    1166    (-,-) 
  genblk2.pcpi_div_lte_2493_16_g1308/Y -       A1->Y  R     OAI22X1        1   2.9    66    54    1220    (-,-) 
  genblk2.pcpi_div_lte_2493_16_g1307/Y -       A1->Y  F     AOI22X1        1   2.8    61    57    1276    (-,-) 
  genblk2.pcpi_div_lte_2493_16_g1306/Y -       A1->Y  R     OAI22X1        1   2.9    66    54    1330    (-,-) 
  genblk2.pcpi_div_lte_2493_16_g1305/Y -       A1->Y  F     AOI22X1        1   2.8    61    57    1387    (-,-) 
  genblk2.pcpi_div_lte_2493_16_g1304/Y -       A1->Y  R     OAI22X1        1   2.9    66    54    1441    (-,-) 
  genblk2.pcpi_div_lte_2493_16_g1303/Y -       A1->Y  F     AOI22X1        1   2.8    61    57    1498    (-,-) 
  genblk2.pcpi_div_lte_2493_16_g1302/Y -       A1->Y  R     OAI22X1        1   2.9    66    54    1552    (-,-) 
  genblk2.pcpi_div_lte_2493_16_g1301/Y -       A1->Y  F     AOI22X1        1   2.8    61    57    1609    (-,-) 
  genblk2.pcpi_div_lte_2493_16_g1300/Y -       A1->Y  R     OAI22X1        1   2.9    66    54    1663    (-,-) 
  genblk2.pcpi_div_lte_2493_16_g1299/Y -       A1->Y  F     AOI22X1        1   2.8    61    57    1720    (-,-) 
  genblk2.pcpi_div_lte_2493_16_g1298/Y -       A1->Y  R     OAI22X1        1   2.9    66    54    1774    (-,-) 
  genblk2.pcpi_div_lte_2493_16_g1297/Y -       A1->Y  F     AOI22X1        1   2.6    59    55    1830    (-,-) 
  genblk2.pcpi_div_lte_2493_16_g1296/Y -       D->Y   F     OR4X1          1   2.6    27    69    1899    (-,-) 
  genblk2.pcpi_div_lte_2493_16_g1295/Y -       D->Y   F     OR4X1          1   2.6    27    63    1962    (-,-) 
  genblk2.pcpi_div_lte_2493_16_g1294/Y -       D->Y   F     OR4X1          1   2.6    27    63    2024    (-,-) 
  genblk2.pcpi_div_lte_2493_16_g1293/Y -       D->Y   F     OR4X1          1   2.6    27    63    2087    (-,-) 
  genblk2.pcpi_div_lte_2493_16_g1292/Y -       D->Y   F     OR4X1          1   2.6    27    63    2150    (-,-) 
  genblk2.pcpi_div_lte_2493_16_g1291/Y -       D->Y   F     OR4X1          1   2.6    27    63    2213    (-,-) 
  genblk2.pcpi_div_lte_2493_16_g1290/Y -       D->Y   F     OR4X1          1   2.8    28    64    2276    (-,-) 
  genblk2.pcpi_div_lte_2493_16_g1289/Y -       D->Y   R     NOR4X1         1   2.7    90    60    2336    (-,-) 
  genblk2.pcpi_div_lte_2493_16_g1288/Y -       A->Y   R     AND2X1         2   5.1    38    56    2392    (-,-) 
  g126656/Y                            -       A->Y   R     AND2X8        64 101.8   100    94    2486    (-,-) 
  g126554/Y                            -       A1->Y  R     AO22X1         1   2.8    24    66    2552    (-,-) 
  genblk2.pcpi_div_quotient_reg[29]/D  -       -      R     DFFHQX1        1     -     -     0    2552    (-,-) 
#---------------------------------------------------------------------------------------------------------------



Path 37: MET (1404 ps) Setup Check with Pin genblk2.pcpi_div_quotient_reg[28]/CK->D
          Group: C2C
     Startpoint: (R) genblk2.pcpi_div_divisor_reg[0]/CK
          Clock: (R) myclock
       Endpoint: (R) genblk2.pcpi_div_quotient_reg[28]/D
          Clock: (R) myclock

                     Capture       Launch     
        Clock Edge:+    4000            0     
       Src Latency:+       0            0     
       Net Latency:+       0 (I)        0 (I) 
           Arrival:=    4000            0     
                                              
             Setup:-      24                  
       Uncertainty:-      20                  
     Required Time:=    3956                  
      Launch Clock:-       0                  
         Data Path:-    2552                  
             Slack:=    1404                  

#---------------------------------------------------------------------------------------------------------------
#            Timing Point              Flags    Arc   Edge   Cell     Fanout  Load Trans Delay Arrival Instance 
#                                                                             (fF)  (ps)  (ps)   (ps)  Location 
#---------------------------------------------------------------------------------------------------------------
  genblk2.pcpi_div_divisor_reg[0]/CK   -       -      R     (arrival)   2050     -     0     0       0    (-,-) 
  genblk2.pcpi_div_divisor_reg[0]/Q    -       CK->Q  F     DFFHQX1        3   5.6    39    68      68    (-,-) 
  genblk2.pcpi_div_lte_2493_16_g1345/Y -       AN->Y  F     NOR2BX1        2   4.2    39    37     104    (-,-) 
  genblk2.pcpi_div_lte_2493_16_g1328/Y -       A1N->Y F     OAI2BB1X1      1   2.7    45    42     146    (-,-) 
  genblk2.pcpi_div_lte_2493_16_g1327/Y -       B0->Y  F     OA21X1         1   2.8    23    36     182    (-,-) 
  genblk2.pcpi_div_lte_2493_16_g1326/Y -       A1->Y  R     OAI22X1        1   2.9    61    42     223    (-,-) 
  genblk2.pcpi_div_lte_2493_16_g1325/Y -       A1->Y  F     AOI22X1        1   2.8    60    55     278    (-,-) 
  genblk2.pcpi_div_lte_2493_16_g1324/Y -       A1->Y  R     OAI22X1        1   2.9    66    54     332    (-,-) 
  genblk2.pcpi_div_lte_2493_16_g1323/Y -       A1->Y  F     AOI22X1        1   2.8    61    57     389    (-,-) 
  genblk2.pcpi_div_lte_2493_16_g1322/Y -       A1->Y  R     OAI22X1        1   2.9    66    54     443    (-,-) 
  genblk2.pcpi_div_lte_2493_16_g1321/Y -       A1->Y  F     AOI22X1        1   2.8    61    57     500    (-,-) 
  genblk2.pcpi_div_lte_2493_16_g1320/Y -       A1->Y  R     OAI22X1        1   2.9    66    54     554    (-,-) 
  genblk2.pcpi_div_lte_2493_16_g1319/Y -       A1->Y  F     AOI22X1        1   2.8    61    57     611    (-,-) 
  genblk2.pcpi_div_lte_2493_16_g1318/Y -       A1->Y  R     OAI22X1        1   2.9    66    54     665    (-,-) 
  genblk2.pcpi_div_lte_2493_16_g1317/Y -       A1->Y  F     AOI22X1        1   2.8    61    57     722    (-,-) 
  genblk2.pcpi_div_lte_2493_16_g1316/Y -       A1->Y  R     OAI22X1        1   2.9    66    54     776    (-,-) 
  genblk2.pcpi_div_lte_2493_16_g1315/Y -       A1->Y  F     AOI22X1        1   2.8    61    57     833    (-,-) 
  genblk2.pcpi_div_lte_2493_16_g1314/Y -       A1->Y  R     OAI22X1        1   2.9    66    54     887    (-,-) 
  genblk2.pcpi_div_lte_2493_16_g1313/Y -       A1->Y  F     AOI22X1        1   2.8    61    57     944    (-,-) 
  genblk2.pcpi_div_lte_2493_16_g1312/Y -       A1->Y  R     OAI22X1        1   2.9    66    54     998    (-,-) 
  genblk2.pcpi_div_lte_2493_16_g1311/Y -       A1->Y  F     AOI22X1        1   2.8    61    57    1055    (-,-) 
  genblk2.pcpi_div_lte_2493_16_g1310/Y -       A1->Y  R     OAI22X1        1   2.9    66    54    1109    (-,-) 
  genblk2.pcpi_div_lte_2493_16_g1309/Y -       A1->Y  F     AOI22X1        1   2.8    61    57    1166    (-,-) 
  genblk2.pcpi_div_lte_2493_16_g1308/Y -       A1->Y  R     OAI22X1        1   2.9    66    54    1220    (-,-) 
  genblk2.pcpi_div_lte_2493_16_g1307/Y -       A1->Y  F     AOI22X1        1   2.8    61    57    1276    (-,-) 
  genblk2.pcpi_div_lte_2493_16_g1306/Y -       A1->Y  R     OAI22X1        1   2.9    66    54    1330    (-,-) 
  genblk2.pcpi_div_lte_2493_16_g1305/Y -       A1->Y  F     AOI22X1        1   2.8    61    57    1387    (-,-) 
  genblk2.pcpi_div_lte_2493_16_g1304/Y -       A1->Y  R     OAI22X1        1   2.9    66    54    1441    (-,-) 
  genblk2.pcpi_div_lte_2493_16_g1303/Y -       A1->Y  F     AOI22X1        1   2.8    61    57    1498    (-,-) 
  genblk2.pcpi_div_lte_2493_16_g1302/Y -       A1->Y  R     OAI22X1        1   2.9    66    54    1552    (-,-) 
  genblk2.pcpi_div_lte_2493_16_g1301/Y -       A1->Y  F     AOI22X1        1   2.8    61    57    1609    (-,-) 
  genblk2.pcpi_div_lte_2493_16_g1300/Y -       A1->Y  R     OAI22X1        1   2.9    66    54    1663    (-,-) 
  genblk2.pcpi_div_lte_2493_16_g1299/Y -       A1->Y  F     AOI22X1        1   2.8    61    57    1720    (-,-) 
  genblk2.pcpi_div_lte_2493_16_g1298/Y -       A1->Y  R     OAI22X1        1   2.9    66    54    1774    (-,-) 
  genblk2.pcpi_div_lte_2493_16_g1297/Y -       A1->Y  F     AOI22X1        1   2.6    59    55    1830    (-,-) 
  genblk2.pcpi_div_lte_2493_16_g1296/Y -       D->Y   F     OR4X1          1   2.6    27    69    1899    (-,-) 
  genblk2.pcpi_div_lte_2493_16_g1295/Y -       D->Y   F     OR4X1          1   2.6    27    63    1962    (-,-) 
  genblk2.pcpi_div_lte_2493_16_g1294/Y -       D->Y   F     OR4X1          1   2.6    27    63    2024    (-,-) 
  genblk2.pcpi_div_lte_2493_16_g1293/Y -       D->Y   F     OR4X1          1   2.6    27    63    2087    (-,-) 
  genblk2.pcpi_div_lte_2493_16_g1292/Y -       D->Y   F     OR4X1          1   2.6    27    63    2150    (-,-) 
  genblk2.pcpi_div_lte_2493_16_g1291/Y -       D->Y   F     OR4X1          1   2.6    27    63    2213    (-,-) 
  genblk2.pcpi_div_lte_2493_16_g1290/Y -       D->Y   F     OR4X1          1   2.8    28    64    2276    (-,-) 
  genblk2.pcpi_div_lte_2493_16_g1289/Y -       D->Y   R     NOR4X1         1   2.7    90    60    2336    (-,-) 
  genblk2.pcpi_div_lte_2493_16_g1288/Y -       A->Y   R     AND2X1         2   5.1    38    56    2392    (-,-) 
  g126656/Y                            -       A->Y   R     AND2X8        64 101.8   100    94    2486    (-,-) 
  g126556/Y                            -       A1->Y  R     AO22X1         1   2.8    24    66    2552    (-,-) 
  genblk2.pcpi_div_quotient_reg[28]/D  -       -      R     DFFHQX1        1     -     -     0    2552    (-,-) 
#---------------------------------------------------------------------------------------------------------------



Path 38: MET (1404 ps) Setup Check with Pin genblk2.pcpi_div_quotient_reg[27]/CK->D
          Group: C2C
     Startpoint: (R) genblk2.pcpi_div_divisor_reg[0]/CK
          Clock: (R) myclock
       Endpoint: (R) genblk2.pcpi_div_quotient_reg[27]/D
          Clock: (R) myclock

                     Capture       Launch     
        Clock Edge:+    4000            0     
       Src Latency:+       0            0     
       Net Latency:+       0 (I)        0 (I) 
           Arrival:=    4000            0     
                                              
             Setup:-      24                  
       Uncertainty:-      20                  
     Required Time:=    3956                  
      Launch Clock:-       0                  
         Data Path:-    2552                  
             Slack:=    1404                  

#---------------------------------------------------------------------------------------------------------------
#            Timing Point              Flags    Arc   Edge   Cell     Fanout  Load Trans Delay Arrival Instance 
#                                                                             (fF)  (ps)  (ps)   (ps)  Location 
#---------------------------------------------------------------------------------------------------------------
  genblk2.pcpi_div_divisor_reg[0]/CK   -       -      R     (arrival)   2050     -     0     0       0    (-,-) 
  genblk2.pcpi_div_divisor_reg[0]/Q    -       CK->Q  F     DFFHQX1        3   5.6    39    68      68    (-,-) 
  genblk2.pcpi_div_lte_2493_16_g1345/Y -       AN->Y  F     NOR2BX1        2   4.2    39    37     104    (-,-) 
  genblk2.pcpi_div_lte_2493_16_g1328/Y -       A1N->Y F     OAI2BB1X1      1   2.7    45    42     146    (-,-) 
  genblk2.pcpi_div_lte_2493_16_g1327/Y -       B0->Y  F     OA21X1         1   2.8    23    36     182    (-,-) 
  genblk2.pcpi_div_lte_2493_16_g1326/Y -       A1->Y  R     OAI22X1        1   2.9    61    42     223    (-,-) 
  genblk2.pcpi_div_lte_2493_16_g1325/Y -       A1->Y  F     AOI22X1        1   2.8    60    55     278    (-,-) 
  genblk2.pcpi_div_lte_2493_16_g1324/Y -       A1->Y  R     OAI22X1        1   2.9    66    54     332    (-,-) 
  genblk2.pcpi_div_lte_2493_16_g1323/Y -       A1->Y  F     AOI22X1        1   2.8    61    57     389    (-,-) 
  genblk2.pcpi_div_lte_2493_16_g1322/Y -       A1->Y  R     OAI22X1        1   2.9    66    54     443    (-,-) 
  genblk2.pcpi_div_lte_2493_16_g1321/Y -       A1->Y  F     AOI22X1        1   2.8    61    57     500    (-,-) 
  genblk2.pcpi_div_lte_2493_16_g1320/Y -       A1->Y  R     OAI22X1        1   2.9    66    54     554    (-,-) 
  genblk2.pcpi_div_lte_2493_16_g1319/Y -       A1->Y  F     AOI22X1        1   2.8    61    57     611    (-,-) 
  genblk2.pcpi_div_lte_2493_16_g1318/Y -       A1->Y  R     OAI22X1        1   2.9    66    54     665    (-,-) 
  genblk2.pcpi_div_lte_2493_16_g1317/Y -       A1->Y  F     AOI22X1        1   2.8    61    57     722    (-,-) 
  genblk2.pcpi_div_lte_2493_16_g1316/Y -       A1->Y  R     OAI22X1        1   2.9    66    54     776    (-,-) 
  genblk2.pcpi_div_lte_2493_16_g1315/Y -       A1->Y  F     AOI22X1        1   2.8    61    57     833    (-,-) 
  genblk2.pcpi_div_lte_2493_16_g1314/Y -       A1->Y  R     OAI22X1        1   2.9    66    54     887    (-,-) 
  genblk2.pcpi_div_lte_2493_16_g1313/Y -       A1->Y  F     AOI22X1        1   2.8    61    57     944    (-,-) 
  genblk2.pcpi_div_lte_2493_16_g1312/Y -       A1->Y  R     OAI22X1        1   2.9    66    54     998    (-,-) 
  genblk2.pcpi_div_lte_2493_16_g1311/Y -       A1->Y  F     AOI22X1        1   2.8    61    57    1055    (-,-) 
  genblk2.pcpi_div_lte_2493_16_g1310/Y -       A1->Y  R     OAI22X1        1   2.9    66    54    1109    (-,-) 
  genblk2.pcpi_div_lte_2493_16_g1309/Y -       A1->Y  F     AOI22X1        1   2.8    61    57    1166    (-,-) 
  genblk2.pcpi_div_lte_2493_16_g1308/Y -       A1->Y  R     OAI22X1        1   2.9    66    54    1220    (-,-) 
  genblk2.pcpi_div_lte_2493_16_g1307/Y -       A1->Y  F     AOI22X1        1   2.8    61    57    1276    (-,-) 
  genblk2.pcpi_div_lte_2493_16_g1306/Y -       A1->Y  R     OAI22X1        1   2.9    66    54    1330    (-,-) 
  genblk2.pcpi_div_lte_2493_16_g1305/Y -       A1->Y  F     AOI22X1        1   2.8    61    57    1387    (-,-) 
  genblk2.pcpi_div_lte_2493_16_g1304/Y -       A1->Y  R     OAI22X1        1   2.9    66    54    1441    (-,-) 
  genblk2.pcpi_div_lte_2493_16_g1303/Y -       A1->Y  F     AOI22X1        1   2.8    61    57    1498    (-,-) 
  genblk2.pcpi_div_lte_2493_16_g1302/Y -       A1->Y  R     OAI22X1        1   2.9    66    54    1552    (-,-) 
  genblk2.pcpi_div_lte_2493_16_g1301/Y -       A1->Y  F     AOI22X1        1   2.8    61    57    1609    (-,-) 
  genblk2.pcpi_div_lte_2493_16_g1300/Y -       A1->Y  R     OAI22X1        1   2.9    66    54    1663    (-,-) 
  genblk2.pcpi_div_lte_2493_16_g1299/Y -       A1->Y  F     AOI22X1        1   2.8    61    57    1720    (-,-) 
  genblk2.pcpi_div_lte_2493_16_g1298/Y -       A1->Y  R     OAI22X1        1   2.9    66    54    1774    (-,-) 
  genblk2.pcpi_div_lte_2493_16_g1297/Y -       A1->Y  F     AOI22X1        1   2.6    59    55    1830    (-,-) 
  genblk2.pcpi_div_lte_2493_16_g1296/Y -       D->Y   F     OR4X1          1   2.6    27    69    1899    (-,-) 
  genblk2.pcpi_div_lte_2493_16_g1295/Y -       D->Y   F     OR4X1          1   2.6    27    63    1962    (-,-) 
  genblk2.pcpi_div_lte_2493_16_g1294/Y -       D->Y   F     OR4X1          1   2.6    27    63    2024    (-,-) 
  genblk2.pcpi_div_lte_2493_16_g1293/Y -       D->Y   F     OR4X1          1   2.6    27    63    2087    (-,-) 
  genblk2.pcpi_div_lte_2493_16_g1292/Y -       D->Y   F     OR4X1          1   2.6    27    63    2150    (-,-) 
  genblk2.pcpi_div_lte_2493_16_g1291/Y -       D->Y   F     OR4X1          1   2.6    27    63    2213    (-,-) 
  genblk2.pcpi_div_lte_2493_16_g1290/Y -       D->Y   F     OR4X1          1   2.8    28    64    2276    (-,-) 
  genblk2.pcpi_div_lte_2493_16_g1289/Y -       D->Y   R     NOR4X1         1   2.7    90    60    2336    (-,-) 
  genblk2.pcpi_div_lte_2493_16_g1288/Y -       A->Y   R     AND2X1         2   5.1    38    56    2392    (-,-) 
  g126656/Y                            -       A->Y   R     AND2X8        64 101.8   100    94    2486    (-,-) 
  g126553/Y                            -       A1->Y  R     AO22X1         1   2.8    24    66    2552    (-,-) 
  genblk2.pcpi_div_quotient_reg[27]/D  -       -      R     DFFHQX1        1     -     -     0    2552    (-,-) 
#---------------------------------------------------------------------------------------------------------------



Path 39: MET (1404 ps) Setup Check with Pin genblk2.pcpi_div_quotient_reg[26]/CK->D
          Group: C2C
     Startpoint: (R) genblk2.pcpi_div_divisor_reg[0]/CK
          Clock: (R) myclock
       Endpoint: (R) genblk2.pcpi_div_quotient_reg[26]/D
          Clock: (R) myclock

                     Capture       Launch     
        Clock Edge:+    4000            0     
       Src Latency:+       0            0     
       Net Latency:+       0 (I)        0 (I) 
           Arrival:=    4000            0     
                                              
             Setup:-      24                  
       Uncertainty:-      20                  
     Required Time:=    3956                  
      Launch Clock:-       0                  
         Data Path:-    2552                  
             Slack:=    1404                  

#---------------------------------------------------------------------------------------------------------------
#            Timing Point              Flags    Arc   Edge   Cell     Fanout  Load Trans Delay Arrival Instance 
#                                                                             (fF)  (ps)  (ps)   (ps)  Location 
#---------------------------------------------------------------------------------------------------------------
  genblk2.pcpi_div_divisor_reg[0]/CK   -       -      R     (arrival)   2050     -     0     0       0    (-,-) 
  genblk2.pcpi_div_divisor_reg[0]/Q    -       CK->Q  F     DFFHQX1        3   5.6    39    68      68    (-,-) 
  genblk2.pcpi_div_lte_2493_16_g1345/Y -       AN->Y  F     NOR2BX1        2   4.2    39    37     104    (-,-) 
  genblk2.pcpi_div_lte_2493_16_g1328/Y -       A1N->Y F     OAI2BB1X1      1   2.7    45    42     146    (-,-) 
  genblk2.pcpi_div_lte_2493_16_g1327/Y -       B0->Y  F     OA21X1         1   2.8    23    36     182    (-,-) 
  genblk2.pcpi_div_lte_2493_16_g1326/Y -       A1->Y  R     OAI22X1        1   2.9    61    42     223    (-,-) 
  genblk2.pcpi_div_lte_2493_16_g1325/Y -       A1->Y  F     AOI22X1        1   2.8    60    55     278    (-,-) 
  genblk2.pcpi_div_lte_2493_16_g1324/Y -       A1->Y  R     OAI22X1        1   2.9    66    54     332    (-,-) 
  genblk2.pcpi_div_lte_2493_16_g1323/Y -       A1->Y  F     AOI22X1        1   2.8    61    57     389    (-,-) 
  genblk2.pcpi_div_lte_2493_16_g1322/Y -       A1->Y  R     OAI22X1        1   2.9    66    54     443    (-,-) 
  genblk2.pcpi_div_lte_2493_16_g1321/Y -       A1->Y  F     AOI22X1        1   2.8    61    57     500    (-,-) 
  genblk2.pcpi_div_lte_2493_16_g1320/Y -       A1->Y  R     OAI22X1        1   2.9    66    54     554    (-,-) 
  genblk2.pcpi_div_lte_2493_16_g1319/Y -       A1->Y  F     AOI22X1        1   2.8    61    57     611    (-,-) 
  genblk2.pcpi_div_lte_2493_16_g1318/Y -       A1->Y  R     OAI22X1        1   2.9    66    54     665    (-,-) 
  genblk2.pcpi_div_lte_2493_16_g1317/Y -       A1->Y  F     AOI22X1        1   2.8    61    57     722    (-,-) 
  genblk2.pcpi_div_lte_2493_16_g1316/Y -       A1->Y  R     OAI22X1        1   2.9    66    54     776    (-,-) 
  genblk2.pcpi_div_lte_2493_16_g1315/Y -       A1->Y  F     AOI22X1        1   2.8    61    57     833    (-,-) 
  genblk2.pcpi_div_lte_2493_16_g1314/Y -       A1->Y  R     OAI22X1        1   2.9    66    54     887    (-,-) 
  genblk2.pcpi_div_lte_2493_16_g1313/Y -       A1->Y  F     AOI22X1        1   2.8    61    57     944    (-,-) 
  genblk2.pcpi_div_lte_2493_16_g1312/Y -       A1->Y  R     OAI22X1        1   2.9    66    54     998    (-,-) 
  genblk2.pcpi_div_lte_2493_16_g1311/Y -       A1->Y  F     AOI22X1        1   2.8    61    57    1055    (-,-) 
  genblk2.pcpi_div_lte_2493_16_g1310/Y -       A1->Y  R     OAI22X1        1   2.9    66    54    1109    (-,-) 
  genblk2.pcpi_div_lte_2493_16_g1309/Y -       A1->Y  F     AOI22X1        1   2.8    61    57    1166    (-,-) 
  genblk2.pcpi_div_lte_2493_16_g1308/Y -       A1->Y  R     OAI22X1        1   2.9    66    54    1220    (-,-) 
  genblk2.pcpi_div_lte_2493_16_g1307/Y -       A1->Y  F     AOI22X1        1   2.8    61    57    1276    (-,-) 
  genblk2.pcpi_div_lte_2493_16_g1306/Y -       A1->Y  R     OAI22X1        1   2.9    66    54    1330    (-,-) 
  genblk2.pcpi_div_lte_2493_16_g1305/Y -       A1->Y  F     AOI22X1        1   2.8    61    57    1387    (-,-) 
  genblk2.pcpi_div_lte_2493_16_g1304/Y -       A1->Y  R     OAI22X1        1   2.9    66    54    1441    (-,-) 
  genblk2.pcpi_div_lte_2493_16_g1303/Y -       A1->Y  F     AOI22X1        1   2.8    61    57    1498    (-,-) 
  genblk2.pcpi_div_lte_2493_16_g1302/Y -       A1->Y  R     OAI22X1        1   2.9    66    54    1552    (-,-) 
  genblk2.pcpi_div_lte_2493_16_g1301/Y -       A1->Y  F     AOI22X1        1   2.8    61    57    1609    (-,-) 
  genblk2.pcpi_div_lte_2493_16_g1300/Y -       A1->Y  R     OAI22X1        1   2.9    66    54    1663    (-,-) 
  genblk2.pcpi_div_lte_2493_16_g1299/Y -       A1->Y  F     AOI22X1        1   2.8    61    57    1720    (-,-) 
  genblk2.pcpi_div_lte_2493_16_g1298/Y -       A1->Y  R     OAI22X1        1   2.9    66    54    1774    (-,-) 
  genblk2.pcpi_div_lte_2493_16_g1297/Y -       A1->Y  F     AOI22X1        1   2.6    59    55    1830    (-,-) 
  genblk2.pcpi_div_lte_2493_16_g1296/Y -       D->Y   F     OR4X1          1   2.6    27    69    1899    (-,-) 
  genblk2.pcpi_div_lte_2493_16_g1295/Y -       D->Y   F     OR4X1          1   2.6    27    63    1962    (-,-) 
  genblk2.pcpi_div_lte_2493_16_g1294/Y -       D->Y   F     OR4X1          1   2.6    27    63    2024    (-,-) 
  genblk2.pcpi_div_lte_2493_16_g1293/Y -       D->Y   F     OR4X1          1   2.6    27    63    2087    (-,-) 
  genblk2.pcpi_div_lte_2493_16_g1292/Y -       D->Y   F     OR4X1          1   2.6    27    63    2150    (-,-) 
  genblk2.pcpi_div_lte_2493_16_g1291/Y -       D->Y   F     OR4X1          1   2.6    27    63    2213    (-,-) 
  genblk2.pcpi_div_lte_2493_16_g1290/Y -       D->Y   F     OR4X1          1   2.8    28    64    2276    (-,-) 
  genblk2.pcpi_div_lte_2493_16_g1289/Y -       D->Y   R     NOR4X1         1   2.7    90    60    2336    (-,-) 
  genblk2.pcpi_div_lte_2493_16_g1288/Y -       A->Y   R     AND2X1         2   5.1    38    56    2392    (-,-) 
  g126656/Y                            -       A->Y   R     AND2X8        64 101.8   100    94    2486    (-,-) 
  g126552/Y                            -       A1->Y  R     AO22X1         1   2.8    24    66    2552    (-,-) 
  genblk2.pcpi_div_quotient_reg[26]/D  -       -      R     DFFHQX1        1     -     -     0    2552    (-,-) 
#---------------------------------------------------------------------------------------------------------------



Path 40: MET (1404 ps) Setup Check with Pin genblk2.pcpi_div_quotient_reg[25]/CK->D
          Group: C2C
     Startpoint: (R) genblk2.pcpi_div_divisor_reg[0]/CK
          Clock: (R) myclock
       Endpoint: (R) genblk2.pcpi_div_quotient_reg[25]/D
          Clock: (R) myclock

                     Capture       Launch     
        Clock Edge:+    4000            0     
       Src Latency:+       0            0     
       Net Latency:+       0 (I)        0 (I) 
           Arrival:=    4000            0     
                                              
             Setup:-      24                  
       Uncertainty:-      20                  
     Required Time:=    3956                  
      Launch Clock:-       0                  
         Data Path:-    2552                  
             Slack:=    1404                  

#---------------------------------------------------------------------------------------------------------------
#            Timing Point              Flags    Arc   Edge   Cell     Fanout  Load Trans Delay Arrival Instance 
#                                                                             (fF)  (ps)  (ps)   (ps)  Location 
#---------------------------------------------------------------------------------------------------------------
  genblk2.pcpi_div_divisor_reg[0]/CK   -       -      R     (arrival)   2050     -     0     0       0    (-,-) 
  genblk2.pcpi_div_divisor_reg[0]/Q    -       CK->Q  F     DFFHQX1        3   5.6    39    68      68    (-,-) 
  genblk2.pcpi_div_lte_2493_16_g1345/Y -       AN->Y  F     NOR2BX1        2   4.2    39    37     104    (-,-) 
  genblk2.pcpi_div_lte_2493_16_g1328/Y -       A1N->Y F     OAI2BB1X1      1   2.7    45    42     146    (-,-) 
  genblk2.pcpi_div_lte_2493_16_g1327/Y -       B0->Y  F     OA21X1         1   2.8    23    36     182    (-,-) 
  genblk2.pcpi_div_lte_2493_16_g1326/Y -       A1->Y  R     OAI22X1        1   2.9    61    42     223    (-,-) 
  genblk2.pcpi_div_lte_2493_16_g1325/Y -       A1->Y  F     AOI22X1        1   2.8    60    55     278    (-,-) 
  genblk2.pcpi_div_lte_2493_16_g1324/Y -       A1->Y  R     OAI22X1        1   2.9    66    54     332    (-,-) 
  genblk2.pcpi_div_lte_2493_16_g1323/Y -       A1->Y  F     AOI22X1        1   2.8    61    57     389    (-,-) 
  genblk2.pcpi_div_lte_2493_16_g1322/Y -       A1->Y  R     OAI22X1        1   2.9    66    54     443    (-,-) 
  genblk2.pcpi_div_lte_2493_16_g1321/Y -       A1->Y  F     AOI22X1        1   2.8    61    57     500    (-,-) 
  genblk2.pcpi_div_lte_2493_16_g1320/Y -       A1->Y  R     OAI22X1        1   2.9    66    54     554    (-,-) 
  genblk2.pcpi_div_lte_2493_16_g1319/Y -       A1->Y  F     AOI22X1        1   2.8    61    57     611    (-,-) 
  genblk2.pcpi_div_lte_2493_16_g1318/Y -       A1->Y  R     OAI22X1        1   2.9    66    54     665    (-,-) 
  genblk2.pcpi_div_lte_2493_16_g1317/Y -       A1->Y  F     AOI22X1        1   2.8    61    57     722    (-,-) 
  genblk2.pcpi_div_lte_2493_16_g1316/Y -       A1->Y  R     OAI22X1        1   2.9    66    54     776    (-,-) 
  genblk2.pcpi_div_lte_2493_16_g1315/Y -       A1->Y  F     AOI22X1        1   2.8    61    57     833    (-,-) 
  genblk2.pcpi_div_lte_2493_16_g1314/Y -       A1->Y  R     OAI22X1        1   2.9    66    54     887    (-,-) 
  genblk2.pcpi_div_lte_2493_16_g1313/Y -       A1->Y  F     AOI22X1        1   2.8    61    57     944    (-,-) 
  genblk2.pcpi_div_lte_2493_16_g1312/Y -       A1->Y  R     OAI22X1        1   2.9    66    54     998    (-,-) 
  genblk2.pcpi_div_lte_2493_16_g1311/Y -       A1->Y  F     AOI22X1        1   2.8    61    57    1055    (-,-) 
  genblk2.pcpi_div_lte_2493_16_g1310/Y -       A1->Y  R     OAI22X1        1   2.9    66    54    1109    (-,-) 
  genblk2.pcpi_div_lte_2493_16_g1309/Y -       A1->Y  F     AOI22X1        1   2.8    61    57    1166    (-,-) 
  genblk2.pcpi_div_lte_2493_16_g1308/Y -       A1->Y  R     OAI22X1        1   2.9    66    54    1220    (-,-) 
  genblk2.pcpi_div_lte_2493_16_g1307/Y -       A1->Y  F     AOI22X1        1   2.8    61    57    1276    (-,-) 
  genblk2.pcpi_div_lte_2493_16_g1306/Y -       A1->Y  R     OAI22X1        1   2.9    66    54    1330    (-,-) 
  genblk2.pcpi_div_lte_2493_16_g1305/Y -       A1->Y  F     AOI22X1        1   2.8    61    57    1387    (-,-) 
  genblk2.pcpi_div_lte_2493_16_g1304/Y -       A1->Y  R     OAI22X1        1   2.9    66    54    1441    (-,-) 
  genblk2.pcpi_div_lte_2493_16_g1303/Y -       A1->Y  F     AOI22X1        1   2.8    61    57    1498    (-,-) 
  genblk2.pcpi_div_lte_2493_16_g1302/Y -       A1->Y  R     OAI22X1        1   2.9    66    54    1552    (-,-) 
  genblk2.pcpi_div_lte_2493_16_g1301/Y -       A1->Y  F     AOI22X1        1   2.8    61    57    1609    (-,-) 
  genblk2.pcpi_div_lte_2493_16_g1300/Y -       A1->Y  R     OAI22X1        1   2.9    66    54    1663    (-,-) 
  genblk2.pcpi_div_lte_2493_16_g1299/Y -       A1->Y  F     AOI22X1        1   2.8    61    57    1720    (-,-) 
  genblk2.pcpi_div_lte_2493_16_g1298/Y -       A1->Y  R     OAI22X1        1   2.9    66    54    1774    (-,-) 
  genblk2.pcpi_div_lte_2493_16_g1297/Y -       A1->Y  F     AOI22X1        1   2.6    59    55    1830    (-,-) 
  genblk2.pcpi_div_lte_2493_16_g1296/Y -       D->Y   F     OR4X1          1   2.6    27    69    1899    (-,-) 
  genblk2.pcpi_div_lte_2493_16_g1295/Y -       D->Y   F     OR4X1          1   2.6    27    63    1962    (-,-) 
  genblk2.pcpi_div_lte_2493_16_g1294/Y -       D->Y   F     OR4X1          1   2.6    27    63    2024    (-,-) 
  genblk2.pcpi_div_lte_2493_16_g1293/Y -       D->Y   F     OR4X1          1   2.6    27    63    2087    (-,-) 
  genblk2.pcpi_div_lte_2493_16_g1292/Y -       D->Y   F     OR4X1          1   2.6    27    63    2150    (-,-) 
  genblk2.pcpi_div_lte_2493_16_g1291/Y -       D->Y   F     OR4X1          1   2.6    27    63    2213    (-,-) 
  genblk2.pcpi_div_lte_2493_16_g1290/Y -       D->Y   F     OR4X1          1   2.8    28    64    2276    (-,-) 
  genblk2.pcpi_div_lte_2493_16_g1289/Y -       D->Y   R     NOR4X1         1   2.7    90    60    2336    (-,-) 
  genblk2.pcpi_div_lte_2493_16_g1288/Y -       A->Y   R     AND2X1         2   5.1    38    56    2392    (-,-) 
  g126656/Y                            -       A->Y   R     AND2X8        64 101.8   100    94    2486    (-,-) 
  g126551/Y                            -       A1->Y  R     AO22X1         1   2.8    24    66    2552    (-,-) 
  genblk2.pcpi_div_quotient_reg[25]/D  -       -      R     DFFHQX1        1     -     -     0    2552    (-,-) 
#---------------------------------------------------------------------------------------------------------------



Path 41: MET (1404 ps) Setup Check with Pin genblk2.pcpi_div_quotient_reg[24]/CK->D
          Group: C2C
     Startpoint: (R) genblk2.pcpi_div_divisor_reg[0]/CK
          Clock: (R) myclock
       Endpoint: (R) genblk2.pcpi_div_quotient_reg[24]/D
          Clock: (R) myclock

                     Capture       Launch     
        Clock Edge:+    4000            0     
       Src Latency:+       0            0     
       Net Latency:+       0 (I)        0 (I) 
           Arrival:=    4000            0     
                                              
             Setup:-      24                  
       Uncertainty:-      20                  
     Required Time:=    3956                  
      Launch Clock:-       0                  
         Data Path:-    2552                  
             Slack:=    1404                  

#---------------------------------------------------------------------------------------------------------------
#            Timing Point              Flags    Arc   Edge   Cell     Fanout  Load Trans Delay Arrival Instance 
#                                                                             (fF)  (ps)  (ps)   (ps)  Location 
#---------------------------------------------------------------------------------------------------------------
  genblk2.pcpi_div_divisor_reg[0]/CK   -       -      R     (arrival)   2050     -     0     0       0    (-,-) 
  genblk2.pcpi_div_divisor_reg[0]/Q    -       CK->Q  F     DFFHQX1        3   5.6    39    68      68    (-,-) 
  genblk2.pcpi_div_lte_2493_16_g1345/Y -       AN->Y  F     NOR2BX1        2   4.2    39    37     104    (-,-) 
  genblk2.pcpi_div_lte_2493_16_g1328/Y -       A1N->Y F     OAI2BB1X1      1   2.7    45    42     146    (-,-) 
  genblk2.pcpi_div_lte_2493_16_g1327/Y -       B0->Y  F     OA21X1         1   2.8    23    36     182    (-,-) 
  genblk2.pcpi_div_lte_2493_16_g1326/Y -       A1->Y  R     OAI22X1        1   2.9    61    42     223    (-,-) 
  genblk2.pcpi_div_lte_2493_16_g1325/Y -       A1->Y  F     AOI22X1        1   2.8    60    55     278    (-,-) 
  genblk2.pcpi_div_lte_2493_16_g1324/Y -       A1->Y  R     OAI22X1        1   2.9    66    54     332    (-,-) 
  genblk2.pcpi_div_lte_2493_16_g1323/Y -       A1->Y  F     AOI22X1        1   2.8    61    57     389    (-,-) 
  genblk2.pcpi_div_lte_2493_16_g1322/Y -       A1->Y  R     OAI22X1        1   2.9    66    54     443    (-,-) 
  genblk2.pcpi_div_lte_2493_16_g1321/Y -       A1->Y  F     AOI22X1        1   2.8    61    57     500    (-,-) 
  genblk2.pcpi_div_lte_2493_16_g1320/Y -       A1->Y  R     OAI22X1        1   2.9    66    54     554    (-,-) 
  genblk2.pcpi_div_lte_2493_16_g1319/Y -       A1->Y  F     AOI22X1        1   2.8    61    57     611    (-,-) 
  genblk2.pcpi_div_lte_2493_16_g1318/Y -       A1->Y  R     OAI22X1        1   2.9    66    54     665    (-,-) 
  genblk2.pcpi_div_lte_2493_16_g1317/Y -       A1->Y  F     AOI22X1        1   2.8    61    57     722    (-,-) 
  genblk2.pcpi_div_lte_2493_16_g1316/Y -       A1->Y  R     OAI22X1        1   2.9    66    54     776    (-,-) 
  genblk2.pcpi_div_lte_2493_16_g1315/Y -       A1->Y  F     AOI22X1        1   2.8    61    57     833    (-,-) 
  genblk2.pcpi_div_lte_2493_16_g1314/Y -       A1->Y  R     OAI22X1        1   2.9    66    54     887    (-,-) 
  genblk2.pcpi_div_lte_2493_16_g1313/Y -       A1->Y  F     AOI22X1        1   2.8    61    57     944    (-,-) 
  genblk2.pcpi_div_lte_2493_16_g1312/Y -       A1->Y  R     OAI22X1        1   2.9    66    54     998    (-,-) 
  genblk2.pcpi_div_lte_2493_16_g1311/Y -       A1->Y  F     AOI22X1        1   2.8    61    57    1055    (-,-) 
  genblk2.pcpi_div_lte_2493_16_g1310/Y -       A1->Y  R     OAI22X1        1   2.9    66    54    1109    (-,-) 
  genblk2.pcpi_div_lte_2493_16_g1309/Y -       A1->Y  F     AOI22X1        1   2.8    61    57    1166    (-,-) 
  genblk2.pcpi_div_lte_2493_16_g1308/Y -       A1->Y  R     OAI22X1        1   2.9    66    54    1220    (-,-) 
  genblk2.pcpi_div_lte_2493_16_g1307/Y -       A1->Y  F     AOI22X1        1   2.8    61    57    1276    (-,-) 
  genblk2.pcpi_div_lte_2493_16_g1306/Y -       A1->Y  R     OAI22X1        1   2.9    66    54    1330    (-,-) 
  genblk2.pcpi_div_lte_2493_16_g1305/Y -       A1->Y  F     AOI22X1        1   2.8    61    57    1387    (-,-) 
  genblk2.pcpi_div_lte_2493_16_g1304/Y -       A1->Y  R     OAI22X1        1   2.9    66    54    1441    (-,-) 
  genblk2.pcpi_div_lte_2493_16_g1303/Y -       A1->Y  F     AOI22X1        1   2.8    61    57    1498    (-,-) 
  genblk2.pcpi_div_lte_2493_16_g1302/Y -       A1->Y  R     OAI22X1        1   2.9    66    54    1552    (-,-) 
  genblk2.pcpi_div_lte_2493_16_g1301/Y -       A1->Y  F     AOI22X1        1   2.8    61    57    1609    (-,-) 
  genblk2.pcpi_div_lte_2493_16_g1300/Y -       A1->Y  R     OAI22X1        1   2.9    66    54    1663    (-,-) 
  genblk2.pcpi_div_lte_2493_16_g1299/Y -       A1->Y  F     AOI22X1        1   2.8    61    57    1720    (-,-) 
  genblk2.pcpi_div_lte_2493_16_g1298/Y -       A1->Y  R     OAI22X1        1   2.9    66    54    1774    (-,-) 
  genblk2.pcpi_div_lte_2493_16_g1297/Y -       A1->Y  F     AOI22X1        1   2.6    59    55    1830    (-,-) 
  genblk2.pcpi_div_lte_2493_16_g1296/Y -       D->Y   F     OR4X1          1   2.6    27    69    1899    (-,-) 
  genblk2.pcpi_div_lte_2493_16_g1295/Y -       D->Y   F     OR4X1          1   2.6    27    63    1962    (-,-) 
  genblk2.pcpi_div_lte_2493_16_g1294/Y -       D->Y   F     OR4X1          1   2.6    27    63    2024    (-,-) 
  genblk2.pcpi_div_lte_2493_16_g1293/Y -       D->Y   F     OR4X1          1   2.6    27    63    2087    (-,-) 
  genblk2.pcpi_div_lte_2493_16_g1292/Y -       D->Y   F     OR4X1          1   2.6    27    63    2150    (-,-) 
  genblk2.pcpi_div_lte_2493_16_g1291/Y -       D->Y   F     OR4X1          1   2.6    27    63    2213    (-,-) 
  genblk2.pcpi_div_lte_2493_16_g1290/Y -       D->Y   F     OR4X1          1   2.8    28    64    2276    (-,-) 
  genblk2.pcpi_div_lte_2493_16_g1289/Y -       D->Y   R     NOR4X1         1   2.7    90    60    2336    (-,-) 
  genblk2.pcpi_div_lte_2493_16_g1288/Y -       A->Y   R     AND2X1         2   5.1    38    56    2392    (-,-) 
  g126656/Y                            -       A->Y   R     AND2X8        64 101.8   100    94    2486    (-,-) 
  g126550/Y                            -       A1->Y  R     AO22X1         1   2.8    24    66    2552    (-,-) 
  genblk2.pcpi_div_quotient_reg[24]/D  -       -      R     DFFHQX1        1     -     -     0    2552    (-,-) 
#---------------------------------------------------------------------------------------------------------------



Path 42: MET (1404 ps) Setup Check with Pin genblk2.pcpi_div_quotient_reg[23]/CK->D
          Group: C2C
     Startpoint: (R) genblk2.pcpi_div_divisor_reg[0]/CK
          Clock: (R) myclock
       Endpoint: (R) genblk2.pcpi_div_quotient_reg[23]/D
          Clock: (R) myclock

                     Capture       Launch     
        Clock Edge:+    4000            0     
       Src Latency:+       0            0     
       Net Latency:+       0 (I)        0 (I) 
           Arrival:=    4000            0     
                                              
             Setup:-      24                  
       Uncertainty:-      20                  
     Required Time:=    3956                  
      Launch Clock:-       0                  
         Data Path:-    2552                  
             Slack:=    1404                  

#---------------------------------------------------------------------------------------------------------------
#            Timing Point              Flags    Arc   Edge   Cell     Fanout  Load Trans Delay Arrival Instance 
#                                                                             (fF)  (ps)  (ps)   (ps)  Location 
#---------------------------------------------------------------------------------------------------------------
  genblk2.pcpi_div_divisor_reg[0]/CK   -       -      R     (arrival)   2050     -     0     0       0    (-,-) 
  genblk2.pcpi_div_divisor_reg[0]/Q    -       CK->Q  F     DFFHQX1        3   5.6    39    68      68    (-,-) 
  genblk2.pcpi_div_lte_2493_16_g1345/Y -       AN->Y  F     NOR2BX1        2   4.2    39    37     104    (-,-) 
  genblk2.pcpi_div_lte_2493_16_g1328/Y -       A1N->Y F     OAI2BB1X1      1   2.7    45    42     146    (-,-) 
  genblk2.pcpi_div_lte_2493_16_g1327/Y -       B0->Y  F     OA21X1         1   2.8    23    36     182    (-,-) 
  genblk2.pcpi_div_lte_2493_16_g1326/Y -       A1->Y  R     OAI22X1        1   2.9    61    42     223    (-,-) 
  genblk2.pcpi_div_lte_2493_16_g1325/Y -       A1->Y  F     AOI22X1        1   2.8    60    55     278    (-,-) 
  genblk2.pcpi_div_lte_2493_16_g1324/Y -       A1->Y  R     OAI22X1        1   2.9    66    54     332    (-,-) 
  genblk2.pcpi_div_lte_2493_16_g1323/Y -       A1->Y  F     AOI22X1        1   2.8    61    57     389    (-,-) 
  genblk2.pcpi_div_lte_2493_16_g1322/Y -       A1->Y  R     OAI22X1        1   2.9    66    54     443    (-,-) 
  genblk2.pcpi_div_lte_2493_16_g1321/Y -       A1->Y  F     AOI22X1        1   2.8    61    57     500    (-,-) 
  genblk2.pcpi_div_lte_2493_16_g1320/Y -       A1->Y  R     OAI22X1        1   2.9    66    54     554    (-,-) 
  genblk2.pcpi_div_lte_2493_16_g1319/Y -       A1->Y  F     AOI22X1        1   2.8    61    57     611    (-,-) 
  genblk2.pcpi_div_lte_2493_16_g1318/Y -       A1->Y  R     OAI22X1        1   2.9    66    54     665    (-,-) 
  genblk2.pcpi_div_lte_2493_16_g1317/Y -       A1->Y  F     AOI22X1        1   2.8    61    57     722    (-,-) 
  genblk2.pcpi_div_lte_2493_16_g1316/Y -       A1->Y  R     OAI22X1        1   2.9    66    54     776    (-,-) 
  genblk2.pcpi_div_lte_2493_16_g1315/Y -       A1->Y  F     AOI22X1        1   2.8    61    57     833    (-,-) 
  genblk2.pcpi_div_lte_2493_16_g1314/Y -       A1->Y  R     OAI22X1        1   2.9    66    54     887    (-,-) 
  genblk2.pcpi_div_lte_2493_16_g1313/Y -       A1->Y  F     AOI22X1        1   2.8    61    57     944    (-,-) 
  genblk2.pcpi_div_lte_2493_16_g1312/Y -       A1->Y  R     OAI22X1        1   2.9    66    54     998    (-,-) 
  genblk2.pcpi_div_lte_2493_16_g1311/Y -       A1->Y  F     AOI22X1        1   2.8    61    57    1055    (-,-) 
  genblk2.pcpi_div_lte_2493_16_g1310/Y -       A1->Y  R     OAI22X1        1   2.9    66    54    1109    (-,-) 
  genblk2.pcpi_div_lte_2493_16_g1309/Y -       A1->Y  F     AOI22X1        1   2.8    61    57    1166    (-,-) 
  genblk2.pcpi_div_lte_2493_16_g1308/Y -       A1->Y  R     OAI22X1        1   2.9    66    54    1220    (-,-) 
  genblk2.pcpi_div_lte_2493_16_g1307/Y -       A1->Y  F     AOI22X1        1   2.8    61    57    1276    (-,-) 
  genblk2.pcpi_div_lte_2493_16_g1306/Y -       A1->Y  R     OAI22X1        1   2.9    66    54    1330    (-,-) 
  genblk2.pcpi_div_lte_2493_16_g1305/Y -       A1->Y  F     AOI22X1        1   2.8    61    57    1387    (-,-) 
  genblk2.pcpi_div_lte_2493_16_g1304/Y -       A1->Y  R     OAI22X1        1   2.9    66    54    1441    (-,-) 
  genblk2.pcpi_div_lte_2493_16_g1303/Y -       A1->Y  F     AOI22X1        1   2.8    61    57    1498    (-,-) 
  genblk2.pcpi_div_lte_2493_16_g1302/Y -       A1->Y  R     OAI22X1        1   2.9    66    54    1552    (-,-) 
  genblk2.pcpi_div_lte_2493_16_g1301/Y -       A1->Y  F     AOI22X1        1   2.8    61    57    1609    (-,-) 
  genblk2.pcpi_div_lte_2493_16_g1300/Y -       A1->Y  R     OAI22X1        1   2.9    66    54    1663    (-,-) 
  genblk2.pcpi_div_lte_2493_16_g1299/Y -       A1->Y  F     AOI22X1        1   2.8    61    57    1720    (-,-) 
  genblk2.pcpi_div_lte_2493_16_g1298/Y -       A1->Y  R     OAI22X1        1   2.9    66    54    1774    (-,-) 
  genblk2.pcpi_div_lte_2493_16_g1297/Y -       A1->Y  F     AOI22X1        1   2.6    59    55    1830    (-,-) 
  genblk2.pcpi_div_lte_2493_16_g1296/Y -       D->Y   F     OR4X1          1   2.6    27    69    1899    (-,-) 
  genblk2.pcpi_div_lte_2493_16_g1295/Y -       D->Y   F     OR4X1          1   2.6    27    63    1962    (-,-) 
  genblk2.pcpi_div_lte_2493_16_g1294/Y -       D->Y   F     OR4X1          1   2.6    27    63    2024    (-,-) 
  genblk2.pcpi_div_lte_2493_16_g1293/Y -       D->Y   F     OR4X1          1   2.6    27    63    2087    (-,-) 
  genblk2.pcpi_div_lte_2493_16_g1292/Y -       D->Y   F     OR4X1          1   2.6    27    63    2150    (-,-) 
  genblk2.pcpi_div_lte_2493_16_g1291/Y -       D->Y   F     OR4X1          1   2.6    27    63    2213    (-,-) 
  genblk2.pcpi_div_lte_2493_16_g1290/Y -       D->Y   F     OR4X1          1   2.8    28    64    2276    (-,-) 
  genblk2.pcpi_div_lte_2493_16_g1289/Y -       D->Y   R     NOR4X1         1   2.7    90    60    2336    (-,-) 
  genblk2.pcpi_div_lte_2493_16_g1288/Y -       A->Y   R     AND2X1         2   5.1    38    56    2392    (-,-) 
  g126656/Y                            -       A->Y   R     AND2X8        64 101.8   100    94    2486    (-,-) 
  g126549/Y                            -       A1->Y  R     AO22X1         1   2.8    24    66    2552    (-,-) 
  genblk2.pcpi_div_quotient_reg[23]/D  -       -      R     DFFHQX1        1     -     -     0    2552    (-,-) 
#---------------------------------------------------------------------------------------------------------------



Path 43: MET (1404 ps) Setup Check with Pin genblk2.pcpi_div_quotient_reg[22]/CK->D
          Group: C2C
     Startpoint: (R) genblk2.pcpi_div_divisor_reg[0]/CK
          Clock: (R) myclock
       Endpoint: (R) genblk2.pcpi_div_quotient_reg[22]/D
          Clock: (R) myclock

                     Capture       Launch     
        Clock Edge:+    4000            0     
       Src Latency:+       0            0     
       Net Latency:+       0 (I)        0 (I) 
           Arrival:=    4000            0     
                                              
             Setup:-      24                  
       Uncertainty:-      20                  
     Required Time:=    3956                  
      Launch Clock:-       0                  
         Data Path:-    2552                  
             Slack:=    1404                  

#---------------------------------------------------------------------------------------------------------------
#            Timing Point              Flags    Arc   Edge   Cell     Fanout  Load Trans Delay Arrival Instance 
#                                                                             (fF)  (ps)  (ps)   (ps)  Location 
#---------------------------------------------------------------------------------------------------------------
  genblk2.pcpi_div_divisor_reg[0]/CK   -       -      R     (arrival)   2050     -     0     0       0    (-,-) 
  genblk2.pcpi_div_divisor_reg[0]/Q    -       CK->Q  F     DFFHQX1        3   5.6    39    68      68    (-,-) 
  genblk2.pcpi_div_lte_2493_16_g1345/Y -       AN->Y  F     NOR2BX1        2   4.2    39    37     104    (-,-) 
  genblk2.pcpi_div_lte_2493_16_g1328/Y -       A1N->Y F     OAI2BB1X1      1   2.7    45    42     146    (-,-) 
  genblk2.pcpi_div_lte_2493_16_g1327/Y -       B0->Y  F     OA21X1         1   2.8    23    36     182    (-,-) 
  genblk2.pcpi_div_lte_2493_16_g1326/Y -       A1->Y  R     OAI22X1        1   2.9    61    42     223    (-,-) 
  genblk2.pcpi_div_lte_2493_16_g1325/Y -       A1->Y  F     AOI22X1        1   2.8    60    55     278    (-,-) 
  genblk2.pcpi_div_lte_2493_16_g1324/Y -       A1->Y  R     OAI22X1        1   2.9    66    54     332    (-,-) 
  genblk2.pcpi_div_lte_2493_16_g1323/Y -       A1->Y  F     AOI22X1        1   2.8    61    57     389    (-,-) 
  genblk2.pcpi_div_lte_2493_16_g1322/Y -       A1->Y  R     OAI22X1        1   2.9    66    54     443    (-,-) 
  genblk2.pcpi_div_lte_2493_16_g1321/Y -       A1->Y  F     AOI22X1        1   2.8    61    57     500    (-,-) 
  genblk2.pcpi_div_lte_2493_16_g1320/Y -       A1->Y  R     OAI22X1        1   2.9    66    54     554    (-,-) 
  genblk2.pcpi_div_lte_2493_16_g1319/Y -       A1->Y  F     AOI22X1        1   2.8    61    57     611    (-,-) 
  genblk2.pcpi_div_lte_2493_16_g1318/Y -       A1->Y  R     OAI22X1        1   2.9    66    54     665    (-,-) 
  genblk2.pcpi_div_lte_2493_16_g1317/Y -       A1->Y  F     AOI22X1        1   2.8    61    57     722    (-,-) 
  genblk2.pcpi_div_lte_2493_16_g1316/Y -       A1->Y  R     OAI22X1        1   2.9    66    54     776    (-,-) 
  genblk2.pcpi_div_lte_2493_16_g1315/Y -       A1->Y  F     AOI22X1        1   2.8    61    57     833    (-,-) 
  genblk2.pcpi_div_lte_2493_16_g1314/Y -       A1->Y  R     OAI22X1        1   2.9    66    54     887    (-,-) 
  genblk2.pcpi_div_lte_2493_16_g1313/Y -       A1->Y  F     AOI22X1        1   2.8    61    57     944    (-,-) 
  genblk2.pcpi_div_lte_2493_16_g1312/Y -       A1->Y  R     OAI22X1        1   2.9    66    54     998    (-,-) 
  genblk2.pcpi_div_lte_2493_16_g1311/Y -       A1->Y  F     AOI22X1        1   2.8    61    57    1055    (-,-) 
  genblk2.pcpi_div_lte_2493_16_g1310/Y -       A1->Y  R     OAI22X1        1   2.9    66    54    1109    (-,-) 
  genblk2.pcpi_div_lte_2493_16_g1309/Y -       A1->Y  F     AOI22X1        1   2.8    61    57    1166    (-,-) 
  genblk2.pcpi_div_lte_2493_16_g1308/Y -       A1->Y  R     OAI22X1        1   2.9    66    54    1220    (-,-) 
  genblk2.pcpi_div_lte_2493_16_g1307/Y -       A1->Y  F     AOI22X1        1   2.8    61    57    1276    (-,-) 
  genblk2.pcpi_div_lte_2493_16_g1306/Y -       A1->Y  R     OAI22X1        1   2.9    66    54    1330    (-,-) 
  genblk2.pcpi_div_lte_2493_16_g1305/Y -       A1->Y  F     AOI22X1        1   2.8    61    57    1387    (-,-) 
  genblk2.pcpi_div_lte_2493_16_g1304/Y -       A1->Y  R     OAI22X1        1   2.9    66    54    1441    (-,-) 
  genblk2.pcpi_div_lte_2493_16_g1303/Y -       A1->Y  F     AOI22X1        1   2.8    61    57    1498    (-,-) 
  genblk2.pcpi_div_lte_2493_16_g1302/Y -       A1->Y  R     OAI22X1        1   2.9    66    54    1552    (-,-) 
  genblk2.pcpi_div_lte_2493_16_g1301/Y -       A1->Y  F     AOI22X1        1   2.8    61    57    1609    (-,-) 
  genblk2.pcpi_div_lte_2493_16_g1300/Y -       A1->Y  R     OAI22X1        1   2.9    66    54    1663    (-,-) 
  genblk2.pcpi_div_lte_2493_16_g1299/Y -       A1->Y  F     AOI22X1        1   2.8    61    57    1720    (-,-) 
  genblk2.pcpi_div_lte_2493_16_g1298/Y -       A1->Y  R     OAI22X1        1   2.9    66    54    1774    (-,-) 
  genblk2.pcpi_div_lte_2493_16_g1297/Y -       A1->Y  F     AOI22X1        1   2.6    59    55    1830    (-,-) 
  genblk2.pcpi_div_lte_2493_16_g1296/Y -       D->Y   F     OR4X1          1   2.6    27    69    1899    (-,-) 
  genblk2.pcpi_div_lte_2493_16_g1295/Y -       D->Y   F     OR4X1          1   2.6    27    63    1962    (-,-) 
  genblk2.pcpi_div_lte_2493_16_g1294/Y -       D->Y   F     OR4X1          1   2.6    27    63    2024    (-,-) 
  genblk2.pcpi_div_lte_2493_16_g1293/Y -       D->Y   F     OR4X1          1   2.6    27    63    2087    (-,-) 
  genblk2.pcpi_div_lte_2493_16_g1292/Y -       D->Y   F     OR4X1          1   2.6    27    63    2150    (-,-) 
  genblk2.pcpi_div_lte_2493_16_g1291/Y -       D->Y   F     OR4X1          1   2.6    27    63    2213    (-,-) 
  genblk2.pcpi_div_lte_2493_16_g1290/Y -       D->Y   F     OR4X1          1   2.8    28    64    2276    (-,-) 
  genblk2.pcpi_div_lte_2493_16_g1289/Y -       D->Y   R     NOR4X1         1   2.7    90    60    2336    (-,-) 
  genblk2.pcpi_div_lte_2493_16_g1288/Y -       A->Y   R     AND2X1         2   5.1    38    56    2392    (-,-) 
  g126656/Y                            -       A->Y   R     AND2X8        64 101.8   100    94    2486    (-,-) 
  g126548/Y                            -       A1->Y  R     AO22X1         1   2.8    24    66    2552    (-,-) 
  genblk2.pcpi_div_quotient_reg[22]/D  -       -      R     DFFHQX1        1     -     -     0    2552    (-,-) 
#---------------------------------------------------------------------------------------------------------------



Path 44: MET (1404 ps) Setup Check with Pin genblk2.pcpi_div_quotient_reg[21]/CK->D
          Group: C2C
     Startpoint: (R) genblk2.pcpi_div_divisor_reg[0]/CK
          Clock: (R) myclock
       Endpoint: (R) genblk2.pcpi_div_quotient_reg[21]/D
          Clock: (R) myclock

                     Capture       Launch     
        Clock Edge:+    4000            0     
       Src Latency:+       0            0     
       Net Latency:+       0 (I)        0 (I) 
           Arrival:=    4000            0     
                                              
             Setup:-      24                  
       Uncertainty:-      20                  
     Required Time:=    3956                  
      Launch Clock:-       0                  
         Data Path:-    2552                  
             Slack:=    1404                  

#---------------------------------------------------------------------------------------------------------------
#            Timing Point              Flags    Arc   Edge   Cell     Fanout  Load Trans Delay Arrival Instance 
#                                                                             (fF)  (ps)  (ps)   (ps)  Location 
#---------------------------------------------------------------------------------------------------------------
  genblk2.pcpi_div_divisor_reg[0]/CK   -       -      R     (arrival)   2050     -     0     0       0    (-,-) 
  genblk2.pcpi_div_divisor_reg[0]/Q    -       CK->Q  F     DFFHQX1        3   5.6    39    68      68    (-,-) 
  genblk2.pcpi_div_lte_2493_16_g1345/Y -       AN->Y  F     NOR2BX1        2   4.2    39    37     104    (-,-) 
  genblk2.pcpi_div_lte_2493_16_g1328/Y -       A1N->Y F     OAI2BB1X1      1   2.7    45    42     146    (-,-) 
  genblk2.pcpi_div_lte_2493_16_g1327/Y -       B0->Y  F     OA21X1         1   2.8    23    36     182    (-,-) 
  genblk2.pcpi_div_lte_2493_16_g1326/Y -       A1->Y  R     OAI22X1        1   2.9    61    42     223    (-,-) 
  genblk2.pcpi_div_lte_2493_16_g1325/Y -       A1->Y  F     AOI22X1        1   2.8    60    55     278    (-,-) 
  genblk2.pcpi_div_lte_2493_16_g1324/Y -       A1->Y  R     OAI22X1        1   2.9    66    54     332    (-,-) 
  genblk2.pcpi_div_lte_2493_16_g1323/Y -       A1->Y  F     AOI22X1        1   2.8    61    57     389    (-,-) 
  genblk2.pcpi_div_lte_2493_16_g1322/Y -       A1->Y  R     OAI22X1        1   2.9    66    54     443    (-,-) 
  genblk2.pcpi_div_lte_2493_16_g1321/Y -       A1->Y  F     AOI22X1        1   2.8    61    57     500    (-,-) 
  genblk2.pcpi_div_lte_2493_16_g1320/Y -       A1->Y  R     OAI22X1        1   2.9    66    54     554    (-,-) 
  genblk2.pcpi_div_lte_2493_16_g1319/Y -       A1->Y  F     AOI22X1        1   2.8    61    57     611    (-,-) 
  genblk2.pcpi_div_lte_2493_16_g1318/Y -       A1->Y  R     OAI22X1        1   2.9    66    54     665    (-,-) 
  genblk2.pcpi_div_lte_2493_16_g1317/Y -       A1->Y  F     AOI22X1        1   2.8    61    57     722    (-,-) 
  genblk2.pcpi_div_lte_2493_16_g1316/Y -       A1->Y  R     OAI22X1        1   2.9    66    54     776    (-,-) 
  genblk2.pcpi_div_lte_2493_16_g1315/Y -       A1->Y  F     AOI22X1        1   2.8    61    57     833    (-,-) 
  genblk2.pcpi_div_lte_2493_16_g1314/Y -       A1->Y  R     OAI22X1        1   2.9    66    54     887    (-,-) 
  genblk2.pcpi_div_lte_2493_16_g1313/Y -       A1->Y  F     AOI22X1        1   2.8    61    57     944    (-,-) 
  genblk2.pcpi_div_lte_2493_16_g1312/Y -       A1->Y  R     OAI22X1        1   2.9    66    54     998    (-,-) 
  genblk2.pcpi_div_lte_2493_16_g1311/Y -       A1->Y  F     AOI22X1        1   2.8    61    57    1055    (-,-) 
  genblk2.pcpi_div_lte_2493_16_g1310/Y -       A1->Y  R     OAI22X1        1   2.9    66    54    1109    (-,-) 
  genblk2.pcpi_div_lte_2493_16_g1309/Y -       A1->Y  F     AOI22X1        1   2.8    61    57    1166    (-,-) 
  genblk2.pcpi_div_lte_2493_16_g1308/Y -       A1->Y  R     OAI22X1        1   2.9    66    54    1220    (-,-) 
  genblk2.pcpi_div_lte_2493_16_g1307/Y -       A1->Y  F     AOI22X1        1   2.8    61    57    1276    (-,-) 
  genblk2.pcpi_div_lte_2493_16_g1306/Y -       A1->Y  R     OAI22X1        1   2.9    66    54    1330    (-,-) 
  genblk2.pcpi_div_lte_2493_16_g1305/Y -       A1->Y  F     AOI22X1        1   2.8    61    57    1387    (-,-) 
  genblk2.pcpi_div_lte_2493_16_g1304/Y -       A1->Y  R     OAI22X1        1   2.9    66    54    1441    (-,-) 
  genblk2.pcpi_div_lte_2493_16_g1303/Y -       A1->Y  F     AOI22X1        1   2.8    61    57    1498    (-,-) 
  genblk2.pcpi_div_lte_2493_16_g1302/Y -       A1->Y  R     OAI22X1        1   2.9    66    54    1552    (-,-) 
  genblk2.pcpi_div_lte_2493_16_g1301/Y -       A1->Y  F     AOI22X1        1   2.8    61    57    1609    (-,-) 
  genblk2.pcpi_div_lte_2493_16_g1300/Y -       A1->Y  R     OAI22X1        1   2.9    66    54    1663    (-,-) 
  genblk2.pcpi_div_lte_2493_16_g1299/Y -       A1->Y  F     AOI22X1        1   2.8    61    57    1720    (-,-) 
  genblk2.pcpi_div_lte_2493_16_g1298/Y -       A1->Y  R     OAI22X1        1   2.9    66    54    1774    (-,-) 
  genblk2.pcpi_div_lte_2493_16_g1297/Y -       A1->Y  F     AOI22X1        1   2.6    59    55    1830    (-,-) 
  genblk2.pcpi_div_lte_2493_16_g1296/Y -       D->Y   F     OR4X1          1   2.6    27    69    1899    (-,-) 
  genblk2.pcpi_div_lte_2493_16_g1295/Y -       D->Y   F     OR4X1          1   2.6    27    63    1962    (-,-) 
  genblk2.pcpi_div_lte_2493_16_g1294/Y -       D->Y   F     OR4X1          1   2.6    27    63    2024    (-,-) 
  genblk2.pcpi_div_lte_2493_16_g1293/Y -       D->Y   F     OR4X1          1   2.6    27    63    2087    (-,-) 
  genblk2.pcpi_div_lte_2493_16_g1292/Y -       D->Y   F     OR4X1          1   2.6    27    63    2150    (-,-) 
  genblk2.pcpi_div_lte_2493_16_g1291/Y -       D->Y   F     OR4X1          1   2.6    27    63    2213    (-,-) 
  genblk2.pcpi_div_lte_2493_16_g1290/Y -       D->Y   F     OR4X1          1   2.8    28    64    2276    (-,-) 
  genblk2.pcpi_div_lte_2493_16_g1289/Y -       D->Y   R     NOR4X1         1   2.7    90    60    2336    (-,-) 
  genblk2.pcpi_div_lte_2493_16_g1288/Y -       A->Y   R     AND2X1         2   5.1    38    56    2392    (-,-) 
  g126656/Y                            -       A->Y   R     AND2X8        64 101.8   100    94    2486    (-,-) 
  g126547/Y                            -       A1->Y  R     AO22X1         1   2.8    24    66    2552    (-,-) 
  genblk2.pcpi_div_quotient_reg[21]/D  -       -      R     DFFHQX1        1     -     -     0    2552    (-,-) 
#---------------------------------------------------------------------------------------------------------------



Path 45: MET (1404 ps) Setup Check with Pin genblk2.pcpi_div_quotient_reg[20]/CK->D
          Group: C2C
     Startpoint: (R) genblk2.pcpi_div_divisor_reg[0]/CK
          Clock: (R) myclock
       Endpoint: (R) genblk2.pcpi_div_quotient_reg[20]/D
          Clock: (R) myclock

                     Capture       Launch     
        Clock Edge:+    4000            0     
       Src Latency:+       0            0     
       Net Latency:+       0 (I)        0 (I) 
           Arrival:=    4000            0     
                                              
             Setup:-      24                  
       Uncertainty:-      20                  
     Required Time:=    3956                  
      Launch Clock:-       0                  
         Data Path:-    2552                  
             Slack:=    1404                  

#---------------------------------------------------------------------------------------------------------------
#            Timing Point              Flags    Arc   Edge   Cell     Fanout  Load Trans Delay Arrival Instance 
#                                                                             (fF)  (ps)  (ps)   (ps)  Location 
#---------------------------------------------------------------------------------------------------------------
  genblk2.pcpi_div_divisor_reg[0]/CK   -       -      R     (arrival)   2050     -     0     0       0    (-,-) 
  genblk2.pcpi_div_divisor_reg[0]/Q    -       CK->Q  F     DFFHQX1        3   5.6    39    68      68    (-,-) 
  genblk2.pcpi_div_lte_2493_16_g1345/Y -       AN->Y  F     NOR2BX1        2   4.2    39    37     104    (-,-) 
  genblk2.pcpi_div_lte_2493_16_g1328/Y -       A1N->Y F     OAI2BB1X1      1   2.7    45    42     146    (-,-) 
  genblk2.pcpi_div_lte_2493_16_g1327/Y -       B0->Y  F     OA21X1         1   2.8    23    36     182    (-,-) 
  genblk2.pcpi_div_lte_2493_16_g1326/Y -       A1->Y  R     OAI22X1        1   2.9    61    42     223    (-,-) 
  genblk2.pcpi_div_lte_2493_16_g1325/Y -       A1->Y  F     AOI22X1        1   2.8    60    55     278    (-,-) 
  genblk2.pcpi_div_lte_2493_16_g1324/Y -       A1->Y  R     OAI22X1        1   2.9    66    54     332    (-,-) 
  genblk2.pcpi_div_lte_2493_16_g1323/Y -       A1->Y  F     AOI22X1        1   2.8    61    57     389    (-,-) 
  genblk2.pcpi_div_lte_2493_16_g1322/Y -       A1->Y  R     OAI22X1        1   2.9    66    54     443    (-,-) 
  genblk2.pcpi_div_lte_2493_16_g1321/Y -       A1->Y  F     AOI22X1        1   2.8    61    57     500    (-,-) 
  genblk2.pcpi_div_lte_2493_16_g1320/Y -       A1->Y  R     OAI22X1        1   2.9    66    54     554    (-,-) 
  genblk2.pcpi_div_lte_2493_16_g1319/Y -       A1->Y  F     AOI22X1        1   2.8    61    57     611    (-,-) 
  genblk2.pcpi_div_lte_2493_16_g1318/Y -       A1->Y  R     OAI22X1        1   2.9    66    54     665    (-,-) 
  genblk2.pcpi_div_lte_2493_16_g1317/Y -       A1->Y  F     AOI22X1        1   2.8    61    57     722    (-,-) 
  genblk2.pcpi_div_lte_2493_16_g1316/Y -       A1->Y  R     OAI22X1        1   2.9    66    54     776    (-,-) 
  genblk2.pcpi_div_lte_2493_16_g1315/Y -       A1->Y  F     AOI22X1        1   2.8    61    57     833    (-,-) 
  genblk2.pcpi_div_lte_2493_16_g1314/Y -       A1->Y  R     OAI22X1        1   2.9    66    54     887    (-,-) 
  genblk2.pcpi_div_lte_2493_16_g1313/Y -       A1->Y  F     AOI22X1        1   2.8    61    57     944    (-,-) 
  genblk2.pcpi_div_lte_2493_16_g1312/Y -       A1->Y  R     OAI22X1        1   2.9    66    54     998    (-,-) 
  genblk2.pcpi_div_lte_2493_16_g1311/Y -       A1->Y  F     AOI22X1        1   2.8    61    57    1055    (-,-) 
  genblk2.pcpi_div_lte_2493_16_g1310/Y -       A1->Y  R     OAI22X1        1   2.9    66    54    1109    (-,-) 
  genblk2.pcpi_div_lte_2493_16_g1309/Y -       A1->Y  F     AOI22X1        1   2.8    61    57    1166    (-,-) 
  genblk2.pcpi_div_lte_2493_16_g1308/Y -       A1->Y  R     OAI22X1        1   2.9    66    54    1220    (-,-) 
  genblk2.pcpi_div_lte_2493_16_g1307/Y -       A1->Y  F     AOI22X1        1   2.8    61    57    1276    (-,-) 
  genblk2.pcpi_div_lte_2493_16_g1306/Y -       A1->Y  R     OAI22X1        1   2.9    66    54    1330    (-,-) 
  genblk2.pcpi_div_lte_2493_16_g1305/Y -       A1->Y  F     AOI22X1        1   2.8    61    57    1387    (-,-) 
  genblk2.pcpi_div_lte_2493_16_g1304/Y -       A1->Y  R     OAI22X1        1   2.9    66    54    1441    (-,-) 
  genblk2.pcpi_div_lte_2493_16_g1303/Y -       A1->Y  F     AOI22X1        1   2.8    61    57    1498    (-,-) 
  genblk2.pcpi_div_lte_2493_16_g1302/Y -       A1->Y  R     OAI22X1        1   2.9    66    54    1552    (-,-) 
  genblk2.pcpi_div_lte_2493_16_g1301/Y -       A1->Y  F     AOI22X1        1   2.8    61    57    1609    (-,-) 
  genblk2.pcpi_div_lte_2493_16_g1300/Y -       A1->Y  R     OAI22X1        1   2.9    66    54    1663    (-,-) 
  genblk2.pcpi_div_lte_2493_16_g1299/Y -       A1->Y  F     AOI22X1        1   2.8    61    57    1720    (-,-) 
  genblk2.pcpi_div_lte_2493_16_g1298/Y -       A1->Y  R     OAI22X1        1   2.9    66    54    1774    (-,-) 
  genblk2.pcpi_div_lte_2493_16_g1297/Y -       A1->Y  F     AOI22X1        1   2.6    59    55    1830    (-,-) 
  genblk2.pcpi_div_lte_2493_16_g1296/Y -       D->Y   F     OR4X1          1   2.6    27    69    1899    (-,-) 
  genblk2.pcpi_div_lte_2493_16_g1295/Y -       D->Y   F     OR4X1          1   2.6    27    63    1962    (-,-) 
  genblk2.pcpi_div_lte_2493_16_g1294/Y -       D->Y   F     OR4X1          1   2.6    27    63    2024    (-,-) 
  genblk2.pcpi_div_lte_2493_16_g1293/Y -       D->Y   F     OR4X1          1   2.6    27    63    2087    (-,-) 
  genblk2.pcpi_div_lte_2493_16_g1292/Y -       D->Y   F     OR4X1          1   2.6    27    63    2150    (-,-) 
  genblk2.pcpi_div_lte_2493_16_g1291/Y -       D->Y   F     OR4X1          1   2.6    27    63    2213    (-,-) 
  genblk2.pcpi_div_lte_2493_16_g1290/Y -       D->Y   F     OR4X1          1   2.8    28    64    2276    (-,-) 
  genblk2.pcpi_div_lte_2493_16_g1289/Y -       D->Y   R     NOR4X1         1   2.7    90    60    2336    (-,-) 
  genblk2.pcpi_div_lte_2493_16_g1288/Y -       A->Y   R     AND2X1         2   5.1    38    56    2392    (-,-) 
  g126656/Y                            -       A->Y   R     AND2X8        64 101.8   100    94    2486    (-,-) 
  g126546/Y                            -       A1->Y  R     AO22X1         1   2.8    24    66    2552    (-,-) 
  genblk2.pcpi_div_quotient_reg[20]/D  -       -      R     DFFHQX1        1     -     -     0    2552    (-,-) 
#---------------------------------------------------------------------------------------------------------------



Path 46: MET (1404 ps) Setup Check with Pin genblk2.pcpi_div_quotient_reg[19]/CK->D
          Group: C2C
     Startpoint: (R) genblk2.pcpi_div_divisor_reg[0]/CK
          Clock: (R) myclock
       Endpoint: (R) genblk2.pcpi_div_quotient_reg[19]/D
          Clock: (R) myclock

                     Capture       Launch     
        Clock Edge:+    4000            0     
       Src Latency:+       0            0     
       Net Latency:+       0 (I)        0 (I) 
           Arrival:=    4000            0     
                                              
             Setup:-      24                  
       Uncertainty:-      20                  
     Required Time:=    3956                  
      Launch Clock:-       0                  
         Data Path:-    2552                  
             Slack:=    1404                  

#---------------------------------------------------------------------------------------------------------------
#            Timing Point              Flags    Arc   Edge   Cell     Fanout  Load Trans Delay Arrival Instance 
#                                                                             (fF)  (ps)  (ps)   (ps)  Location 
#---------------------------------------------------------------------------------------------------------------
  genblk2.pcpi_div_divisor_reg[0]/CK   -       -      R     (arrival)   2050     -     0     0       0    (-,-) 
  genblk2.pcpi_div_divisor_reg[0]/Q    -       CK->Q  F     DFFHQX1        3   5.6    39    68      68    (-,-) 
  genblk2.pcpi_div_lte_2493_16_g1345/Y -       AN->Y  F     NOR2BX1        2   4.2    39    37     104    (-,-) 
  genblk2.pcpi_div_lte_2493_16_g1328/Y -       A1N->Y F     OAI2BB1X1      1   2.7    45    42     146    (-,-) 
  genblk2.pcpi_div_lte_2493_16_g1327/Y -       B0->Y  F     OA21X1         1   2.8    23    36     182    (-,-) 
  genblk2.pcpi_div_lte_2493_16_g1326/Y -       A1->Y  R     OAI22X1        1   2.9    61    42     223    (-,-) 
  genblk2.pcpi_div_lte_2493_16_g1325/Y -       A1->Y  F     AOI22X1        1   2.8    60    55     278    (-,-) 
  genblk2.pcpi_div_lte_2493_16_g1324/Y -       A1->Y  R     OAI22X1        1   2.9    66    54     332    (-,-) 
  genblk2.pcpi_div_lte_2493_16_g1323/Y -       A1->Y  F     AOI22X1        1   2.8    61    57     389    (-,-) 
  genblk2.pcpi_div_lte_2493_16_g1322/Y -       A1->Y  R     OAI22X1        1   2.9    66    54     443    (-,-) 
  genblk2.pcpi_div_lte_2493_16_g1321/Y -       A1->Y  F     AOI22X1        1   2.8    61    57     500    (-,-) 
  genblk2.pcpi_div_lte_2493_16_g1320/Y -       A1->Y  R     OAI22X1        1   2.9    66    54     554    (-,-) 
  genblk2.pcpi_div_lte_2493_16_g1319/Y -       A1->Y  F     AOI22X1        1   2.8    61    57     611    (-,-) 
  genblk2.pcpi_div_lte_2493_16_g1318/Y -       A1->Y  R     OAI22X1        1   2.9    66    54     665    (-,-) 
  genblk2.pcpi_div_lte_2493_16_g1317/Y -       A1->Y  F     AOI22X1        1   2.8    61    57     722    (-,-) 
  genblk2.pcpi_div_lte_2493_16_g1316/Y -       A1->Y  R     OAI22X1        1   2.9    66    54     776    (-,-) 
  genblk2.pcpi_div_lte_2493_16_g1315/Y -       A1->Y  F     AOI22X1        1   2.8    61    57     833    (-,-) 
  genblk2.pcpi_div_lte_2493_16_g1314/Y -       A1->Y  R     OAI22X1        1   2.9    66    54     887    (-,-) 
  genblk2.pcpi_div_lte_2493_16_g1313/Y -       A1->Y  F     AOI22X1        1   2.8    61    57     944    (-,-) 
  genblk2.pcpi_div_lte_2493_16_g1312/Y -       A1->Y  R     OAI22X1        1   2.9    66    54     998    (-,-) 
  genblk2.pcpi_div_lte_2493_16_g1311/Y -       A1->Y  F     AOI22X1        1   2.8    61    57    1055    (-,-) 
  genblk2.pcpi_div_lte_2493_16_g1310/Y -       A1->Y  R     OAI22X1        1   2.9    66    54    1109    (-,-) 
  genblk2.pcpi_div_lte_2493_16_g1309/Y -       A1->Y  F     AOI22X1        1   2.8    61    57    1166    (-,-) 
  genblk2.pcpi_div_lte_2493_16_g1308/Y -       A1->Y  R     OAI22X1        1   2.9    66    54    1220    (-,-) 
  genblk2.pcpi_div_lte_2493_16_g1307/Y -       A1->Y  F     AOI22X1        1   2.8    61    57    1276    (-,-) 
  genblk2.pcpi_div_lte_2493_16_g1306/Y -       A1->Y  R     OAI22X1        1   2.9    66    54    1330    (-,-) 
  genblk2.pcpi_div_lte_2493_16_g1305/Y -       A1->Y  F     AOI22X1        1   2.8    61    57    1387    (-,-) 
  genblk2.pcpi_div_lte_2493_16_g1304/Y -       A1->Y  R     OAI22X1        1   2.9    66    54    1441    (-,-) 
  genblk2.pcpi_div_lte_2493_16_g1303/Y -       A1->Y  F     AOI22X1        1   2.8    61    57    1498    (-,-) 
  genblk2.pcpi_div_lte_2493_16_g1302/Y -       A1->Y  R     OAI22X1        1   2.9    66    54    1552    (-,-) 
  genblk2.pcpi_div_lte_2493_16_g1301/Y -       A1->Y  F     AOI22X1        1   2.8    61    57    1609    (-,-) 
  genblk2.pcpi_div_lte_2493_16_g1300/Y -       A1->Y  R     OAI22X1        1   2.9    66    54    1663    (-,-) 
  genblk2.pcpi_div_lte_2493_16_g1299/Y -       A1->Y  F     AOI22X1        1   2.8    61    57    1720    (-,-) 
  genblk2.pcpi_div_lte_2493_16_g1298/Y -       A1->Y  R     OAI22X1        1   2.9    66    54    1774    (-,-) 
  genblk2.pcpi_div_lte_2493_16_g1297/Y -       A1->Y  F     AOI22X1        1   2.6    59    55    1830    (-,-) 
  genblk2.pcpi_div_lte_2493_16_g1296/Y -       D->Y   F     OR4X1          1   2.6    27    69    1899    (-,-) 
  genblk2.pcpi_div_lte_2493_16_g1295/Y -       D->Y   F     OR4X1          1   2.6    27    63    1962    (-,-) 
  genblk2.pcpi_div_lte_2493_16_g1294/Y -       D->Y   F     OR4X1          1   2.6    27    63    2024    (-,-) 
  genblk2.pcpi_div_lte_2493_16_g1293/Y -       D->Y   F     OR4X1          1   2.6    27    63    2087    (-,-) 
  genblk2.pcpi_div_lte_2493_16_g1292/Y -       D->Y   F     OR4X1          1   2.6    27    63    2150    (-,-) 
  genblk2.pcpi_div_lte_2493_16_g1291/Y -       D->Y   F     OR4X1          1   2.6    27    63    2213    (-,-) 
  genblk2.pcpi_div_lte_2493_16_g1290/Y -       D->Y   F     OR4X1          1   2.8    28    64    2276    (-,-) 
  genblk2.pcpi_div_lte_2493_16_g1289/Y -       D->Y   R     NOR4X1         1   2.7    90    60    2336    (-,-) 
  genblk2.pcpi_div_lte_2493_16_g1288/Y -       A->Y   R     AND2X1         2   5.1    38    56    2392    (-,-) 
  g126656/Y                            -       A->Y   R     AND2X8        64 101.8   100    94    2486    (-,-) 
  g126545/Y                            -       A1->Y  R     AO22X1         1   2.8    24    66    2552    (-,-) 
  genblk2.pcpi_div_quotient_reg[19]/D  -       -      R     DFFHQX1        1     -     -     0    2552    (-,-) 
#---------------------------------------------------------------------------------------------------------------



Path 47: MET (1404 ps) Setup Check with Pin genblk2.pcpi_div_quotient_reg[18]/CK->D
          Group: C2C
     Startpoint: (R) genblk2.pcpi_div_divisor_reg[0]/CK
          Clock: (R) myclock
       Endpoint: (R) genblk2.pcpi_div_quotient_reg[18]/D
          Clock: (R) myclock

                     Capture       Launch     
        Clock Edge:+    4000            0     
       Src Latency:+       0            0     
       Net Latency:+       0 (I)        0 (I) 
           Arrival:=    4000            0     
                                              
             Setup:-      24                  
       Uncertainty:-      20                  
     Required Time:=    3956                  
      Launch Clock:-       0                  
         Data Path:-    2552                  
             Slack:=    1404                  

#---------------------------------------------------------------------------------------------------------------
#            Timing Point              Flags    Arc   Edge   Cell     Fanout  Load Trans Delay Arrival Instance 
#                                                                             (fF)  (ps)  (ps)   (ps)  Location 
#---------------------------------------------------------------------------------------------------------------
  genblk2.pcpi_div_divisor_reg[0]/CK   -       -      R     (arrival)   2050     -     0     0       0    (-,-) 
  genblk2.pcpi_div_divisor_reg[0]/Q    -       CK->Q  F     DFFHQX1        3   5.6    39    68      68    (-,-) 
  genblk2.pcpi_div_lte_2493_16_g1345/Y -       AN->Y  F     NOR2BX1        2   4.2    39    37     104    (-,-) 
  genblk2.pcpi_div_lte_2493_16_g1328/Y -       A1N->Y F     OAI2BB1X1      1   2.7    45    42     146    (-,-) 
  genblk2.pcpi_div_lte_2493_16_g1327/Y -       B0->Y  F     OA21X1         1   2.8    23    36     182    (-,-) 
  genblk2.pcpi_div_lte_2493_16_g1326/Y -       A1->Y  R     OAI22X1        1   2.9    61    42     223    (-,-) 
  genblk2.pcpi_div_lte_2493_16_g1325/Y -       A1->Y  F     AOI22X1        1   2.8    60    55     278    (-,-) 
  genblk2.pcpi_div_lte_2493_16_g1324/Y -       A1->Y  R     OAI22X1        1   2.9    66    54     332    (-,-) 
  genblk2.pcpi_div_lte_2493_16_g1323/Y -       A1->Y  F     AOI22X1        1   2.8    61    57     389    (-,-) 
  genblk2.pcpi_div_lte_2493_16_g1322/Y -       A1->Y  R     OAI22X1        1   2.9    66    54     443    (-,-) 
  genblk2.pcpi_div_lte_2493_16_g1321/Y -       A1->Y  F     AOI22X1        1   2.8    61    57     500    (-,-) 
  genblk2.pcpi_div_lte_2493_16_g1320/Y -       A1->Y  R     OAI22X1        1   2.9    66    54     554    (-,-) 
  genblk2.pcpi_div_lte_2493_16_g1319/Y -       A1->Y  F     AOI22X1        1   2.8    61    57     611    (-,-) 
  genblk2.pcpi_div_lte_2493_16_g1318/Y -       A1->Y  R     OAI22X1        1   2.9    66    54     665    (-,-) 
  genblk2.pcpi_div_lte_2493_16_g1317/Y -       A1->Y  F     AOI22X1        1   2.8    61    57     722    (-,-) 
  genblk2.pcpi_div_lte_2493_16_g1316/Y -       A1->Y  R     OAI22X1        1   2.9    66    54     776    (-,-) 
  genblk2.pcpi_div_lte_2493_16_g1315/Y -       A1->Y  F     AOI22X1        1   2.8    61    57     833    (-,-) 
  genblk2.pcpi_div_lte_2493_16_g1314/Y -       A1->Y  R     OAI22X1        1   2.9    66    54     887    (-,-) 
  genblk2.pcpi_div_lte_2493_16_g1313/Y -       A1->Y  F     AOI22X1        1   2.8    61    57     944    (-,-) 
  genblk2.pcpi_div_lte_2493_16_g1312/Y -       A1->Y  R     OAI22X1        1   2.9    66    54     998    (-,-) 
  genblk2.pcpi_div_lte_2493_16_g1311/Y -       A1->Y  F     AOI22X1        1   2.8    61    57    1055    (-,-) 
  genblk2.pcpi_div_lte_2493_16_g1310/Y -       A1->Y  R     OAI22X1        1   2.9    66    54    1109    (-,-) 
  genblk2.pcpi_div_lte_2493_16_g1309/Y -       A1->Y  F     AOI22X1        1   2.8    61    57    1166    (-,-) 
  genblk2.pcpi_div_lte_2493_16_g1308/Y -       A1->Y  R     OAI22X1        1   2.9    66    54    1220    (-,-) 
  genblk2.pcpi_div_lte_2493_16_g1307/Y -       A1->Y  F     AOI22X1        1   2.8    61    57    1276    (-,-) 
  genblk2.pcpi_div_lte_2493_16_g1306/Y -       A1->Y  R     OAI22X1        1   2.9    66    54    1330    (-,-) 
  genblk2.pcpi_div_lte_2493_16_g1305/Y -       A1->Y  F     AOI22X1        1   2.8    61    57    1387    (-,-) 
  genblk2.pcpi_div_lte_2493_16_g1304/Y -       A1->Y  R     OAI22X1        1   2.9    66    54    1441    (-,-) 
  genblk2.pcpi_div_lte_2493_16_g1303/Y -       A1->Y  F     AOI22X1        1   2.8    61    57    1498    (-,-) 
  genblk2.pcpi_div_lte_2493_16_g1302/Y -       A1->Y  R     OAI22X1        1   2.9    66    54    1552    (-,-) 
  genblk2.pcpi_div_lte_2493_16_g1301/Y -       A1->Y  F     AOI22X1        1   2.8    61    57    1609    (-,-) 
  genblk2.pcpi_div_lte_2493_16_g1300/Y -       A1->Y  R     OAI22X1        1   2.9    66    54    1663    (-,-) 
  genblk2.pcpi_div_lte_2493_16_g1299/Y -       A1->Y  F     AOI22X1        1   2.8    61    57    1720    (-,-) 
  genblk2.pcpi_div_lte_2493_16_g1298/Y -       A1->Y  R     OAI22X1        1   2.9    66    54    1774    (-,-) 
  genblk2.pcpi_div_lte_2493_16_g1297/Y -       A1->Y  F     AOI22X1        1   2.6    59    55    1830    (-,-) 
  genblk2.pcpi_div_lte_2493_16_g1296/Y -       D->Y   F     OR4X1          1   2.6    27    69    1899    (-,-) 
  genblk2.pcpi_div_lte_2493_16_g1295/Y -       D->Y   F     OR4X1          1   2.6    27    63    1962    (-,-) 
  genblk2.pcpi_div_lte_2493_16_g1294/Y -       D->Y   F     OR4X1          1   2.6    27    63    2024    (-,-) 
  genblk2.pcpi_div_lte_2493_16_g1293/Y -       D->Y   F     OR4X1          1   2.6    27    63    2087    (-,-) 
  genblk2.pcpi_div_lte_2493_16_g1292/Y -       D->Y   F     OR4X1          1   2.6    27    63    2150    (-,-) 
  genblk2.pcpi_div_lte_2493_16_g1291/Y -       D->Y   F     OR4X1          1   2.6    27    63    2213    (-,-) 
  genblk2.pcpi_div_lte_2493_16_g1290/Y -       D->Y   F     OR4X1          1   2.8    28    64    2276    (-,-) 
  genblk2.pcpi_div_lte_2493_16_g1289/Y -       D->Y   R     NOR4X1         1   2.7    90    60    2336    (-,-) 
  genblk2.pcpi_div_lte_2493_16_g1288/Y -       A->Y   R     AND2X1         2   5.1    38    56    2392    (-,-) 
  g126656/Y                            -       A->Y   R     AND2X8        64 101.8   100    94    2486    (-,-) 
  g126544/Y                            -       A1->Y  R     AO22X1         1   2.8    24    66    2552    (-,-) 
  genblk2.pcpi_div_quotient_reg[18]/D  -       -      R     DFFHQX1        1     -     -     0    2552    (-,-) 
#---------------------------------------------------------------------------------------------------------------



Path 48: MET (1404 ps) Setup Check with Pin genblk2.pcpi_div_quotient_reg[17]/CK->D
          Group: C2C
     Startpoint: (R) genblk2.pcpi_div_divisor_reg[0]/CK
          Clock: (R) myclock
       Endpoint: (R) genblk2.pcpi_div_quotient_reg[17]/D
          Clock: (R) myclock

                     Capture       Launch     
        Clock Edge:+    4000            0     
       Src Latency:+       0            0     
       Net Latency:+       0 (I)        0 (I) 
           Arrival:=    4000            0     
                                              
             Setup:-      24                  
       Uncertainty:-      20                  
     Required Time:=    3956                  
      Launch Clock:-       0                  
         Data Path:-    2552                  
             Slack:=    1404                  

#---------------------------------------------------------------------------------------------------------------
#            Timing Point              Flags    Arc   Edge   Cell     Fanout  Load Trans Delay Arrival Instance 
#                                                                             (fF)  (ps)  (ps)   (ps)  Location 
#---------------------------------------------------------------------------------------------------------------
  genblk2.pcpi_div_divisor_reg[0]/CK   -       -      R     (arrival)   2050     -     0     0       0    (-,-) 
  genblk2.pcpi_div_divisor_reg[0]/Q    -       CK->Q  F     DFFHQX1        3   5.6    39    68      68    (-,-) 
  genblk2.pcpi_div_lte_2493_16_g1345/Y -       AN->Y  F     NOR2BX1        2   4.2    39    37     104    (-,-) 
  genblk2.pcpi_div_lte_2493_16_g1328/Y -       A1N->Y F     OAI2BB1X1      1   2.7    45    42     146    (-,-) 
  genblk2.pcpi_div_lte_2493_16_g1327/Y -       B0->Y  F     OA21X1         1   2.8    23    36     182    (-,-) 
  genblk2.pcpi_div_lte_2493_16_g1326/Y -       A1->Y  R     OAI22X1        1   2.9    61    42     223    (-,-) 
  genblk2.pcpi_div_lte_2493_16_g1325/Y -       A1->Y  F     AOI22X1        1   2.8    60    55     278    (-,-) 
  genblk2.pcpi_div_lte_2493_16_g1324/Y -       A1->Y  R     OAI22X1        1   2.9    66    54     332    (-,-) 
  genblk2.pcpi_div_lte_2493_16_g1323/Y -       A1->Y  F     AOI22X1        1   2.8    61    57     389    (-,-) 
  genblk2.pcpi_div_lte_2493_16_g1322/Y -       A1->Y  R     OAI22X1        1   2.9    66    54     443    (-,-) 
  genblk2.pcpi_div_lte_2493_16_g1321/Y -       A1->Y  F     AOI22X1        1   2.8    61    57     500    (-,-) 
  genblk2.pcpi_div_lte_2493_16_g1320/Y -       A1->Y  R     OAI22X1        1   2.9    66    54     554    (-,-) 
  genblk2.pcpi_div_lte_2493_16_g1319/Y -       A1->Y  F     AOI22X1        1   2.8    61    57     611    (-,-) 
  genblk2.pcpi_div_lte_2493_16_g1318/Y -       A1->Y  R     OAI22X1        1   2.9    66    54     665    (-,-) 
  genblk2.pcpi_div_lte_2493_16_g1317/Y -       A1->Y  F     AOI22X1        1   2.8    61    57     722    (-,-) 
  genblk2.pcpi_div_lte_2493_16_g1316/Y -       A1->Y  R     OAI22X1        1   2.9    66    54     776    (-,-) 
  genblk2.pcpi_div_lte_2493_16_g1315/Y -       A1->Y  F     AOI22X1        1   2.8    61    57     833    (-,-) 
  genblk2.pcpi_div_lte_2493_16_g1314/Y -       A1->Y  R     OAI22X1        1   2.9    66    54     887    (-,-) 
  genblk2.pcpi_div_lte_2493_16_g1313/Y -       A1->Y  F     AOI22X1        1   2.8    61    57     944    (-,-) 
  genblk2.pcpi_div_lte_2493_16_g1312/Y -       A1->Y  R     OAI22X1        1   2.9    66    54     998    (-,-) 
  genblk2.pcpi_div_lte_2493_16_g1311/Y -       A1->Y  F     AOI22X1        1   2.8    61    57    1055    (-,-) 
  genblk2.pcpi_div_lte_2493_16_g1310/Y -       A1->Y  R     OAI22X1        1   2.9    66    54    1109    (-,-) 
  genblk2.pcpi_div_lte_2493_16_g1309/Y -       A1->Y  F     AOI22X1        1   2.8    61    57    1166    (-,-) 
  genblk2.pcpi_div_lte_2493_16_g1308/Y -       A1->Y  R     OAI22X1        1   2.9    66    54    1220    (-,-) 
  genblk2.pcpi_div_lte_2493_16_g1307/Y -       A1->Y  F     AOI22X1        1   2.8    61    57    1276    (-,-) 
  genblk2.pcpi_div_lte_2493_16_g1306/Y -       A1->Y  R     OAI22X1        1   2.9    66    54    1330    (-,-) 
  genblk2.pcpi_div_lte_2493_16_g1305/Y -       A1->Y  F     AOI22X1        1   2.8    61    57    1387    (-,-) 
  genblk2.pcpi_div_lte_2493_16_g1304/Y -       A1->Y  R     OAI22X1        1   2.9    66    54    1441    (-,-) 
  genblk2.pcpi_div_lte_2493_16_g1303/Y -       A1->Y  F     AOI22X1        1   2.8    61    57    1498    (-,-) 
  genblk2.pcpi_div_lte_2493_16_g1302/Y -       A1->Y  R     OAI22X1        1   2.9    66    54    1552    (-,-) 
  genblk2.pcpi_div_lte_2493_16_g1301/Y -       A1->Y  F     AOI22X1        1   2.8    61    57    1609    (-,-) 
  genblk2.pcpi_div_lte_2493_16_g1300/Y -       A1->Y  R     OAI22X1        1   2.9    66    54    1663    (-,-) 
  genblk2.pcpi_div_lte_2493_16_g1299/Y -       A1->Y  F     AOI22X1        1   2.8    61    57    1720    (-,-) 
  genblk2.pcpi_div_lte_2493_16_g1298/Y -       A1->Y  R     OAI22X1        1   2.9    66    54    1774    (-,-) 
  genblk2.pcpi_div_lte_2493_16_g1297/Y -       A1->Y  F     AOI22X1        1   2.6    59    55    1830    (-,-) 
  genblk2.pcpi_div_lte_2493_16_g1296/Y -       D->Y   F     OR4X1          1   2.6    27    69    1899    (-,-) 
  genblk2.pcpi_div_lte_2493_16_g1295/Y -       D->Y   F     OR4X1          1   2.6    27    63    1962    (-,-) 
  genblk2.pcpi_div_lte_2493_16_g1294/Y -       D->Y   F     OR4X1          1   2.6    27    63    2024    (-,-) 
  genblk2.pcpi_div_lte_2493_16_g1293/Y -       D->Y   F     OR4X1          1   2.6    27    63    2087    (-,-) 
  genblk2.pcpi_div_lte_2493_16_g1292/Y -       D->Y   F     OR4X1          1   2.6    27    63    2150    (-,-) 
  genblk2.pcpi_div_lte_2493_16_g1291/Y -       D->Y   F     OR4X1          1   2.6    27    63    2213    (-,-) 
  genblk2.pcpi_div_lte_2493_16_g1290/Y -       D->Y   F     OR4X1          1   2.8    28    64    2276    (-,-) 
  genblk2.pcpi_div_lte_2493_16_g1289/Y -       D->Y   R     NOR4X1         1   2.7    90    60    2336    (-,-) 
  genblk2.pcpi_div_lte_2493_16_g1288/Y -       A->Y   R     AND2X1         2   5.1    38    56    2392    (-,-) 
  g126656/Y                            -       A->Y   R     AND2X8        64 101.8   100    94    2486    (-,-) 
  g126543/Y                            -       A1->Y  R     AO22X1         1   2.8    24    66    2552    (-,-) 
  genblk2.pcpi_div_quotient_reg[17]/D  -       -      R     DFFHQX1        1     -     -     0    2552    (-,-) 
#---------------------------------------------------------------------------------------------------------------



Path 49: MET (1404 ps) Setup Check with Pin genblk2.pcpi_div_quotient_reg[16]/CK->D
          Group: C2C
     Startpoint: (R) genblk2.pcpi_div_divisor_reg[0]/CK
          Clock: (R) myclock
       Endpoint: (R) genblk2.pcpi_div_quotient_reg[16]/D
          Clock: (R) myclock

                     Capture       Launch     
        Clock Edge:+    4000            0     
       Src Latency:+       0            0     
       Net Latency:+       0 (I)        0 (I) 
           Arrival:=    4000            0     
                                              
             Setup:-      24                  
       Uncertainty:-      20                  
     Required Time:=    3956                  
      Launch Clock:-       0                  
         Data Path:-    2552                  
             Slack:=    1404                  

#---------------------------------------------------------------------------------------------------------------
#            Timing Point              Flags    Arc   Edge   Cell     Fanout  Load Trans Delay Arrival Instance 
#                                                                             (fF)  (ps)  (ps)   (ps)  Location 
#---------------------------------------------------------------------------------------------------------------
  genblk2.pcpi_div_divisor_reg[0]/CK   -       -      R     (arrival)   2050     -     0     0       0    (-,-) 
  genblk2.pcpi_div_divisor_reg[0]/Q    -       CK->Q  F     DFFHQX1        3   5.6    39    68      68    (-,-) 
  genblk2.pcpi_div_lte_2493_16_g1345/Y -       AN->Y  F     NOR2BX1        2   4.2    39    37     104    (-,-) 
  genblk2.pcpi_div_lte_2493_16_g1328/Y -       A1N->Y F     OAI2BB1X1      1   2.7    45    42     146    (-,-) 
  genblk2.pcpi_div_lte_2493_16_g1327/Y -       B0->Y  F     OA21X1         1   2.8    23    36     182    (-,-) 
  genblk2.pcpi_div_lte_2493_16_g1326/Y -       A1->Y  R     OAI22X1        1   2.9    61    42     223    (-,-) 
  genblk2.pcpi_div_lte_2493_16_g1325/Y -       A1->Y  F     AOI22X1        1   2.8    60    55     278    (-,-) 
  genblk2.pcpi_div_lte_2493_16_g1324/Y -       A1->Y  R     OAI22X1        1   2.9    66    54     332    (-,-) 
  genblk2.pcpi_div_lte_2493_16_g1323/Y -       A1->Y  F     AOI22X1        1   2.8    61    57     389    (-,-) 
  genblk2.pcpi_div_lte_2493_16_g1322/Y -       A1->Y  R     OAI22X1        1   2.9    66    54     443    (-,-) 
  genblk2.pcpi_div_lte_2493_16_g1321/Y -       A1->Y  F     AOI22X1        1   2.8    61    57     500    (-,-) 
  genblk2.pcpi_div_lte_2493_16_g1320/Y -       A1->Y  R     OAI22X1        1   2.9    66    54     554    (-,-) 
  genblk2.pcpi_div_lte_2493_16_g1319/Y -       A1->Y  F     AOI22X1        1   2.8    61    57     611    (-,-) 
  genblk2.pcpi_div_lte_2493_16_g1318/Y -       A1->Y  R     OAI22X1        1   2.9    66    54     665    (-,-) 
  genblk2.pcpi_div_lte_2493_16_g1317/Y -       A1->Y  F     AOI22X1        1   2.8    61    57     722    (-,-) 
  genblk2.pcpi_div_lte_2493_16_g1316/Y -       A1->Y  R     OAI22X1        1   2.9    66    54     776    (-,-) 
  genblk2.pcpi_div_lte_2493_16_g1315/Y -       A1->Y  F     AOI22X1        1   2.8    61    57     833    (-,-) 
  genblk2.pcpi_div_lte_2493_16_g1314/Y -       A1->Y  R     OAI22X1        1   2.9    66    54     887    (-,-) 
  genblk2.pcpi_div_lte_2493_16_g1313/Y -       A1->Y  F     AOI22X1        1   2.8    61    57     944    (-,-) 
  genblk2.pcpi_div_lte_2493_16_g1312/Y -       A1->Y  R     OAI22X1        1   2.9    66    54     998    (-,-) 
  genblk2.pcpi_div_lte_2493_16_g1311/Y -       A1->Y  F     AOI22X1        1   2.8    61    57    1055    (-,-) 
  genblk2.pcpi_div_lte_2493_16_g1310/Y -       A1->Y  R     OAI22X1        1   2.9    66    54    1109    (-,-) 
  genblk2.pcpi_div_lte_2493_16_g1309/Y -       A1->Y  F     AOI22X1        1   2.8    61    57    1166    (-,-) 
  genblk2.pcpi_div_lte_2493_16_g1308/Y -       A1->Y  R     OAI22X1        1   2.9    66    54    1220    (-,-) 
  genblk2.pcpi_div_lte_2493_16_g1307/Y -       A1->Y  F     AOI22X1        1   2.8    61    57    1276    (-,-) 
  genblk2.pcpi_div_lte_2493_16_g1306/Y -       A1->Y  R     OAI22X1        1   2.9    66    54    1330    (-,-) 
  genblk2.pcpi_div_lte_2493_16_g1305/Y -       A1->Y  F     AOI22X1        1   2.8    61    57    1387    (-,-) 
  genblk2.pcpi_div_lte_2493_16_g1304/Y -       A1->Y  R     OAI22X1        1   2.9    66    54    1441    (-,-) 
  genblk2.pcpi_div_lte_2493_16_g1303/Y -       A1->Y  F     AOI22X1        1   2.8    61    57    1498    (-,-) 
  genblk2.pcpi_div_lte_2493_16_g1302/Y -       A1->Y  R     OAI22X1        1   2.9    66    54    1552    (-,-) 
  genblk2.pcpi_div_lte_2493_16_g1301/Y -       A1->Y  F     AOI22X1        1   2.8    61    57    1609    (-,-) 
  genblk2.pcpi_div_lte_2493_16_g1300/Y -       A1->Y  R     OAI22X1        1   2.9    66    54    1663    (-,-) 
  genblk2.pcpi_div_lte_2493_16_g1299/Y -       A1->Y  F     AOI22X1        1   2.8    61    57    1720    (-,-) 
  genblk2.pcpi_div_lte_2493_16_g1298/Y -       A1->Y  R     OAI22X1        1   2.9    66    54    1774    (-,-) 
  genblk2.pcpi_div_lte_2493_16_g1297/Y -       A1->Y  F     AOI22X1        1   2.6    59    55    1830    (-,-) 
  genblk2.pcpi_div_lte_2493_16_g1296/Y -       D->Y   F     OR4X1          1   2.6    27    69    1899    (-,-) 
  genblk2.pcpi_div_lte_2493_16_g1295/Y -       D->Y   F     OR4X1          1   2.6    27    63    1962    (-,-) 
  genblk2.pcpi_div_lte_2493_16_g1294/Y -       D->Y   F     OR4X1          1   2.6    27    63    2024    (-,-) 
  genblk2.pcpi_div_lte_2493_16_g1293/Y -       D->Y   F     OR4X1          1   2.6    27    63    2087    (-,-) 
  genblk2.pcpi_div_lte_2493_16_g1292/Y -       D->Y   F     OR4X1          1   2.6    27    63    2150    (-,-) 
  genblk2.pcpi_div_lte_2493_16_g1291/Y -       D->Y   F     OR4X1          1   2.6    27    63    2213    (-,-) 
  genblk2.pcpi_div_lte_2493_16_g1290/Y -       D->Y   F     OR4X1          1   2.8    28    64    2276    (-,-) 
  genblk2.pcpi_div_lte_2493_16_g1289/Y -       D->Y   R     NOR4X1         1   2.7    90    60    2336    (-,-) 
  genblk2.pcpi_div_lte_2493_16_g1288/Y -       A->Y   R     AND2X1         2   5.1    38    56    2392    (-,-) 
  g126656/Y                            -       A->Y   R     AND2X8        64 101.8   100    94    2486    (-,-) 
  g126542/Y                            -       A1->Y  R     AO22X1         1   2.8    24    66    2552    (-,-) 
  genblk2.pcpi_div_quotient_reg[16]/D  -       -      R     DFFHQX1        1     -     -     0    2552    (-,-) 
#---------------------------------------------------------------------------------------------------------------



Path 50: MET (1404 ps) Setup Check with Pin genblk2.pcpi_div_quotient_reg[15]/CK->D
          Group: C2C
     Startpoint: (R) genblk2.pcpi_div_divisor_reg[0]/CK
          Clock: (R) myclock
       Endpoint: (R) genblk2.pcpi_div_quotient_reg[15]/D
          Clock: (R) myclock

                     Capture       Launch     
        Clock Edge:+    4000            0     
       Src Latency:+       0            0     
       Net Latency:+       0 (I)        0 (I) 
           Arrival:=    4000            0     
                                              
             Setup:-      24                  
       Uncertainty:-      20                  
     Required Time:=    3956                  
      Launch Clock:-       0                  
         Data Path:-    2552                  
             Slack:=    1404                  

#---------------------------------------------------------------------------------------------------------------
#            Timing Point              Flags    Arc   Edge   Cell     Fanout  Load Trans Delay Arrival Instance 
#                                                                             (fF)  (ps)  (ps)   (ps)  Location 
#---------------------------------------------------------------------------------------------------------------
  genblk2.pcpi_div_divisor_reg[0]/CK   -       -      R     (arrival)   2050     -     0     0       0    (-,-) 
  genblk2.pcpi_div_divisor_reg[0]/Q    -       CK->Q  F     DFFHQX1        3   5.6    39    68      68    (-,-) 
  genblk2.pcpi_div_lte_2493_16_g1345/Y -       AN->Y  F     NOR2BX1        2   4.2    39    37     104    (-,-) 
  genblk2.pcpi_div_lte_2493_16_g1328/Y -       A1N->Y F     OAI2BB1X1      1   2.7    45    42     146    (-,-) 
  genblk2.pcpi_div_lte_2493_16_g1327/Y -       B0->Y  F     OA21X1         1   2.8    23    36     182    (-,-) 
  genblk2.pcpi_div_lte_2493_16_g1326/Y -       A1->Y  R     OAI22X1        1   2.9    61    42     223    (-,-) 
  genblk2.pcpi_div_lte_2493_16_g1325/Y -       A1->Y  F     AOI22X1        1   2.8    60    55     278    (-,-) 
  genblk2.pcpi_div_lte_2493_16_g1324/Y -       A1->Y  R     OAI22X1        1   2.9    66    54     332    (-,-) 
  genblk2.pcpi_div_lte_2493_16_g1323/Y -       A1->Y  F     AOI22X1        1   2.8    61    57     389    (-,-) 
  genblk2.pcpi_div_lte_2493_16_g1322/Y -       A1->Y  R     OAI22X1        1   2.9    66    54     443    (-,-) 
  genblk2.pcpi_div_lte_2493_16_g1321/Y -       A1->Y  F     AOI22X1        1   2.8    61    57     500    (-,-) 
  genblk2.pcpi_div_lte_2493_16_g1320/Y -       A1->Y  R     OAI22X1        1   2.9    66    54     554    (-,-) 
  genblk2.pcpi_div_lte_2493_16_g1319/Y -       A1->Y  F     AOI22X1        1   2.8    61    57     611    (-,-) 
  genblk2.pcpi_div_lte_2493_16_g1318/Y -       A1->Y  R     OAI22X1        1   2.9    66    54     665    (-,-) 
  genblk2.pcpi_div_lte_2493_16_g1317/Y -       A1->Y  F     AOI22X1        1   2.8    61    57     722    (-,-) 
  genblk2.pcpi_div_lte_2493_16_g1316/Y -       A1->Y  R     OAI22X1        1   2.9    66    54     776    (-,-) 
  genblk2.pcpi_div_lte_2493_16_g1315/Y -       A1->Y  F     AOI22X1        1   2.8    61    57     833    (-,-) 
  genblk2.pcpi_div_lte_2493_16_g1314/Y -       A1->Y  R     OAI22X1        1   2.9    66    54     887    (-,-) 
  genblk2.pcpi_div_lte_2493_16_g1313/Y -       A1->Y  F     AOI22X1        1   2.8    61    57     944    (-,-) 
  genblk2.pcpi_div_lte_2493_16_g1312/Y -       A1->Y  R     OAI22X1        1   2.9    66    54     998    (-,-) 
  genblk2.pcpi_div_lte_2493_16_g1311/Y -       A1->Y  F     AOI22X1        1   2.8    61    57    1055    (-,-) 
  genblk2.pcpi_div_lte_2493_16_g1310/Y -       A1->Y  R     OAI22X1        1   2.9    66    54    1109    (-,-) 
  genblk2.pcpi_div_lte_2493_16_g1309/Y -       A1->Y  F     AOI22X1        1   2.8    61    57    1166    (-,-) 
  genblk2.pcpi_div_lte_2493_16_g1308/Y -       A1->Y  R     OAI22X1        1   2.9    66    54    1220    (-,-) 
  genblk2.pcpi_div_lte_2493_16_g1307/Y -       A1->Y  F     AOI22X1        1   2.8    61    57    1276    (-,-) 
  genblk2.pcpi_div_lte_2493_16_g1306/Y -       A1->Y  R     OAI22X1        1   2.9    66    54    1330    (-,-) 
  genblk2.pcpi_div_lte_2493_16_g1305/Y -       A1->Y  F     AOI22X1        1   2.8    61    57    1387    (-,-) 
  genblk2.pcpi_div_lte_2493_16_g1304/Y -       A1->Y  R     OAI22X1        1   2.9    66    54    1441    (-,-) 
  genblk2.pcpi_div_lte_2493_16_g1303/Y -       A1->Y  F     AOI22X1        1   2.8    61    57    1498    (-,-) 
  genblk2.pcpi_div_lte_2493_16_g1302/Y -       A1->Y  R     OAI22X1        1   2.9    66    54    1552    (-,-) 
  genblk2.pcpi_div_lte_2493_16_g1301/Y -       A1->Y  F     AOI22X1        1   2.8    61    57    1609    (-,-) 
  genblk2.pcpi_div_lte_2493_16_g1300/Y -       A1->Y  R     OAI22X1        1   2.9    66    54    1663    (-,-) 
  genblk2.pcpi_div_lte_2493_16_g1299/Y -       A1->Y  F     AOI22X1        1   2.8    61    57    1720    (-,-) 
  genblk2.pcpi_div_lte_2493_16_g1298/Y -       A1->Y  R     OAI22X1        1   2.9    66    54    1774    (-,-) 
  genblk2.pcpi_div_lte_2493_16_g1297/Y -       A1->Y  F     AOI22X1        1   2.6    59    55    1830    (-,-) 
  genblk2.pcpi_div_lte_2493_16_g1296/Y -       D->Y   F     OR4X1          1   2.6    27    69    1899    (-,-) 
  genblk2.pcpi_div_lte_2493_16_g1295/Y -       D->Y   F     OR4X1          1   2.6    27    63    1962    (-,-) 
  genblk2.pcpi_div_lte_2493_16_g1294/Y -       D->Y   F     OR4X1          1   2.6    27    63    2024    (-,-) 
  genblk2.pcpi_div_lte_2493_16_g1293/Y -       D->Y   F     OR4X1          1   2.6    27    63    2087    (-,-) 
  genblk2.pcpi_div_lte_2493_16_g1292/Y -       D->Y   F     OR4X1          1   2.6    27    63    2150    (-,-) 
  genblk2.pcpi_div_lte_2493_16_g1291/Y -       D->Y   F     OR4X1          1   2.6    27    63    2213    (-,-) 
  genblk2.pcpi_div_lte_2493_16_g1290/Y -       D->Y   F     OR4X1          1   2.8    28    64    2276    (-,-) 
  genblk2.pcpi_div_lte_2493_16_g1289/Y -       D->Y   R     NOR4X1         1   2.7    90    60    2336    (-,-) 
  genblk2.pcpi_div_lte_2493_16_g1288/Y -       A->Y   R     AND2X1         2   5.1    38    56    2392    (-,-) 
  g126656/Y                            -       A->Y   R     AND2X8        64 101.8   100    94    2486    (-,-) 
  g126541/Y                            -       A1->Y  R     AO22X1         1   2.8    24    66    2552    (-,-) 
  genblk2.pcpi_div_quotient_reg[15]/D  -       -      R     DFFHQX1        1     -     -     0    2552    (-,-) 
#---------------------------------------------------------------------------------------------------------------

