============================================================
  Generated by:           Genus(TM) Synthesis Solution 22.13-s093_1
  Generated on:           Apr 13 2026  07:21:26 pm
  Module:                 picorv32
  Operating conditions:   PVT_1P1V_0C 
  Interconnect mode:      global
  Area mode:              physical library
============================================================


Path 1: MET (3194 ps) Late External Delay Assertion at pin mem_la_wstrb[2]
          Group: C2O
     Startpoint: (R) mem_wordsize_reg[1]/CK
          Clock: (R) myclock
       Endpoint: (R) mem_la_wstrb[2]
          Clock: (R) myclock

                     Capture       Launch     
        Clock Edge:+    4000            0     
       Src Latency:+       0            0     
       Net Latency:+       0 (I)        0 (I) 
           Arrival:=    4000            0     
                                              
      Output Delay:-     200                  
       Uncertainty:-      20                  
     Required Time:=    3780                  
      Launch Clock:-       0                  
         Data Path:-     586                  
             Slack:=    3194                  

Exceptions/Constraints:
  output_delay             200             picorv32.sdc_line_24_237_1 

#-----------------------------------------------------------------------------------------------
#     Timing Point       Flags   Arc   Edge   Cell     Fanout Load Trans Delay Arrival Instance 
#                                                             (fF)  (ps)  (ps)   (ps)  Location 
#-----------------------------------------------------------------------------------------------
  mem_wordsize_reg[1]/CK -       -     R     (arrival)   2050    -     0     0       0    (-,-) 
  mem_wordsize_reg[1]/Q  -       CK->Q R     SDFFQX1        5  9.6    67    76      76    (-,-) 
  g69490/Y               -       A->Y  F     INVX1          9 15.4   113    80     156    (-,-) 
  g69463/Y               -       B->Y  R     NOR2X1         4  7.9   120    99     256    (-,-) 
  g69452/Y               -       A->Y  F     INVX1         10 17.4   136   105     360    (-,-) 
  g69349/Y               -       A2->Y R     OAI31X1        3  6.0   143   123     484    (-,-) 
  g69208/Y               -       B->Y  R     OR2X4          2 53.9   101   102     586    (-,-) 
  mem_la_wstrb[2]        -       -     R     (port)         -    -     -     0     586    (-,-) 
#-----------------------------------------------------------------------------------------------



Path 2: MET (3229 ps) Late External Delay Assertion at pin mem_la_wdata[16]
          Group: C2O
     Startpoint: (R) mem_wordsize_reg[1]/CK
          Clock: (R) myclock
       Endpoint: (F) mem_la_wdata[16]
          Clock: (R) myclock

                     Capture       Launch     
        Clock Edge:+    4000            0     
       Src Latency:+       0            0     
       Net Latency:+       0 (I)        0 (I) 
           Arrival:=    4000            0     
                                              
      Output Delay:-     200                  
       Uncertainty:-      20                  
     Required Time:=    3780                  
      Launch Clock:-       0                  
         Data Path:-     551                  
             Slack:=    3229                  

Exceptions/Constraints:
  output_delay             200             picorv32.sdc_line_24_219_1 

#-----------------------------------------------------------------------------------------------
#     Timing Point       Flags   Arc   Edge   Cell     Fanout Load Trans Delay Arrival Instance 
#                                                             (fF)  (ps)  (ps)   (ps)  Location 
#-----------------------------------------------------------------------------------------------
  mem_wordsize_reg[1]/CK -       -     R     (arrival)   2050    -     0     0       0    (-,-) 
  mem_wordsize_reg[1]/Q  -       CK->Q F     SDFFQX1        5  9.4    64    79      79    (-,-) 
  g69490/Y               -       A->Y  R     INVX1          9 16.3   122    84     163    (-,-) 
  g69463/Y               -       B->Y  F     NOR2X1         4  7.5    73    70     232    (-,-) 
  g69452/Y               -       A->Y  R     INVX1         10 18.4   137    94     327    (-,-) 
  g69447/Y               -       B->Y  F     NAND2X2        8 13.8   117    97     424    (-,-) 
  g69293/Y               -       A1->Y F     AO22X4         2 53.9   112   128     551    (-,-) 
  mem_la_wdata[16]       -       -     F     (port)         -    -     -     0     551    (-,-) 
#-----------------------------------------------------------------------------------------------



Path 3: MET (3229 ps) Late External Delay Assertion at pin mem_la_wdata[17]
          Group: C2O
     Startpoint: (R) mem_wordsize_reg[1]/CK
          Clock: (R) myclock
       Endpoint: (F) mem_la_wdata[17]
          Clock: (R) myclock

                     Capture       Launch     
        Clock Edge:+    4000            0     
       Src Latency:+       0            0     
       Net Latency:+       0 (I)        0 (I) 
           Arrival:=    4000            0     
                                              
      Output Delay:-     200                  
       Uncertainty:-      20                  
     Required Time:=    3780                  
      Launch Clock:-       0                  
         Data Path:-     551                  
             Slack:=    3229                  

Exceptions/Constraints:
  output_delay             200             picorv32.sdc_line_24_218_1 

#-----------------------------------------------------------------------------------------------
#     Timing Point       Flags   Arc   Edge   Cell     Fanout Load Trans Delay Arrival Instance 
#                                                             (fF)  (ps)  (ps)   (ps)  Location 
#-----------------------------------------------------------------------------------------------
  mem_wordsize_reg[1]/CK -       -     R     (arrival)   2050    -     0     0       0    (-,-) 
  mem_wordsize_reg[1]/Q  -       CK->Q F     SDFFQX1        5  9.4    64    79      79    (-,-) 
  g69490/Y               -       A->Y  R     INVX1          9 16.3   122    84     163    (-,-) 
  g69463/Y               -       B->Y  F     NOR2X1         4  7.5    73    70     232    (-,-) 
  g69452/Y               -       A->Y  R     INVX1         10 18.4   137    94     327    (-,-) 
  g69447/Y               -       B->Y  F     NAND2X2        8 13.8   117    97     424    (-,-) 
  g69290/Y               -       A1->Y F     AO22X4         2 53.9   112   128     551    (-,-) 
  mem_la_wdata[17]       -       -     F     (port)         -    -     -     0     551    (-,-) 
#-----------------------------------------------------------------------------------------------



Path 4: MET (3229 ps) Late External Delay Assertion at pin mem_la_wdata[18]
          Group: C2O
     Startpoint: (R) mem_wordsize_reg[1]/CK
          Clock: (R) myclock
       Endpoint: (F) mem_la_wdata[18]
          Clock: (R) myclock

                     Capture       Launch     
        Clock Edge:+    4000            0     
       Src Latency:+       0            0     
       Net Latency:+       0 (I)        0 (I) 
           Arrival:=    4000            0     
                                              
      Output Delay:-     200                  
       Uncertainty:-      20                  
     Required Time:=    3780                  
      Launch Clock:-       0                  
         Data Path:-     551                  
             Slack:=    3229                  

Exceptions/Constraints:
  output_delay             200             picorv32.sdc_line_24_217_1 

#-----------------------------------------------------------------------------------------------
#     Timing Point       Flags   Arc   Edge   Cell     Fanout Load Trans Delay Arrival Instance 
#                                                             (fF)  (ps)  (ps)   (ps)  Location 
#-----------------------------------------------------------------------------------------------
  mem_wordsize_reg[1]/CK -       -     R     (arrival)   2050    -     0     0       0    (-,-) 
  mem_wordsize_reg[1]/Q  -       CK->Q F     SDFFQX1        5  9.4    64    79      79    (-,-) 
  g69490/Y               -       A->Y  R     INVX1          9 16.3   122    84     163    (-,-) 
  g69463/Y               -       B->Y  F     NOR2X1         4  7.5    73    70     232    (-,-) 
  g69452/Y               -       A->Y  R     INVX1         10 18.4   137    94     327    (-,-) 
  g69447/Y               -       B->Y  F     NAND2X2        8 13.8   117    97     424    (-,-) 
  g69286/Y               -       A1->Y F     AO22X4         2 53.9   112   128     551    (-,-) 
  mem_la_wdata[18]       -       -     F     (port)         -    -     -     0     551    (-,-) 
#-----------------------------------------------------------------------------------------------



Path 5: MET (3229 ps) Late External Delay Assertion at pin mem_la_wdata[19]
          Group: C2O
     Startpoint: (R) mem_wordsize_reg[1]/CK
          Clock: (R) myclock
       Endpoint: (F) mem_la_wdata[19]
          Clock: (R) myclock

                     Capture       Launch     
        Clock Edge:+    4000            0     
       Src Latency:+       0            0     
       Net Latency:+       0 (I)        0 (I) 
           Arrival:=    4000            0     
                                              
      Output Delay:-     200                  
       Uncertainty:-      20                  
     Required Time:=    3780                  
      Launch Clock:-       0                  
         Data Path:-     551                  
             Slack:=    3229                  

Exceptions/Constraints:
  output_delay             200             picorv32.sdc_line_24_216_1 

#-----------------------------------------------------------------------------------------------
#     Timing Point       Flags   Arc   Edge   Cell     Fanout Load Trans Delay Arrival Instance 
#                                                             (fF)  (ps)  (ps)   (ps)  Location 
#-----------------------------------------------------------------------------------------------
  mem_wordsize_reg[1]/CK -       -     R     (arrival)   2050    -     0     0       0    (-,-) 
  mem_wordsize_reg[1]/Q  -       CK->Q F     SDFFQX1        5  9.4    64    79      79    (-,-) 
  g69490/Y               -       A->Y  R     INVX1          9 16.3   122    84     163    (-,-) 
  g69463/Y               -       B->Y  F     NOR2X1         4  7.5    73    70     232    (-,-) 
  g69452/Y               -       A->Y  R     INVX1         10 18.4   137    94     327    (-,-) 
  g69447/Y               -       B->Y  F     NAND2X2        8 13.8   117    97     424    (-,-) 
  g69284/Y               -       A1->Y F     AO22X4         2 53.9   112   128     551    (-,-) 
  mem_la_wdata[19]       -       -     F     (port)         -    -     -     0     551    (-,-) 
#-----------------------------------------------------------------------------------------------



Path 6: MET (3229 ps) Late External Delay Assertion at pin mem_la_wdata[20]
          Group: C2O
     Startpoint: (R) mem_wordsize_reg[1]/CK
          Clock: (R) myclock
       Endpoint: (F) mem_la_wdata[20]
          Clock: (R) myclock

                     Capture       Launch     
        Clock Edge:+    4000            0     
       Src Latency:+       0            0     
       Net Latency:+       0 (I)        0 (I) 
           Arrival:=    4000            0     
                                              
      Output Delay:-     200                  
       Uncertainty:-      20                  
     Required Time:=    3780                  
      Launch Clock:-       0                  
         Data Path:-     551                  
             Slack:=    3229                  

Exceptions/Constraints:
  output_delay             200             picorv32.sdc_line_24_215_1 

#-----------------------------------------------------------------------------------------------
#     Timing Point       Flags   Arc   Edge   Cell     Fanout Load Trans Delay Arrival Instance 
#                                                             (fF)  (ps)  (ps)   (ps)  Location 
#-----------------------------------------------------------------------------------------------
  mem_wordsize_reg[1]/CK -       -     R     (arrival)   2050    -     0     0       0    (-,-) 
  mem_wordsize_reg[1]/Q  -       CK->Q F     SDFFQX1        5  9.4    64    79      79    (-,-) 
  g69490/Y               -       A->Y  R     INVX1          9 16.3   122    84     163    (-,-) 
  g69463/Y               -       B->Y  F     NOR2X1         4  7.5    73    70     232    (-,-) 
  g69452/Y               -       A->Y  R     INVX1         10 18.4   137    94     327    (-,-) 
  g69447/Y               -       B->Y  F     NAND2X2        8 13.8   117    97     424    (-,-) 
  g69282/Y               -       A1->Y F     AO22X4         2 53.9   112   128     551    (-,-) 
  mem_la_wdata[20]       -       -     F     (port)         -    -     -     0     551    (-,-) 
#-----------------------------------------------------------------------------------------------



Path 7: MET (3229 ps) Late External Delay Assertion at pin mem_la_wdata[21]
          Group: C2O
     Startpoint: (R) mem_wordsize_reg[1]/CK
          Clock: (R) myclock
       Endpoint: (F) mem_la_wdata[21]
          Clock: (R) myclock

                     Capture       Launch     
        Clock Edge:+    4000            0     
       Src Latency:+       0            0     
       Net Latency:+       0 (I)        0 (I) 
           Arrival:=    4000            0     
                                              
      Output Delay:-     200                  
       Uncertainty:-      20                  
     Required Time:=    3780                  
      Launch Clock:-       0                  
         Data Path:-     551                  
             Slack:=    3229                  

Exceptions/Constraints:
  output_delay             200             picorv32.sdc_line_24_214_1 

#-----------------------------------------------------------------------------------------------
#     Timing Point       Flags   Arc   Edge   Cell     Fanout Load Trans Delay Arrival Instance 
#                                                             (fF)  (ps)  (ps)   (ps)  Location 
#-----------------------------------------------------------------------------------------------
  mem_wordsize_reg[1]/CK -       -     R     (arrival)   2050    -     0     0       0    (-,-) 
  mem_wordsize_reg[1]/Q  -       CK->Q F     SDFFQX1        5  9.4    64    79      79    (-,-) 
  g69490/Y               -       A->Y  R     INVX1          9 16.3   122    84     163    (-,-) 
  g69463/Y               -       B->Y  F     NOR2X1         4  7.5    73    70     232    (-,-) 
  g69452/Y               -       A->Y  R     INVX1         10 18.4   137    94     327    (-,-) 
  g69447/Y               -       B->Y  F     NAND2X2        8 13.8   117    97     424    (-,-) 
  g69278/Y               -       A1->Y F     AO22X4         2 53.9   112   128     551    (-,-) 
  mem_la_wdata[21]       -       -     F     (port)         -    -     -     0     551    (-,-) 
#-----------------------------------------------------------------------------------------------



Path 8: MET (3229 ps) Late External Delay Assertion at pin mem_la_wdata[22]
          Group: C2O
     Startpoint: (R) mem_wordsize_reg[1]/CK
          Clock: (R) myclock
       Endpoint: (F) mem_la_wdata[22]
          Clock: (R) myclock

                     Capture       Launch     
        Clock Edge:+    4000            0     
       Src Latency:+       0            0     
       Net Latency:+       0 (I)        0 (I) 
           Arrival:=    4000            0     
                                              
      Output Delay:-     200                  
       Uncertainty:-      20                  
     Required Time:=    3780                  
      Launch Clock:-       0                  
         Data Path:-     551                  
             Slack:=    3229                  

Exceptions/Constraints:
  output_delay             200             picorv32.sdc_line_24_213_1 

#-----------------------------------------------------------------------------------------------
#     Timing Point       Flags   Arc   Edge   Cell     Fanout Load Trans Delay Arrival Instance 
#                                                             (fF)  (ps)  (ps)   (ps)  Location 
#-----------------------------------------------------------------------------------------------
  mem_wordsize_reg[1]/CK -       -     R     (arrival)   2050    -     0     0       0    (-,-) 
  mem_wordsize_reg[1]/Q  -       CK->Q F     SDFFQX1        5  9.4    64    79      79    (-,-) 
  g69490/Y               -       A->Y  R     INVX1          9 16.3   122    84     163    (-,-) 
  g69463/Y               -       B->Y  F     NOR2X1         4  7.5    73    70     232    (-,-) 
  g69452/Y               -       A->Y  R     INVX1         10 18.4   137    94     327    (-,-) 
  g69447/Y               -       B->Y  F     NAND2X2        8 13.8   117    97     424    (-,-) 
  g69276/Y               -       A1->Y F     AO22X4         2 53.9   112   128     551    (-,-) 
  mem_la_wdata[22]       -       -     F     (port)         -    -     -     0     551    (-,-) 
#-----------------------------------------------------------------------------------------------



Path 9: MET (3229 ps) Late External Delay Assertion at pin mem_la_wdata[23]
          Group: C2O
     Startpoint: (R) mem_wordsize_reg[1]/CK
          Clock: (R) myclock
       Endpoint: (F) mem_la_wdata[23]
          Clock: (R) myclock

                     Capture       Launch     
        Clock Edge:+    4000            0     
       Src Latency:+       0            0     
       Net Latency:+       0 (I)        0 (I) 
           Arrival:=    4000            0     
                                              
      Output Delay:-     200                  
       Uncertainty:-      20                  
     Required Time:=    3780                  
      Launch Clock:-       0                  
         Data Path:-     551                  
             Slack:=    3229                  

Exceptions/Constraints:
  output_delay             200             picorv32.sdc_line_24_212_1 

#-----------------------------------------------------------------------------------------------
#     Timing Point       Flags   Arc   Edge   Cell     Fanout Load Trans Delay Arrival Instance 
#                                                             (fF)  (ps)  (ps)   (ps)  Location 
#-----------------------------------------------------------------------------------------------
  mem_wordsize_reg[1]/CK -       -     R     (arrival)   2050    -     0     0       0    (-,-) 
  mem_wordsize_reg[1]/Q  -       CK->Q F     SDFFQX1        5  9.4    64    79      79    (-,-) 
  g69490/Y               -       A->Y  R     INVX1          9 16.3   122    84     163    (-,-) 
  g69463/Y               -       B->Y  F     NOR2X1         4  7.5    73    70     232    (-,-) 
  g69452/Y               -       A->Y  R     INVX1         10 18.4   137    94     327    (-,-) 
  g69447/Y               -       B->Y  F     NAND2X2        8 13.8   117    97     424    (-,-) 
  g69272/Y               -       A1->Y F     AO22X4         2 53.9   112   128     551    (-,-) 
  mem_la_wdata[23]       -       -     F     (port)         -    -     -     0     551    (-,-) 
#-----------------------------------------------------------------------------------------------



Path 10: MET (3245 ps) Late External Delay Assertion at pin mem_la_wdata[8]
          Group: C2O
     Startpoint: (R) mem_wordsize_reg[1]/CK
          Clock: (R) myclock
       Endpoint: (R) mem_la_wdata[8]
          Clock: (R) myclock

                     Capture       Launch     
        Clock Edge:+    4000            0     
       Src Latency:+       0            0     
       Net Latency:+       0 (I)        0 (I) 
           Arrival:=    4000            0     
                                              
      Output Delay:-     200                  
       Uncertainty:-      20                  
     Required Time:=    3780                  
      Launch Clock:-       0                  
         Data Path:-     535                  
             Slack:=    3245                  

Exceptions/Constraints:
  output_delay             200             picorv32.sdc_line_24_227_1 

#-----------------------------------------------------------------------------------------------
#     Timing Point       Flags   Arc   Edge   Cell     Fanout Load Trans Delay Arrival Instance 
#                                                             (fF)  (ps)  (ps)   (ps)  Location 
#-----------------------------------------------------------------------------------------------
  mem_wordsize_reg[1]/CK -       -     R     (arrival)   2050    -     0     0       0    (-,-) 
  mem_wordsize_reg[1]/Q  -       CK->Q R     SDFFQX1        5  9.6    67    76      76    (-,-) 
  g69490/Y               -       A->Y  F     INVX1          9 15.4   113    80     156    (-,-) 
  g69463/Y               -       B->Y  R     NOR2X1         4  7.9   120    99     256    (-,-) 
  g69452/Y               -       A->Y  F     INVX1         10 17.4   136   105     360    (-,-) 
  g69442/Y               -       B->Y  R     NOR2BX1        2  4.6    82    83     444    (-,-) 
  g69344/Y               -       B0->Y R     AO21X4         2 53.9   103    91     535    (-,-) 
  mem_la_wdata[8]        -       -     R     (port)         -    -     -     0     535    (-,-) 
#-----------------------------------------------------------------------------------------------



Path 11: MET (3245 ps) Late External Delay Assertion at pin mem_la_wdata[9]
          Group: C2O
     Startpoint: (R) mem_wordsize_reg[1]/CK
          Clock: (R) myclock
       Endpoint: (R) mem_la_wdata[9]
          Clock: (R) myclock

                     Capture       Launch     
        Clock Edge:+    4000            0     
       Src Latency:+       0            0     
       Net Latency:+       0 (I)        0 (I) 
           Arrival:=    4000            0     
                                              
      Output Delay:-     200                  
       Uncertainty:-      20                  
     Required Time:=    3780                  
      Launch Clock:-       0                  
         Data Path:-     535                  
             Slack:=    3245                  

Exceptions/Constraints:
  output_delay             200             picorv32.sdc_line_24_226_1 

#-----------------------------------------------------------------------------------------------
#     Timing Point       Flags   Arc   Edge   Cell     Fanout Load Trans Delay Arrival Instance 
#                                                             (fF)  (ps)  (ps)   (ps)  Location 
#-----------------------------------------------------------------------------------------------
  mem_wordsize_reg[1]/CK -       -     R     (arrival)   2050    -     0     0       0    (-,-) 
  mem_wordsize_reg[1]/Q  -       CK->Q R     SDFFQX1        5  9.6    67    76      76    (-,-) 
  g69490/Y               -       A->Y  F     INVX1          9 15.4   113    80     156    (-,-) 
  g69463/Y               -       B->Y  R     NOR2X1         4  7.9   120    99     256    (-,-) 
  g69452/Y               -       A->Y  F     INVX1         10 17.4   136   105     360    (-,-) 
  g69411/Y               -       B->Y  R     NOR2BX1        2  4.6    82    83     444    (-,-) 
  g69343/Y               -       B0->Y R     AO21X4         2 53.9   103    91     535    (-,-) 
  mem_la_wdata[9]        -       -     R     (port)         -    -     -     0     535    (-,-) 
#-----------------------------------------------------------------------------------------------



Path 12: MET (3245 ps) Late External Delay Assertion at pin mem_la_wdata[10]
          Group: C2O
     Startpoint: (R) mem_wordsize_reg[1]/CK
          Clock: (R) myclock
       Endpoint: (R) mem_la_wdata[10]
          Clock: (R) myclock

                     Capture       Launch     
        Clock Edge:+    4000            0     
       Src Latency:+       0            0     
       Net Latency:+       0 (I)        0 (I) 
           Arrival:=    4000            0     
                                              
      Output Delay:-     200                  
       Uncertainty:-      20                  
     Required Time:=    3780                  
      Launch Clock:-       0                  
         Data Path:-     535                  
             Slack:=    3245                  

Exceptions/Constraints:
  output_delay             200             picorv32.sdc_line_24_225_1 

#-----------------------------------------------------------------------------------------------
#     Timing Point       Flags   Arc   Edge   Cell     Fanout Load Trans Delay Arrival Instance 
#                                                             (fF)  (ps)  (ps)   (ps)  Location 
#-----------------------------------------------------------------------------------------------
  mem_wordsize_reg[1]/CK -       -     R     (arrival)   2050    -     0     0       0    (-,-) 
  mem_wordsize_reg[1]/Q  -       CK->Q R     SDFFQX1        5  9.6    67    76      76    (-,-) 
  g69490/Y               -       A->Y  F     INVX1          9 15.4   113    80     156    (-,-) 
  g69463/Y               -       B->Y  R     NOR2X1         4  7.9   120    99     256    (-,-) 
  g69452/Y               -       A->Y  F     INVX1         10 17.4   136   105     360    (-,-) 
  g69440/Y               -       B->Y  R     NOR2BX1        2  4.6    82    83     444    (-,-) 
  g69342/Y               -       B0->Y R     AO21X4         2 53.9   103    91     535    (-,-) 
  mem_la_wdata[10]       -       -     R     (port)         -    -     -     0     535    (-,-) 
#-----------------------------------------------------------------------------------------------



Path 13: MET (3245 ps) Late External Delay Assertion at pin mem_la_wdata[11]
          Group: C2O
     Startpoint: (R) mem_wordsize_reg[1]/CK
          Clock: (R) myclock
       Endpoint: (R) mem_la_wdata[11]
          Clock: (R) myclock

                     Capture       Launch     
        Clock Edge:+    4000            0     
       Src Latency:+       0            0     
       Net Latency:+       0 (I)        0 (I) 
           Arrival:=    4000            0     
                                              
      Output Delay:-     200                  
       Uncertainty:-      20                  
     Required Time:=    3780                  
      Launch Clock:-       0                  
         Data Path:-     535                  
             Slack:=    3245                  

Exceptions/Constraints:
  output_delay             200             picorv32.sdc_line_24_224_1 

#-----------------------------------------------------------------------------------------------
#     Timing Point       Flags   Arc   Edge   Cell     Fanout Load Trans Delay Arrival Instance 
#                                                             (fF)  (ps)  (ps)   (ps)  Location 
#-----------------------------------------------------------------------------------------------
  mem_wordsize_reg[1]/CK -       -     R     (arrival)   2050    -     0     0       0    (-,-) 
  mem_wordsize_reg[1]/Q  -       CK->Q R     SDFFQX1        5  9.6    67    76      76    (-,-) 
  g69490/Y               -       A->Y  F     INVX1          9 15.4   113    80     156    (-,-) 
  g69463/Y               -       B->Y  R     NOR2X1         4  7.9   120    99     256    (-,-) 
  g69452/Y               -       A->Y  F     INVX1         10 17.4   136   105     360    (-,-) 
  g69437/Y               -       B->Y  R     NOR2BX1        2  4.6    82    83     444    (-,-) 
  g69341/Y               -       B0->Y R     AO21X4         2 53.9   103    91     535    (-,-) 
  mem_la_wdata[11]       -       -     R     (port)         -    -     -     0     535    (-,-) 
#-----------------------------------------------------------------------------------------------



Path 14: MET (3245 ps) Late External Delay Assertion at pin mem_la_wdata[12]
          Group: C2O
     Startpoint: (R) mem_wordsize_reg[1]/CK
          Clock: (R) myclock
       Endpoint: (R) mem_la_wdata[12]
          Clock: (R) myclock

                     Capture       Launch     
        Clock Edge:+    4000            0     
       Src Latency:+       0            0     
       Net Latency:+       0 (I)        0 (I) 
           Arrival:=    4000            0     
                                              
      Output Delay:-     200                  
       Uncertainty:-      20                  
     Required Time:=    3780                  
      Launch Clock:-       0                  
         Data Path:-     535                  
             Slack:=    3245                  

Exceptions/Constraints:
  output_delay             200             picorv32.sdc_line_24_223_1 

#-----------------------------------------------------------------------------------------------
#     Timing Point       Flags   Arc   Edge   Cell     Fanout Load Trans Delay Arrival Instance 
#                                                             (fF)  (ps)  (ps)   (ps)  Location 
#-----------------------------------------------------------------------------------------------
  mem_wordsize_reg[1]/CK -       -     R     (arrival)   2050    -     0     0       0    (-,-) 
  mem_wordsize_reg[1]/Q  -       CK->Q R     SDFFQX1        5  9.6    67    76      76    (-,-) 
  g69490/Y               -       A->Y  F     INVX1          9 15.4   113    80     156    (-,-) 
  g69463/Y               -       B->Y  R     NOR2X1         4  7.9   120    99     256    (-,-) 
  g69452/Y               -       A->Y  F     INVX1         10 17.4   136   105     360    (-,-) 
  g69410/Y               -       B->Y  R     NOR2BX1        2  4.6    82    83     444    (-,-) 
  g69340/Y               -       B0->Y R     AO21X4         2 53.9   103    91     535    (-,-) 
  mem_la_wdata[12]       -       -     R     (port)         -    -     -     0     535    (-,-) 
#-----------------------------------------------------------------------------------------------



Path 15: MET (3245 ps) Late External Delay Assertion at pin mem_la_wdata[13]
          Group: C2O
     Startpoint: (R) mem_wordsize_reg[1]/CK
          Clock: (R) myclock
       Endpoint: (R) mem_la_wdata[13]
          Clock: (R) myclock

                     Capture       Launch     
        Clock Edge:+    4000            0     
       Src Latency:+       0            0     
       Net Latency:+       0 (I)        0 (I) 
           Arrival:=    4000            0     
                                              
      Output Delay:-     200                  
       Uncertainty:-      20                  
     Required Time:=    3780                  
      Launch Clock:-       0                  
         Data Path:-     535                  
             Slack:=    3245                  

Exceptions/Constraints:
  output_delay             200             picorv32.sdc_line_24_222_1 

#-----------------------------------------------------------------------------------------------
#     Timing Point       Flags   Arc   Edge   Cell     Fanout Load Trans Delay Arrival Instance 
#                                                             (fF)  (ps)  (ps)   (ps)  Location 
#-----------------------------------------------------------------------------------------------
  mem_wordsize_reg[1]/CK -       -     R     (arrival)   2050    -     0     0       0    (-,-) 
  mem_wordsize_reg[1]/Q  -       CK->Q R     SDFFQX1        5  9.6    67    76      76    (-,-) 
  g69490/Y               -       A->Y  F     INVX1          9 15.4   113    80     156    (-,-) 
  g69463/Y               -       B->Y  R     NOR2X1         4  7.9   120    99     256    (-,-) 
  g69452/Y               -       A->Y  F     INVX1         10 17.4   136   105     360    (-,-) 
  g69409/Y               -       B->Y  R     NOR2BX1        2  4.6    82    83     444    (-,-) 
  g69339/Y               -       B0->Y R     AO21X4         2 53.9   103    91     535    (-,-) 
  mem_la_wdata[13]       -       -     R     (port)         -    -     -     0     535    (-,-) 
#-----------------------------------------------------------------------------------------------



Path 16: MET (3245 ps) Late External Delay Assertion at pin mem_la_wdata[14]
          Group: C2O
     Startpoint: (R) mem_wordsize_reg[1]/CK
          Clock: (R) myclock
       Endpoint: (R) mem_la_wdata[14]
          Clock: (R) myclock

                     Capture       Launch     
        Clock Edge:+    4000            0     
       Src Latency:+       0            0     
       Net Latency:+       0 (I)        0 (I) 
           Arrival:=    4000            0     
                                              
      Output Delay:-     200                  
       Uncertainty:-      20                  
     Required Time:=    3780                  
      Launch Clock:-       0                  
         Data Path:-     535                  
             Slack:=    3245                  

Exceptions/Constraints:
  output_delay             200             picorv32.sdc_line_24_221_1 

#-----------------------------------------------------------------------------------------------
#     Timing Point       Flags   Arc   Edge   Cell     Fanout Load Trans Delay Arrival Instance 
#                                                             (fF)  (ps)  (ps)   (ps)  Location 
#-----------------------------------------------------------------------------------------------
  mem_wordsize_reg[1]/CK -       -     R     (arrival)   2050    -     0     0       0    (-,-) 
  mem_wordsize_reg[1]/Q  -       CK->Q R     SDFFQX1        5  9.6    67    76      76    (-,-) 
  g69490/Y               -       A->Y  F     INVX1          9 15.4   113    80     156    (-,-) 
  g69463/Y               -       B->Y  R     NOR2X1         4  7.9   120    99     256    (-,-) 
  g69452/Y               -       A->Y  F     INVX1         10 17.4   136   105     360    (-,-) 
  g69412/Y               -       B->Y  R     NOR2BX1        2  4.6    82    83     444    (-,-) 
  g69338/Y               -       B0->Y R     AO21X4         2 53.9   103    91     535    (-,-) 
  mem_la_wdata[14]       -       -     R     (port)         -    -     -     0     535    (-,-) 
#-----------------------------------------------------------------------------------------------



Path 17: MET (3245 ps) Late External Delay Assertion at pin mem_la_wdata[15]
          Group: C2O
     Startpoint: (R) mem_wordsize_reg[1]/CK
          Clock: (R) myclock
       Endpoint: (R) mem_la_wdata[15]
          Clock: (R) myclock

                     Capture       Launch     
        Clock Edge:+    4000            0     
       Src Latency:+       0            0     
       Net Latency:+       0 (I)        0 (I) 
           Arrival:=    4000            0     
                                              
      Output Delay:-     200                  
       Uncertainty:-      20                  
     Required Time:=    3780                  
      Launch Clock:-       0                  
         Data Path:-     535                  
             Slack:=    3245                  

Exceptions/Constraints:
  output_delay             200             picorv32.sdc_line_24_220_1 

#-----------------------------------------------------------------------------------------------
#     Timing Point       Flags   Arc   Edge   Cell     Fanout Load Trans Delay Arrival Instance 
#                                                             (fF)  (ps)  (ps)   (ps)  Location 
#-----------------------------------------------------------------------------------------------
  mem_wordsize_reg[1]/CK -       -     R     (arrival)   2050    -     0     0       0    (-,-) 
  mem_wordsize_reg[1]/Q  -       CK->Q R     SDFFQX1        5  9.6    67    76      76    (-,-) 
  g69490/Y               -       A->Y  F     INVX1          9 15.4   113    80     156    (-,-) 
  g69463/Y               -       B->Y  R     NOR2X1         4  7.9   120    99     256    (-,-) 
  g69452/Y               -       A->Y  F     INVX1         10 17.4   136   105     360    (-,-) 
  g69413/Y               -       B->Y  R     NOR2BX1        2  4.6    82    83     444    (-,-) 
  g69337/Y               -       B0->Y R     AO21X4         2 53.9   103    91     535    (-,-) 
  mem_la_wdata[15]       -       -     R     (port)         -    -     -     0     535    (-,-) 
#-----------------------------------------------------------------------------------------------



Path 18: MET (3246 ps) Late External Delay Assertion at pin mem_la_wdata[24]
          Group: C2O
     Startpoint: (R) mem_wordsize_reg[1]/CK
          Clock: (R) myclock
       Endpoint: (R) mem_la_wdata[24]
          Clock: (R) myclock

                     Capture       Launch     
        Clock Edge:+    4000            0     
       Src Latency:+       0            0     
       Net Latency:+       0 (I)        0 (I) 
           Arrival:=    4000            0     
                                              
      Output Delay:-     200                  
       Uncertainty:-      20                  
     Required Time:=    3780                  
      Launch Clock:-       0                  
         Data Path:-     534                  
             Slack:=    3246                  

Exceptions/Constraints:
  output_delay             200             picorv32.sdc_line_24_211_1 

#-----------------------------------------------------------------------------------------------
#     Timing Point       Flags   Arc   Edge   Cell     Fanout Load Trans Delay Arrival Instance 
#                                                             (fF)  (ps)  (ps)   (ps)  Location 
#-----------------------------------------------------------------------------------------------
  mem_wordsize_reg[1]/CK -       -     R     (arrival)   2050    -     0     0       0    (-,-) 
  mem_wordsize_reg[1]/Q  -       CK->Q R     SDFFQX1        5  9.6    67    76      76    (-,-) 
  g69490/Y               -       A->Y  F     INVX1          9 15.4   113    80     156    (-,-) 
  g69463/Y               -       B->Y  R     NOR2X1         4  7.9   120    99     256    (-,-) 
  g69452/Y               -       A->Y  F     INVX1         10 17.4   136   105     360    (-,-) 
  g69442/Y               -       B->Y  R     NOR2BX1        2  4.6    82    83     444    (-,-) 
  g69220/Y               -       C->Y  R     OR3X4          2 53.9    99    90     534    (-,-) 
  mem_la_wdata[24]       -       -     R     (port)         -    -     -     0     534    (-,-) 
#-----------------------------------------------------------------------------------------------



Path 19: MET (3246 ps) Late External Delay Assertion at pin mem_la_wdata[25]
          Group: C2O
     Startpoint: (R) mem_wordsize_reg[1]/CK
          Clock: (R) myclock
       Endpoint: (R) mem_la_wdata[25]
          Clock: (R) myclock

                     Capture       Launch     
        Clock Edge:+    4000            0     
       Src Latency:+       0            0     
       Net Latency:+       0 (I)        0 (I) 
           Arrival:=    4000            0     
                                              
      Output Delay:-     200                  
       Uncertainty:-      20                  
     Required Time:=    3780                  
      Launch Clock:-       0                  
         Data Path:-     534                  
             Slack:=    3246                  

Exceptions/Constraints:
  output_delay             200             picorv32.sdc_line_24_210_1 

#-----------------------------------------------------------------------------------------------
#     Timing Point       Flags   Arc   Edge   Cell     Fanout Load Trans Delay Arrival Instance 
#                                                             (fF)  (ps)  (ps)   (ps)  Location 
#-----------------------------------------------------------------------------------------------
  mem_wordsize_reg[1]/CK -       -     R     (arrival)   2050    -     0     0       0    (-,-) 
  mem_wordsize_reg[1]/Q  -       CK->Q R     SDFFQX1        5  9.6    67    76      76    (-,-) 
  g69490/Y               -       A->Y  F     INVX1          9 15.4   113    80     156    (-,-) 
  g69463/Y               -       B->Y  R     NOR2X1         4  7.9   120    99     256    (-,-) 
  g69452/Y               -       A->Y  F     INVX1         10 17.4   136   105     360    (-,-) 
  g69411/Y               -       B->Y  R     NOR2BX1        2  4.6    82    83     444    (-,-) 
  g69219/Y               -       C->Y  R     OR3X4          2 53.9    99    90     534    (-,-) 
  mem_la_wdata[25]       -       -     R     (port)         -    -     -     0     534    (-,-) 
#-----------------------------------------------------------------------------------------------



Path 20: MET (3246 ps) Late External Delay Assertion at pin mem_la_wdata[26]
          Group: C2O
     Startpoint: (R) mem_wordsize_reg[1]/CK
          Clock: (R) myclock
       Endpoint: (R) mem_la_wdata[26]
          Clock: (R) myclock

                     Capture       Launch     
        Clock Edge:+    4000            0     
       Src Latency:+       0            0     
       Net Latency:+       0 (I)        0 (I) 
           Arrival:=    4000            0     
                                              
      Output Delay:-     200                  
       Uncertainty:-      20                  
     Required Time:=    3780                  
      Launch Clock:-       0                  
         Data Path:-     534                  
             Slack:=    3246                  

Exceptions/Constraints:
  output_delay             200             picorv32.sdc_line_24_209_1 

#-----------------------------------------------------------------------------------------------
#     Timing Point       Flags   Arc   Edge   Cell     Fanout Load Trans Delay Arrival Instance 
#                                                             (fF)  (ps)  (ps)   (ps)  Location 
#-----------------------------------------------------------------------------------------------
  mem_wordsize_reg[1]/CK -       -     R     (arrival)   2050    -     0     0       0    (-,-) 
  mem_wordsize_reg[1]/Q  -       CK->Q R     SDFFQX1        5  9.6    67    76      76    (-,-) 
  g69490/Y               -       A->Y  F     INVX1          9 15.4   113    80     156    (-,-) 
  g69463/Y               -       B->Y  R     NOR2X1         4  7.9   120    99     256    (-,-) 
  g69452/Y               -       A->Y  F     INVX1         10 17.4   136   105     360    (-,-) 
  g69440/Y               -       B->Y  R     NOR2BX1        2  4.6    82    83     444    (-,-) 
  g69218/Y               -       C->Y  R     OR3X4          2 53.9    99    90     534    (-,-) 
  mem_la_wdata[26]       -       -     R     (port)         -    -     -     0     534    (-,-) 
#-----------------------------------------------------------------------------------------------



Path 21: MET (3246 ps) Late External Delay Assertion at pin mem_la_wdata[27]
          Group: C2O
     Startpoint: (R) mem_wordsize_reg[1]/CK
          Clock: (R) myclock
       Endpoint: (R) mem_la_wdata[27]
          Clock: (R) myclock

                     Capture       Launch     
        Clock Edge:+    4000            0     
       Src Latency:+       0            0     
       Net Latency:+       0 (I)        0 (I) 
           Arrival:=    4000            0     
                                              
      Output Delay:-     200                  
       Uncertainty:-      20                  
     Required Time:=    3780                  
      Launch Clock:-       0                  
         Data Path:-     534                  
             Slack:=    3246                  

Exceptions/Constraints:
  output_delay             200             picorv32.sdc_line_24_208_1 

#-----------------------------------------------------------------------------------------------
#     Timing Point       Flags   Arc   Edge   Cell     Fanout Load Trans Delay Arrival Instance 
#                                                             (fF)  (ps)  (ps)   (ps)  Location 
#-----------------------------------------------------------------------------------------------
  mem_wordsize_reg[1]/CK -       -     R     (arrival)   2050    -     0     0       0    (-,-) 
  mem_wordsize_reg[1]/Q  -       CK->Q R     SDFFQX1        5  9.6    67    76      76    (-,-) 
  g69490/Y               -       A->Y  F     INVX1          9 15.4   113    80     156    (-,-) 
  g69463/Y               -       B->Y  R     NOR2X1         4  7.9   120    99     256    (-,-) 
  g69452/Y               -       A->Y  F     INVX1         10 17.4   136   105     360    (-,-) 
  g69437/Y               -       B->Y  R     NOR2BX1        2  4.6    82    83     444    (-,-) 
  g69217/Y               -       C->Y  R     OR3X4          2 53.9    99    90     534    (-,-) 
  mem_la_wdata[27]       -       -     R     (port)         -    -     -     0     534    (-,-) 
#-----------------------------------------------------------------------------------------------



Path 22: MET (3246 ps) Late External Delay Assertion at pin mem_la_wdata[28]
          Group: C2O
     Startpoint: (R) mem_wordsize_reg[1]/CK
          Clock: (R) myclock
       Endpoint: (R) mem_la_wdata[28]
          Clock: (R) myclock

                     Capture       Launch     
        Clock Edge:+    4000            0     
       Src Latency:+       0            0     
       Net Latency:+       0 (I)        0 (I) 
           Arrival:=    4000            0     
                                              
      Output Delay:-     200                  
       Uncertainty:-      20                  
     Required Time:=    3780                  
      Launch Clock:-       0                  
         Data Path:-     534                  
             Slack:=    3246                  

Exceptions/Constraints:
  output_delay             200             picorv32.sdc_line_24_207_1 

#-----------------------------------------------------------------------------------------------
#     Timing Point       Flags   Arc   Edge   Cell     Fanout Load Trans Delay Arrival Instance 
#                                                             (fF)  (ps)  (ps)   (ps)  Location 
#-----------------------------------------------------------------------------------------------
  mem_wordsize_reg[1]/CK -       -     R     (arrival)   2050    -     0     0       0    (-,-) 
  mem_wordsize_reg[1]/Q  -       CK->Q R     SDFFQX1        5  9.6    67    76      76    (-,-) 
  g69490/Y               -       A->Y  F     INVX1          9 15.4   113    80     156    (-,-) 
  g69463/Y               -       B->Y  R     NOR2X1         4  7.9   120    99     256    (-,-) 
  g69452/Y               -       A->Y  F     INVX1         10 17.4   136   105     360    (-,-) 
  g69410/Y               -       B->Y  R     NOR2BX1        2  4.6    82    83     444    (-,-) 
  g69216/Y               -       C->Y  R     OR3X4          2 53.9    99    90     534    (-,-) 
  mem_la_wdata[28]       -       -     R     (port)         -    -     -     0     534    (-,-) 
#-----------------------------------------------------------------------------------------------



Path 23: MET (3246 ps) Late External Delay Assertion at pin mem_la_wdata[29]
          Group: C2O
     Startpoint: (R) mem_wordsize_reg[1]/CK
          Clock: (R) myclock
       Endpoint: (R) mem_la_wdata[29]
          Clock: (R) myclock

                     Capture       Launch     
        Clock Edge:+    4000            0     
       Src Latency:+       0            0     
       Net Latency:+       0 (I)        0 (I) 
           Arrival:=    4000            0     
                                              
      Output Delay:-     200                  
       Uncertainty:-      20                  
     Required Time:=    3780                  
      Launch Clock:-       0                  
         Data Path:-     534                  
             Slack:=    3246                  

Exceptions/Constraints:
  output_delay             200             picorv32.sdc_line_24_206_1 

#-----------------------------------------------------------------------------------------------
#     Timing Point       Flags   Arc   Edge   Cell     Fanout Load Trans Delay Arrival Instance 
#                                                             (fF)  (ps)  (ps)   (ps)  Location 
#-----------------------------------------------------------------------------------------------
  mem_wordsize_reg[1]/CK -       -     R     (arrival)   2050    -     0     0       0    (-,-) 
  mem_wordsize_reg[1]/Q  -       CK->Q R     SDFFQX1        5  9.6    67    76      76    (-,-) 
  g69490/Y               -       A->Y  F     INVX1          9 15.4   113    80     156    (-,-) 
  g69463/Y               -       B->Y  R     NOR2X1         4  7.9   120    99     256    (-,-) 
  g69452/Y               -       A->Y  F     INVX1         10 17.4   136   105     360    (-,-) 
  g69409/Y               -       B->Y  R     NOR2BX1        2  4.6    82    83     444    (-,-) 
  g69215/Y               -       C->Y  R     OR3X4          2 53.9    99    90     534    (-,-) 
  mem_la_wdata[29]       -       -     R     (port)         -    -     -     0     534    (-,-) 
#-----------------------------------------------------------------------------------------------



Path 24: MET (3246 ps) Late External Delay Assertion at pin mem_la_wdata[30]
          Group: C2O
     Startpoint: (R) mem_wordsize_reg[1]/CK
          Clock: (R) myclock
       Endpoint: (R) mem_la_wdata[30]
          Clock: (R) myclock

                     Capture       Launch     
        Clock Edge:+    4000            0     
       Src Latency:+       0            0     
       Net Latency:+       0 (I)        0 (I) 
           Arrival:=    4000            0     
                                              
      Output Delay:-     200                  
       Uncertainty:-      20                  
     Required Time:=    3780                  
      Launch Clock:-       0                  
         Data Path:-     534                  
             Slack:=    3246                  

Exceptions/Constraints:
  output_delay             200             picorv32.sdc_line_24_205_1 

#-----------------------------------------------------------------------------------------------
#     Timing Point       Flags   Arc   Edge   Cell     Fanout Load Trans Delay Arrival Instance 
#                                                             (fF)  (ps)  (ps)   (ps)  Location 
#-----------------------------------------------------------------------------------------------
  mem_wordsize_reg[1]/CK -       -     R     (arrival)   2050    -     0     0       0    (-,-) 
  mem_wordsize_reg[1]/Q  -       CK->Q R     SDFFQX1        5  9.6    67    76      76    (-,-) 
  g69490/Y               -       A->Y  F     INVX1          9 15.4   113    80     156    (-,-) 
  g69463/Y               -       B->Y  R     NOR2X1         4  7.9   120    99     256    (-,-) 
  g69452/Y               -       A->Y  F     INVX1         10 17.4   136   105     360    (-,-) 
  g69412/Y               -       B->Y  R     NOR2BX1        2  4.6    82    83     444    (-,-) 
  g69214/Y               -       C->Y  R     OR3X4          2 53.9    99    90     534    (-,-) 
  mem_la_wdata[30]       -       -     R     (port)         -    -     -     0     534    (-,-) 
#-----------------------------------------------------------------------------------------------



Path 25: MET (3246 ps) Late External Delay Assertion at pin mem_la_wdata[31]
          Group: C2O
     Startpoint: (R) mem_wordsize_reg[1]/CK
          Clock: (R) myclock
       Endpoint: (R) mem_la_wdata[31]
          Clock: (R) myclock

                     Capture       Launch     
        Clock Edge:+    4000            0     
       Src Latency:+       0            0     
       Net Latency:+       0 (I)        0 (I) 
           Arrival:=    4000            0     
                                              
      Output Delay:-     200                  
       Uncertainty:-      20                  
     Required Time:=    3780                  
      Launch Clock:-       0                  
         Data Path:-     534                  
             Slack:=    3246                  

Exceptions/Constraints:
  output_delay             200             picorv32.sdc_line_24_204_1 

#-----------------------------------------------------------------------------------------------
#     Timing Point       Flags   Arc   Edge   Cell     Fanout Load Trans Delay Arrival Instance 
#                                                             (fF)  (ps)  (ps)   (ps)  Location 
#-----------------------------------------------------------------------------------------------
  mem_wordsize_reg[1]/CK -       -     R     (arrival)   2050    -     0     0       0    (-,-) 
  mem_wordsize_reg[1]/Q  -       CK->Q R     SDFFQX1        5  9.6    67    76      76    (-,-) 
  g69490/Y               -       A->Y  F     INVX1          9 15.4   113    80     156    (-,-) 
  g69463/Y               -       B->Y  R     NOR2X1         4  7.9   120    99     256    (-,-) 
  g69452/Y               -       A->Y  F     INVX1         10 17.4   136   105     360    (-,-) 
  g69413/Y               -       B->Y  R     NOR2BX1        2  4.6    82    83     444    (-,-) 
  g69213/Y               -       C->Y  R     OR3X4          2 53.9    99    90     534    (-,-) 
  mem_la_wdata[31]       -       -     R     (port)         -    -     -     0     534    (-,-) 
#-----------------------------------------------------------------------------------------------



Path 26: MET (3260 ps) Late External Delay Assertion at pin mem_la_wstrb[3]
          Group: C2O
     Startpoint: (R) mem_wordsize_reg[1]/CK
          Clock: (R) myclock
       Endpoint: (R) mem_la_wstrb[3]
          Clock: (R) myclock

                     Capture       Launch     
        Clock Edge:+    4000            0     
       Src Latency:+       0            0     
       Net Latency:+       0 (I)        0 (I) 
           Arrival:=    4000            0     
                                              
      Output Delay:-     200                  
       Uncertainty:-      20                  
     Required Time:=    3780                  
      Launch Clock:-       0                  
         Data Path:-     520                  
             Slack:=    3260                  

Exceptions/Constraints:
  output_delay             200             picorv32.sdc_line_24_236_1 

#-----------------------------------------------------------------------------------------------
#     Timing Point       Flags   Arc   Edge   Cell     Fanout Load Trans Delay Arrival Instance 
#                                                             (fF)  (ps)  (ps)   (ps)  Location 
#-----------------------------------------------------------------------------------------------
  mem_wordsize_reg[1]/CK -       -     R     (arrival)   2050    -     0     0       0    (-,-) 
  mem_wordsize_reg[1]/Q  -       CK->Q R     SDFFQX1        5  9.6    67    76      76    (-,-) 
  g69490/Y               -       A->Y  F     INVX1          9 15.4   113    80     156    (-,-) 
  g69463/Y               -       B->Y  R     NOR2X1         4  7.9   120    99     256    (-,-) 
  g69445/Y               -       C->Y  F     NAND3X1        4  7.2   150   122     378    (-,-) 
  g69332/Y               -       B->Y  R     NAND2X1        1  2.9    50    60     438    (-,-) 
  g69222/Y               -       B->Y  R     OR2X4          2 53.9   100    82     520    (-,-) 
  mem_la_wstrb[3]        -       -     R     (port)         -    -     -     0     520    (-,-) 
#-----------------------------------------------------------------------------------------------



Path 27: MET (3273 ps) Late External Delay Assertion at pin mem_la_addr[2]
          Group: C2O
     Startpoint: (R) mem_do_rinst_reg/CK
          Clock: (R) myclock
       Endpoint: (F) mem_la_addr[2]
          Clock: (R) myclock

                     Capture       Launch     
        Clock Edge:+    4000            0     
       Src Latency:+       0            0     
       Net Latency:+       0 (I)        0 (I) 
           Arrival:=    4000            0     
                                              
      Output Delay:-     200                  
       Uncertainty:-      20                  
     Required Time:=    3780                  
      Launch Clock:-       0                  
         Data Path:-     507                  
             Slack:=    3273                  

Exceptions/Constraints:
  output_delay             200             picorv32.sdc_line_24_201_1 

#--------------------------------------------------------------------------------------------
#    Timing Point     Flags   Arc   Edge   Cell     Fanout Load Trans Delay Arrival Instance 
#                                                          (fF)  (ps)  (ps)   (ps)  Location 
#--------------------------------------------------------------------------------------------
  mem_do_rinst_reg/CK -       -     R     (arrival)   2050    -     0     0       0    (-,-) 
  mem_do_rinst_reg/Q  -       CK->Q F     SMDFFHQX1      7 14.6    98   100     100    (-,-) 
  g69468/Y            -       A->Y  R     NOR2X6        31 47.1   118    86     185    (-,-) 
  g69455/Y            -       A->Y  F     INVX1          5  8.9    81    73     258    (-,-) 
  g69449/Y            -       A->Y  F     AND2X4        30 45.4    91    87     345    (-,-) 
  g69323/Y            -       A1->Y F     AO22X1         1  2.8    24    63     408    (-,-) 
  g69203/Y            -       B0->Y F     AO21X4         2 53.9   110    99     507    (-,-) 
  mem_la_addr[2]      -       -     F     (port)         -    -     -     0     507    (-,-) 
#--------------------------------------------------------------------------------------------



Path 28: MET (3273 ps) Late External Delay Assertion at pin mem_la_addr[3]
          Group: C2O
     Startpoint: (R) mem_do_rinst_reg/CK
          Clock: (R) myclock
       Endpoint: (F) mem_la_addr[3]
          Clock: (R) myclock

                     Capture       Launch     
        Clock Edge:+    4000            0     
       Src Latency:+       0            0     
       Net Latency:+       0 (I)        0 (I) 
           Arrival:=    4000            0     
                                              
      Output Delay:-     200                  
       Uncertainty:-      20                  
     Required Time:=    3780                  
      Launch Clock:-       0                  
         Data Path:-     507                  
             Slack:=    3273                  

Exceptions/Constraints:
  output_delay             200             picorv32.sdc_line_24_200_1 

#--------------------------------------------------------------------------------------------
#    Timing Point     Flags   Arc   Edge   Cell     Fanout Load Trans Delay Arrival Instance 
#                                                          (fF)  (ps)  (ps)   (ps)  Location 
#--------------------------------------------------------------------------------------------
  mem_do_rinst_reg/CK -       -     R     (arrival)   2050    -     0     0       0    (-,-) 
  mem_do_rinst_reg/Q  -       CK->Q F     SMDFFHQX1      7 14.6    98   100     100    (-,-) 
  g69468/Y            -       A->Y  R     NOR2X6        31 47.1   118    86     185    (-,-) 
  g69455/Y            -       A->Y  F     INVX1          5  8.9    81    73     258    (-,-) 
  g69449/Y            -       A->Y  F     AND2X4        30 45.4    91    87     345    (-,-) 
  g69321/Y            -       A1->Y F     AO22X1         1  2.8    24    63     408    (-,-) 
  g69202/Y            -       B0->Y F     AO21X4         2 53.9   110    99     507    (-,-) 
  mem_la_addr[3]      -       -     F     (port)         -    -     -     0     507    (-,-) 
#--------------------------------------------------------------------------------------------



Path 29: MET (3273 ps) Late External Delay Assertion at pin mem_la_addr[4]
          Group: C2O
     Startpoint: (R) mem_do_rinst_reg/CK
          Clock: (R) myclock
       Endpoint: (F) mem_la_addr[4]
          Clock: (R) myclock

                     Capture       Launch     
        Clock Edge:+    4000            0     
       Src Latency:+       0            0     
       Net Latency:+       0 (I)        0 (I) 
           Arrival:=    4000            0     
                                              
      Output Delay:-     200                  
       Uncertainty:-      20                  
     Required Time:=    3780                  
      Launch Clock:-       0                  
         Data Path:-     507                  
             Slack:=    3273                  

Exceptions/Constraints:
  output_delay             200             picorv32.sdc_line_24_199_1 

#--------------------------------------------------------------------------------------------
#    Timing Point     Flags   Arc   Edge   Cell     Fanout Load Trans Delay Arrival Instance 
#                                                          (fF)  (ps)  (ps)   (ps)  Location 
#--------------------------------------------------------------------------------------------
  mem_do_rinst_reg/CK -       -     R     (arrival)   2050    -     0     0       0    (-,-) 
  mem_do_rinst_reg/Q  -       CK->Q F     SMDFFHQX1      7 14.6    98   100     100    (-,-) 
  g69468/Y            -       A->Y  R     NOR2X6        31 47.1   118    86     185    (-,-) 
  g69455/Y            -       A->Y  F     INVX1          5  8.9    81    73     258    (-,-) 
  g69449/Y            -       A->Y  F     AND2X4        30 45.4    91    87     345    (-,-) 
  g69319/Y            -       A1->Y F     AO22X1         1  2.8    23    63     408    (-,-) 
  g69200/Y            -       B0->Y F     AO21X4         2 53.9   110    99     507    (-,-) 
  mem_la_addr[4]      -       -     F     (port)         -    -     -     0     507    (-,-) 
#--------------------------------------------------------------------------------------------



Path 30: MET (3273 ps) Late External Delay Assertion at pin mem_la_addr[5]
          Group: C2O
     Startpoint: (R) mem_do_rinst_reg/CK
          Clock: (R) myclock
       Endpoint: (F) mem_la_addr[5]
          Clock: (R) myclock

                     Capture       Launch     
        Clock Edge:+    4000            0     
       Src Latency:+       0            0     
       Net Latency:+       0 (I)        0 (I) 
           Arrival:=    4000            0     
                                              
      Output Delay:-     200                  
       Uncertainty:-      20                  
     Required Time:=    3780                  
      Launch Clock:-       0                  
         Data Path:-     507                  
             Slack:=    3273                  

Exceptions/Constraints:
  output_delay             200             picorv32.sdc_line_24_198_1 

#--------------------------------------------------------------------------------------------
#    Timing Point     Flags   Arc   Edge   Cell     Fanout Load Trans Delay Arrival Instance 
#                                                          (fF)  (ps)  (ps)   (ps)  Location 
#--------------------------------------------------------------------------------------------
  mem_do_rinst_reg/CK -       -     R     (arrival)   2050    -     0     0       0    (-,-) 
  mem_do_rinst_reg/Q  -       CK->Q F     SMDFFHQX1      7 14.6    98   100     100    (-,-) 
  g69468/Y            -       A->Y  R     NOR2X6        31 47.1   118    86     185    (-,-) 
  g69455/Y            -       A->Y  F     INVX1          5  8.9    81    73     258    (-,-) 
  g69449/Y            -       A->Y  F     AND2X4        30 45.4    91    87     345    (-,-) 
  g69317/Y            -       A1->Y F     AO22X1         1  2.8    23    63     408    (-,-) 
  g69198/Y            -       B0->Y F     AO21X4         2 53.9   110    99     507    (-,-) 
  mem_la_addr[5]      -       -     F     (port)         -    -     -     0     507    (-,-) 
#--------------------------------------------------------------------------------------------



Path 31: MET (3273 ps) Late External Delay Assertion at pin mem_la_addr[6]
          Group: C2O
     Startpoint: (R) mem_do_rinst_reg/CK
          Clock: (R) myclock
       Endpoint: (F) mem_la_addr[6]
          Clock: (R) myclock

                     Capture       Launch     
        Clock Edge:+    4000            0     
       Src Latency:+       0            0     
       Net Latency:+       0 (I)        0 (I) 
           Arrival:=    4000            0     
                                              
      Output Delay:-     200                  
       Uncertainty:-      20                  
     Required Time:=    3780                  
      Launch Clock:-       0                  
         Data Path:-     507                  
             Slack:=    3273                  

Exceptions/Constraints:
  output_delay             200             picorv32.sdc_line_24_197_1 

#--------------------------------------------------------------------------------------------
#    Timing Point     Flags   Arc   Edge   Cell     Fanout Load Trans Delay Arrival Instance 
#                                                          (fF)  (ps)  (ps)   (ps)  Location 
#--------------------------------------------------------------------------------------------
  mem_do_rinst_reg/CK -       -     R     (arrival)   2050    -     0     0       0    (-,-) 
  mem_do_rinst_reg/Q  -       CK->Q F     SMDFFHQX1      7 14.6    98   100     100    (-,-) 
  g69468/Y            -       A->Y  R     NOR2X6        31 47.1   118    86     185    (-,-) 
  g69455/Y            -       A->Y  F     INVX1          5  8.9    81    73     258    (-,-) 
  g69449/Y            -       A->Y  F     AND2X4        30 45.4    91    87     345    (-,-) 
  g69314/Y            -       A1->Y F     AO22X1         1  2.8    23    63     408    (-,-) 
  g69196/Y            -       B0->Y F     AO21X4         2 53.9   110    99     507    (-,-) 
  mem_la_addr[6]      -       -     F     (port)         -    -     -     0     507    (-,-) 
#--------------------------------------------------------------------------------------------



Path 32: MET (3273 ps) Late External Delay Assertion at pin mem_la_addr[7]
          Group: C2O
     Startpoint: (R) mem_do_rinst_reg/CK
          Clock: (R) myclock
       Endpoint: (F) mem_la_addr[7]
          Clock: (R) myclock

                     Capture       Launch     
        Clock Edge:+    4000            0     
       Src Latency:+       0            0     
       Net Latency:+       0 (I)        0 (I) 
           Arrival:=    4000            0     
                                              
      Output Delay:-     200                  
       Uncertainty:-      20                  
     Required Time:=    3780                  
      Launch Clock:-       0                  
         Data Path:-     507                  
             Slack:=    3273                  

Exceptions/Constraints:
  output_delay             200             picorv32.sdc_line_24_196_1 

#--------------------------------------------------------------------------------------------
#    Timing Point     Flags   Arc   Edge   Cell     Fanout Load Trans Delay Arrival Instance 
#                                                          (fF)  (ps)  (ps)   (ps)  Location 
#--------------------------------------------------------------------------------------------
  mem_do_rinst_reg/CK -       -     R     (arrival)   2050    -     0     0       0    (-,-) 
  mem_do_rinst_reg/Q  -       CK->Q F     SMDFFHQX1      7 14.6    98   100     100    (-,-) 
  g69468/Y            -       A->Y  R     NOR2X6        31 47.1   118    86     185    (-,-) 
  g69455/Y            -       A->Y  F     INVX1          5  8.9    81    73     258    (-,-) 
  g69449/Y            -       A->Y  F     AND2X4        30 45.4    91    87     345    (-,-) 
  g69312/Y            -       A1->Y F     AO22X1         1  2.8    23    63     408    (-,-) 
  g69194/Y            -       B0->Y F     AO21X4         2 53.9   110    99     507    (-,-) 
  mem_la_addr[7]      -       -     F     (port)         -    -     -     0     507    (-,-) 
#--------------------------------------------------------------------------------------------



Path 33: MET (3273 ps) Late External Delay Assertion at pin mem_la_addr[8]
          Group: C2O
     Startpoint: (R) mem_do_rinst_reg/CK
          Clock: (R) myclock
       Endpoint: (F) mem_la_addr[8]
          Clock: (R) myclock

                     Capture       Launch     
        Clock Edge:+    4000            0     
       Src Latency:+       0            0     
       Net Latency:+       0 (I)        0 (I) 
           Arrival:=    4000            0     
                                              
      Output Delay:-     200                  
       Uncertainty:-      20                  
     Required Time:=    3780                  
      Launch Clock:-       0                  
         Data Path:-     507                  
             Slack:=    3273                  

Exceptions/Constraints:
  output_delay             200             picorv32.sdc_line_24_195_1 

#--------------------------------------------------------------------------------------------
#    Timing Point     Flags   Arc   Edge   Cell     Fanout Load Trans Delay Arrival Instance 
#                                                          (fF)  (ps)  (ps)   (ps)  Location 
#--------------------------------------------------------------------------------------------
  mem_do_rinst_reg/CK -       -     R     (arrival)   2050    -     0     0       0    (-,-) 
  mem_do_rinst_reg/Q  -       CK->Q F     SMDFFHQX1      7 14.6    98   100     100    (-,-) 
  g69468/Y            -       A->Y  R     NOR2X6        31 47.1   118    86     185    (-,-) 
  g69455/Y            -       A->Y  F     INVX1          5  8.9    81    73     258    (-,-) 
  g69449/Y            -       A->Y  F     AND2X4        30 45.4    91    87     345    (-,-) 
  g69310/Y            -       A1->Y F     AO22X1         1  2.8    23    63     408    (-,-) 
  g69192/Y            -       B0->Y F     AO21X4         2 53.9   110    99     507    (-,-) 
  mem_la_addr[8]      -       -     F     (port)         -    -     -     0     507    (-,-) 
#--------------------------------------------------------------------------------------------



Path 34: MET (3273 ps) Late External Delay Assertion at pin mem_la_addr[9]
          Group: C2O
     Startpoint: (R) mem_do_rinst_reg/CK
          Clock: (R) myclock
       Endpoint: (F) mem_la_addr[9]
          Clock: (R) myclock

                     Capture       Launch     
        Clock Edge:+    4000            0     
       Src Latency:+       0            0     
       Net Latency:+       0 (I)        0 (I) 
           Arrival:=    4000            0     
                                              
      Output Delay:-     200                  
       Uncertainty:-      20                  
     Required Time:=    3780                  
      Launch Clock:-       0                  
         Data Path:-     507                  
             Slack:=    3273                  

Exceptions/Constraints:
  output_delay             200             picorv32.sdc_line_24_194_1 

#--------------------------------------------------------------------------------------------
#    Timing Point     Flags   Arc   Edge   Cell     Fanout Load Trans Delay Arrival Instance 
#                                                          (fF)  (ps)  (ps)   (ps)  Location 
#--------------------------------------------------------------------------------------------
  mem_do_rinst_reg/CK -       -     R     (arrival)   2050    -     0     0       0    (-,-) 
  mem_do_rinst_reg/Q  -       CK->Q F     SMDFFHQX1      7 14.6    98   100     100    (-,-) 
  g69468/Y            -       A->Y  R     NOR2X6        31 47.1   118    86     185    (-,-) 
  g69455/Y            -       A->Y  F     INVX1          5  8.9    81    73     258    (-,-) 
  g69449/Y            -       A->Y  F     AND2X4        30 45.4    91    87     345    (-,-) 
  g69308/Y            -       A1->Y F     AO22X1         1  2.8    23    63     408    (-,-) 
  g69188/Y            -       B0->Y F     AO21X4         2 53.9   110    99     507    (-,-) 
  mem_la_addr[9]      -       -     F     (port)         -    -     -     0     507    (-,-) 
#--------------------------------------------------------------------------------------------



Path 35: MET (3273 ps) Late External Delay Assertion at pin mem_la_addr[10]
          Group: C2O
     Startpoint: (R) mem_do_rinst_reg/CK
          Clock: (R) myclock
       Endpoint: (F) mem_la_addr[10]
          Clock: (R) myclock

                     Capture       Launch     
        Clock Edge:+    4000            0     
       Src Latency:+       0            0     
       Net Latency:+       0 (I)        0 (I) 
           Arrival:=    4000            0     
                                              
      Output Delay:-     200                  
       Uncertainty:-      20                  
     Required Time:=    3780                  
      Launch Clock:-       0                  
         Data Path:-     507                  
             Slack:=    3273                  

Exceptions/Constraints:
  output_delay             200             picorv32.sdc_line_24_193_1 

#--------------------------------------------------------------------------------------------
#    Timing Point     Flags   Arc   Edge   Cell     Fanout Load Trans Delay Arrival Instance 
#                                                          (fF)  (ps)  (ps)   (ps)  Location 
#--------------------------------------------------------------------------------------------
  mem_do_rinst_reg/CK -       -     R     (arrival)   2050    -     0     0       0    (-,-) 
  mem_do_rinst_reg/Q  -       CK->Q F     SMDFFHQX1      7 14.6    98   100     100    (-,-) 
  g69468/Y            -       A->Y  R     NOR2X6        31 47.1   118    86     185    (-,-) 
  g69455/Y            -       A->Y  F     INVX1          5  8.9    81    73     258    (-,-) 
  g69449/Y            -       A->Y  F     AND2X4        30 45.4    91    87     345    (-,-) 
  g69305/Y            -       A1->Y F     AO22X1         1  2.8    24    63     408    (-,-) 
  g69179/Y            -       B0->Y F     AO21X4         2 53.9   110    99     507    (-,-) 
  mem_la_addr[10]     -       -     F     (port)         -    -     -     0     507    (-,-) 
#--------------------------------------------------------------------------------------------



Path 36: MET (3273 ps) Late External Delay Assertion at pin mem_la_addr[11]
          Group: C2O
     Startpoint: (R) mem_do_rinst_reg/CK
          Clock: (R) myclock
       Endpoint: (F) mem_la_addr[11]
          Clock: (R) myclock

                     Capture       Launch     
        Clock Edge:+    4000            0     
       Src Latency:+       0            0     
       Net Latency:+       0 (I)        0 (I) 
           Arrival:=    4000            0     
                                              
      Output Delay:-     200                  
       Uncertainty:-      20                  
     Required Time:=    3780                  
      Launch Clock:-       0                  
         Data Path:-     507                  
             Slack:=    3273                  

Exceptions/Constraints:
  output_delay             200             picorv32.sdc_line_24_192_1 

#--------------------------------------------------------------------------------------------
#    Timing Point     Flags   Arc   Edge   Cell     Fanout Load Trans Delay Arrival Instance 
#                                                          (fF)  (ps)  (ps)   (ps)  Location 
#--------------------------------------------------------------------------------------------
  mem_do_rinst_reg/CK -       -     R     (arrival)   2050    -     0     0       0    (-,-) 
  mem_do_rinst_reg/Q  -       CK->Q F     SMDFFHQX1      7 14.6    98   100     100    (-,-) 
  g69468/Y            -       A->Y  R     NOR2X6        31 47.1   118    86     185    (-,-) 
  g69455/Y            -       A->Y  F     INVX1          5  8.9    81    73     258    (-,-) 
  g69449/Y            -       A->Y  F     AND2X4        30 45.4    91    87     345    (-,-) 
  g69296/Y            -       A1->Y F     AO22X1         1  2.8    24    63     408    (-,-) 
  g69173/Y            -       B0->Y F     AO21X4         2 53.9   110    99     507    (-,-) 
  mem_la_addr[11]     -       -     F     (port)         -    -     -     0     507    (-,-) 
#--------------------------------------------------------------------------------------------



Path 37: MET (3273 ps) Late External Delay Assertion at pin mem_la_addr[12]
          Group: C2O
     Startpoint: (R) mem_do_rinst_reg/CK
          Clock: (R) myclock
       Endpoint: (F) mem_la_addr[12]
          Clock: (R) myclock

                     Capture       Launch     
        Clock Edge:+    4000            0     
       Src Latency:+       0            0     
       Net Latency:+       0 (I)        0 (I) 
           Arrival:=    4000            0     
                                              
      Output Delay:-     200                  
       Uncertainty:-      20                  
     Required Time:=    3780                  
      Launch Clock:-       0                  
         Data Path:-     507                  
             Slack:=    3273                  

Exceptions/Constraints:
  output_delay             200             picorv32.sdc_line_24_191_1 

#--------------------------------------------------------------------------------------------
#    Timing Point     Flags   Arc   Edge   Cell     Fanout Load Trans Delay Arrival Instance 
#                                                          (fF)  (ps)  (ps)   (ps)  Location 
#--------------------------------------------------------------------------------------------
  mem_do_rinst_reg/CK -       -     R     (arrival)   2050    -     0     0       0    (-,-) 
  mem_do_rinst_reg/Q  -       CK->Q F     SMDFFHQX1      7 14.6    98   100     100    (-,-) 
  g69468/Y            -       A->Y  R     NOR2X6        31 47.1   118    86     185    (-,-) 
  g69455/Y            -       A->Y  F     INVX1          5  8.9    81    73     258    (-,-) 
  g69449/Y            -       A->Y  F     AND2X4        30 45.4    91    87     345    (-,-) 
  g69288/Y            -       A1->Y F     AO22X1         1  2.8    24    63     408    (-,-) 
  g69166/Y            -       B0->Y F     AO21X4         2 53.9   110    99     507    (-,-) 
  mem_la_addr[12]     -       -     F     (port)         -    -     -     0     507    (-,-) 
#--------------------------------------------------------------------------------------------



Path 38: MET (3273 ps) Late External Delay Assertion at pin mem_la_addr[13]
          Group: C2O
     Startpoint: (R) mem_do_rinst_reg/CK
          Clock: (R) myclock
       Endpoint: (F) mem_la_addr[13]
          Clock: (R) myclock

                     Capture       Launch     
        Clock Edge:+    4000            0     
       Src Latency:+       0            0     
       Net Latency:+       0 (I)        0 (I) 
           Arrival:=    4000            0     
                                              
      Output Delay:-     200                  
       Uncertainty:-      20                  
     Required Time:=    3780                  
      Launch Clock:-       0                  
         Data Path:-     507                  
             Slack:=    3273                  

Exceptions/Constraints:
  output_delay             200             picorv32.sdc_line_24_190_1 

#--------------------------------------------------------------------------------------------
#    Timing Point     Flags   Arc   Edge   Cell     Fanout Load Trans Delay Arrival Instance 
#                                                          (fF)  (ps)  (ps)   (ps)  Location 
#--------------------------------------------------------------------------------------------
  mem_do_rinst_reg/CK -       -     R     (arrival)   2050    -     0     0       0    (-,-) 
  mem_do_rinst_reg/Q  -       CK->Q F     SMDFFHQX1      7 14.6    98   100     100    (-,-) 
  g69468/Y            -       A->Y  R     NOR2X6        31 47.1   118    86     185    (-,-) 
  g69455/Y            -       A->Y  F     INVX1          5  8.9    81    73     258    (-,-) 
  g69449/Y            -       A->Y  F     AND2X4        30 45.4    91    87     345    (-,-) 
  g69275/Y            -       A1->Y F     AO22X1         1  2.8    23    63     408    (-,-) 
  g69186/Y            -       B0->Y F     AO21X4         2 53.9   110    99     507    (-,-) 
  mem_la_addr[13]     -       -     F     (port)         -    -     -     0     507    (-,-) 
#--------------------------------------------------------------------------------------------



Path 39: MET (3273 ps) Late External Delay Assertion at pin mem_la_addr[14]
          Group: C2O
     Startpoint: (R) mem_do_rinst_reg/CK
          Clock: (R) myclock
       Endpoint: (F) mem_la_addr[14]
          Clock: (R) myclock

                     Capture       Launch     
        Clock Edge:+    4000            0     
       Src Latency:+       0            0     
       Net Latency:+       0 (I)        0 (I) 
           Arrival:=    4000            0     
                                              
      Output Delay:-     200                  
       Uncertainty:-      20                  
     Required Time:=    3780                  
      Launch Clock:-       0                  
         Data Path:-     507                  
             Slack:=    3273                  

Exceptions/Constraints:
  output_delay             200             picorv32.sdc_line_24_189_1 

#--------------------------------------------------------------------------------------------
#    Timing Point     Flags   Arc   Edge   Cell     Fanout Load Trans Delay Arrival Instance 
#                                                          (fF)  (ps)  (ps)   (ps)  Location 
#--------------------------------------------------------------------------------------------
  mem_do_rinst_reg/CK -       -     R     (arrival)   2050    -     0     0       0    (-,-) 
  mem_do_rinst_reg/Q  -       CK->Q F     SMDFFHQX1      7 14.6    98   100     100    (-,-) 
  g69468/Y            -       A->Y  R     NOR2X6        31 47.1   118    86     185    (-,-) 
  g69455/Y            -       A->Y  F     INVX1          5  8.9    81    73     258    (-,-) 
  g69449/Y            -       A->Y  F     AND2X4        30 45.4    91    87     345    (-,-) 
  g69270/Y            -       A1->Y F     AO22X1         1  2.8    23    63     408    (-,-) 
  g69195/Y            -       B0->Y F     AO21X4         2 53.9   110    99     507    (-,-) 
  mem_la_addr[14]     -       -     F     (port)         -    -     -     0     507    (-,-) 
#--------------------------------------------------------------------------------------------



Path 40: MET (3273 ps) Late External Delay Assertion at pin mem_la_addr[15]
          Group: C2O
     Startpoint: (R) mem_do_rinst_reg/CK
          Clock: (R) myclock
       Endpoint: (F) mem_la_addr[15]
          Clock: (R) myclock

                     Capture       Launch     
        Clock Edge:+    4000            0     
       Src Latency:+       0            0     
       Net Latency:+       0 (I)        0 (I) 
           Arrival:=    4000            0     
                                              
      Output Delay:-     200                  
       Uncertainty:-      20                  
     Required Time:=    3780                  
      Launch Clock:-       0                  
         Data Path:-     507                  
             Slack:=    3273                  

Exceptions/Constraints:
  output_delay             200             picorv32.sdc_line_24_188_1 

#--------------------------------------------------------------------------------------------
#    Timing Point     Flags   Arc   Edge   Cell     Fanout Load Trans Delay Arrival Instance 
#                                                          (fF)  (ps)  (ps)   (ps)  Location 
#--------------------------------------------------------------------------------------------
  mem_do_rinst_reg/CK -       -     R     (arrival)   2050    -     0     0       0    (-,-) 
  mem_do_rinst_reg/Q  -       CK->Q F     SMDFFHQX1      7 14.6    98   100     100    (-,-) 
  g69468/Y            -       A->Y  R     NOR2X6        31 47.1   118    86     185    (-,-) 
  g69455/Y            -       A->Y  F     INVX1          5  8.9    81    73     258    (-,-) 
  g69449/Y            -       A->Y  F     AND2X4        30 45.4    91    87     345    (-,-) 
  g69212/Y            -       A1->Y F     AO22X1         1  2.8    23    63     408    (-,-) 
  g69150/Y            -       B0->Y F     AO21X4         2 53.9   110    99     507    (-,-) 
  mem_la_addr[15]     -       -     F     (port)         -    -     -     0     507    (-,-) 
#--------------------------------------------------------------------------------------------



Path 41: MET (3273 ps) Late External Delay Assertion at pin mem_la_addr[16]
          Group: C2O
     Startpoint: (R) mem_do_rinst_reg/CK
          Clock: (R) myclock
       Endpoint: (F) mem_la_addr[16]
          Clock: (R) myclock

                     Capture       Launch     
        Clock Edge:+    4000            0     
       Src Latency:+       0            0     
       Net Latency:+       0 (I)        0 (I) 
           Arrival:=    4000            0     
                                              
      Output Delay:-     200                  
       Uncertainty:-      20                  
     Required Time:=    3780                  
      Launch Clock:-       0                  
         Data Path:-     507                  
             Slack:=    3273                  

Exceptions/Constraints:
  output_delay             200             picorv32.sdc_line_24_187_1 

#--------------------------------------------------------------------------------------------
#    Timing Point     Flags   Arc   Edge   Cell     Fanout Load Trans Delay Arrival Instance 
#                                                          (fF)  (ps)  (ps)   (ps)  Location 
#--------------------------------------------------------------------------------------------
  mem_do_rinst_reg/CK -       -     R     (arrival)   2050    -     0     0       0    (-,-) 
  mem_do_rinst_reg/Q  -       CK->Q F     SMDFFHQX1      7 14.6    98   100     100    (-,-) 
  g69468/Y            -       A->Y  R     NOR2X6        31 47.1   118    86     185    (-,-) 
  g69455/Y            -       A->Y  F     INVX1          5  8.9    81    73     258    (-,-) 
  g69449/Y            -       A->Y  F     AND2X4        30 45.4    91    87     345    (-,-) 
  g69260/Y            -       A1->Y F     AO22X1         1  2.8    23    63     408    (-,-) 
  g69148/Y            -       B0->Y F     AO21X4         2 53.9   110    99     507    (-,-) 
  mem_la_addr[16]     -       -     F     (port)         -    -     -     0     507    (-,-) 
#--------------------------------------------------------------------------------------------



Path 42: MET (3273 ps) Late External Delay Assertion at pin mem_la_addr[17]
          Group: C2O
     Startpoint: (R) mem_do_rinst_reg/CK
          Clock: (R) myclock
       Endpoint: (F) mem_la_addr[17]
          Clock: (R) myclock

                     Capture       Launch     
        Clock Edge:+    4000            0     
       Src Latency:+       0            0     
       Net Latency:+       0 (I)        0 (I) 
           Arrival:=    4000            0     
                                              
      Output Delay:-     200                  
       Uncertainty:-      20                  
     Required Time:=    3780                  
      Launch Clock:-       0                  
         Data Path:-     507                  
             Slack:=    3273                  

Exceptions/Constraints:
  output_delay             200             picorv32.sdc_line_24_186_1 

#--------------------------------------------------------------------------------------------
#    Timing Point     Flags   Arc   Edge   Cell     Fanout Load Trans Delay Arrival Instance 
#                                                          (fF)  (ps)  (ps)   (ps)  Location 
#--------------------------------------------------------------------------------------------
  mem_do_rinst_reg/CK -       -     R     (arrival)   2050    -     0     0       0    (-,-) 
  mem_do_rinst_reg/Q  -       CK->Q F     SMDFFHQX1      7 14.6    98   100     100    (-,-) 
  g69468/Y            -       A->Y  R     NOR2X6        31 47.1   118    86     185    (-,-) 
  g69455/Y            -       A->Y  F     INVX1          5  8.9    81    73     258    (-,-) 
  g69449/Y            -       A->Y  F     AND2X4        30 45.4    91    87     345    (-,-) 
  g69258/Y            -       A1->Y F     AO22X1         1  2.8    23    63     408    (-,-) 
  g69146/Y            -       B0->Y F     AO21X4         2 53.9   110    99     507    (-,-) 
  mem_la_addr[17]     -       -     F     (port)         -    -     -     0     507    (-,-) 
#--------------------------------------------------------------------------------------------



Path 43: MET (3273 ps) Late External Delay Assertion at pin mem_la_addr[18]
          Group: C2O
     Startpoint: (R) mem_do_rinst_reg/CK
          Clock: (R) myclock
       Endpoint: (F) mem_la_addr[18]
          Clock: (R) myclock

                     Capture       Launch     
        Clock Edge:+    4000            0     
       Src Latency:+       0            0     
       Net Latency:+       0 (I)        0 (I) 
           Arrival:=    4000            0     
                                              
      Output Delay:-     200                  
       Uncertainty:-      20                  
     Required Time:=    3780                  
      Launch Clock:-       0                  
         Data Path:-     507                  
             Slack:=    3273                  

Exceptions/Constraints:
  output_delay             200             picorv32.sdc_line_24_185_1 

#--------------------------------------------------------------------------------------------
#    Timing Point     Flags   Arc   Edge   Cell     Fanout Load Trans Delay Arrival Instance 
#                                                          (fF)  (ps)  (ps)   (ps)  Location 
#--------------------------------------------------------------------------------------------
  mem_do_rinst_reg/CK -       -     R     (arrival)   2050    -     0     0       0    (-,-) 
  mem_do_rinst_reg/Q  -       CK->Q F     SMDFFHQX1      7 14.6    98   100     100    (-,-) 
  g69468/Y            -       A->Y  R     NOR2X6        31 47.1   118    86     185    (-,-) 
  g69455/Y            -       A->Y  F     INVX1          5  8.9    81    73     258    (-,-) 
  g69449/Y            -       A->Y  F     AND2X4        30 45.4    91    87     345    (-,-) 
  g69322/Y            -       A1->Y F     AO22X1         1  2.8    23    63     408    (-,-) 
  g69201/Y            -       B0->Y F     AO21X4         2 53.9   110    99     507    (-,-) 
  mem_la_addr[18]     -       -     F     (port)         -    -     -     0     507    (-,-) 
#--------------------------------------------------------------------------------------------



Path 44: MET (3273 ps) Late External Delay Assertion at pin mem_la_addr[19]
          Group: C2O
     Startpoint: (R) mem_do_rinst_reg/CK
          Clock: (R) myclock
       Endpoint: (F) mem_la_addr[19]
          Clock: (R) myclock

                     Capture       Launch     
        Clock Edge:+    4000            0     
       Src Latency:+       0            0     
       Net Latency:+       0 (I)        0 (I) 
           Arrival:=    4000            0     
                                              
      Output Delay:-     200                  
       Uncertainty:-      20                  
     Required Time:=    3780                  
      Launch Clock:-       0                  
         Data Path:-     507                  
             Slack:=    3273                  

Exceptions/Constraints:
  output_delay             200             picorv32.sdc_line_24_184_1 

#--------------------------------------------------------------------------------------------
#    Timing Point     Flags   Arc   Edge   Cell     Fanout Load Trans Delay Arrival Instance 
#                                                          (fF)  (ps)  (ps)   (ps)  Location 
#--------------------------------------------------------------------------------------------
  mem_do_rinst_reg/CK -       -     R     (arrival)   2050    -     0     0       0    (-,-) 
  mem_do_rinst_reg/Q  -       CK->Q F     SMDFFHQX1      7 14.6    98   100     100    (-,-) 
  g69468/Y            -       A->Y  R     NOR2X6        31 47.1   118    86     185    (-,-) 
  g69455/Y            -       A->Y  F     INVX1          5  8.9    81    73     258    (-,-) 
  g69449/Y            -       A->Y  F     AND2X4        30 45.4    91    87     345    (-,-) 
  g69318/Y            -       A1->Y F     AO22X1         1  2.8    23    63     408    (-,-) 
  g69197/Y            -       B0->Y F     AO21X4         2 53.9   110    99     507    (-,-) 
  mem_la_addr[19]     -       -     F     (port)         -    -     -     0     507    (-,-) 
#--------------------------------------------------------------------------------------------



Path 45: MET (3273 ps) Late External Delay Assertion at pin mem_la_addr[20]
          Group: C2O
     Startpoint: (R) mem_do_rinst_reg/CK
          Clock: (R) myclock
       Endpoint: (F) mem_la_addr[20]
          Clock: (R) myclock

                     Capture       Launch     
        Clock Edge:+    4000            0     
       Src Latency:+       0            0     
       Net Latency:+       0 (I)        0 (I) 
           Arrival:=    4000            0     
                                              
      Output Delay:-     200                  
       Uncertainty:-      20                  
     Required Time:=    3780                  
      Launch Clock:-       0                  
         Data Path:-     507                  
             Slack:=    3273                  

Exceptions/Constraints:
  output_delay             200             picorv32.sdc_line_24_183_1 

#--------------------------------------------------------------------------------------------
#    Timing Point     Flags   Arc   Edge   Cell     Fanout Load Trans Delay Arrival Instance 
#                                                          (fF)  (ps)  (ps)   (ps)  Location 
#--------------------------------------------------------------------------------------------
  mem_do_rinst_reg/CK -       -     R     (arrival)   2050    -     0     0       0    (-,-) 
  mem_do_rinst_reg/Q  -       CK->Q F     SMDFFHQX1      7 14.6    98   100     100    (-,-) 
  g69468/Y            -       A->Y  R     NOR2X6        31 47.1   118    86     185    (-,-) 
  g69455/Y            -       A->Y  F     INVX1          5  8.9    81    73     258    (-,-) 
  g69449/Y            -       A->Y  F     AND2X4        30 45.4    91    87     345    (-,-) 
  g69313/Y            -       A1->Y F     AO22X1         1  2.8    24    63     408    (-,-) 
  g69193/Y            -       B0->Y F     AO21X4         2 53.9   110    99     507    (-,-) 
  mem_la_addr[20]     -       -     F     (port)         -    -     -     0     507    (-,-) 
#--------------------------------------------------------------------------------------------



Path 46: MET (3273 ps) Late External Delay Assertion at pin mem_la_addr[21]
          Group: C2O
     Startpoint: (R) mem_do_rinst_reg/CK
          Clock: (R) myclock
       Endpoint: (F) mem_la_addr[21]
          Clock: (R) myclock

                     Capture       Launch     
        Clock Edge:+    4000            0     
       Src Latency:+       0            0     
       Net Latency:+       0 (I)        0 (I) 
           Arrival:=    4000            0     
                                              
      Output Delay:-     200                  
       Uncertainty:-      20                  
     Required Time:=    3780                  
      Launch Clock:-       0                  
         Data Path:-     507                  
             Slack:=    3273                  

Exceptions/Constraints:
  output_delay             200             picorv32.sdc_line_24_182_1 

#--------------------------------------------------------------------------------------------
#    Timing Point     Flags   Arc   Edge   Cell     Fanout Load Trans Delay Arrival Instance 
#                                                          (fF)  (ps)  (ps)   (ps)  Location 
#--------------------------------------------------------------------------------------------
  mem_do_rinst_reg/CK -       -     R     (arrival)   2050    -     0     0       0    (-,-) 
  mem_do_rinst_reg/Q  -       CK->Q F     SMDFFHQX1      7 14.6    98   100     100    (-,-) 
  g69468/Y            -       A->Y  R     NOR2X6        31 47.1   118    86     185    (-,-) 
  g69455/Y            -       A->Y  F     INVX1          5  8.9    81    73     258    (-,-) 
  g69449/Y            -       A->Y  F     AND2X4        30 45.4    91    87     345    (-,-) 
  g69309/Y            -       A1->Y F     AO22X1         1  2.8    23    63     408    (-,-) 
  g69191/Y            -       B0->Y F     AO21X4         2 53.9   110    99     507    (-,-) 
  mem_la_addr[21]     -       -     F     (port)         -    -     -     0     507    (-,-) 
#--------------------------------------------------------------------------------------------



Path 47: MET (3273 ps) Late External Delay Assertion at pin mem_la_addr[22]
          Group: C2O
     Startpoint: (R) mem_do_rinst_reg/CK
          Clock: (R) myclock
       Endpoint: (F) mem_la_addr[22]
          Clock: (R) myclock

                     Capture       Launch     
        Clock Edge:+    4000            0     
       Src Latency:+       0            0     
       Net Latency:+       0 (I)        0 (I) 
           Arrival:=    4000            0     
                                              
      Output Delay:-     200                  
       Uncertainty:-      20                  
     Required Time:=    3780                  
      Launch Clock:-       0                  
         Data Path:-     507                  
             Slack:=    3273                  

Exceptions/Constraints:
  output_delay             200             picorv32.sdc_line_24_181_1 

#--------------------------------------------------------------------------------------------
#    Timing Point     Flags   Arc   Edge   Cell     Fanout Load Trans Delay Arrival Instance 
#                                                          (fF)  (ps)  (ps)   (ps)  Location 
#--------------------------------------------------------------------------------------------
  mem_do_rinst_reg/CK -       -     R     (arrival)   2050    -     0     0       0    (-,-) 
  mem_do_rinst_reg/Q  -       CK->Q F     SMDFFHQX1      7 14.6    98   100     100    (-,-) 
  g69468/Y            -       A->Y  R     NOR2X6        31 47.1   118    86     185    (-,-) 
  g69455/Y            -       A->Y  F     INVX1          5  8.9    81    73     258    (-,-) 
  g69449/Y            -       A->Y  F     AND2X4        30 45.4    91    87     345    (-,-) 
  g69302/Y            -       A1->Y F     AO22X1         1  2.8    23    63     408    (-,-) 
  g69172/Y            -       B0->Y F     AO21X4         2 53.9   110    99     507    (-,-) 
  mem_la_addr[22]     -       -     F     (port)         -    -     -     0     507    (-,-) 
#--------------------------------------------------------------------------------------------



Path 48: MET (3273 ps) Late External Delay Assertion at pin mem_la_addr[23]
          Group: C2O
     Startpoint: (R) mem_do_rinst_reg/CK
          Clock: (R) myclock
       Endpoint: (F) mem_la_addr[23]
          Clock: (R) myclock

                     Capture       Launch     
        Clock Edge:+    4000            0     
       Src Latency:+       0            0     
       Net Latency:+       0 (I)        0 (I) 
           Arrival:=    4000            0     
                                              
      Output Delay:-     200                  
       Uncertainty:-      20                  
     Required Time:=    3780                  
      Launch Clock:-       0                  
         Data Path:-     507                  
             Slack:=    3273                  

Exceptions/Constraints:
  output_delay             200             picorv32.sdc_line_24_180_1 

#--------------------------------------------------------------------------------------------
#    Timing Point     Flags   Arc   Edge   Cell     Fanout Load Trans Delay Arrival Instance 
#                                                          (fF)  (ps)  (ps)   (ps)  Location 
#--------------------------------------------------------------------------------------------
  mem_do_rinst_reg/CK -       -     R     (arrival)   2050    -     0     0       0    (-,-) 
  mem_do_rinst_reg/Q  -       CK->Q F     SMDFFHQX1      7 14.6    98   100     100    (-,-) 
  g69468/Y            -       A->Y  R     NOR2X6        31 47.1   118    86     185    (-,-) 
  g69455/Y            -       A->Y  F     INVX1          5  8.9    81    73     258    (-,-) 
  g69449/Y            -       A->Y  F     AND2X4        30 45.4    91    87     345    (-,-) 
  g69280/Y            -       A1->Y F     AO22X1         1  2.8    23    63     408    (-,-) 
  g69161/Y            -       B0->Y F     AO21X4         2 53.9   110    99     507    (-,-) 
  mem_la_addr[23]     -       -     F     (port)         -    -     -     0     507    (-,-) 
#--------------------------------------------------------------------------------------------



Path 49: MET (3273 ps) Late External Delay Assertion at pin mem_la_addr[24]
          Group: C2O
     Startpoint: (R) mem_do_rinst_reg/CK
          Clock: (R) myclock
       Endpoint: (F) mem_la_addr[24]
          Clock: (R) myclock

                     Capture       Launch     
        Clock Edge:+    4000            0     
       Src Latency:+       0            0     
       Net Latency:+       0 (I)        0 (I) 
           Arrival:=    4000            0     
                                              
      Output Delay:-     200                  
       Uncertainty:-      20                  
     Required Time:=    3780                  
      Launch Clock:-       0                  
         Data Path:-     507                  
             Slack:=    3273                  

Exceptions/Constraints:
  output_delay             200             picorv32.sdc_line_24_179_1 

#--------------------------------------------------------------------------------------------
#    Timing Point     Flags   Arc   Edge   Cell     Fanout Load Trans Delay Arrival Instance 
#                                                          (fF)  (ps)  (ps)   (ps)  Location 
#--------------------------------------------------------------------------------------------
  mem_do_rinst_reg/CK -       -     R     (arrival)   2050    -     0     0       0    (-,-) 
  mem_do_rinst_reg/Q  -       CK->Q F     SMDFFHQX1      7 14.6    98   100     100    (-,-) 
  g69468/Y            -       A->Y  R     NOR2X6        31 47.1   118    86     185    (-,-) 
  g69455/Y            -       A->Y  F     INVX1          5  8.9    81    73     258    (-,-) 
  g69449/Y            -       A->Y  F     AND2X4        30 45.4    91    87     345    (-,-) 
  g69266/Y            -       A1->Y F     AO22X1         1  2.8    24    63     408    (-,-) 
  g69149/Y            -       B0->Y F     AO21X4         2 53.9   110    99     507    (-,-) 
  mem_la_addr[24]     -       -     F     (port)         -    -     -     0     507    (-,-) 
#--------------------------------------------------------------------------------------------



Path 50: MET (3273 ps) Late External Delay Assertion at pin mem_la_addr[25]
          Group: C2O
     Startpoint: (R) mem_do_rinst_reg/CK
          Clock: (R) myclock
       Endpoint: (F) mem_la_addr[25]
          Clock: (R) myclock

                     Capture       Launch     
        Clock Edge:+    4000            0     
       Src Latency:+       0            0     
       Net Latency:+       0 (I)        0 (I) 
           Arrival:=    4000            0     
                                              
      Output Delay:-     200                  
       Uncertainty:-      20                  
     Required Time:=    3780                  
      Launch Clock:-       0                  
         Data Path:-     507                  
             Slack:=    3273                  

Exceptions/Constraints:
  output_delay             200             picorv32.sdc_line_24_178_1 

#--------------------------------------------------------------------------------------------
#    Timing Point     Flags   Arc   Edge   Cell     Fanout Load Trans Delay Arrival Instance 
#                                                          (fF)  (ps)  (ps)   (ps)  Location 
#--------------------------------------------------------------------------------------------
  mem_do_rinst_reg/CK -       -     R     (arrival)   2050    -     0     0       0    (-,-) 
  mem_do_rinst_reg/Q  -       CK->Q F     SMDFFHQX1      7 14.6    98   100     100    (-,-) 
  g69468/Y            -       A->Y  R     NOR2X6        31 47.1   118    86     185    (-,-) 
  g69455/Y            -       A->Y  F     INVX1          5  8.9    81    73     258    (-,-) 
  g69449/Y            -       A->Y  F     AND2X4        30 45.4    91    87     345    (-,-) 
  g69259/Y            -       A1->Y F     AO22X1         1  2.8    24    63     408    (-,-) 
  g69147/Y            -       B0->Y F     AO21X4         2 53.9   110    99     507    (-,-) 
  mem_la_addr[25]     -       -     F     (port)         -    -     -     0     507    (-,-) 
#--------------------------------------------------------------------------------------------

