============================================================
  Generated by:           Genus(TM) Synthesis Solution 22.13-s093_1
  Generated on:           Apr 13 2026  07:21:26 pm
  Module:                 picorv32
  Operating conditions:   PVT_1P1V_0C 
  Interconnect mode:      global
  Area mode:              physical library
============================================================


Path 1: MET (2725 ps) Setup Check with Pin reg_op1_reg[28]/CK->D
          Group: I2C
     Startpoint: (R) mem_ready
          Clock: (R) myclock
       Endpoint: (R) reg_op1_reg[28]/D
          Clock: (R) myclock

                     Capture       Launch     
        Clock Edge:+    4000            0     
        Drv Adjust:+       0            0     
       Src Latency:+       0            0     
       Net Latency:+       0 (I)        0 (I) 
           Arrival:=    4000            0     
                                              
             Setup:-      28                  
       Uncertainty:-      20                  
     Required Time:=    3952                  
      Launch Clock:-       0                  
       Input Delay:-     100                  
         Data Path:-    1127                  
             Slack:=    2725                  

Exceptions/Constraints:
  input_delay             100             picorv32.sdc_line_18_1_1 

#-------------------------------------------------------------------------------------------
#   Timing Point    Flags    Arc   Edge   Cell     Fanout Load Trans Delay Arrival Instance 
#                                                         (fF)  (ps)  (ps)   (ps)  Location 
#-------------------------------------------------------------------------------------------
  mem_ready         -       -      R     (arrival)      2  7.8    15     0     100    (-,-) 
  g131506/Y         -       A->Y   F     NAND2X8       39 66.0   142    81     181    (-,-) 
  g131190/Y         -       A->Y   R     INVX1          7 13.6   118    97     278    (-,-) 
  g63341/Y          -       B0->Y  F     OAI211X1       1  2.7    73    84     362    (-,-) 
  g63340/Y          -       A1N->Y F     OAI2BB1X1      5  8.9   114    89     451    (-,-) 
  g130632/Y         -       B->Y   R     NAND2X1        2  4.4    53    55     506    (-,-) 
  g130138/Y         -       B->Y   F     NAND2X1        2  4.4    65    54     560    (-,-) 
  g129653/Y         -       C->Y   R     NOR3X1         3  6.0   130    94     654    (-,-) 
  g129237/Y         -       B0->Y  F     AOI2BB1X1      2  4.3    56    63     717    (-,-) 
  g128292/Y         -       C->Y   F     AND3X4        30 48.4    97    84     801    (-,-) 
  g128254/Y         -       A->Y   R     INVX1          8 14.6   116    87     888    (-,-) 
  g128206/Y         -       D->Y   R     AND4X4        31 53.1   110   145    1033    (-,-) 
  g126891/Y         -       A1->Y  F     AOI222X1       1  2.8    79    81    1114    (-,-) 
  g126853/Y         -       C0->Y  R     OAI221X1       1  2.9    69    40    1154    (-,-) 
  g126809/Y         -       C0->Y  F     AOI221X1       1  2.8    70    37    1191    (-,-) 
  g126730/Y         -       B->Y   R     NAND2X1        1  2.8    40    36    1227    (-,-) 
  reg_op1_reg[28]/D -       -      R     DFFHQX4        1    -     -     0    1227    (-,-) 
#-------------------------------------------------------------------------------------------



Path 2: MET (2727 ps) Setup Check with Pin reg_op1_reg[29]/CK->D
          Group: I2C
     Startpoint: (R) mem_ready
          Clock: (R) myclock
       Endpoint: (R) reg_op1_reg[29]/D
          Clock: (R) myclock

                     Capture       Launch     
        Clock Edge:+    4000            0     
        Drv Adjust:+       0            0     
       Src Latency:+       0            0     
       Net Latency:+       0 (I)        0 (I) 
           Arrival:=    4000            0     
                                              
             Setup:-      27                  
       Uncertainty:-      20                  
     Required Time:=    3953                  
      Launch Clock:-       0                  
       Input Delay:-     100                  
         Data Path:-    1126                  
             Slack:=    2727                  

Exceptions/Constraints:
  input_delay             100             picorv32.sdc_line_18_1_1 

#-------------------------------------------------------------------------------------------
#   Timing Point    Flags    Arc   Edge   Cell     Fanout Load Trans Delay Arrival Instance 
#                                                         (fF)  (ps)  (ps)   (ps)  Location 
#-------------------------------------------------------------------------------------------
  mem_ready         -       -      R     (arrival)      2  7.8    15     0     100    (-,-) 
  g131506/Y         -       A->Y   F     NAND2X8       39 66.0   142    81     181    (-,-) 
  g131190/Y         -       A->Y   R     INVX1          7 13.6   118    97     278    (-,-) 
  g63341/Y          -       B0->Y  F     OAI211X1       1  2.7    73    84     362    (-,-) 
  g63340/Y          -       A1N->Y F     OAI2BB1X1      5  8.9   114    89     451    (-,-) 
  g130632/Y         -       B->Y   R     NAND2X1        2  4.4    53    55     506    (-,-) 
  g130138/Y         -       B->Y   F     NAND2X1        2  4.4    65    54     560    (-,-) 
  g129653/Y         -       C->Y   R     NOR3X1         3  6.0   130    94     654    (-,-) 
  g129237/Y         -       B0->Y  F     AOI2BB1X1      2  4.3    56    63     717    (-,-) 
  g128292/Y         -       C->Y   F     AND3X4        30 48.4    97    84     801    (-,-) 
  g128254/Y         -       A->Y   R     INVX1          8 14.6   116    87     888    (-,-) 
  g128206/Y         -       D->Y   R     AND4X4        31 53.1   110   145    1033    (-,-) 
  g126890/Y         -       A1->Y  F     AOI222X1       1  2.8    79    81    1114    (-,-) 
  g126852/Y         -       C0->Y  R     OAI221X1       1  2.9    69    40    1154    (-,-) 
  g126810/Y         -       C0->Y  F     AOI221X1       1  2.8    70    37    1191    (-,-) 
  g126731/Y         -       B->Y   R     NAND2X1        1  2.7    39    35    1226    (-,-) 
  reg_op1_reg[29]/D -       -      R     DFFQX4         1    -     -     0    1226    (-,-) 
#-------------------------------------------------------------------------------------------



Path 3: MET (2734 ps) Setup Check with Pin reg_op1_reg[30]/CK->D
          Group: I2C
     Startpoint: (R) mem_ready
          Clock: (R) myclock
       Endpoint: (R) reg_op1_reg[30]/D
          Clock: (R) myclock

                     Capture       Launch     
        Clock Edge:+    4000            0     
        Drv Adjust:+       0            0     
       Src Latency:+       0            0     
       Net Latency:+       0 (I)        0 (I) 
           Arrival:=    4000            0     
                                              
             Setup:-      27                  
       Uncertainty:-      20                  
     Required Time:=    3953                  
      Launch Clock:-       0                  
       Input Delay:-     100                  
         Data Path:-    1119                  
             Slack:=    2734                  

Exceptions/Constraints:
  input_delay             100             picorv32.sdc_line_18_1_1 

#-------------------------------------------------------------------------------------------
#   Timing Point    Flags    Arc   Edge   Cell     Fanout Load Trans Delay Arrival Instance 
#                                                         (fF)  (ps)  (ps)   (ps)  Location 
#-------------------------------------------------------------------------------------------
  mem_ready         -       -      R     (arrival)      2  7.8    15     0     100    (-,-) 
  g131506/Y         -       A->Y   F     NAND2X8       39 66.0   142    81     181    (-,-) 
  g131190/Y         -       A->Y   R     INVX1          7 13.6   118    97     278    (-,-) 
  g63341/Y          -       B0->Y  F     OAI211X1       1  2.7    73    84     362    (-,-) 
  g63340/Y          -       A1N->Y F     OAI2BB1X1      5  8.9   114    89     451    (-,-) 
  g130632/Y         -       B->Y   R     NAND2X1        2  4.4    53    55     506    (-,-) 
  g130138/Y         -       B->Y   F     NAND2X1        2  4.4    65    54     560    (-,-) 
  g129653/Y         -       C->Y   R     NOR3X1         3  6.0   130    94     654    (-,-) 
  g129237/Y         -       B0->Y  F     AOI2BB1X1      2  4.3    56    63     717    (-,-) 
  g128292/Y         -       C->Y   F     AND3X4        30 48.4    97    84     801    (-,-) 
  g128254/Y         -       A->Y   R     INVX1          8 14.6   116    87     888    (-,-) 
  g128206/Y         -       D->Y   R     AND4X4        31 53.1   110   145    1033    (-,-) 
  g126889/Y         -       B1->Y  F     AOI222X1       1  2.8    76    73    1107    (-,-) 
  g126857/Y         -       C0->Y  R     OAI221X1       1  2.9    72    39    1146    (-,-) 
  g126811/Y         -       C0->Y  F     AOI221X1       1  2.8    70    38    1184    (-,-) 
  g126732/Y         -       B->Y   R     NAND2X1        1  2.7    39    35    1219    (-,-) 
  reg_op1_reg[30]/D -       -      R     DFFQX4         1    -     -     0    1219    (-,-) 
#-------------------------------------------------------------------------------------------



Path 4: MET (2787 ps) Setup Check with Pin reg_op1_reg[1]/CK->D
          Group: I2C
     Startpoint: (R) mem_ready
          Clock: (R) myclock
       Endpoint: (R) reg_op1_reg[1]/D
          Clock: (R) myclock

                     Capture       Launch     
        Clock Edge:+    4000            0     
        Drv Adjust:+       0            0     
       Src Latency:+       0            0     
       Net Latency:+       0 (I)        0 (I) 
           Arrival:=    4000            0     
                                              
             Setup:-      24                  
       Uncertainty:-      20                  
     Required Time:=    3956                  
      Launch Clock:-       0                  
       Input Delay:-     100                  
         Data Path:-    1068                  
             Slack:=    2787                  

Exceptions/Constraints:
  input_delay             100             picorv32.sdc_line_18_1_1 

#------------------------------------------------------------------------------------------
#  Timing Point    Flags    Arc   Edge   Cell     Fanout Load Trans Delay Arrival Instance 
#                                                        (fF)  (ps)  (ps)   (ps)  Location 
#------------------------------------------------------------------------------------------
  mem_ready        -       -      R     (arrival)      2  7.8    15     0     100    (-,-) 
  g131506/Y        -       A->Y   F     NAND2X8       39 66.0   142    81     181    (-,-) 
  g131190/Y        -       A->Y   R     INVX1          7 13.6   118    97     278    (-,-) 
  g63341/Y         -       B0->Y  F     OAI211X1       1  2.7    73    84     362    (-,-) 
  g63340/Y         -       A1N->Y F     OAI2BB1X1      5  8.9   114    89     451    (-,-) 
  g130632/Y        -       B->Y   R     NAND2X1        2  4.4    53    55     506    (-,-) 
  g130138/Y        -       B->Y   F     NAND2X1        2  4.4    65    54     560    (-,-) 
  g129653/Y        -       C->Y   R     NOR3X1         3  6.0   130    94     654    (-,-) 
  g129237/Y        -       B0->Y  F     AOI2BB1X1      2  4.3    56    63     717    (-,-) 
  g128292/Y        -       C->Y   F     AND3X4        30 48.4    97    84     801    (-,-) 
  g128254/Y        -       A->Y   R     INVX1          8 14.6   116    87     888    (-,-) 
  g128206/Y        -       D->Y   R     AND4X4        31 53.1   110   145    1033    (-,-) 
  g126887/Y        -       B1->Y  F     AOI22X1        1  2.8    65    64    1097    (-,-) 
  g126820/Y        -       C0->Y  R     OAI211X1       1  2.7    63    35    1132    (-,-) 
  g126797/Y        -       B0->Y  R     AO21X1         1  2.8    23    36    1168    (-,-) 
  reg_op1_reg[1]/D -       -      R     DFFHQX8        1    -     -     0    1168    (-,-) 
#------------------------------------------------------------------------------------------



Path 5: MET (2789 ps) Setup Check with Pin reg_op1_reg[3]/CK->D
          Group: I2C
     Startpoint: (R) mem_ready
          Clock: (R) myclock
       Endpoint: (R) reg_op1_reg[3]/D
          Clock: (R) myclock

                     Capture       Launch     
        Clock Edge:+    4000            0     
        Drv Adjust:+       0            0     
       Src Latency:+       0            0     
       Net Latency:+       0 (I)        0 (I) 
           Arrival:=    4000            0     
                                              
             Setup:-      24                  
       Uncertainty:-      20                  
     Required Time:=    3956                  
      Launch Clock:-       0                  
       Input Delay:-     100                  
         Data Path:-    1068                  
             Slack:=    2789                  

Exceptions/Constraints:
  input_delay             100             picorv32.sdc_line_18_1_1 

#------------------------------------------------------------------------------------------
#  Timing Point    Flags    Arc   Edge   Cell     Fanout Load Trans Delay Arrival Instance 
#                                                        (fF)  (ps)  (ps)   (ps)  Location 
#------------------------------------------------------------------------------------------
  mem_ready        -       -      R     (arrival)      2  7.8    15     0     100    (-,-) 
  g131506/Y        -       A->Y   F     NAND2X8       39 66.0   142    81     181    (-,-) 
  g131190/Y        -       A->Y   R     INVX1          7 13.6   118    97     278    (-,-) 
  g63341/Y         -       B0->Y  F     OAI211X1       1  2.7    73    84     362    (-,-) 
  g63340/Y         -       A1N->Y F     OAI2BB1X1      5  8.9   114    89     451    (-,-) 
  g130632/Y        -       B->Y   R     NAND2X1        2  4.4    53    55     506    (-,-) 
  g130138/Y        -       B->Y   F     NAND2X1        2  4.4    65    54     560    (-,-) 
  g129653/Y        -       C->Y   R     NOR3X1         3  6.0   130    94     654    (-,-) 
  g129237/Y        -       B0->Y  F     AOI2BB1X1      2  4.3    56    63     717    (-,-) 
  g128292/Y        -       C->Y   F     AND3X4        30 48.4    97    84     801    (-,-) 
  g128254/Y        -       A->Y   R     INVX1          8 14.6   116    87     888    (-,-) 
  g128206/Y        -       D->Y   R     AND4X4        31 53.1   110   145    1033    (-,-) 
  g126885/Y        -       B1->Y  F     AOI22X1        1  2.8    65    64    1097    (-,-) 
  g126812/Y        -       C0->Y  R     OAI211X1       1  2.7    63    35    1132    (-,-) 
  g126780/Y        -       B0->Y  R     AO21X1         1  2.7    22    36    1168    (-,-) 
  reg_op1_reg[3]/D -       -      R     DFFQX4         1    -     -     0    1168    (-,-) 
#------------------------------------------------------------------------------------------



Path 6: MET (2789 ps) Setup Check with Pin reg_op1_reg[2]/CK->D
          Group: I2C
     Startpoint: (R) mem_ready
          Clock: (R) myclock
       Endpoint: (R) reg_op1_reg[2]/D
          Clock: (R) myclock

                     Capture       Launch     
        Clock Edge:+    4000            0     
        Drv Adjust:+       0            0     
       Src Latency:+       0            0     
       Net Latency:+       0 (I)        0 (I) 
           Arrival:=    4000            0     
                                              
             Setup:-      24                  
       Uncertainty:-      20                  
     Required Time:=    3956                  
      Launch Clock:-       0                  
       Input Delay:-     100                  
         Data Path:-    1068                  
             Slack:=    2789                  

Exceptions/Constraints:
  input_delay             100             picorv32.sdc_line_18_1_1 

#------------------------------------------------------------------------------------------
#  Timing Point    Flags    Arc   Edge   Cell     Fanout Load Trans Delay Arrival Instance 
#                                                        (fF)  (ps)  (ps)   (ps)  Location 
#------------------------------------------------------------------------------------------
  mem_ready        -       -      R     (arrival)      2  7.8    15     0     100    (-,-) 
  g131506/Y        -       A->Y   F     NAND2X8       39 66.0   142    81     181    (-,-) 
  g131190/Y        -       A->Y   R     INVX1          7 13.6   118    97     278    (-,-) 
  g63341/Y         -       B0->Y  F     OAI211X1       1  2.7    73    84     362    (-,-) 
  g63340/Y         -       A1N->Y F     OAI2BB1X1      5  8.9   114    89     451    (-,-) 
  g130632/Y        -       B->Y   R     NAND2X1        2  4.4    53    55     506    (-,-) 
  g130138/Y        -       B->Y   F     NAND2X1        2  4.4    65    54     560    (-,-) 
  g129653/Y        -       C->Y   R     NOR3X1         3  6.0   130    94     654    (-,-) 
  g129237/Y        -       B0->Y  F     AOI2BB1X1      2  4.3    56    63     717    (-,-) 
  g128292/Y        -       C->Y   F     AND3X4        30 48.4    97    84     801    (-,-) 
  g128254/Y        -       A->Y   R     INVX1          8 14.6   116    87     888    (-,-) 
  g128206/Y        -       D->Y   R     AND4X4        31 53.1   110   145    1033    (-,-) 
  g126886/Y        -       B1->Y  F     AOI22X1        1  2.8    65    64    1097    (-,-) 
  g126817/Y        -       C0->Y  R     OAI211X1       1  2.7    63    35    1132    (-,-) 
  g126795/Y        -       B0->Y  R     AO21X1         1  2.7    22    36    1168    (-,-) 
  reg_op1_reg[2]/D -       -      R     DFFQX4         1    -     -     0    1168    (-,-) 
#------------------------------------------------------------------------------------------



Path 7: MET (2805 ps) Setup Check with Pin reg_op1_reg[24]/CK->D
          Group: I2C
     Startpoint: (R) mem_ready
          Clock: (R) myclock
       Endpoint: (R) reg_op1_reg[24]/D
          Clock: (R) myclock

                     Capture       Launch     
        Clock Edge:+    4000            0     
        Drv Adjust:+       0            0     
       Src Latency:+       0            0     
       Net Latency:+       0 (I)        0 (I) 
           Arrival:=    4000            0     
                                              
             Setup:-      30                  
       Uncertainty:-      20                  
     Required Time:=    3950                  
      Launch Clock:-       0                  
       Input Delay:-     100                  
         Data Path:-    1045                  
             Slack:=    2805                  

Exceptions/Constraints:
  input_delay             100             picorv32.sdc_line_18_1_1 

#-------------------------------------------------------------------------------------------
#   Timing Point    Flags    Arc   Edge   Cell     Fanout Load Trans Delay Arrival Instance 
#                                                         (fF)  (ps)  (ps)   (ps)  Location 
#-------------------------------------------------------------------------------------------
  mem_ready         -       -      R     (arrival)      2  7.8    15     0     100    (-,-) 
  g131506/Y         -       A->Y   F     NAND2X8       39 66.0   142    81     181    (-,-) 
  g131190/Y         -       A->Y   R     INVX1          7 13.6   118    97     278    (-,-) 
  g63341/Y          -       B0->Y  F     OAI211X1       1  2.7    73    84     362    (-,-) 
  g63340/Y          -       A1N->Y F     OAI2BB1X1      5  8.9   114    89     451    (-,-) 
  g130632/Y         -       B->Y   R     NAND2X1        2  4.4    53    55     506    (-,-) 
  g130138/Y         -       B->Y   F     NAND2X1        2  4.4    65    54     560    (-,-) 
  g129653/Y         -       C->Y   R     NOR3X1         3  6.0   130    94     654    (-,-) 
  g129237/Y         -       B0->Y  F     AOI2BB1X1      2  4.3    56    63     717    (-,-) 
  g128292/Y         -       C->Y   F     AND3X4        30 48.4    97    84     801    (-,-) 
  g128254/Y         -       A->Y   R     INVX1          8 14.6   116    87     888    (-,-) 
  g128206/Y         -       D->Y   R     AND4X4        31 53.1   110   145    1033    (-,-) 
  g126925/Y         -       B1->Y  F     AOI22X1        1  2.7    65    63    1096    (-,-) 
  g126782/Y         -       A->Y   R     NAND4XL        1  2.8    51    49    1145    (-,-) 
  reg_op1_reg[24]/D -       -      R     DFFHQX4        1    -     -     0    1145    (-,-) 
#-------------------------------------------------------------------------------------------



Path 8: MET (2805 ps) Setup Check with Pin reg_op1_reg[11]/CK->D
          Group: I2C
     Startpoint: (R) mem_ready
          Clock: (R) myclock
       Endpoint: (R) reg_op1_reg[11]/D
          Clock: (R) myclock

                     Capture       Launch     
        Clock Edge:+    4000            0     
        Drv Adjust:+       0            0     
       Src Latency:+       0            0     
       Net Latency:+       0 (I)        0 (I) 
           Arrival:=    4000            0     
                                              
             Setup:-      30                  
       Uncertainty:-      20                  
     Required Time:=    3950                  
      Launch Clock:-       0                  
       Input Delay:-     100                  
         Data Path:-    1045                  
             Slack:=    2805                  

Exceptions/Constraints:
  input_delay             100             picorv32.sdc_line_18_1_1 

#-------------------------------------------------------------------------------------------
#   Timing Point    Flags    Arc   Edge   Cell     Fanout Load Trans Delay Arrival Instance 
#                                                         (fF)  (ps)  (ps)   (ps)  Location 
#-------------------------------------------------------------------------------------------
  mem_ready         -       -      R     (arrival)      2  7.8    15     0     100    (-,-) 
  g131506/Y         -       A->Y   F     NAND2X8       39 66.0   142    81     181    (-,-) 
  g131190/Y         -       A->Y   R     INVX1          7 13.6   118    97     278    (-,-) 
  g63341/Y          -       B0->Y  F     OAI211X1       1  2.7    73    84     362    (-,-) 
  g63340/Y          -       A1N->Y F     OAI2BB1X1      5  8.9   114    89     451    (-,-) 
  g130632/Y         -       B->Y   R     NAND2X1        2  4.4    53    55     506    (-,-) 
  g130138/Y         -       B->Y   F     NAND2X1        2  4.4    65    54     560    (-,-) 
  g129653/Y         -       C->Y   R     NOR3X1         3  6.0   130    94     654    (-,-) 
  g129237/Y         -       B0->Y  F     AOI2BB1X1      2  4.3    56    63     717    (-,-) 
  g128292/Y         -       C->Y   F     AND3X4        30 48.4    97    84     801    (-,-) 
  g128254/Y         -       A->Y   R     INVX1          8 14.6   116    87     888    (-,-) 
  g128206/Y         -       D->Y   R     AND4X4        31 53.1   110   145    1033    (-,-) 
  g126877/Y         -       B1->Y  F     AOI22X1        1  2.7    65    63    1096    (-,-) 
  g126750/Y         -       A->Y   R     NAND4XL        1  2.8    51    49    1145    (-,-) 
  reg_op1_reg[11]/D -       -      R     DFFHQX4        1    -     -     0    1145    (-,-) 
#-------------------------------------------------------------------------------------------



Path 9: MET (2805 ps) Setup Check with Pin reg_op1_reg[26]/CK->D
          Group: I2C
     Startpoint: (R) mem_ready
          Clock: (R) myclock
       Endpoint: (R) reg_op1_reg[26]/D
          Clock: (R) myclock

                     Capture       Launch     
        Clock Edge:+    4000            0     
        Drv Adjust:+       0            0     
       Src Latency:+       0            0     
       Net Latency:+       0 (I)        0 (I) 
           Arrival:=    4000            0     
                                              
             Setup:-      30                  
       Uncertainty:-      20                  
     Required Time:=    3950                  
      Launch Clock:-       0                  
       Input Delay:-     100                  
         Data Path:-    1045                  
             Slack:=    2805                  

Exceptions/Constraints:
  input_delay             100             picorv32.sdc_line_18_1_1 

#-------------------------------------------------------------------------------------------
#   Timing Point    Flags    Arc   Edge   Cell     Fanout Load Trans Delay Arrival Instance 
#                                                         (fF)  (ps)  (ps)   (ps)  Location 
#-------------------------------------------------------------------------------------------
  mem_ready         -       -      R     (arrival)      2  7.8    15     0     100    (-,-) 
  g131506/Y         -       A->Y   F     NAND2X8       39 66.0   142    81     181    (-,-) 
  g131190/Y         -       A->Y   R     INVX1          7 13.6   118    97     278    (-,-) 
  g63341/Y          -       B0->Y  F     OAI211X1       1  2.7    73    84     362    (-,-) 
  g63340/Y          -       A1N->Y F     OAI2BB1X1      5  8.9   114    89     451    (-,-) 
  g130632/Y         -       B->Y   R     NAND2X1        2  4.4    53    55     506    (-,-) 
  g130138/Y         -       B->Y   F     NAND2X1        2  4.4    65    54     560    (-,-) 
  g129653/Y         -       C->Y   R     NOR3X1         3  6.0   130    94     654    (-,-) 
  g129237/Y         -       B0->Y  F     AOI2BB1X1      2  4.3    56    63     717    (-,-) 
  g128292/Y         -       C->Y   F     AND3X4        30 48.4    97    84     801    (-,-) 
  g128254/Y         -       A->Y   R     INVX1          8 14.6   116    87     888    (-,-) 
  g128206/Y         -       D->Y   R     AND4X4        31 53.1   110   145    1033    (-,-) 
  g126927/Y         -       B1->Y  F     AOI22X1        1  2.7    65    63    1096    (-,-) 
  g126792/Y         -       A->Y   R     NAND4XL        1  2.8    51    49    1145    (-,-) 
  reg_op1_reg[26]/D -       -      R     DFFHQX8        1    -     -     0    1145    (-,-) 
#-------------------------------------------------------------------------------------------



Path 10: MET (2805 ps) Setup Check with Pin reg_op1_reg[22]/CK->D
          Group: I2C
     Startpoint: (R) mem_ready
          Clock: (R) myclock
       Endpoint: (R) reg_op1_reg[22]/D
          Clock: (R) myclock

                     Capture       Launch     
        Clock Edge:+    4000            0     
        Drv Adjust:+       0            0     
       Src Latency:+       0            0     
       Net Latency:+       0 (I)        0 (I) 
           Arrival:=    4000            0     
                                              
             Setup:-      30                  
       Uncertainty:-      20                  
     Required Time:=    3950                  
      Launch Clock:-       0                  
       Input Delay:-     100                  
         Data Path:-    1045                  
             Slack:=    2805                  

Exceptions/Constraints:
  input_delay             100             picorv32.sdc_line_18_1_1 

#-------------------------------------------------------------------------------------------
#   Timing Point    Flags    Arc   Edge   Cell     Fanout Load Trans Delay Arrival Instance 
#                                                         (fF)  (ps)  (ps)   (ps)  Location 
#-------------------------------------------------------------------------------------------
  mem_ready         -       -      R     (arrival)      2  7.8    15     0     100    (-,-) 
  g131506/Y         -       A->Y   F     NAND2X8       39 66.0   142    81     181    (-,-) 
  g131190/Y         -       A->Y   R     INVX1          7 13.6   118    97     278    (-,-) 
  g63341/Y          -       B0->Y  F     OAI211X1       1  2.7    73    84     362    (-,-) 
  g63340/Y          -       A1N->Y F     OAI2BB1X1      5  8.9   114    89     451    (-,-) 
  g130632/Y         -       B->Y   R     NAND2X1        2  4.4    53    55     506    (-,-) 
  g130138/Y         -       B->Y   F     NAND2X1        2  4.4    65    54     560    (-,-) 
  g129653/Y         -       C->Y   R     NOR3X1         3  6.0   130    94     654    (-,-) 
  g129237/Y         -       B0->Y  F     AOI2BB1X1      2  4.3    56    63     717    (-,-) 
  g128292/Y         -       C->Y   F     AND3X4        30 48.4    97    84     801    (-,-) 
  g128254/Y         -       A->Y   R     INVX1          8 14.6   116    87     888    (-,-) 
  g128206/Y         -       D->Y   R     AND4X4        31 53.1   110   145    1033    (-,-) 
  g126923/Y         -       B1->Y  F     AOI22X1        1  2.7    65    63    1096    (-,-) 
  g126803/Y         -       A->Y   R     NAND4XL        1  2.8    51    49    1145    (-,-) 
  reg_op1_reg[22]/D -       -      R     DFFHQX8        1    -     -     0    1145    (-,-) 
#-------------------------------------------------------------------------------------------



Path 11: MET (2805 ps) Setup Check with Pin reg_op1_reg[21]/CK->D
          Group: I2C
     Startpoint: (R) mem_ready
          Clock: (R) myclock
       Endpoint: (R) reg_op1_reg[21]/D
          Clock: (R) myclock

                     Capture       Launch     
        Clock Edge:+    4000            0     
        Drv Adjust:+       0            0     
       Src Latency:+       0            0     
       Net Latency:+       0 (I)        0 (I) 
           Arrival:=    4000            0     
                                              
             Setup:-      30                  
       Uncertainty:-      20                  
     Required Time:=    3950                  
      Launch Clock:-       0                  
       Input Delay:-     100                  
         Data Path:-    1045                  
             Slack:=    2805                  

Exceptions/Constraints:
  input_delay             100             picorv32.sdc_line_18_1_1 

#-------------------------------------------------------------------------------------------
#   Timing Point    Flags    Arc   Edge   Cell     Fanout Load Trans Delay Arrival Instance 
#                                                         (fF)  (ps)  (ps)   (ps)  Location 
#-------------------------------------------------------------------------------------------
  mem_ready         -       -      R     (arrival)      2  7.8    15     0     100    (-,-) 
  g131506/Y         -       A->Y   F     NAND2X8       39 66.0   142    81     181    (-,-) 
  g131190/Y         -       A->Y   R     INVX1          7 13.6   118    97     278    (-,-) 
  g63341/Y          -       B0->Y  F     OAI211X1       1  2.7    73    84     362    (-,-) 
  g63340/Y          -       A1N->Y F     OAI2BB1X1      5  8.9   114    89     451    (-,-) 
  g130632/Y         -       B->Y   R     NAND2X1        2  4.4    53    55     506    (-,-) 
  g130138/Y         -       B->Y   F     NAND2X1        2  4.4    65    54     560    (-,-) 
  g129653/Y         -       C->Y   R     NOR3X1         3  6.0   130    94     654    (-,-) 
  g129237/Y         -       B0->Y  F     AOI2BB1X1      2  4.3    56    63     717    (-,-) 
  g128292/Y         -       C->Y   F     AND3X4        30 48.4    97    84     801    (-,-) 
  g128254/Y         -       A->Y   R     INVX1          8 14.6   116    87     888    (-,-) 
  g128206/Y         -       D->Y   R     AND4X4        31 53.1   110   145    1033    (-,-) 
  g126922/Y         -       B1->Y  F     AOI22X1        1  2.7    65    63    1096    (-,-) 
  g126790/Y         -       A->Y   R     NAND4XL        1  2.8    51    49    1145    (-,-) 
  reg_op1_reg[21]/D -       -      R     DFFHQX8        1    -     -     0    1145    (-,-) 
#-------------------------------------------------------------------------------------------



Path 12: MET (2805 ps) Setup Check with Pin reg_op1_reg[19]/CK->D
          Group: I2C
     Startpoint: (R) mem_ready
          Clock: (R) myclock
       Endpoint: (R) reg_op1_reg[19]/D
          Clock: (R) myclock

                     Capture       Launch     
        Clock Edge:+    4000            0     
        Drv Adjust:+       0            0     
       Src Latency:+       0            0     
       Net Latency:+       0 (I)        0 (I) 
           Arrival:=    4000            0     
                                              
             Setup:-      30                  
       Uncertainty:-      20                  
     Required Time:=    3950                  
      Launch Clock:-       0                  
       Input Delay:-     100                  
         Data Path:-    1045                  
             Slack:=    2805                  

Exceptions/Constraints:
  input_delay             100             picorv32.sdc_line_18_1_1 

#-------------------------------------------------------------------------------------------
#   Timing Point    Flags    Arc   Edge   Cell     Fanout Load Trans Delay Arrival Instance 
#                                                         (fF)  (ps)  (ps)   (ps)  Location 
#-------------------------------------------------------------------------------------------
  mem_ready         -       -      R     (arrival)      2  7.8    15     0     100    (-,-) 
  g131506/Y         -       A->Y   F     NAND2X8       39 66.0   142    81     181    (-,-) 
  g131190/Y         -       A->Y   R     INVX1          7 13.6   118    97     278    (-,-) 
  g63341/Y          -       B0->Y  F     OAI211X1       1  2.7    73    84     362    (-,-) 
  g63340/Y          -       A1N->Y F     OAI2BB1X1      5  8.9   114    89     451    (-,-) 
  g130632/Y         -       B->Y   R     NAND2X1        2  4.4    53    55     506    (-,-) 
  g130138/Y         -       B->Y   F     NAND2X1        2  4.4    65    54     560    (-,-) 
  g129653/Y         -       C->Y   R     NOR3X1         3  6.0   130    94     654    (-,-) 
  g129237/Y         -       B0->Y  F     AOI2BB1X1      2  4.3    56    63     717    (-,-) 
  g128292/Y         -       C->Y   F     AND3X4        30 48.4    97    84     801    (-,-) 
  g128254/Y         -       A->Y   R     INVX1          8 14.6   116    87     888    (-,-) 
  g128206/Y         -       D->Y   R     AND4X4        31 53.1   110   145    1033    (-,-) 
  g126920/Y         -       B1->Y  F     AOI22X1        1  2.7    65    63    1096    (-,-) 
  g126781/Y         -       A->Y   R     NAND4XL        1  2.8    51    49    1145    (-,-) 
  reg_op1_reg[19]/D -       -      R     DFFHQX8        1    -     -     0    1145    (-,-) 
#-------------------------------------------------------------------------------------------



Path 13: MET (2805 ps) Setup Check with Pin reg_op1_reg[18]/CK->D
          Group: I2C
     Startpoint: (R) mem_ready
          Clock: (R) myclock
       Endpoint: (R) reg_op1_reg[18]/D
          Clock: (R) myclock

                     Capture       Launch     
        Clock Edge:+    4000            0     
        Drv Adjust:+       0            0     
       Src Latency:+       0            0     
       Net Latency:+       0 (I)        0 (I) 
           Arrival:=    4000            0     
                                              
             Setup:-      30                  
       Uncertainty:-      20                  
     Required Time:=    3950                  
      Launch Clock:-       0                  
       Input Delay:-     100                  
         Data Path:-    1045                  
             Slack:=    2805                  

Exceptions/Constraints:
  input_delay             100             picorv32.sdc_line_18_1_1 

#-------------------------------------------------------------------------------------------
#   Timing Point    Flags    Arc   Edge   Cell     Fanout Load Trans Delay Arrival Instance 
#                                                         (fF)  (ps)  (ps)   (ps)  Location 
#-------------------------------------------------------------------------------------------
  mem_ready         -       -      R     (arrival)      2  7.8    15     0     100    (-,-) 
  g131506/Y         -       A->Y   F     NAND2X8       39 66.0   142    81     181    (-,-) 
  g131190/Y         -       A->Y   R     INVX1          7 13.6   118    97     278    (-,-) 
  g63341/Y          -       B0->Y  F     OAI211X1       1  2.7    73    84     362    (-,-) 
  g63340/Y          -       A1N->Y F     OAI2BB1X1      5  8.9   114    89     451    (-,-) 
  g130632/Y         -       B->Y   R     NAND2X1        2  4.4    53    55     506    (-,-) 
  g130138/Y         -       B->Y   F     NAND2X1        2  4.4    65    54     560    (-,-) 
  g129653/Y         -       C->Y   R     NOR3X1         3  6.0   130    94     654    (-,-) 
  g129237/Y         -       B0->Y  F     AOI2BB1X1      2  4.3    56    63     717    (-,-) 
  g128292/Y         -       C->Y   F     AND3X4        30 48.4    97    84     801    (-,-) 
  g128254/Y         -       A->Y   R     INVX1          8 14.6   116    87     888    (-,-) 
  g128206/Y         -       D->Y   R     AND4X4        31 53.1   110   145    1033    (-,-) 
  g126919/Y         -       B1->Y  F     AOI22X1        1  2.7    65    63    1096    (-,-) 
  g126802/Y         -       A->Y   R     NAND4XL        1  2.8    51    49    1145    (-,-) 
  reg_op1_reg[18]/D -       -      R     DFFHQX8        1    -     -     0    1145    (-,-) 
#-------------------------------------------------------------------------------------------



Path 14: MET (2805 ps) Setup Check with Pin reg_op1_reg[17]/CK->D
          Group: I2C
     Startpoint: (R) mem_ready
          Clock: (R) myclock
       Endpoint: (R) reg_op1_reg[17]/D
          Clock: (R) myclock

                     Capture       Launch     
        Clock Edge:+    4000            0     
        Drv Adjust:+       0            0     
       Src Latency:+       0            0     
       Net Latency:+       0 (I)        0 (I) 
           Arrival:=    4000            0     
                                              
             Setup:-      30                  
       Uncertainty:-      20                  
     Required Time:=    3950                  
      Launch Clock:-       0                  
       Input Delay:-     100                  
         Data Path:-    1045                  
             Slack:=    2805                  

Exceptions/Constraints:
  input_delay             100             picorv32.sdc_line_18_1_1 

#-------------------------------------------------------------------------------------------
#   Timing Point    Flags    Arc   Edge   Cell     Fanout Load Trans Delay Arrival Instance 
#                                                         (fF)  (ps)  (ps)   (ps)  Location 
#-------------------------------------------------------------------------------------------
  mem_ready         -       -      R     (arrival)      2  7.8    15     0     100    (-,-) 
  g131506/Y         -       A->Y   F     NAND2X8       39 66.0   142    81     181    (-,-) 
  g131190/Y         -       A->Y   R     INVX1          7 13.6   118    97     278    (-,-) 
  g63341/Y          -       B0->Y  F     OAI211X1       1  2.7    73    84     362    (-,-) 
  g63340/Y          -       A1N->Y F     OAI2BB1X1      5  8.9   114    89     451    (-,-) 
  g130632/Y         -       B->Y   R     NAND2X1        2  4.4    53    55     506    (-,-) 
  g130138/Y         -       B->Y   F     NAND2X1        2  4.4    65    54     560    (-,-) 
  g129653/Y         -       C->Y   R     NOR3X1         3  6.0   130    94     654    (-,-) 
  g129237/Y         -       B0->Y  F     AOI2BB1X1      2  4.3    56    63     717    (-,-) 
  g128292/Y         -       C->Y   F     AND3X4        30 48.4    97    84     801    (-,-) 
  g128254/Y         -       A->Y   R     INVX1          8 14.6   116    87     888    (-,-) 
  g128206/Y         -       D->Y   R     AND4X4        31 53.1   110   145    1033    (-,-) 
  g126918/Y         -       B1->Y  F     AOI22X1        1  2.7    65    63    1096    (-,-) 
  g126801/Y         -       A->Y   R     NAND4XL        1  2.8    51    49    1145    (-,-) 
  reg_op1_reg[17]/D -       -      R     DFFHQX8        1    -     -     0    1145    (-,-) 
#-------------------------------------------------------------------------------------------



Path 15: MET (2805 ps) Setup Check with Pin reg_op1_reg[15]/CK->D
          Group: I2C
     Startpoint: (R) mem_ready
          Clock: (R) myclock
       Endpoint: (R) reg_op1_reg[15]/D
          Clock: (R) myclock

                     Capture       Launch     
        Clock Edge:+    4000            0     
        Drv Adjust:+       0            0     
       Src Latency:+       0            0     
       Net Latency:+       0 (I)        0 (I) 
           Arrival:=    4000            0     
                                              
             Setup:-      30                  
       Uncertainty:-      20                  
     Required Time:=    3950                  
      Launch Clock:-       0                  
       Input Delay:-     100                  
         Data Path:-    1045                  
             Slack:=    2805                  

Exceptions/Constraints:
  input_delay             100             picorv32.sdc_line_18_1_1 

#-------------------------------------------------------------------------------------------
#   Timing Point    Flags    Arc   Edge   Cell     Fanout Load Trans Delay Arrival Instance 
#                                                         (fF)  (ps)  (ps)   (ps)  Location 
#-------------------------------------------------------------------------------------------
  mem_ready         -       -      R     (arrival)      2  7.8    15     0     100    (-,-) 
  g131506/Y         -       A->Y   F     NAND2X8       39 66.0   142    81     181    (-,-) 
  g131190/Y         -       A->Y   R     INVX1          7 13.6   118    97     278    (-,-) 
  g63341/Y          -       B0->Y  F     OAI211X1       1  2.7    73    84     362    (-,-) 
  g63340/Y          -       A1N->Y F     OAI2BB1X1      5  8.9   114    89     451    (-,-) 
  g130632/Y         -       B->Y   R     NAND2X1        2  4.4    53    55     506    (-,-) 
  g130138/Y         -       B->Y   F     NAND2X1        2  4.4    65    54     560    (-,-) 
  g129653/Y         -       C->Y   R     NOR3X1         3  6.0   130    94     654    (-,-) 
  g129237/Y         -       B0->Y  F     AOI2BB1X1      2  4.3    56    63     717    (-,-) 
  g128292/Y         -       C->Y   F     AND3X4        30 48.4    97    84     801    (-,-) 
  g128254/Y         -       A->Y   R     INVX1          8 14.6   116    87     888    (-,-) 
  g128206/Y         -       D->Y   R     AND4X4        31 53.1   110   145    1033    (-,-) 
  g126916/Y         -       B1->Y  F     AOI22X1        1  2.7    65    63    1096    (-,-) 
  g126788/Y         -       A->Y   R     NAND4XL        1  2.8    51    49    1145    (-,-) 
  reg_op1_reg[15]/D -       -      R     DFFHQX8        1    -     -     0    1145    (-,-) 
#-------------------------------------------------------------------------------------------



Path 16: MET (2805 ps) Setup Check with Pin reg_op1_reg[13]/CK->D
          Group: I2C
     Startpoint: (R) mem_ready
          Clock: (R) myclock
       Endpoint: (R) reg_op1_reg[13]/D
          Clock: (R) myclock

                     Capture       Launch     
        Clock Edge:+    4000            0     
        Drv Adjust:+       0            0     
       Src Latency:+       0            0     
       Net Latency:+       0 (I)        0 (I) 
           Arrival:=    4000            0     
                                              
             Setup:-      30                  
       Uncertainty:-      20                  
     Required Time:=    3950                  
      Launch Clock:-       0                  
       Input Delay:-     100                  
         Data Path:-    1045                  
             Slack:=    2805                  

Exceptions/Constraints:
  input_delay             100             picorv32.sdc_line_18_1_1 

#-------------------------------------------------------------------------------------------
#   Timing Point    Flags    Arc   Edge   Cell     Fanout Load Trans Delay Arrival Instance 
#                                                         (fF)  (ps)  (ps)   (ps)  Location 
#-------------------------------------------------------------------------------------------
  mem_ready         -       -      R     (arrival)      2  7.8    15     0     100    (-,-) 
  g131506/Y         -       A->Y   F     NAND2X8       39 66.0   142    81     181    (-,-) 
  g131190/Y         -       A->Y   R     INVX1          7 13.6   118    97     278    (-,-) 
  g63341/Y          -       B0->Y  F     OAI211X1       1  2.7    73    84     362    (-,-) 
  g63340/Y          -       A1N->Y F     OAI2BB1X1      5  8.9   114    89     451    (-,-) 
  g130632/Y         -       B->Y   R     NAND2X1        2  4.4    53    55     506    (-,-) 
  g130138/Y         -       B->Y   F     NAND2X1        2  4.4    65    54     560    (-,-) 
  g129653/Y         -       C->Y   R     NOR3X1         3  6.0   130    94     654    (-,-) 
  g129237/Y         -       B0->Y  F     AOI2BB1X1      2  4.3    56    63     717    (-,-) 
  g128292/Y         -       C->Y   F     AND3X4        30 48.4    97    84     801    (-,-) 
  g128254/Y         -       A->Y   R     INVX1          8 14.6   116    87     888    (-,-) 
  g128206/Y         -       D->Y   R     AND4X4        31 53.1   110   145    1033    (-,-) 
  g126934/Y         -       B1->Y  F     AOI22X1        1  2.7    65    63    1096    (-,-) 
  g126786/Y         -       A->Y   R     NAND4XL        1  2.8    51    49    1145    (-,-) 
  reg_op1_reg[13]/D -       -      R     DFFHQX8        1    -     -     0    1145    (-,-) 
#-------------------------------------------------------------------------------------------



Path 17: MET (2805 ps) Setup Check with Pin reg_op1_reg[9]/CK->D
          Group: I2C
     Startpoint: (R) mem_ready
          Clock: (R) myclock
       Endpoint: (R) reg_op1_reg[9]/D
          Clock: (R) myclock

                     Capture       Launch     
        Clock Edge:+    4000            0     
        Drv Adjust:+       0            0     
       Src Latency:+       0            0     
       Net Latency:+       0 (I)        0 (I) 
           Arrival:=    4000            0     
                                              
             Setup:-      30                  
       Uncertainty:-      20                  
     Required Time:=    3950                  
      Launch Clock:-       0                  
       Input Delay:-     100                  
         Data Path:-    1045                  
             Slack:=    2805                  

Exceptions/Constraints:
  input_delay             100             picorv32.sdc_line_18_1_1 

#------------------------------------------------------------------------------------------
#  Timing Point    Flags    Arc   Edge   Cell     Fanout Load Trans Delay Arrival Instance 
#                                                        (fF)  (ps)  (ps)   (ps)  Location 
#------------------------------------------------------------------------------------------
  mem_ready        -       -      R     (arrival)      2  7.8    15     0     100    (-,-) 
  g131506/Y        -       A->Y   F     NAND2X8       39 66.0   142    81     181    (-,-) 
  g131190/Y        -       A->Y   R     INVX1          7 13.6   118    97     278    (-,-) 
  g63341/Y         -       B0->Y  F     OAI211X1       1  2.7    73    84     362    (-,-) 
  g63340/Y         -       A1N->Y F     OAI2BB1X1      5  8.9   114    89     451    (-,-) 
  g130632/Y        -       B->Y   R     NAND2X1        2  4.4    53    55     506    (-,-) 
  g130138/Y        -       B->Y   F     NAND2X1        2  4.4    65    54     560    (-,-) 
  g129653/Y        -       C->Y   R     NOR3X1         3  6.0   130    94     654    (-,-) 
  g129237/Y        -       B0->Y  F     AOI2BB1X1      2  4.3    56    63     717    (-,-) 
  g128292/Y        -       C->Y   F     AND3X4        30 48.4    97    84     801    (-,-) 
  g128254/Y        -       A->Y   R     INVX1          8 14.6   116    87     888    (-,-) 
  g128206/Y        -       D->Y   R     AND4X4        31 53.1   110   145    1033    (-,-) 
  g126879/Y        -       B1->Y  F     AOI22X1        1  2.7    65    63    1096    (-,-) 
  g126785/Y        -       A->Y   R     NAND4XL        1  2.8    51    49    1145    (-,-) 
  reg_op1_reg[9]/D -       -      R     DFFHQX8        1    -     -     0    1145    (-,-) 
#------------------------------------------------------------------------------------------



Path 18: MET (2806 ps) Setup Check with Pin reg_op1_reg[27]/CK->D
          Group: I2C
     Startpoint: (R) mem_ready
          Clock: (R) myclock
       Endpoint: (R) reg_op1_reg[27]/D
          Clock: (R) myclock

                     Capture       Launch     
        Clock Edge:+    4000            0     
        Drv Adjust:+       0            0     
       Src Latency:+       0            0     
       Net Latency:+       0 (I)        0 (I) 
           Arrival:=    4000            0     
                                              
             Setup:-      30                  
       Uncertainty:-      20                  
     Required Time:=    3950                  
      Launch Clock:-       0                  
       Input Delay:-     100                  
         Data Path:-    1044                  
             Slack:=    2806                  

Exceptions/Constraints:
  input_delay             100             picorv32.sdc_line_18_1_1 

#-------------------------------------------------------------------------------------------
#   Timing Point    Flags    Arc   Edge   Cell     Fanout Load Trans Delay Arrival Instance 
#                                                         (fF)  (ps)  (ps)   (ps)  Location 
#-------------------------------------------------------------------------------------------
  mem_ready         -       -      R     (arrival)      2  7.8    15     0     100    (-,-) 
  g131506/Y         -       A->Y   F     NAND2X8       39 66.0   142    81     181    (-,-) 
  g131190/Y         -       A->Y   R     INVX1          7 13.6   118    97     278    (-,-) 
  g63341/Y          -       B0->Y  F     OAI211X1       1  2.7    73    84     362    (-,-) 
  g63340/Y          -       A1N->Y F     OAI2BB1X1      5  8.9   114    89     451    (-,-) 
  g130632/Y         -       B->Y   R     NAND2X1        2  4.4    53    55     506    (-,-) 
  g130138/Y         -       B->Y   F     NAND2X1        2  4.4    65    54     560    (-,-) 
  g129653/Y         -       C->Y   R     NOR3X1         3  6.0   130    94     654    (-,-) 
  g129237/Y         -       B0->Y  F     AOI2BB1X1      2  4.3    56    63     717    (-,-) 
  g128292/Y         -       C->Y   F     AND3X4        30 48.4    97    84     801    (-,-) 
  g128254/Y         -       A->Y   R     INVX1          8 14.6   116    87     888    (-,-) 
  g128206/Y         -       D->Y   R     AND4X4        31 53.1   110   145    1033    (-,-) 
  g126928/Y         -       B1->Y  F     AOI22X1        1  2.7    65    63    1096    (-,-) 
  g126794/Y         -       B->Y   R     NAND4XL        1  2.8    51    48    1144    (-,-) 
  reg_op1_reg[27]/D -       -      R     DFFHQX8        1    -     -     0    1144    (-,-) 
#-------------------------------------------------------------------------------------------



Path 19: MET (2806 ps) Setup Check with Pin reg_op1_reg[23]/CK->D
          Group: I2C
     Startpoint: (R) mem_ready
          Clock: (R) myclock
       Endpoint: (R) reg_op1_reg[23]/D
          Clock: (R) myclock

                     Capture       Launch     
        Clock Edge:+    4000            0     
        Drv Adjust:+       0            0     
       Src Latency:+       0            0     
       Net Latency:+       0 (I)        0 (I) 
           Arrival:=    4000            0     
                                              
             Setup:-      30                  
       Uncertainty:-      20                  
     Required Time:=    3950                  
      Launch Clock:-       0                  
       Input Delay:-     100                  
         Data Path:-    1044                  
             Slack:=    2806                  

Exceptions/Constraints:
  input_delay             100             picorv32.sdc_line_18_1_1 

#-------------------------------------------------------------------------------------------
#   Timing Point    Flags    Arc   Edge   Cell     Fanout Load Trans Delay Arrival Instance 
#                                                         (fF)  (ps)  (ps)   (ps)  Location 
#-------------------------------------------------------------------------------------------
  mem_ready         -       -      R     (arrival)      2  7.8    15     0     100    (-,-) 
  g131506/Y         -       A->Y   F     NAND2X8       39 66.0   142    81     181    (-,-) 
  g131190/Y         -       A->Y   R     INVX1          7 13.6   118    97     278    (-,-) 
  g63341/Y          -       B0->Y  F     OAI211X1       1  2.7    73    84     362    (-,-) 
  g63340/Y          -       A1N->Y F     OAI2BB1X1      5  8.9   114    89     451    (-,-) 
  g130632/Y         -       B->Y   R     NAND2X1        2  4.4    53    55     506    (-,-) 
  g130138/Y         -       B->Y   F     NAND2X1        2  4.4    65    54     560    (-,-) 
  g129653/Y         -       C->Y   R     NOR3X1         3  6.0   130    94     654    (-,-) 
  g129237/Y         -       B0->Y  F     AOI2BB1X1      2  4.3    56    63     717    (-,-) 
  g128292/Y         -       C->Y   F     AND3X4        30 48.4    97    84     801    (-,-) 
  g128254/Y         -       A->Y   R     INVX1          8 14.6   116    87     888    (-,-) 
  g128206/Y         -       D->Y   R     AND4X4        31 53.1   110   145    1033    (-,-) 
  g126924/Y         -       B1->Y  F     AOI22X1        1  2.7    65    63    1096    (-,-) 
  g126791/Y         -       B->Y   R     NAND4XL        1  2.8    51    48    1144    (-,-) 
  reg_op1_reg[23]/D -       -      R     DFFHQX8        1    -     -     0    1144    (-,-) 
#-------------------------------------------------------------------------------------------



Path 20: MET (2806 ps) Setup Check with Pin reg_op1_reg[16]/CK->D
          Group: I2C
     Startpoint: (R) mem_ready
          Clock: (R) myclock
       Endpoint: (R) reg_op1_reg[16]/D
          Clock: (R) myclock

                     Capture       Launch     
        Clock Edge:+    4000            0     
        Drv Adjust:+       0            0     
       Src Latency:+       0            0     
       Net Latency:+       0 (I)        0 (I) 
           Arrival:=    4000            0     
                                              
             Setup:-      30                  
       Uncertainty:-      20                  
     Required Time:=    3950                  
      Launch Clock:-       0                  
       Input Delay:-     100                  
         Data Path:-    1044                  
             Slack:=    2806                  

Exceptions/Constraints:
  input_delay             100             picorv32.sdc_line_18_1_1 

#-------------------------------------------------------------------------------------------
#   Timing Point    Flags    Arc   Edge   Cell     Fanout Load Trans Delay Arrival Instance 
#                                                         (fF)  (ps)  (ps)   (ps)  Location 
#-------------------------------------------------------------------------------------------
  mem_ready         -       -      R     (arrival)      2  7.8    15     0     100    (-,-) 
  g131506/Y         -       A->Y   F     NAND2X8       39 66.0   142    81     181    (-,-) 
  g131190/Y         -       A->Y   R     INVX1          7 13.6   118    97     278    (-,-) 
  g63341/Y          -       B0->Y  F     OAI211X1       1  2.7    73    84     362    (-,-) 
  g63340/Y          -       A1N->Y F     OAI2BB1X1      5  8.9   114    89     451    (-,-) 
  g130632/Y         -       B->Y   R     NAND2X1        2  4.4    53    55     506    (-,-) 
  g130138/Y         -       B->Y   F     NAND2X1        2  4.4    65    54     560    (-,-) 
  g129653/Y         -       C->Y   R     NOR3X1         3  6.0   130    94     654    (-,-) 
  g129237/Y         -       B0->Y  F     AOI2BB1X1      2  4.3    56    63     717    (-,-) 
  g128292/Y         -       C->Y   F     AND3X4        30 48.4    97    84     801    (-,-) 
  g128254/Y         -       A->Y   R     INVX1          8 14.6   116    87     888    (-,-) 
  g128206/Y         -       D->Y   R     AND4X4        31 53.1   110   145    1033    (-,-) 
  g126917/Y         -       B1->Y  F     AOI22X1        1  2.7    65    63    1096    (-,-) 
  g126796/Y         -       B->Y   R     NAND4XL        1  2.8    51    48    1144    (-,-) 
  reg_op1_reg[16]/D -       -      R     DFFHQX8        1    -     -     0    1144    (-,-) 
#-------------------------------------------------------------------------------------------



Path 21: MET (2806 ps) Setup Check with Pin reg_op1_reg[14]/CK->D
          Group: I2C
     Startpoint: (R) mem_ready
          Clock: (R) myclock
       Endpoint: (R) reg_op1_reg[14]/D
          Clock: (R) myclock

                     Capture       Launch     
        Clock Edge:+    4000            0     
        Drv Adjust:+       0            0     
       Src Latency:+       0            0     
       Net Latency:+       0 (I)        0 (I) 
           Arrival:=    4000            0     
                                              
             Setup:-      30                  
       Uncertainty:-      20                  
     Required Time:=    3950                  
      Launch Clock:-       0                  
       Input Delay:-     100                  
         Data Path:-    1044                  
             Slack:=    2806                  

Exceptions/Constraints:
  input_delay             100             picorv32.sdc_line_18_1_1 

#-------------------------------------------------------------------------------------------
#   Timing Point    Flags    Arc   Edge   Cell     Fanout Load Trans Delay Arrival Instance 
#                                                         (fF)  (ps)  (ps)   (ps)  Location 
#-------------------------------------------------------------------------------------------
  mem_ready         -       -      R     (arrival)      2  7.8    15     0     100    (-,-) 
  g131506/Y         -       A->Y   F     NAND2X8       39 66.0   142    81     181    (-,-) 
  g131190/Y         -       A->Y   R     INVX1          7 13.6   118    97     278    (-,-) 
  g63341/Y          -       B0->Y  F     OAI211X1       1  2.7    73    84     362    (-,-) 
  g63340/Y          -       A1N->Y F     OAI2BB1X1      5  8.9   114    89     451    (-,-) 
  g130632/Y         -       B->Y   R     NAND2X1        2  4.4    53    55     506    (-,-) 
  g130138/Y         -       B->Y   F     NAND2X1        2  4.4    65    54     560    (-,-) 
  g129653/Y         -       C->Y   R     NOR3X1         3  6.0   130    94     654    (-,-) 
  g129237/Y         -       B0->Y  F     AOI2BB1X1      2  4.3    56    63     717    (-,-) 
  g128292/Y         -       C->Y   F     AND3X4        30 48.4    97    84     801    (-,-) 
  g128254/Y         -       A->Y   R     INVX1          8 14.6   116    87     888    (-,-) 
  g128206/Y         -       D->Y   R     AND4X4        31 53.1   110   145    1033    (-,-) 
  g126915/Y         -       B1->Y  F     AOI22X1        1  2.7    65    63    1096    (-,-) 
  g126787/Y         -       B->Y   R     NAND4XL        1  2.8    51    48    1144    (-,-) 
  reg_op1_reg[14]/D -       -      R     DFFHQX8        1    -     -     0    1144    (-,-) 
#-------------------------------------------------------------------------------------------



Path 22: MET (2806 ps) Setup Check with Pin reg_op1_reg[8]/CK->D
          Group: I2C
     Startpoint: (R) mem_ready
          Clock: (R) myclock
       Endpoint: (R) reg_op1_reg[8]/D
          Clock: (R) myclock

                     Capture       Launch     
        Clock Edge:+    4000            0     
        Drv Adjust:+       0            0     
       Src Latency:+       0            0     
       Net Latency:+       0 (I)        0 (I) 
           Arrival:=    4000            0     
                                              
             Setup:-      30                  
       Uncertainty:-      20                  
     Required Time:=    3950                  
      Launch Clock:-       0                  
       Input Delay:-     100                  
         Data Path:-    1044                  
             Slack:=    2806                  

Exceptions/Constraints:
  input_delay             100             picorv32.sdc_line_18_1_1 

#------------------------------------------------------------------------------------------
#  Timing Point    Flags    Arc   Edge   Cell     Fanout Load Trans Delay Arrival Instance 
#                                                        (fF)  (ps)  (ps)   (ps)  Location 
#------------------------------------------------------------------------------------------
  mem_ready        -       -      R     (arrival)      2  7.8    15     0     100    (-,-) 
  g131506/Y        -       A->Y   F     NAND2X8       39 66.0   142    81     181    (-,-) 
  g131190/Y        -       A->Y   R     INVX1          7 13.6   118    97     278    (-,-) 
  g63341/Y         -       B0->Y  F     OAI211X1       1  2.7    73    84     362    (-,-) 
  g63340/Y         -       A1N->Y F     OAI2BB1X1      5  8.9   114    89     451    (-,-) 
  g130632/Y        -       B->Y   R     NAND2X1        2  4.4    53    55     506    (-,-) 
  g130138/Y        -       B->Y   F     NAND2X1        2  4.4    65    54     560    (-,-) 
  g129653/Y        -       C->Y   R     NOR3X1         3  6.0   130    94     654    (-,-) 
  g129237/Y        -       B0->Y  F     AOI2BB1X1      2  4.3    56    63     717    (-,-) 
  g128292/Y        -       C->Y   F     AND3X4        30 48.4    97    84     801    (-,-) 
  g128254/Y        -       A->Y   R     INVX1          8 14.6   116    87     888    (-,-) 
  g128206/Y        -       D->Y   R     AND4X4        31 53.1   110   145    1033    (-,-) 
  g126880/Y        -       B1->Y  F     AOI22X1        1  2.7    65    63    1096    (-,-) 
  g126798/Y        -       B->Y   R     NAND4XL        1  2.8    51    48    1144    (-,-) 
  reg_op1_reg[8]/D -       -      R     DFFHQX8        1    -     -     0    1144    (-,-) 
#------------------------------------------------------------------------------------------



Path 23: MET (2806 ps) Setup Check with Pin reg_op1_reg[7]/CK->D
          Group: I2C
     Startpoint: (R) mem_ready
          Clock: (R) myclock
       Endpoint: (R) reg_op1_reg[7]/D
          Clock: (R) myclock

                     Capture       Launch     
        Clock Edge:+    4000            0     
        Drv Adjust:+       0            0     
       Src Latency:+       0            0     
       Net Latency:+       0 (I)        0 (I) 
           Arrival:=    4000            0     
                                              
             Setup:-      30                  
       Uncertainty:-      20                  
     Required Time:=    3950                  
      Launch Clock:-       0                  
       Input Delay:-     100                  
         Data Path:-    1044                  
             Slack:=    2806                  

Exceptions/Constraints:
  input_delay             100             picorv32.sdc_line_18_1_1 

#------------------------------------------------------------------------------------------
#  Timing Point    Flags    Arc   Edge   Cell     Fanout Load Trans Delay Arrival Instance 
#                                                        (fF)  (ps)  (ps)   (ps)  Location 
#------------------------------------------------------------------------------------------
  mem_ready        -       -      R     (arrival)      2  7.8    15     0     100    (-,-) 
  g131506/Y        -       A->Y   F     NAND2X8       39 66.0   142    81     181    (-,-) 
  g131190/Y        -       A->Y   R     INVX1          7 13.6   118    97     278    (-,-) 
  g63341/Y         -       B0->Y  F     OAI211X1       1  2.7    73    84     362    (-,-) 
  g63340/Y         -       A1N->Y F     OAI2BB1X1      5  8.9   114    89     451    (-,-) 
  g130632/Y        -       B->Y   R     NAND2X1        2  4.4    53    55     506    (-,-) 
  g130138/Y        -       B->Y   F     NAND2X1        2  4.4    65    54     560    (-,-) 
  g129653/Y        -       C->Y   R     NOR3X1         3  6.0   130    94     654    (-,-) 
  g129237/Y        -       B0->Y  F     AOI2BB1X1      2  4.3    56    63     717    (-,-) 
  g128292/Y        -       C->Y   F     AND3X4        30 48.4    97    84     801    (-,-) 
  g128254/Y        -       A->Y   R     INVX1          8 14.6   116    87     888    (-,-) 
  g128206/Y        -       D->Y   R     AND4X4        31 53.1   110   145    1033    (-,-) 
  g126881/Y        -       B1->Y  F     AOI22X1        1  2.7    65    63    1096    (-,-) 
  g126783/Y        -       B->Y   R     NAND4XL        1  2.8    51    48    1144    (-,-) 
  reg_op1_reg[7]/D -       -      R     DFFHQX8        1    -     -     0    1144    (-,-) 
#------------------------------------------------------------------------------------------



Path 24: MET (2806 ps) Setup Check with Pin reg_op1_reg[6]/CK->D
          Group: I2C
     Startpoint: (R) mem_ready
          Clock: (R) myclock
       Endpoint: (R) reg_op1_reg[6]/D
          Clock: (R) myclock

                     Capture       Launch     
        Clock Edge:+    4000            0     
        Drv Adjust:+       0            0     
       Src Latency:+       0            0     
       Net Latency:+       0 (I)        0 (I) 
           Arrival:=    4000            0     
                                              
             Setup:-      30                  
       Uncertainty:-      20                  
     Required Time:=    3950                  
      Launch Clock:-       0                  
       Input Delay:-     100                  
         Data Path:-    1044                  
             Slack:=    2806                  

Exceptions/Constraints:
  input_delay             100             picorv32.sdc_line_18_1_1 

#------------------------------------------------------------------------------------------
#  Timing Point    Flags    Arc   Edge   Cell     Fanout Load Trans Delay Arrival Instance 
#                                                        (fF)  (ps)  (ps)   (ps)  Location 
#------------------------------------------------------------------------------------------
  mem_ready        -       -      R     (arrival)      2  7.8    15     0     100    (-,-) 
  g131506/Y        -       A->Y   F     NAND2X8       39 66.0   142    81     181    (-,-) 
  g131190/Y        -       A->Y   R     INVX1          7 13.6   118    97     278    (-,-) 
  g63341/Y         -       B0->Y  F     OAI211X1       1  2.7    73    84     362    (-,-) 
  g63340/Y         -       A1N->Y F     OAI2BB1X1      5  8.9   114    89     451    (-,-) 
  g130632/Y        -       B->Y   R     NAND2X1        2  4.4    53    55     506    (-,-) 
  g130138/Y        -       B->Y   F     NAND2X1        2  4.4    65    54     560    (-,-) 
  g129653/Y        -       C->Y   R     NOR3X1         3  6.0   130    94     654    (-,-) 
  g129237/Y        -       B0->Y  F     AOI2BB1X1      2  4.3    56    63     717    (-,-) 
  g128292/Y        -       C->Y   F     AND3X4        30 48.4    97    84     801    (-,-) 
  g128254/Y        -       A->Y   R     INVX1          8 14.6   116    87     888    (-,-) 
  g128206/Y        -       D->Y   R     AND4X4        31 53.1   110   145    1033    (-,-) 
  g126882/Y        -       B1->Y  F     AOI22X1        1  2.7    65    63    1096    (-,-) 
  g126799/Y        -       B->Y   R     NAND4XL        1  2.8    51    48    1144    (-,-) 
  reg_op1_reg[6]/D -       -      R     DFFHQX8        1    -     -     0    1144    (-,-) 
#------------------------------------------------------------------------------------------



Path 25: MET (2806 ps) Setup Check with Pin reg_op1_reg[5]/CK->D
          Group: I2C
     Startpoint: (R) mem_ready
          Clock: (R) myclock
       Endpoint: (R) reg_op1_reg[5]/D
          Clock: (R) myclock

                     Capture       Launch     
        Clock Edge:+    4000            0     
        Drv Adjust:+       0            0     
       Src Latency:+       0            0     
       Net Latency:+       0 (I)        0 (I) 
           Arrival:=    4000            0     
                                              
             Setup:-      30                  
       Uncertainty:-      20                  
     Required Time:=    3950                  
      Launch Clock:-       0                  
       Input Delay:-     100                  
         Data Path:-    1044                  
             Slack:=    2806                  

Exceptions/Constraints:
  input_delay             100             picorv32.sdc_line_18_1_1 

#------------------------------------------------------------------------------------------
#  Timing Point    Flags    Arc   Edge   Cell     Fanout Load Trans Delay Arrival Instance 
#                                                        (fF)  (ps)  (ps)   (ps)  Location 
#------------------------------------------------------------------------------------------
  mem_ready        -       -      R     (arrival)      2  7.8    15     0     100    (-,-) 
  g131506/Y        -       A->Y   F     NAND2X8       39 66.0   142    81     181    (-,-) 
  g131190/Y        -       A->Y   R     INVX1          7 13.6   118    97     278    (-,-) 
  g63341/Y         -       B0->Y  F     OAI211X1       1  2.7    73    84     362    (-,-) 
  g63340/Y         -       A1N->Y F     OAI2BB1X1      5  8.9   114    89     451    (-,-) 
  g130632/Y        -       B->Y   R     NAND2X1        2  4.4    53    55     506    (-,-) 
  g130138/Y        -       B->Y   F     NAND2X1        2  4.4    65    54     560    (-,-) 
  g129653/Y        -       C->Y   R     NOR3X1         3  6.0   130    94     654    (-,-) 
  g129237/Y        -       B0->Y  F     AOI2BB1X1      2  4.3    56    63     717    (-,-) 
  g128292/Y        -       C->Y   F     AND3X4        30 48.4    97    84     801    (-,-) 
  g128254/Y        -       A->Y   R     INVX1          8 14.6   116    87     888    (-,-) 
  g128206/Y        -       D->Y   R     AND4X4        31 53.1   110   145    1033    (-,-) 
  g126883/Y        -       B1->Y  F     AOI22X1        1  2.7    65    63    1096    (-,-) 
  g126793/Y        -       B->Y   R     NAND4XL        1  2.8    51    48    1144    (-,-) 
  reg_op1_reg[5]/D -       -      R     DFFHQX8        1    -     -     0    1144    (-,-) 
#------------------------------------------------------------------------------------------



Path 26: MET (2807 ps) Setup Check with Pin reg_op1_reg[31]/CK->D
          Group: I2C
     Startpoint: (R) mem_ready
          Clock: (R) myclock
       Endpoint: (R) reg_op1_reg[31]/D
          Clock: (R) myclock

                     Capture       Launch     
        Clock Edge:+    4000            0     
        Drv Adjust:+       0            0     
       Src Latency:+       0            0     
       Net Latency:+       0 (I)        0 (I) 
           Arrival:=    4000            0     
                                              
             Setup:-      31                  
       Uncertainty:-      20                  
     Required Time:=    3949                  
      Launch Clock:-       0                  
       Input Delay:-     100                  
         Data Path:-    1042                  
             Slack:=    2807                  

Exceptions/Constraints:
  input_delay             100             picorv32.sdc_line_18_1_1 

#-------------------------------------------------------------------------------------------
#   Timing Point    Flags    Arc   Edge   Cell     Fanout Load Trans Delay Arrival Instance 
#                                                         (fF)  (ps)  (ps)   (ps)  Location 
#-------------------------------------------------------------------------------------------
  mem_ready         -       -      R     (arrival)      2  7.8    15     0     100    (-,-) 
  g131506/Y         -       A->Y   F     NAND2X8       39 66.0   142    81     181    (-,-) 
  g131190/Y         -       A->Y   R     INVX1          7 13.6   118    97     278    (-,-) 
  g63341/Y          -       B0->Y  F     OAI211X1       1  2.7    73    84     362    (-,-) 
  g63340/Y          -       A1N->Y F     OAI2BB1X1      5  8.9   114    89     451    (-,-) 
  g130632/Y         -       B->Y   R     NAND2X1        2  4.4    53    55     506    (-,-) 
  g130138/Y         -       B->Y   F     NAND2X1        2  4.4    65    54     560    (-,-) 
  g129653/Y         -       C->Y   R     NOR3X1         3  6.0   130    94     654    (-,-) 
  g129237/Y         -       B0->Y  F     AOI2BB1X1      2  4.3    56    63     717    (-,-) 
  g128292/Y         -       C->Y   F     AND3X4        30 48.4    97    84     801    (-,-) 
  g128254/Y         -       A->Y   R     INVX1          8 14.6   116    87     888    (-,-) 
  g128206/Y         -       D->Y   R     AND4X4        31 53.1   110   145    1033    (-,-) 
  g126929/Y         -       B1->Y  F     AOI22X1        1  2.7    65    63    1096    (-,-) 
  g126729/Y         -       C->Y   R     NAND4XL        1  2.8    56    46    1142    (-,-) 
  reg_op1_reg[31]/D -       -      R     DFFHQX4        1    -     -     0    1142    (-,-) 
#-------------------------------------------------------------------------------------------



Path 27: MET (2807 ps) Setup Check with Pin reg_op1_reg[25]/CK->D
          Group: I2C
     Startpoint: (R) mem_ready
          Clock: (R) myclock
       Endpoint: (R) reg_op1_reg[25]/D
          Clock: (R) myclock

                     Capture       Launch     
        Clock Edge:+    4000            0     
        Drv Adjust:+       0            0     
       Src Latency:+       0            0     
       Net Latency:+       0 (I)        0 (I) 
           Arrival:=    4000            0     
                                              
             Setup:-      28                  
       Uncertainty:-      20                  
     Required Time:=    3952                  
      Launch Clock:-       0                  
       Input Delay:-     100                  
         Data Path:-    1044                  
             Slack:=    2807                  

Exceptions/Constraints:
  input_delay             100             picorv32.sdc_line_18_1_1 

#-------------------------------------------------------------------------------------------
#   Timing Point    Flags    Arc   Edge   Cell     Fanout Load Trans Delay Arrival Instance 
#                                                         (fF)  (ps)  (ps)   (ps)  Location 
#-------------------------------------------------------------------------------------------
  mem_ready         -       -      R     (arrival)      2  7.8    15     0     100    (-,-) 
  g131506/Y         -       A->Y   F     NAND2X8       39 66.0   142    81     181    (-,-) 
  g131190/Y         -       A->Y   R     INVX1          7 13.6   118    97     278    (-,-) 
  g63341/Y          -       B0->Y  F     OAI211X1       1  2.7    73    84     362    (-,-) 
  g63340/Y          -       A1N->Y F     OAI2BB1X1      5  8.9   114    89     451    (-,-) 
  g130632/Y         -       B->Y   R     NAND2X1        2  4.4    53    55     506    (-,-) 
  g130138/Y         -       B->Y   F     NAND2X1        2  4.4    65    54     560    (-,-) 
  g129653/Y         -       C->Y   R     NOR3X1         3  6.0   130    94     654    (-,-) 
  g129237/Y         -       B0->Y  F     AOI2BB1X1      2  4.3    56    63     717    (-,-) 
  g128292/Y         -       C->Y   F     AND3X4        30 48.4    97    84     801    (-,-) 
  g128254/Y         -       A->Y   R     INVX1          8 14.6   116    87     888    (-,-) 
  g128206/Y         -       D->Y   R     AND4X4        31 53.1   110   145    1033    (-,-) 
  g126926/Y         -       B1->Y  F     AOI22X1        1  2.7    65    63    1096    (-,-) 
  g126804/Y         -       A->Y   R     NAND4XL        1  2.7    50    48    1144    (-,-) 
  reg_op1_reg[25]/D -       -      R     DFFQX4         1    -     -     0    1144    (-,-) 
#-------------------------------------------------------------------------------------------



Path 28: MET (2807 ps) Setup Check with Pin reg_op1_reg[12]/CK->D
          Group: I2C
     Startpoint: (R) mem_ready
          Clock: (R) myclock
       Endpoint: (R) reg_op1_reg[12]/D
          Clock: (R) myclock

                     Capture       Launch     
        Clock Edge:+    4000            0     
        Drv Adjust:+       0            0     
       Src Latency:+       0            0     
       Net Latency:+       0 (I)        0 (I) 
           Arrival:=    4000            0     
                                              
             Setup:-      28                  
       Uncertainty:-      20                  
     Required Time:=    3952                  
      Launch Clock:-       0                  
       Input Delay:-     100                  
         Data Path:-    1044                  
             Slack:=    2807                  

Exceptions/Constraints:
  input_delay             100             picorv32.sdc_line_18_1_1 

#-------------------------------------------------------------------------------------------
#   Timing Point    Flags    Arc   Edge   Cell     Fanout Load Trans Delay Arrival Instance 
#                                                         (fF)  (ps)  (ps)   (ps)  Location 
#-------------------------------------------------------------------------------------------
  mem_ready         -       -      R     (arrival)      2  7.8    15     0     100    (-,-) 
  g131506/Y         -       A->Y   F     NAND2X8       39 66.0   142    81     181    (-,-) 
  g131190/Y         -       A->Y   R     INVX1          7 13.6   118    97     278    (-,-) 
  g63341/Y          -       B0->Y  F     OAI211X1       1  2.7    73    84     362    (-,-) 
  g63340/Y          -       A1N->Y F     OAI2BB1X1      5  8.9   114    89     451    (-,-) 
  g130632/Y         -       B->Y   R     NAND2X1        2  4.4    53    55     506    (-,-) 
  g130138/Y         -       B->Y   F     NAND2X1        2  4.4    65    54     560    (-,-) 
  g129653/Y         -       C->Y   R     NOR3X1         3  6.0   130    94     654    (-,-) 
  g129237/Y         -       B0->Y  F     AOI2BB1X1      2  4.3    56    63     717    (-,-) 
  g128292/Y         -       C->Y   F     AND3X4        30 48.4    97    84     801    (-,-) 
  g128254/Y         -       A->Y   R     INVX1          8 14.6   116    87     888    (-,-) 
  g128206/Y         -       D->Y   R     AND4X4        31 53.1   110   145    1033    (-,-) 
  g126876/Y         -       B1->Y  F     AOI22X1        1  2.7    65    63    1096    (-,-) 
  g126749/Y         -       A->Y   R     NAND4XL        1  2.7    50    48    1144    (-,-) 
  reg_op1_reg[12]/D -       -      R     DFFQX4         1    -     -     0    1144    (-,-) 
#-------------------------------------------------------------------------------------------



Path 29: MET (2807 ps) Setup Check with Pin reg_op1_reg[10]/CK->D
          Group: I2C
     Startpoint: (R) mem_ready
          Clock: (R) myclock
       Endpoint: (R) reg_op1_reg[10]/D
          Clock: (R) myclock

                     Capture       Launch     
        Clock Edge:+    4000            0     
        Drv Adjust:+       0            0     
       Src Latency:+       0            0     
       Net Latency:+       0 (I)        0 (I) 
           Arrival:=    4000            0     
                                              
             Setup:-      28                  
       Uncertainty:-      20                  
     Required Time:=    3952                  
      Launch Clock:-       0                  
       Input Delay:-     100                  
         Data Path:-    1044                  
             Slack:=    2807                  

Exceptions/Constraints:
  input_delay             100             picorv32.sdc_line_18_1_1 

#-------------------------------------------------------------------------------------------
#   Timing Point    Flags    Arc   Edge   Cell     Fanout Load Trans Delay Arrival Instance 
#                                                         (fF)  (ps)  (ps)   (ps)  Location 
#-------------------------------------------------------------------------------------------
  mem_ready         -       -      R     (arrival)      2  7.8    15     0     100    (-,-) 
  g131506/Y         -       A->Y   F     NAND2X8       39 66.0   142    81     181    (-,-) 
  g131190/Y         -       A->Y   R     INVX1          7 13.6   118    97     278    (-,-) 
  g63341/Y          -       B0->Y  F     OAI211X1       1  2.7    73    84     362    (-,-) 
  g63340/Y          -       A1N->Y F     OAI2BB1X1      5  8.9   114    89     451    (-,-) 
  g130632/Y         -       B->Y   R     NAND2X1        2  4.4    53    55     506    (-,-) 
  g130138/Y         -       B->Y   F     NAND2X1        2  4.4    65    54     560    (-,-) 
  g129653/Y         -       C->Y   R     NOR3X1         3  6.0   130    94     654    (-,-) 
  g129237/Y         -       B0->Y  F     AOI2BB1X1      2  4.3    56    63     717    (-,-) 
  g128292/Y         -       C->Y   F     AND3X4        30 48.4    97    84     801    (-,-) 
  g128254/Y         -       A->Y   R     INVX1          8 14.6   116    87     888    (-,-) 
  g128206/Y         -       D->Y   R     AND4X4        31 53.1   110   145    1033    (-,-) 
  g126878/Y         -       B1->Y  F     AOI22X1        1  2.7    65    63    1096    (-,-) 
  g126800/Y         -       A->Y   R     NAND4XL        1  2.7    50    48    1144    (-,-) 
  reg_op1_reg[10]/D -       -      R     DFFQX4         1    -     -     0    1144    (-,-) 
#-------------------------------------------------------------------------------------------



Path 30: MET (2808 ps) Setup Check with Pin reg_op1_reg[4]/CK->D
          Group: I2C
     Startpoint: (R) mem_ready
          Clock: (R) myclock
       Endpoint: (R) reg_op1_reg[4]/D
          Clock: (R) myclock

                     Capture       Launch     
        Clock Edge:+    4000            0     
        Drv Adjust:+       0            0     
       Src Latency:+       0            0     
       Net Latency:+       0 (I)        0 (I) 
           Arrival:=    4000            0     
                                              
             Setup:-      30                  
       Uncertainty:-      20                  
     Required Time:=    3950                  
      Launch Clock:-       0                  
       Input Delay:-     100                  
         Data Path:-    1042                  
             Slack:=    2808                  

Exceptions/Constraints:
  input_delay             100             picorv32.sdc_line_18_1_1 

#------------------------------------------------------------------------------------------
#  Timing Point    Flags    Arc   Edge   Cell     Fanout Load Trans Delay Arrival Instance 
#                                                        (fF)  (ps)  (ps)   (ps)  Location 
#------------------------------------------------------------------------------------------
  mem_ready        -       -      R     (arrival)      2  7.8    15     0     100    (-,-) 
  g131506/Y        -       A->Y   F     NAND2X8       39 66.0   142    81     181    (-,-) 
  g131190/Y        -       A->Y   R     INVX1          7 13.6   118    97     278    (-,-) 
  g63341/Y         -       B0->Y  F     OAI211X1       1  2.7    73    84     362    (-,-) 
  g63340/Y         -       A1N->Y F     OAI2BB1X1      5  8.9   114    89     451    (-,-) 
  g130632/Y        -       B->Y   R     NAND2X1        2  4.4    53    55     506    (-,-) 
  g130138/Y        -       B->Y   F     NAND2X1        2  4.4    65    54     560    (-,-) 
  g129653/Y        -       C->Y   R     NOR3X1         3  6.0   130    94     654    (-,-) 
  g129237/Y        -       B0->Y  F     AOI2BB1X1      2  4.3    56    63     717    (-,-) 
  g128292/Y        -       C->Y   F     AND3X4        30 48.4    97    84     801    (-,-) 
  g128254/Y        -       A->Y   R     INVX1          8 14.6   116    87     888    (-,-) 
  g128206/Y        -       D->Y   R     AND4X4        31 53.1   110   145    1033    (-,-) 
  g126884/Y        -       B1->Y  F     AOI22X1        1  2.7    65    63    1096    (-,-) 
  g126784/Y        -       C->Y   R     NAND4XL        1  2.8    51    46    1142    (-,-) 
  reg_op1_reg[4]/D -       -      R     DFFHQX8        1    -     -     0    1142    (-,-) 
#------------------------------------------------------------------------------------------



Path 31: MET (2808 ps) Setup Check with Pin reg_op1_reg[20]/CK->D
          Group: I2C
     Startpoint: (R) mem_ready
          Clock: (R) myclock
       Endpoint: (R) reg_op1_reg[20]/D
          Clock: (R) myclock

                     Capture       Launch     
        Clock Edge:+    4000            0     
        Drv Adjust:+       0            0     
       Src Latency:+       0            0     
       Net Latency:+       0 (I)        0 (I) 
           Arrival:=    4000            0     
                                              
             Setup:-      28                  
       Uncertainty:-      20                  
     Required Time:=    3952                  
      Launch Clock:-       0                  
       Input Delay:-     100                  
         Data Path:-    1043                  
             Slack:=    2808                  

Exceptions/Constraints:
  input_delay             100             picorv32.sdc_line_18_1_1 

#-------------------------------------------------------------------------------------------
#   Timing Point    Flags    Arc   Edge   Cell     Fanout Load Trans Delay Arrival Instance 
#                                                         (fF)  (ps)  (ps)   (ps)  Location 
#-------------------------------------------------------------------------------------------
  mem_ready         -       -      R     (arrival)      2  7.8    15     0     100    (-,-) 
  g131506/Y         -       A->Y   F     NAND2X8       39 66.0   142    81     181    (-,-) 
  g131190/Y         -       A->Y   R     INVX1          7 13.6   118    97     278    (-,-) 
  g63341/Y          -       B0->Y  F     OAI211X1       1  2.7    73    84     362    (-,-) 
  g63340/Y          -       A1N->Y F     OAI2BB1X1      5  8.9   114    89     451    (-,-) 
  g130632/Y         -       B->Y   R     NAND2X1        2  4.4    53    55     506    (-,-) 
  g130138/Y         -       B->Y   F     NAND2X1        2  4.4    65    54     560    (-,-) 
  g129653/Y         -       C->Y   R     NOR3X1         3  6.0   130    94     654    (-,-) 
  g129237/Y         -       B0->Y  F     AOI2BB1X1      2  4.3    56    63     717    (-,-) 
  g128292/Y         -       C->Y   F     AND3X4        30 48.4    97    84     801    (-,-) 
  g128254/Y         -       A->Y   R     INVX1          8 14.6   116    87     888    (-,-) 
  g128206/Y         -       D->Y   R     AND4X4        31 53.1   110   145    1033    (-,-) 
  g126921/Y         -       B1->Y  F     AOI22X1        1  2.7    65    63    1096    (-,-) 
  g126789/Y         -       B->Y   R     NAND4XL        1  2.7    50    47    1143    (-,-) 
  reg_op1_reg[20]/D -       -      R     DFFQX4         1    -     -     0    1143    (-,-) 
#-------------------------------------------------------------------------------------------



Path 32: MET (2823 ps) Setup Check with Pin reg_op1_reg[0]/CK->D
          Group: I2C
     Startpoint: (R) mem_ready
          Clock: (R) myclock
       Endpoint: (R) reg_op1_reg[0]/D
          Clock: (R) myclock

                     Capture       Launch     
        Clock Edge:+    4000            0     
        Drv Adjust:+       0            0     
       Src Latency:+       0            0     
       Net Latency:+       0 (I)        0 (I) 
           Arrival:=    4000            0     
                                              
             Setup:-      31                  
       Uncertainty:-      20                  
     Required Time:=    3949                  
      Launch Clock:-       0                  
       Input Delay:-     100                  
         Data Path:-    1026                  
             Slack:=    2823                  

Exceptions/Constraints:
  input_delay             100             picorv32.sdc_line_18_1_1 

#------------------------------------------------------------------------------------------
#  Timing Point    Flags    Arc   Edge   Cell     Fanout Load Trans Delay Arrival Instance 
#                                                        (fF)  (ps)  (ps)   (ps)  Location 
#------------------------------------------------------------------------------------------
  mem_ready        -       -      R     (arrival)      2  7.8    15     0     100    (-,-) 
  g131506/Y        -       A->Y   F     NAND2X8       39 66.0   142    81     181    (-,-) 
  g131190/Y        -       A->Y   R     INVX1          7 13.6   118    97     278    (-,-) 
  g63341/Y         -       B0->Y  F     OAI211X1       1  2.7    73    84     362    (-,-) 
  g63340/Y         -       A1N->Y F     OAI2BB1X1      5  8.9   114    89     451    (-,-) 
  g130632/Y        -       B->Y   R     NAND2X1        2  4.4    53    55     506    (-,-) 
  g130138/Y        -       B->Y   F     NAND2X1        2  4.4    65    54     560    (-,-) 
  g129653/Y        -       C->Y   R     NOR3X1         3  6.0   130    94     654    (-,-) 
  g129237/Y        -       B0->Y  F     AOI2BB1X1      2  4.3    56    63     717    (-,-) 
  g128292/Y        -       C->Y   F     AND3X4        30 48.4    97    84     801    (-,-) 
  g128254/Y        -       A->Y   R     INVX1          8 14.6   116    87     888    (-,-) 
  g128099/Y        -       B->Y   R     AND3X4        32 54.1   107   131    1019    (-,-) 
  g127138/Y        -       A1->Y  F     AOI22X1        1  2.8    66    71    1090    (-,-) 
  g126850/Y        -       C0->Y  R     OAI211X1       1  2.8    58    36    1126    (-,-) 
  reg_op1_reg[0]/D -       -      R     DFFHQX8        1    -     -     0    1126    (-,-) 
#------------------------------------------------------------------------------------------



Path 33: MET (2953 ps) Setup Check with Pin cpu_state_reg[2]/CK->D
          Group: I2C
     Startpoint: (R) mem_ready
          Clock: (R) myclock
       Endpoint: (R) cpu_state_reg[2]/D
          Clock: (R) myclock

                     Capture       Launch     
        Clock Edge:+    4000            0     
        Drv Adjust:+       0            0     
       Src Latency:+       0            0     
       Net Latency:+       0 (I)        0 (I) 
           Arrival:=    4000            0     
                                              
             Setup:-      34                  
       Uncertainty:-      20                  
     Required Time:=    3946                  
      Launch Clock:-       0                  
       Input Delay:-     100                  
         Data Path:-     893                  
             Slack:=    2953                  

Exceptions/Constraints:
  input_delay             100             picorv32.sdc_line_18_1_1 

#--------------------------------------------------------------------------------------------
#   Timing Point     Flags    Arc   Edge   Cell     Fanout Load Trans Delay Arrival Instance 
#                                                          (fF)  (ps)  (ps)   (ps)  Location 
#--------------------------------------------------------------------------------------------
  mem_ready          -       -      R     (arrival)      2  7.8    15     0     100    (-,-) 
  g131506/Y          -       A->Y   F     NAND2X8       39 66.0   142    81     181    (-,-) 
  g131190/Y          -       A->Y   R     INVX1          7 13.6   118    97     278    (-,-) 
  g63341/Y           -       B0->Y  F     OAI211X1       1  2.7    73    84     362    (-,-) 
  g63340/Y           -       A1N->Y F     OAI2BB1X1      5  8.9   114    89     451    (-,-) 
  g63339/Y           -       B->Y   F     OR2X1          2  4.3    32    59     509    (-,-) 
  g130131/Y          -       AN->Y  F     NAND2BX1       2  4.4    68    53     562    (-,-) 
  g128445/Y          -       C0->Y  R     OAI221X1       1  2.9    73    37     599    (-,-) 
  g128191/Y          -       D->Y   F     NOR4BX1        1  2.7    38    38     637    (-,-) 
  g127211/Y          -       D->Y   F     AND4X1         2  4.3    32    40     677    (-,-) 
  g126856/Y          -       AN->Y  F     NAND3BXL       1  2.6    94    68     745    (-,-) 
  g126829/Y          -       B->Y   F     OR2X1          5  8.9    62    72     817    (-,-) 
  g126762/Y          -       B->Y   R     NOR2X1         3  6.0    90    69     886    (-,-) 
  g126734/Y          -       B->Y   F     NAND2X1        1  2.8    52    55     941    (-,-) 
  g126696/Y          -       B1->Y  R     OAI222X1       1  2.7    81    51     993    (-,-) 
  cpu_state_reg[2]/D -       -      R     DFFQX4         1    -     -     0     993    (-,-) 
#--------------------------------------------------------------------------------------------



Path 34: MET (2965 ps) Setup Check with Pin cpu_state_reg[1]/CK->D
          Group: I2C
     Startpoint: (R) mem_ready
          Clock: (R) myclock
       Endpoint: (R) cpu_state_reg[1]/D
          Clock: (R) myclock

                     Capture       Launch     
        Clock Edge:+    4000            0     
        Drv Adjust:+       0            0     
       Src Latency:+       0            0     
       Net Latency:+       0 (I)        0 (I) 
           Arrival:=    4000            0     
                                              
             Setup:-      33                  
       Uncertainty:-      20                  
     Required Time:=    3947                  
      Launch Clock:-       0                  
       Input Delay:-     100                  
         Data Path:-     882                  
             Slack:=    2965                  

Exceptions/Constraints:
  input_delay             100             picorv32.sdc_line_18_1_1 

#--------------------------------------------------------------------------------------------
#   Timing Point     Flags    Arc   Edge   Cell     Fanout Load Trans Delay Arrival Instance 
#                                                          (fF)  (ps)  (ps)   (ps)  Location 
#--------------------------------------------------------------------------------------------
  mem_ready          -       -      R     (arrival)      2  7.8    15     0     100    (-,-) 
  g131506/Y          -       A->Y   F     NAND2X8       39 66.0   142    81     181    (-,-) 
  g131190/Y          -       A->Y   R     INVX1          7 13.6   118    97     278    (-,-) 
  g63341/Y           -       B0->Y  F     OAI211X1       1  2.7    73    84     362    (-,-) 
  g63340/Y           -       A1N->Y F     OAI2BB1X1      5  8.9   114    89     451    (-,-) 
  g63339/Y           -       B->Y   F     OR2X1          2  4.3    32    59     509    (-,-) 
  g130131/Y          -       AN->Y  F     NAND2BX1       2  4.4    68    53     562    (-,-) 
  g128445/Y          -       C0->Y  R     OAI221X1       1  2.9    73    37     599    (-,-) 
  g128191/Y          -       D->Y   F     NOR4BX1        1  2.7    38    38     637    (-,-) 
  g127211/Y          -       D->Y   F     AND4X1         2  4.3    32    40     677    (-,-) 
  g126856/Y          -       AN->Y  F     NAND3BXL       1  2.6    94    68     745    (-,-) 
  g126829/Y          -       B->Y   F     OR2X1          5  8.9    62    72     817    (-,-) 
  g126762/Y          -       B->Y   R     NOR2X1         3  6.0    90    69     886    (-,-) 
  g126747/Y          -       A->Y   F     INVX1          2  4.4    46    48     934    (-,-) 
  g126710/Y          -       A1->Y  R     OAI22X1        1  2.8    71    49     982    (-,-) 
  cpu_state_reg[1]/D -       -      R     DFFHQX1        1    -     -     0     982    (-,-) 
#--------------------------------------------------------------------------------------------



Path 35: MET (2967 ps) Setup Check with Pin cpu_state_reg[0]/CK->D
          Group: I2C
     Startpoint: (R) mem_ready
          Clock: (R) myclock
       Endpoint: (R) cpu_state_reg[0]/D
          Clock: (R) myclock

                     Capture       Launch     
        Clock Edge:+    4000            0     
        Drv Adjust:+       0            0     
       Src Latency:+       0            0     
       Net Latency:+       0 (I)        0 (I) 
           Arrival:=    4000            0     
                                              
             Setup:-      32                  
       Uncertainty:-      20                  
     Required Time:=    3948                  
      Launch Clock:-       0                  
       Input Delay:-     100                  
         Data Path:-     882                  
             Slack:=    2967                  

Exceptions/Constraints:
  input_delay             100             picorv32.sdc_line_18_1_1 

#--------------------------------------------------------------------------------------------
#   Timing Point     Flags    Arc   Edge   Cell     Fanout Load Trans Delay Arrival Instance 
#                                                          (fF)  (ps)  (ps)   (ps)  Location 
#--------------------------------------------------------------------------------------------
  mem_ready          -       -      R     (arrival)      2  7.8    15     0     100    (-,-) 
  g131506/Y          -       A->Y   F     NAND2X8       39 66.0   142    81     181    (-,-) 
  g131190/Y          -       A->Y   R     INVX1          7 13.6   118    97     278    (-,-) 
  g63341/Y           -       B0->Y  F     OAI211X1       1  2.7    73    84     362    (-,-) 
  g63340/Y           -       A1N->Y F     OAI2BB1X1      5  8.9   114    89     451    (-,-) 
  g63339/Y           -       B->Y   F     OR2X1          2  4.3    32    59     509    (-,-) 
  g130131/Y          -       AN->Y  F     NAND2BX1       2  4.4    68    53     562    (-,-) 
  g128445/Y          -       C0->Y  R     OAI221X1       1  2.9    73    37     599    (-,-) 
  g128191/Y          -       D->Y   F     NOR4BX1        1  2.7    38    38     637    (-,-) 
  g127211/Y          -       D->Y   F     AND4X1         2  4.3    32    40     677    (-,-) 
  g126856/Y          -       AN->Y  F     NAND3BXL       1  2.6    94    68     745    (-,-) 
  g126829/Y          -       B->Y   F     OR2X1          5  8.9    62    72     817    (-,-) 
  g126762/Y          -       B->Y   R     NOR2X1         3  6.0    90    69     886    (-,-) 
  g126747/Y          -       A->Y   F     INVX1          2  4.4    46    48     934    (-,-) 
  g126705/Y          -       A1->Y  R     OAI22X1        1  2.7    69    48     982    (-,-) 
  cpu_state_reg[0]/D -       -      R     DFFQX2         1    -     -     0     982    (-,-) 
#--------------------------------------------------------------------------------------------



Path 36: MET (3005 ps) Setup Check with Pin cpu_state_reg[3]/CK->D
          Group: I2C
     Startpoint: (R) mem_ready
          Clock: (R) myclock
       Endpoint: (R) cpu_state_reg[3]/D
          Clock: (R) myclock

                     Capture       Launch     
        Clock Edge:+    4000            0     
        Drv Adjust:+       0            0     
       Src Latency:+       0            0     
       Net Latency:+       0 (I)        0 (I) 
           Arrival:=    4000            0     
                                              
             Setup:-      25                  
       Uncertainty:-      20                  
     Required Time:=    3955                  
      Launch Clock:-       0                  
       Input Delay:-     100                  
         Data Path:-     850                  
             Slack:=    3005                  

Exceptions/Constraints:
  input_delay             100             picorv32.sdc_line_18_1_1 

#--------------------------------------------------------------------------------------------
#   Timing Point     Flags    Arc   Edge   Cell     Fanout Load Trans Delay Arrival Instance 
#                                                          (fF)  (ps)  (ps)   (ps)  Location 
#--------------------------------------------------------------------------------------------
  mem_ready          -       -      R     (arrival)      2  7.8    15     0     100    (-,-) 
  g131506/Y          -       A->Y   F     NAND2X8       39 66.0   142    81     181    (-,-) 
  g131190/Y          -       A->Y   R     INVX1          7 13.6   118    97     278    (-,-) 
  g63341/Y           -       B0->Y  F     OAI211X1       1  2.7    73    84     362    (-,-) 
  g63340/Y           -       A1N->Y F     OAI2BB1X1      5  8.9   114    89     451    (-,-) 
  g63339/Y           -       B->Y   F     OR2X1          2  4.3    32    59     509    (-,-) 
  g130131/Y          -       AN->Y  F     NAND2BX1       2  4.4    68    53     562    (-,-) 
  g128445/Y          -       C0->Y  R     OAI221X1       1  2.9    73    37     599    (-,-) 
  g128191/Y          -       D->Y   F     NOR4BX1        1  2.7    38    38     637    (-,-) 
  g127211/Y          -       D->Y   F     AND4X1         2  4.3    32    40     677    (-,-) 
  g126856/Y          -       AN->Y  F     NAND3BXL       1  2.6    94    68     745    (-,-) 
  g126829/Y          -       B->Y   F     OR2X1          5  8.9    62    72     817    (-,-) 
  g126762/Y          -       B->Y   R     NOR2X1         3  6.0    90    69     886    (-,-) 
  g126709/Y          -       A1->Y  R     AO22X1         1  2.8    24    64     950    (-,-) 
  cpu_state_reg[3]/D -       -      R     DFFHQX4        1    -     -     0     950    (-,-) 
#--------------------------------------------------------------------------------------------



Path 37: MET (3045 ps) Setup Check with Pin cpu_state_reg[7]/CK->D
          Group: I2C
     Startpoint: (R) mem_ready
          Clock: (R) myclock
       Endpoint: (R) cpu_state_reg[7]/D
          Clock: (R) myclock

                     Capture       Launch     
        Clock Edge:+    4000            0     
        Drv Adjust:+       0            0     
       Src Latency:+       0            0     
       Net Latency:+       0 (I)        0 (I) 
           Arrival:=    4000            0     
                                              
             Setup:-      30                  
       Uncertainty:-      20                  
     Required Time:=    3950                  
      Launch Clock:-       0                  
       Input Delay:-     100                  
         Data Path:-     805                  
             Slack:=    3045                  

Exceptions/Constraints:
  input_delay             100             picorv32.sdc_line_18_1_1 

#--------------------------------------------------------------------------------------------
#   Timing Point     Flags    Arc   Edge   Cell     Fanout Load Trans Delay Arrival Instance 
#                                                          (fF)  (ps)  (ps)   (ps)  Location 
#--------------------------------------------------------------------------------------------
  mem_ready          -       -      R     (arrival)      2  7.8    15     0     100    (-,-) 
  g131506/Y          -       A->Y   F     NAND2X8       39 66.0   142    81     181    (-,-) 
  g131190/Y          -       A->Y   R     INVX1          7 13.6   118    97     278    (-,-) 
  g63341/Y           -       B0->Y  F     OAI211X1       1  2.7    73    84     362    (-,-) 
  g63340/Y           -       A1N->Y F     OAI2BB1X1      5  8.9   114    89     451    (-,-) 
  g63339/Y           -       B->Y   F     OR2X1          2  4.3    32    59     509    (-,-) 
  g130131/Y          -       AN->Y  F     NAND2BX1       2  4.4    68    53     562    (-,-) 
  g128445/Y          -       C0->Y  R     OAI221X1       1  2.9    73    37     599    (-,-) 
  g128191/Y          -       D->Y   F     NOR4BX1        1  2.7    38    38     637    (-,-) 
  g127211/Y          -       D->Y   F     AND4X1         2  4.3    32    40     677    (-,-) 
  g126856/Y          -       AN->Y  F     NAND3BXL       1  2.6    94    68     745    (-,-) 
  g126829/Y          -       B->Y   F     OR2X1          5  8.9    62    72     817    (-,-) 
  g126807/Y          -       C->Y   F     OR3X1          1  2.6    24    57     874    (-,-) 
  g126695/Y          -       D->Y   R     NAND4XL        1  2.8    60    31     905    (-,-) 
  cpu_state_reg[7]/D -       -      R     DFFHQX1        1    -     -     0     905    (-,-) 
#--------------------------------------------------------------------------------------------



Path 38: MET (3066 ps) Setup Check with Pin decoded_imm_j_reg[4]/CK->D
          Group: I2C
     Startpoint: (R) mem_ready
          Clock: (R) myclock
       Endpoint: (R) decoded_imm_j_reg[4]/D
          Clock: (R) myclock

                     Capture       Launch     
        Clock Edge:+    4000            0     
        Drv Adjust:+       0            0     
       Src Latency:+       0            0     
       Net Latency:+       0 (I)        0 (I) 
           Arrival:=    4000            0     
                                              
             Setup:-      33                  
       Uncertainty:-      20                  
     Required Time:=    3947                  
      Launch Clock:-       0                  
       Input Delay:-     100                  
         Data Path:-     781                  
             Slack:=    3066                  

Exceptions/Constraints:
  input_delay             100             picorv32.sdc_line_18_1_1 

#------------------------------------------------------------------------------------------------
#     Timing Point       Flags    Arc   Edge   Cell     Fanout Load Trans Delay Arrival Instance 
#                                                              (fF)  (ps)  (ps)   (ps)  Location 
#------------------------------------------------------------------------------------------------
  mem_ready              -       -      R     (arrival)      2  7.8    15     0     100    (-,-) 
  g131506/Y              -       A->Y   F     NAND2X8       39 66.0   142    81     181    (-,-) 
  g131190/Y              -       A->Y   R     INVX1          7 13.6   118    97     278    (-,-) 
  g63341/Y               -       B0->Y  F     OAI211X1       1  2.7    73    84     362    (-,-) 
  g63340/Y               -       A1N->Y F     OAI2BB1X1      5  8.9   114    89     451    (-,-) 
  g130513/Y              -       B->Y   F     OR2X4         33 54.2   111   117     568    (-,-) 
  g130364/Y              -       A->Y   R     INVX1          6 11.0    95    78     646    (-,-) 
  g130190/Y              -       B->Y   R     AND2X2        21 36.3   130   118     764    (-,-) 
  g130041/Y              -       A->Y   F     INVX1          2  4.4    54    60     824    (-,-) 
  g129153/Y              -       A1->Y  R     OAI222X1       1  2.7    77    57     881    (-,-) 
  decoded_imm_j_reg[4]/D -       -      R     DFFQX2         1    -     -     0     881    (-,-) 
#------------------------------------------------------------------------------------------------



Path 39: MET (3069 ps) Setup Check with Pin decoded_imm_j_reg[11]/CK->D
          Group: I2C
     Startpoint: (R) mem_ready
          Clock: (R) myclock
       Endpoint: (R) decoded_imm_j_reg[11]/D
          Clock: (R) myclock

                     Capture       Launch     
        Clock Edge:+    4000            0     
        Drv Adjust:+       0            0     
       Src Latency:+       0            0     
       Net Latency:+       0 (I)        0 (I) 
           Arrival:=    4000            0     
                                              
             Setup:-      32                  
       Uncertainty:-      20                  
     Required Time:=    3948                  
      Launch Clock:-       0                  
       Input Delay:-     100                  
         Data Path:-     779                  
             Slack:=    3069                  

Exceptions/Constraints:
  input_delay             100             picorv32.sdc_line_18_1_1 

#-------------------------------------------------------------------------------------------------
#      Timing Point       Flags    Arc   Edge   Cell     Fanout Load Trans Delay Arrival Instance 
#                                                               (fF)  (ps)  (ps)   (ps)  Location 
#-------------------------------------------------------------------------------------------------
  mem_ready               -       -      R     (arrival)      2  7.8    15     0     100    (-,-) 
  g131506/Y               -       A->Y   F     NAND2X8       39 66.0   142    81     181    (-,-) 
  g131190/Y               -       A->Y   R     INVX1          7 13.6   118    97     278    (-,-) 
  g63341/Y                -       B0->Y  F     OAI211X1       1  2.7    73    84     362    (-,-) 
  g63340/Y                -       A1N->Y F     OAI2BB1X1      5  8.9   114    89     451    (-,-) 
  g130513/Y               -       B->Y   F     OR2X4         33 54.2   111   117     568    (-,-) 
  g130364/Y               -       A->Y   R     INVX1          6 11.0    95    78     646    (-,-) 
  g130190/Y               -       B->Y   R     AND2X2        21 36.3   130   118     764    (-,-) 
  g130041/Y               -       A->Y   F     INVX1          2  4.4    54    60     824    (-,-) 
  g129160/Y               -       A1->Y  R     OAI221X1       1  2.8    68    55     879    (-,-) 
  decoded_imm_j_reg[11]/D -       -      R     DFFHQX1        1    -     -     0     879    (-,-) 
#-------------------------------------------------------------------------------------------------



Path 40: MET (3074 ps) Setup Check with Pin cpu_state_reg[6]/CK->D
          Group: I2C
     Startpoint: (R) mem_ready
          Clock: (R) myclock
       Endpoint: (R) cpu_state_reg[6]/D
          Clock: (R) myclock

                     Capture       Launch     
        Clock Edge:+    4000            0     
        Drv Adjust:+       0            0     
       Src Latency:+       0            0     
       Net Latency:+       0 (I)        0 (I) 
           Arrival:=    4000            0     
                                              
             Setup:-      33                  
       Uncertainty:-      20                  
     Required Time:=    3947                  
      Launch Clock:-       0                  
       Input Delay:-     100                  
         Data Path:-     773                  
             Slack:=    3074                  

Exceptions/Constraints:
  input_delay             100             picorv32.sdc_line_18_1_1 

#--------------------------------------------------------------------------------------------
#   Timing Point     Flags    Arc   Edge   Cell     Fanout Load Trans Delay Arrival Instance 
#                                                          (fF)  (ps)  (ps)   (ps)  Location 
#--------------------------------------------------------------------------------------------
  mem_ready          -       -      R     (arrival)      2  7.8    15     0     100    (-,-) 
  g131506/Y          -       A->Y   F     NAND2X8       39 66.0   142    81     181    (-,-) 
  g131190/Y          -       A->Y   R     INVX1          7 13.6   118    97     278    (-,-) 
  g63341/Y           -       B0->Y  F     OAI211X1       1  2.7    73    84     362    (-,-) 
  g63340/Y           -       A1N->Y F     OAI2BB1X1      5  8.9   114    89     451    (-,-) 
  g63339/Y           -       B->Y   F     OR2X1          2  4.3    32    59     509    (-,-) 
  g130131/Y          -       AN->Y  F     NAND2BX1       2  4.4    68    53     562    (-,-) 
  g128445/Y          -       C0->Y  R     OAI221X1       1  2.9    73    37     599    (-,-) 
  g128191/Y          -       D->Y   F     NOR4BX1        1  2.7    38    38     637    (-,-) 
  g127211/Y          -       D->Y   F     AND4X1         2  4.3    32    40     677    (-,-) 
  g126856/Y          -       AN->Y  F     NAND3BXL       1  2.6    94    68     745    (-,-) 
  g126829/Y          -       B->Y   F     OR2X1          5  8.9    62    72     817    (-,-) 
  g126708/Y          -       A1->Y  R     OAI221X1       1  2.7    73    56     873    (-,-) 
  cpu_state_reg[6]/D -       -      R     DFFQX4         1    -     -     0     873    (-,-) 
#--------------------------------------------------------------------------------------------



Path 41: MET (3075 ps) Setup Check with Pin decoded_rd_reg[4]/CK->D
          Group: I2C
     Startpoint: (R) mem_ready
          Clock: (R) myclock
       Endpoint: (R) decoded_rd_reg[4]/D
          Clock: (R) myclock

                     Capture       Launch     
        Clock Edge:+    4000            0     
        Drv Adjust:+       0            0     
       Src Latency:+       0            0     
       Net Latency:+       0 (I)        0 (I) 
           Arrival:=    4000            0     
                                              
             Setup:-      26                  
       Uncertainty:-      20                  
     Required Time:=    3954                  
      Launch Clock:-       0                  
       Input Delay:-     100                  
         Data Path:-     780                  
             Slack:=    3075                  

Exceptions/Constraints:
  input_delay             100             picorv32.sdc_line_18_1_1 

#---------------------------------------------------------------------------------------------
#    Timing Point     Flags    Arc   Edge   Cell     Fanout Load Trans Delay Arrival Instance 
#                                                           (fF)  (ps)  (ps)   (ps)  Location 
#---------------------------------------------------------------------------------------------
  mem_ready           -       -      R     (arrival)      2  7.8    15     0     100    (-,-) 
  g131506/Y           -       A->Y   F     NAND2X8       39 66.0   142    81     181    (-,-) 
  g131190/Y           -       A->Y   R     INVX1          7 13.6   118    97     278    (-,-) 
  g63341/Y            -       B0->Y  F     OAI211X1       1  2.7    73    84     362    (-,-) 
  g63340/Y            -       A1N->Y F     OAI2BB1X1      5  8.9   114    89     451    (-,-) 
  g130513/Y           -       B->Y   F     OR2X4         33 54.2   111   117     568    (-,-) 
  g130364/Y           -       A->Y   R     INVX1          6 11.0    95    78     646    (-,-) 
  g130190/Y           -       B->Y   R     AND2X2        21 36.3   130   118     764    (-,-) 
  g129633/Y           -       A1->Y  F     AOI22X1        1  2.8    69    79     842    (-,-) 
  g129171/Y           -       B0->Y  R     OAI2BB1X1      1  2.8    35    37     880    (-,-) 
  decoded_rd_reg[4]/D -       -      R     DFFHQX1        1    -     -     0     880    (-,-) 
#---------------------------------------------------------------------------------------------



Path 42: MET (3075 ps) Setup Check with Pin decoded_rd_reg[3]/CK->D
          Group: I2C
     Startpoint: (R) mem_ready
          Clock: (R) myclock
       Endpoint: (R) decoded_rd_reg[3]/D
          Clock: (R) myclock

                     Capture       Launch     
        Clock Edge:+    4000            0     
        Drv Adjust:+       0            0     
       Src Latency:+       0            0     
       Net Latency:+       0 (I)        0 (I) 
           Arrival:=    4000            0     
                                              
             Setup:-      26                  
       Uncertainty:-      20                  
     Required Time:=    3954                  
      Launch Clock:-       0                  
       Input Delay:-     100                  
         Data Path:-     780                  
             Slack:=    3075                  

Exceptions/Constraints:
  input_delay             100             picorv32.sdc_line_18_1_1 

#---------------------------------------------------------------------------------------------
#    Timing Point     Flags    Arc   Edge   Cell     Fanout Load Trans Delay Arrival Instance 
#                                                           (fF)  (ps)  (ps)   (ps)  Location 
#---------------------------------------------------------------------------------------------
  mem_ready           -       -      R     (arrival)      2  7.8    15     0     100    (-,-) 
  g131506/Y           -       A->Y   F     NAND2X8       39 66.0   142    81     181    (-,-) 
  g131190/Y           -       A->Y   R     INVX1          7 13.6   118    97     278    (-,-) 
  g63341/Y            -       B0->Y  F     OAI211X1       1  2.7    73    84     362    (-,-) 
  g63340/Y            -       A1N->Y F     OAI2BB1X1      5  8.9   114    89     451    (-,-) 
  g130513/Y           -       B->Y   F     OR2X4         33 54.2   111   117     568    (-,-) 
  g130364/Y           -       A->Y   R     INVX1          6 11.0    95    78     646    (-,-) 
  g130190/Y           -       B->Y   R     AND2X2        21 36.3   130   118     764    (-,-) 
  g129632/Y           -       A1->Y  F     AOI22X1        1  2.8    69    79     842    (-,-) 
  g129170/Y           -       B0->Y  R     OAI2BB1X1      1  2.8    35    37     880    (-,-) 
  decoded_rd_reg[3]/D -       -      R     DFFHQX1        1    -     -     0     880    (-,-) 
#---------------------------------------------------------------------------------------------



Path 43: MET (3075 ps) Setup Check with Pin decoded_rd_reg[2]/CK->D
          Group: I2C
     Startpoint: (R) mem_ready
          Clock: (R) myclock
       Endpoint: (R) decoded_rd_reg[2]/D
          Clock: (R) myclock

                     Capture       Launch     
        Clock Edge:+    4000            0     
        Drv Adjust:+       0            0     
       Src Latency:+       0            0     
       Net Latency:+       0 (I)        0 (I) 
           Arrival:=    4000            0     
                                              
             Setup:-      26                  
       Uncertainty:-      20                  
     Required Time:=    3954                  
      Launch Clock:-       0                  
       Input Delay:-     100                  
         Data Path:-     780                  
             Slack:=    3075                  

Exceptions/Constraints:
  input_delay             100             picorv32.sdc_line_18_1_1 

#---------------------------------------------------------------------------------------------
#    Timing Point     Flags    Arc   Edge   Cell     Fanout Load Trans Delay Arrival Instance 
#                                                           (fF)  (ps)  (ps)   (ps)  Location 
#---------------------------------------------------------------------------------------------
  mem_ready           -       -      R     (arrival)      2  7.8    15     0     100    (-,-) 
  g131506/Y           -       A->Y   F     NAND2X8       39 66.0   142    81     181    (-,-) 
  g131190/Y           -       A->Y   R     INVX1          7 13.6   118    97     278    (-,-) 
  g63341/Y            -       B0->Y  F     OAI211X1       1  2.7    73    84     362    (-,-) 
  g63340/Y            -       A1N->Y F     OAI2BB1X1      5  8.9   114    89     451    (-,-) 
  g130513/Y           -       B->Y   F     OR2X4         33 54.2   111   117     568    (-,-) 
  g130364/Y           -       A->Y   R     INVX1          6 11.0    95    78     646    (-,-) 
  g130190/Y           -       B->Y   R     AND2X2        21 36.3   130   118     764    (-,-) 
  g129631/Y           -       A1->Y  F     AOI22X1        1  2.8    69    79     842    (-,-) 
  g129169/Y           -       B0->Y  R     OAI2BB1X1      1  2.8    35    37     880    (-,-) 
  decoded_rd_reg[2]/D -       -      R     DFFHQX1        1    -     -     0     880    (-,-) 
#---------------------------------------------------------------------------------------------



Path 44: MET (3075 ps) Setup Check with Pin decoded_rd_reg[1]/CK->D
          Group: I2C
     Startpoint: (R) mem_ready
          Clock: (R) myclock
       Endpoint: (R) decoded_rd_reg[1]/D
          Clock: (R) myclock

                     Capture       Launch     
        Clock Edge:+    4000            0     
        Drv Adjust:+       0            0     
       Src Latency:+       0            0     
       Net Latency:+       0 (I)        0 (I) 
           Arrival:=    4000            0     
                                              
             Setup:-      26                  
       Uncertainty:-      20                  
     Required Time:=    3954                  
      Launch Clock:-       0                  
       Input Delay:-     100                  
         Data Path:-     780                  
             Slack:=    3075                  

Exceptions/Constraints:
  input_delay             100             picorv32.sdc_line_18_1_1 

#---------------------------------------------------------------------------------------------
#    Timing Point     Flags    Arc   Edge   Cell     Fanout Load Trans Delay Arrival Instance 
#                                                           (fF)  (ps)  (ps)   (ps)  Location 
#---------------------------------------------------------------------------------------------
  mem_ready           -       -      R     (arrival)      2  7.8    15     0     100    (-,-) 
  g131506/Y           -       A->Y   F     NAND2X8       39 66.0   142    81     181    (-,-) 
  g131190/Y           -       A->Y   R     INVX1          7 13.6   118    97     278    (-,-) 
  g63341/Y            -       B0->Y  F     OAI211X1       1  2.7    73    84     362    (-,-) 
  g63340/Y            -       A1N->Y F     OAI2BB1X1      5  8.9   114    89     451    (-,-) 
  g130513/Y           -       B->Y   F     OR2X4         33 54.2   111   117     568    (-,-) 
  g130364/Y           -       A->Y   R     INVX1          6 11.0    95    78     646    (-,-) 
  g130190/Y           -       B->Y   R     AND2X2        21 36.3   130   118     764    (-,-) 
  g129630/Y           -       A1->Y  F     AOI22X1        1  2.8    69    79     842    (-,-) 
  g129168/Y           -       B0->Y  R     OAI2BB1X1      1  2.8    35    37     880    (-,-) 
  decoded_rd_reg[1]/D -       -      R     DFFHQX1        1    -     -     0     880    (-,-) 
#---------------------------------------------------------------------------------------------



Path 45: MET (3075 ps) Setup Check with Pin decoded_rd_reg[0]/CK->D
          Group: I2C
     Startpoint: (R) mem_ready
          Clock: (R) myclock
       Endpoint: (R) decoded_rd_reg[0]/D
          Clock: (R) myclock

                     Capture       Launch     
        Clock Edge:+    4000            0     
        Drv Adjust:+       0            0     
       Src Latency:+       0            0     
       Net Latency:+       0 (I)        0 (I) 
           Arrival:=    4000            0     
                                              
             Setup:-      26                  
       Uncertainty:-      20                  
     Required Time:=    3954                  
      Launch Clock:-       0                  
       Input Delay:-     100                  
         Data Path:-     780                  
             Slack:=    3075                  

Exceptions/Constraints:
  input_delay             100             picorv32.sdc_line_18_1_1 

#---------------------------------------------------------------------------------------------
#    Timing Point     Flags    Arc   Edge   Cell     Fanout Load Trans Delay Arrival Instance 
#                                                           (fF)  (ps)  (ps)   (ps)  Location 
#---------------------------------------------------------------------------------------------
  mem_ready           -       -      R     (arrival)      2  7.8    15     0     100    (-,-) 
  g131506/Y           -       A->Y   F     NAND2X8       39 66.0   142    81     181    (-,-) 
  g131190/Y           -       A->Y   R     INVX1          7 13.6   118    97     278    (-,-) 
  g63341/Y            -       B0->Y  F     OAI211X1       1  2.7    73    84     362    (-,-) 
  g63340/Y            -       A1N->Y F     OAI2BB1X1      5  8.9   114    89     451    (-,-) 
  g130513/Y           -       B->Y   F     OR2X4         33 54.2   111   117     568    (-,-) 
  g130364/Y           -       A->Y   R     INVX1          6 11.0    95    78     646    (-,-) 
  g130190/Y           -       B->Y   R     AND2X2        21 36.3   130   118     764    (-,-) 
  g129629/Y           -       A1->Y  F     AOI22X1        1  2.8    69    79     842    (-,-) 
  g129167/Y           -       B0->Y  R     OAI2BB1X1      1  2.8    35    37     880    (-,-) 
  decoded_rd_reg[0]/D -       -      R     DFFHQX1        1    -     -     0     880    (-,-) 
#---------------------------------------------------------------------------------------------



Path 46: MET (3075 ps) Setup Check with Pin decoded_imm_j_reg[20]/CK->D
          Group: I2C
     Startpoint: (R) mem_ready
          Clock: (R) myclock
       Endpoint: (R) decoded_imm_j_reg[20]/D
          Clock: (R) myclock

                     Capture       Launch     
        Clock Edge:+    4000            0     
        Drv Adjust:+       0            0     
       Src Latency:+       0            0     
       Net Latency:+       0 (I)        0 (I) 
           Arrival:=    4000            0     
                                              
             Setup:-      26                  
       Uncertainty:-      20                  
     Required Time:=    3954                  
      Launch Clock:-       0                  
       Input Delay:-     100                  
         Data Path:-     780                  
             Slack:=    3075                  

Exceptions/Constraints:
  input_delay             100             picorv32.sdc_line_18_1_1 

#-------------------------------------------------------------------------------------------------
#      Timing Point       Flags    Arc   Edge   Cell     Fanout Load Trans Delay Arrival Instance 
#                                                               (fF)  (ps)  (ps)   (ps)  Location 
#-------------------------------------------------------------------------------------------------
  mem_ready               -       -      R     (arrival)      2  7.8    15     0     100    (-,-) 
  g131506/Y               -       A->Y   F     NAND2X8       39 66.0   142    81     181    (-,-) 
  g131190/Y               -       A->Y   R     INVX1          7 13.6   118    97     278    (-,-) 
  g63341/Y                -       B0->Y  F     OAI211X1       1  2.7    73    84     362    (-,-) 
  g63340/Y                -       A1N->Y F     OAI2BB1X1      5  8.9   114    89     451    (-,-) 
  g130513/Y               -       B->Y   F     OR2X4         33 54.2   111   117     568    (-,-) 
  g130364/Y               -       A->Y   R     INVX1          6 11.0    95    78     646    (-,-) 
  g130190/Y               -       B->Y   R     AND2X2        21 36.3   130   118     764    (-,-) 
  g129628/Y               -       A1->Y  F     AOI22X1        1  2.8    69    79     842    (-,-) 
  g129166/Y               -       B0->Y  R     OAI2BB1X1      1  2.8    35    37     880    (-,-) 
  decoded_imm_j_reg[20]/D -       -      R     DFFHQX1        1    -     -     0     880    (-,-) 
#-------------------------------------------------------------------------------------------------



Path 47: MET (3075 ps) Setup Check with Pin decoded_imm_j_reg[19]/CK->D
          Group: I2C
     Startpoint: (R) mem_ready
          Clock: (R) myclock
       Endpoint: (R) decoded_imm_j_reg[19]/D
          Clock: (R) myclock

                     Capture       Launch     
        Clock Edge:+    4000            0     
        Drv Adjust:+       0            0     
       Src Latency:+       0            0     
       Net Latency:+       0 (I)        0 (I) 
           Arrival:=    4000            0     
                                              
             Setup:-      26                  
       Uncertainty:-      20                  
     Required Time:=    3954                  
      Launch Clock:-       0                  
       Input Delay:-     100                  
         Data Path:-     780                  
             Slack:=    3075                  

Exceptions/Constraints:
  input_delay             100             picorv32.sdc_line_18_1_1 

#-------------------------------------------------------------------------------------------------
#      Timing Point       Flags    Arc   Edge   Cell     Fanout Load Trans Delay Arrival Instance 
#                                                               (fF)  (ps)  (ps)   (ps)  Location 
#-------------------------------------------------------------------------------------------------
  mem_ready               -       -      R     (arrival)      2  7.8    15     0     100    (-,-) 
  g131506/Y               -       A->Y   F     NAND2X8       39 66.0   142    81     181    (-,-) 
  g131190/Y               -       A->Y   R     INVX1          7 13.6   118    97     278    (-,-) 
  g63341/Y                -       B0->Y  F     OAI211X1       1  2.7    73    84     362    (-,-) 
  g63340/Y                -       A1N->Y F     OAI2BB1X1      5  8.9   114    89     451    (-,-) 
  g130513/Y               -       B->Y   F     OR2X4         33 54.2   111   117     568    (-,-) 
  g130364/Y               -       A->Y   R     INVX1          6 11.0    95    78     646    (-,-) 
  g130190/Y               -       B->Y   R     AND2X2        21 36.3   130   118     764    (-,-) 
  g129587/Y               -       A1->Y  F     AOI22X1        1  2.8    69    79     842    (-,-) 
  g129165/Y               -       B0->Y  R     OAI2BB1X1      1  2.8    35    37     880    (-,-) 
  decoded_imm_j_reg[19]/D -       -      R     DFFHQX1        1    -     -     0     880    (-,-) 
#-------------------------------------------------------------------------------------------------



Path 48: MET (3075 ps) Setup Check with Pin decoded_imm_j_reg[18]/CK->D
          Group: I2C
     Startpoint: (R) mem_ready
          Clock: (R) myclock
       Endpoint: (R) decoded_imm_j_reg[18]/D
          Clock: (R) myclock

                     Capture       Launch     
        Clock Edge:+    4000            0     
        Drv Adjust:+       0            0     
       Src Latency:+       0            0     
       Net Latency:+       0 (I)        0 (I) 
           Arrival:=    4000            0     
                                              
             Setup:-      26                  
       Uncertainty:-      20                  
     Required Time:=    3954                  
      Launch Clock:-       0                  
       Input Delay:-     100                  
         Data Path:-     780                  
             Slack:=    3075                  

Exceptions/Constraints:
  input_delay             100             picorv32.sdc_line_18_1_1 

#-------------------------------------------------------------------------------------------------
#      Timing Point       Flags    Arc   Edge   Cell     Fanout Load Trans Delay Arrival Instance 
#                                                               (fF)  (ps)  (ps)   (ps)  Location 
#-------------------------------------------------------------------------------------------------
  mem_ready               -       -      R     (arrival)      2  7.8    15     0     100    (-,-) 
  g131506/Y               -       A->Y   F     NAND2X8       39 66.0   142    81     181    (-,-) 
  g131190/Y               -       A->Y   R     INVX1          7 13.6   118    97     278    (-,-) 
  g63341/Y                -       B0->Y  F     OAI211X1       1  2.7    73    84     362    (-,-) 
  g63340/Y                -       A1N->Y F     OAI2BB1X1      5  8.9   114    89     451    (-,-) 
  g130513/Y               -       B->Y   F     OR2X4         33 54.2   111   117     568    (-,-) 
  g130364/Y               -       A->Y   R     INVX1          6 11.0    95    78     646    (-,-) 
  g130190/Y               -       B->Y   R     AND2X2        21 36.3   130   118     764    (-,-) 
  g129627/Y               -       A1->Y  F     AOI22X1        1  2.8    69    79     842    (-,-) 
  g129164/Y               -       B0->Y  R     OAI2BB1X1      1  2.8    35    37     880    (-,-) 
  decoded_imm_j_reg[18]/D -       -      R     DFFHQX1        1    -     -     0     880    (-,-) 
#-------------------------------------------------------------------------------------------------



Path 49: MET (3075 ps) Setup Check with Pin decoded_imm_j_reg[17]/CK->D
          Group: I2C
     Startpoint: (R) mem_ready
          Clock: (R) myclock
       Endpoint: (R) decoded_imm_j_reg[17]/D
          Clock: (R) myclock

                     Capture       Launch     
        Clock Edge:+    4000            0     
        Drv Adjust:+       0            0     
       Src Latency:+       0            0     
       Net Latency:+       0 (I)        0 (I) 
           Arrival:=    4000            0     
                                              
             Setup:-      26                  
       Uncertainty:-      20                  
     Required Time:=    3954                  
      Launch Clock:-       0                  
       Input Delay:-     100                  
         Data Path:-     780                  
             Slack:=    3075                  

Exceptions/Constraints:
  input_delay             100             picorv32.sdc_line_18_1_1 

#-------------------------------------------------------------------------------------------------
#      Timing Point       Flags    Arc   Edge   Cell     Fanout Load Trans Delay Arrival Instance 
#                                                               (fF)  (ps)  (ps)   (ps)  Location 
#-------------------------------------------------------------------------------------------------
  mem_ready               -       -      R     (arrival)      2  7.8    15     0     100    (-,-) 
  g131506/Y               -       A->Y   F     NAND2X8       39 66.0   142    81     181    (-,-) 
  g131190/Y               -       A->Y   R     INVX1          7 13.6   118    97     278    (-,-) 
  g63341/Y                -       B0->Y  F     OAI211X1       1  2.7    73    84     362    (-,-) 
  g63340/Y                -       A1N->Y F     OAI2BB1X1      5  8.9   114    89     451    (-,-) 
  g130513/Y               -       B->Y   F     OR2X4         33 54.2   111   117     568    (-,-) 
  g130364/Y               -       A->Y   R     INVX1          6 11.0    95    78     646    (-,-) 
  g130190/Y               -       B->Y   R     AND2X2        21 36.3   130   118     764    (-,-) 
  g129626/Y               -       A1->Y  F     AOI22X1        1  2.8    69    79     842    (-,-) 
  g129163/Y               -       B0->Y  R     OAI2BB1X1      1  2.8    35    37     880    (-,-) 
  decoded_imm_j_reg[17]/D -       -      R     DFFHQX1        1    -     -     0     880    (-,-) 
#-------------------------------------------------------------------------------------------------



Path 50: MET (3075 ps) Setup Check with Pin decoded_imm_j_reg[16]/CK->D
          Group: I2C
     Startpoint: (R) mem_ready
          Clock: (R) myclock
       Endpoint: (R) decoded_imm_j_reg[16]/D
          Clock: (R) myclock

                     Capture       Launch     
        Clock Edge:+    4000            0     
        Drv Adjust:+       0            0     
       Src Latency:+       0            0     
       Net Latency:+       0 (I)        0 (I) 
           Arrival:=    4000            0     
                                              
             Setup:-      26                  
       Uncertainty:-      20                  
     Required Time:=    3954                  
      Launch Clock:-       0                  
       Input Delay:-     100                  
         Data Path:-     780                  
             Slack:=    3075                  

Exceptions/Constraints:
  input_delay             100             picorv32.sdc_line_18_1_1 

#-------------------------------------------------------------------------------------------------
#      Timing Point       Flags    Arc   Edge   Cell     Fanout Load Trans Delay Arrival Instance 
#                                                               (fF)  (ps)  (ps)   (ps)  Location 
#-------------------------------------------------------------------------------------------------
  mem_ready               -       -      R     (arrival)      2  7.8    15     0     100    (-,-) 
  g131506/Y               -       A->Y   F     NAND2X8       39 66.0   142    81     181    (-,-) 
  g131190/Y               -       A->Y   R     INVX1          7 13.6   118    97     278    (-,-) 
  g63341/Y                -       B0->Y  F     OAI211X1       1  2.7    73    84     362    (-,-) 
  g63340/Y                -       A1N->Y F     OAI2BB1X1      5  8.9   114    89     451    (-,-) 
  g130513/Y               -       B->Y   F     OR2X4         33 54.2   111   117     568    (-,-) 
  g130364/Y               -       A->Y   R     INVX1          6 11.0    95    78     646    (-,-) 
  g130190/Y               -       B->Y   R     AND2X2        21 36.3   130   118     764    (-,-) 
  g129625/Y               -       A1->Y  F     AOI22X1        1  2.8    69    79     842    (-,-) 
  g129162/Y               -       B0->Y  R     OAI2BB1X1      1  2.8    35    37     880    (-,-) 
  decoded_imm_j_reg[16]/D -       -      R     DFFHQX1        1    -     -     0     880    (-,-) 
#-------------------------------------------------------------------------------------------------

