============================================================
  Generated by:           Genus(TM) Synthesis Solution 22.13-s093_1
  Generated on:           Apr 13 2026  06:56:35 pm
  Module:                 mgmt_core_wrapper
  Operating conditions:   PVT_1P1V_0C 
  Interconnect mode:      global
  Area mode:              physical library
============================================================


Path 1: MET (1773 ps) Setup Check with Pin core_picorv32_alu_out_q_reg[31]/CK->D
          Group: C2C
     Startpoint: (R) core_picorv32_is_lui_auipc_jal_jalr_addi_add_sub_reg/CK
          Clock: (R) myclock
       Endpoint: (F) core_picorv32_alu_out_q_reg[31]/D
          Clock: (R) myclock

                     Capture       Launch     
        Clock Edge:+    4000            0     
       Src Latency:+       0            0     
       Net Latency:+       0 (I)        0 (I) 
           Arrival:=    4000            0     
                                              
             Setup:-      25                  
       Uncertainty:-      20                  
     Required Time:=    3955                  
      Launch Clock:-       0                  
         Data Path:-    2182                  
             Slack:=    1773                  

#----------------------------------------------------------------------------------------------------------------------------------
#                      Timing Point                        Flags    Arc   Edge   Cell     Fanout Load Trans Delay Arrival Instance 
#                                                                                                (fF)  (ps)  (ps)   (ps)  Location 
#----------------------------------------------------------------------------------------------------------------------------------
  core_picorv32_is_lui_auipc_jal_jalr_addi_add_sub_reg/CK  -       -      R     (arrival)   3708    -     0     0       0    (-,-) 
  core_picorv32_is_lui_auipc_jal_jalr_addi_add_sub_reg/Q   -       CK->Q  R     DFFQX4        33 56.2   100   106     106    (-,-) 
  core_g139147/Y                                           -       B->Y   R     AND2X1         2  6.1    45    63     169    (-,-) 
  core_picorv32_sub_1235_38_Y_picorv32_add_1235_58_g1023/Y -       A->Y   F     INVX3         32 54.7   140    88     256    (-,-) 
  core_picorv32_sub_1235_38_Y_picorv32_add_1235_58_g991/Y  -       B->Y   F     XNOR2X1        1  3.1    25    64     320    (-,-) 
  core_picorv32_sub_1235_38_Y_picorv32_add_1235_58_g989/CO -       CI->CO F     ADDFX1         1  3.1    28    55     375    (-,-) 
  core_picorv32_sub_1235_38_Y_picorv32_add_1235_58_g988/CO -       CI->CO F     ADDFX1         1  3.1    28    55     430    (-,-) 
  core_picorv32_sub_1235_38_Y_picorv32_add_1235_58_g987/CO -       CI->CO F     ADDFX1         1  3.1    28    55     486    (-,-) 
  core_picorv32_sub_1235_38_Y_picorv32_add_1235_58_g986/CO -       CI->CO F     ADDFX1         1  3.1    28    55     541    (-,-) 
  core_picorv32_sub_1235_38_Y_picorv32_add_1235_58_g985/CO -       CI->CO F     ADDFX1         1  3.1    28    55     596    (-,-) 
  core_picorv32_sub_1235_38_Y_picorv32_add_1235_58_g984/CO -       CI->CO F     ADDFX1         1  3.1    28    55     652    (-,-) 
  core_picorv32_sub_1235_38_Y_picorv32_add_1235_58_g983/CO -       CI->CO F     ADDFX1         1  3.1    28    55     707    (-,-) 
  core_picorv32_sub_1235_38_Y_picorv32_add_1235_58_g982/CO -       CI->CO F     ADDFX1         1  3.1    28    55     762    (-,-) 
  core_picorv32_sub_1235_38_Y_picorv32_add_1235_58_g981/CO -       CI->CO F     ADDFX1         1  3.1    28    55     817    (-,-) 
  core_picorv32_sub_1235_38_Y_picorv32_add_1235_58_g980/CO -       CI->CO F     ADDFX1         1  3.1    28    55     873    (-,-) 
  core_picorv32_sub_1235_38_Y_picorv32_add_1235_58_g979/CO -       CI->CO F     ADDFX1         1  3.1    28    55     928    (-,-) 
  core_picorv32_sub_1235_38_Y_picorv32_add_1235_58_g978/CO -       CI->CO F     ADDFX1         1  3.1    28    55     983    (-,-) 
  core_picorv32_sub_1235_38_Y_picorv32_add_1235_58_g977/CO -       CI->CO F     ADDFX1         1  3.1    28    55    1039    (-,-) 
  core_picorv32_sub_1235_38_Y_picorv32_add_1235_58_g976/CO -       CI->CO F     ADDFX1         1  3.1    28    55    1094    (-,-) 
  core_picorv32_sub_1235_38_Y_picorv32_add_1235_58_g975/CO -       CI->CO F     ADDFX1         1  3.1    28    55    1149    (-,-) 
  core_picorv32_sub_1235_38_Y_picorv32_add_1235_58_g974/CO -       CI->CO F     ADDFX1         1  3.1    28    55    1204    (-,-) 
  core_picorv32_sub_1235_38_Y_picorv32_add_1235_58_g973/CO -       CI->CO F     ADDFX1         1  3.1    28    55    1260    (-,-) 
  core_picorv32_sub_1235_38_Y_picorv32_add_1235_58_g972/CO -       CI->CO F     ADDFX1         1  3.1    28    55    1315    (-,-) 
  core_picorv32_sub_1235_38_Y_picorv32_add_1235_58_g971/CO -       CI->CO F     ADDFX1         1  3.1    28    55    1370    (-,-) 
  core_picorv32_sub_1235_38_Y_picorv32_add_1235_58_g970/CO -       CI->CO F     ADDFX1         1  3.1    28    55    1426    (-,-) 
  core_picorv32_sub_1235_38_Y_picorv32_add_1235_58_g969/CO -       CI->CO F     ADDFX1         1  3.1    28    55    1481    (-,-) 
  core_picorv32_sub_1235_38_Y_picorv32_add_1235_58_g968/CO -       CI->CO F     ADDFX1         1  3.1    28    55    1536    (-,-) 
  core_picorv32_sub_1235_38_Y_picorv32_add_1235_58_g967/CO -       CI->CO F     ADDFX1         1  3.1    28    55    1592    (-,-) 
  core_picorv32_sub_1235_38_Y_picorv32_add_1235_58_g966/CO -       CI->CO F     ADDFX1         1  3.1    28    55    1647    (-,-) 
  core_picorv32_sub_1235_38_Y_picorv32_add_1235_58_g965/CO -       CI->CO F     ADDFX1         1  3.1    28    55    1702    (-,-) 
  core_picorv32_sub_1235_38_Y_picorv32_add_1235_58_g964/CO -       CI->CO F     ADDFX1         1  3.1    28    55    1758    (-,-) 
  core_picorv32_sub_1235_38_Y_picorv32_add_1235_58_g963/CO -       CI->CO F     ADDFX1         1  3.1    28    55    1813    (-,-) 
  core_picorv32_sub_1235_38_Y_picorv32_add_1235_58_g962/CO -       CI->CO F     ADDFX1         1  3.1    28    55    1868    (-,-) 
  core_picorv32_sub_1235_38_Y_picorv32_add_1235_58_g961/CO -       CI->CO F     ADDFX1         1  3.1    28    55    1923    (-,-) 
  core_picorv32_sub_1235_38_Y_picorv32_add_1235_58_g960/CO -       CI->CO F     ADDFX1         1  3.1    28    55    1979    (-,-) 
  core_picorv32_sub_1235_38_Y_picorv32_add_1235_58_g959/CO -       CI->CO F     ADDFX1         1  2.9    26    55    2033    (-,-) 
  core_picorv32_sub_1235_38_Y_picorv32_add_1235_58_g958/Y  -       B->Y   F     XNOR2X1        1  2.8    23    42    2075    (-,-) 
  core_g248555/Y                                           -       B1->Y  R     AOI32X1        1  2.9    66    41    2116    (-,-) 
  core_g247779/Y                                           -       C0->Y  F     OAI211X1       1  2.8    74    66    2182    (-,-) 
  core_picorv32_alu_out_q_reg[31]/D                        -       -      F     DFFHQX1        1    -     -     0    2182    (-,-) 
#----------------------------------------------------------------------------------------------------------------------------------



Path 2: MET (1832 ps) Setup Check with Pin core_picorv32_alu_out_q_reg[30]/CK->D
          Group: C2C
     Startpoint: (R) core_picorv32_is_lui_auipc_jal_jalr_addi_add_sub_reg/CK
          Clock: (R) myclock
       Endpoint: (R) core_picorv32_alu_out_q_reg[30]/D
          Clock: (R) myclock

                     Capture       Launch     
        Clock Edge:+    4000            0     
       Src Latency:+       0            0     
       Net Latency:+       0 (I)        0 (I) 
           Arrival:=    4000            0     
                                              
             Setup:-      31                  
       Uncertainty:-      20                  
     Required Time:=    3949                  
      Launch Clock:-       0                  
         Data Path:-    2118                  
             Slack:=    1832                  

#----------------------------------------------------------------------------------------------------------------------------------
#                      Timing Point                        Flags    Arc   Edge   Cell     Fanout Load Trans Delay Arrival Instance 
#                                                                                                (fF)  (ps)  (ps)   (ps)  Location 
#----------------------------------------------------------------------------------------------------------------------------------
  core_picorv32_is_lui_auipc_jal_jalr_addi_add_sub_reg/CK  -       -      R     (arrival)   3708    -     0     0       0    (-,-) 
  core_picorv32_is_lui_auipc_jal_jalr_addi_add_sub_reg/Q   -       CK->Q  R     DFFQX4        33 56.2   100   106     106    (-,-) 
  core_g139147/Y                                           -       B->Y   R     AND2X1         2  6.1    45    63     169    (-,-) 
  core_picorv32_sub_1235_38_Y_picorv32_add_1235_58_g1023/Y -       A->Y   F     INVX3         32 54.7   140    88     256    (-,-) 
  core_picorv32_sub_1235_38_Y_picorv32_add_1235_58_g991/Y  -       B->Y   F     XNOR2X1        1  3.1    25    64     320    (-,-) 
  core_picorv32_sub_1235_38_Y_picorv32_add_1235_58_g989/CO -       CI->CO F     ADDFX1         1  3.1    28    55     375    (-,-) 
  core_picorv32_sub_1235_38_Y_picorv32_add_1235_58_g988/CO -       CI->CO F     ADDFX1         1  3.1    28    55     430    (-,-) 
  core_picorv32_sub_1235_38_Y_picorv32_add_1235_58_g987/CO -       CI->CO F     ADDFX1         1  3.1    28    55     486    (-,-) 
  core_picorv32_sub_1235_38_Y_picorv32_add_1235_58_g986/CO -       CI->CO F     ADDFX1         1  3.1    28    55     541    (-,-) 
  core_picorv32_sub_1235_38_Y_picorv32_add_1235_58_g985/CO -       CI->CO F     ADDFX1         1  3.1    28    55     596    (-,-) 
  core_picorv32_sub_1235_38_Y_picorv32_add_1235_58_g984/CO -       CI->CO F     ADDFX1         1  3.1    28    55     652    (-,-) 
  core_picorv32_sub_1235_38_Y_picorv32_add_1235_58_g983/CO -       CI->CO F     ADDFX1         1  3.1    28    55     707    (-,-) 
  core_picorv32_sub_1235_38_Y_picorv32_add_1235_58_g982/CO -       CI->CO F     ADDFX1         1  3.1    28    55     762    (-,-) 
  core_picorv32_sub_1235_38_Y_picorv32_add_1235_58_g981/CO -       CI->CO F     ADDFX1         1  3.1    28    55     817    (-,-) 
  core_picorv32_sub_1235_38_Y_picorv32_add_1235_58_g980/CO -       CI->CO F     ADDFX1         1  3.1    28    55     873    (-,-) 
  core_picorv32_sub_1235_38_Y_picorv32_add_1235_58_g979/CO -       CI->CO F     ADDFX1         1  3.1    28    55     928    (-,-) 
  core_picorv32_sub_1235_38_Y_picorv32_add_1235_58_g978/CO -       CI->CO F     ADDFX1         1  3.1    28    55     983    (-,-) 
  core_picorv32_sub_1235_38_Y_picorv32_add_1235_58_g977/CO -       CI->CO F     ADDFX1         1  3.1    28    55    1039    (-,-) 
  core_picorv32_sub_1235_38_Y_picorv32_add_1235_58_g976/CO -       CI->CO F     ADDFX1         1  3.1    28    55    1094    (-,-) 
  core_picorv32_sub_1235_38_Y_picorv32_add_1235_58_g975/CO -       CI->CO F     ADDFX1         1  3.1    28    55    1149    (-,-) 
  core_picorv32_sub_1235_38_Y_picorv32_add_1235_58_g974/CO -       CI->CO F     ADDFX1         1  3.1    28    55    1204    (-,-) 
  core_picorv32_sub_1235_38_Y_picorv32_add_1235_58_g973/CO -       CI->CO F     ADDFX1         1  3.1    28    55    1260    (-,-) 
  core_picorv32_sub_1235_38_Y_picorv32_add_1235_58_g972/CO -       CI->CO F     ADDFX1         1  3.1    28    55    1315    (-,-) 
  core_picorv32_sub_1235_38_Y_picorv32_add_1235_58_g971/CO -       CI->CO F     ADDFX1         1  3.1    28    55    1370    (-,-) 
  core_picorv32_sub_1235_38_Y_picorv32_add_1235_58_g970/CO -       CI->CO F     ADDFX1         1  3.1    28    55    1426    (-,-) 
  core_picorv32_sub_1235_38_Y_picorv32_add_1235_58_g969/CO -       CI->CO F     ADDFX1         1  3.1    28    55    1481    (-,-) 
  core_picorv32_sub_1235_38_Y_picorv32_add_1235_58_g968/CO -       CI->CO F     ADDFX1         1  3.1    28    55    1536    (-,-) 
  core_picorv32_sub_1235_38_Y_picorv32_add_1235_58_g967/CO -       CI->CO F     ADDFX1         1  3.1    28    55    1592    (-,-) 
  core_picorv32_sub_1235_38_Y_picorv32_add_1235_58_g966/CO -       CI->CO F     ADDFX1         1  3.1    28    55    1647    (-,-) 
  core_picorv32_sub_1235_38_Y_picorv32_add_1235_58_g965/CO -       CI->CO F     ADDFX1         1  3.1    28    55    1702    (-,-) 
  core_picorv32_sub_1235_38_Y_picorv32_add_1235_58_g964/CO -       CI->CO F     ADDFX1         1  3.1    28    55    1758    (-,-) 
  core_picorv32_sub_1235_38_Y_picorv32_add_1235_58_g963/CO -       CI->CO F     ADDFX1         1  3.1    28    55    1813    (-,-) 
  core_picorv32_sub_1235_38_Y_picorv32_add_1235_58_g962/CO -       CI->CO F     ADDFX1         1  3.1    28    55    1868    (-,-) 
  core_picorv32_sub_1235_38_Y_picorv32_add_1235_58_g961/CO -       CI->CO F     ADDFX1         1  3.1    28    55    1923    (-,-) 
  core_picorv32_sub_1235_38_Y_picorv32_add_1235_58_g960/CO -       CI->CO F     ADDFX1         1  3.1    28    55    1979    (-,-) 
  core_picorv32_sub_1235_38_Y_picorv32_add_1235_58_g959/S  -       CI->S  R     ADDFX1         1  2.9    26    74    2053    (-,-) 
  core_g249226/Y                                           -       B->Y   F     NAND2X1        1  2.8    48    34    2087    (-,-) 
  core_g247772/Y                                           -       C0->Y  R     OAI211X1       1  2.8    61    30    2118    (-,-) 
  core_picorv32_alu_out_q_reg[30]/D                        -       -      R     DFFHQX1        1    -     -     0    2118    (-,-) 
#----------------------------------------------------------------------------------------------------------------------------------



Path 3: MET (1863 ps) Setup Check with Pin core_picorv32_reg_next_pc_reg[31]/CK->D
          Group: C2C
     Startpoint: (R) core_picorv32_latched_branch_reg/CK
          Clock: (R) myclock
       Endpoint: (F) core_picorv32_reg_next_pc_reg[31]/D
          Clock: (R) myclock

                     Capture       Launch     
        Clock Edge:+    4000            0     
       Src Latency:+       0            0     
       Net Latency:+       0 (I)        0 (I) 
           Arrival:=    4000            0     
                                              
             Setup:-      20                  
       Uncertainty:-      20                  
     Required Time:=    3960                  
      Launch Clock:-       0                  
         Data Path:-    2097                  
             Slack:=    1863                  

#-------------------------------------------------------------------------------------------------------------
#            Timing Point             Flags    Arc   Edge   Cell     Fanout Load Trans Delay Arrival Instance 
#                                                                           (fF)  (ps)  (ps)   (ps)  Location 
#-------------------------------------------------------------------------------------------------------------
  core_picorv32_latched_branch_reg/CK -       -      R     (arrival)   3708    -     0     0       0    (-,-) 
  core_picorv32_latched_branch_reg/Q  -       CK->Q  R     DFFQX4        33 50.6    91   100     100    (-,-) 
  core_g160823/Y                      -       B->Y   F     NAND2X1        4  8.5   119    94     194    (-,-) 
  core_g160538/Y                      -       B0->Y  F     OA21X4        30 42.7    90    94     288    (-,-) 
  core_g159914/Y                      -       B1->Y  F     AO22X1         3  6.5    48    71     359    (-,-) 
  core_picorv32_add_1564_33_g748/CO   -       B->CO  F     ADDFX1         1  3.1    28    61     420    (-,-) 
  core_picorv32_add_1564_33_g747/CO   -       CI->CO F     ADDFX1         1  3.1    28    55     475    (-,-) 
  core_picorv32_add_1564_33_g746/CO   -       CI->CO F     ADDFX1         1  3.1    28    55     531    (-,-) 
  core_picorv32_add_1564_33_g745/CO   -       CI->CO F     ADDFX1         1  3.1    28    56     586    (-,-) 
  core_picorv32_add_1564_33_g744/CO   -       CI->CO F     ADDFX1         1  3.1    28    55     642    (-,-) 
  core_picorv32_add_1564_33_g743/CO   -       CI->CO F     ADDFX1         1  3.1    28    55     697    (-,-) 
  core_picorv32_add_1564_33_g742/CO   -       CI->CO F     ADDFX1         1  3.1    28    55     752    (-,-) 
  core_picorv32_add_1564_33_g741/CO   -       CI->CO F     ADDFX1         1  3.1    28    55     808    (-,-) 
  core_picorv32_add_1564_33_g740/CO   -       CI->CO F     ADDFX1         1  3.1    28    55     863    (-,-) 
  core_picorv32_add_1564_33_g739/CO   -       CI->CO F     ADDFX1         1  3.1    28    55     919    (-,-) 
  core_picorv32_add_1564_33_g738/CO   -       CI->CO F     ADDFX1         1  3.1    28    55     974    (-,-) 
  core_picorv32_add_1564_33_g737/CO   -       CI->CO F     ADDFX1         1  3.1    28    55    1029    (-,-) 
  core_picorv32_add_1564_33_g736/CO   -       CI->CO F     ADDFX1         1  3.1    28    55    1085    (-,-) 
  core_picorv32_add_1564_33_g735/CO   -       CI->CO F     ADDFX1         1  3.1    28    55    1140    (-,-) 
  core_picorv32_add_1564_33_g734/CO   -       CI->CO F     ADDFX1         1  3.1    28    55    1196    (-,-) 
  core_picorv32_add_1564_33_g733/CO   -       CI->CO F     ADDFX1         1  3.1    28    55    1251    (-,-) 
  core_picorv32_add_1564_33_g732/CO   -       CI->CO F     ADDFX1         1  3.1    28    55    1306    (-,-) 
  core_picorv32_add_1564_33_g731/CO   -       CI->CO F     ADDFX1         1  3.1    28    55    1362    (-,-) 
  core_picorv32_add_1564_33_g730/CO   -       CI->CO F     ADDFX1         1  3.1    28    55    1417    (-,-) 
  core_picorv32_add_1564_33_g729/CO   -       CI->CO F     ADDFX1         1  3.1    28    55    1473    (-,-) 
  core_picorv32_add_1564_33_g728/CO   -       CI->CO F     ADDFX1         1  3.1    28    55    1528    (-,-) 
  core_picorv32_add_1564_33_g727/CO   -       CI->CO F     ADDFX1         1  3.1    28    55    1583    (-,-) 
  core_picorv32_add_1564_33_g726/CO   -       CI->CO F     ADDFX1         1  3.1    28    55    1639    (-,-) 
  core_picorv32_add_1564_33_g725/CO   -       CI->CO F     ADDFX1         1  3.1    28    55    1694    (-,-) 
  core_picorv32_add_1564_33_g724/CO   -       CI->CO F     ADDFX1         1  3.1    28    55    1750    (-,-) 
  core_picorv32_add_1564_33_g723/CO   -       CI->CO F     ADDFX1         1  3.1    28    55    1805    (-,-) 
  core_picorv32_add_1564_33_g722/CO   -       CI->CO F     ADDFX1         1  3.1    28    55    1860    (-,-) 
  core_picorv32_add_1564_33_g721/CO   -       CI->CO F     ADDFX1         1  3.1    28    56    1916    (-,-) 
  core_picorv32_add_1564_33_g720/CO   -       CI->CO F     ADDFX1         1  2.9    26    55    1971    (-,-) 
  core_picorv32_add_1564_33_g719/Y    -       B->Y   F     XNOR2X1        1  2.8    23    42    2012    (-,-) 
  core_g246386/Y                      -       B1->Y  R     AOI22X1        1  2.9    63    38    2050    (-,-) 
  core_g244663/Y                      -       B->Y   F     NAND2X1        1  2.8    48    46    2097    (-,-) 
  core_picorv32_reg_next_pc_reg[31]/D -       -      F     DFFHQX1        1    -     -     0    2097    (-,-) 
#-------------------------------------------------------------------------------------------------------------



Path 4: MET (1887 ps) Setup Check with Pin core_picorv32_alu_out_q_reg[29]/CK->D
          Group: C2C
     Startpoint: (R) core_picorv32_is_lui_auipc_jal_jalr_addi_add_sub_reg/CK
          Clock: (R) myclock
       Endpoint: (R) core_picorv32_alu_out_q_reg[29]/D
          Clock: (R) myclock

                     Capture       Launch     
        Clock Edge:+    4000            0     
       Src Latency:+       0            0     
       Net Latency:+       0 (I)        0 (I) 
           Arrival:=    4000            0     
                                              
             Setup:-      31                  
       Uncertainty:-      20                  
     Required Time:=    3949                  
      Launch Clock:-       0                  
         Data Path:-    2062                  
             Slack:=    1887                  

#----------------------------------------------------------------------------------------------------------------------------------
#                      Timing Point                        Flags    Arc   Edge   Cell     Fanout Load Trans Delay Arrival Instance 
#                                                                                                (fF)  (ps)  (ps)   (ps)  Location 
#----------------------------------------------------------------------------------------------------------------------------------
  core_picorv32_is_lui_auipc_jal_jalr_addi_add_sub_reg/CK  -       -      R     (arrival)   3708    -     0     0       0    (-,-) 
  core_picorv32_is_lui_auipc_jal_jalr_addi_add_sub_reg/Q   -       CK->Q  R     DFFQX4        33 56.2   100   106     106    (-,-) 
  core_g139147/Y                                           -       B->Y   R     AND2X1         2  6.1    45    63     169    (-,-) 
  core_picorv32_sub_1235_38_Y_picorv32_add_1235_58_g1023/Y -       A->Y   F     INVX3         32 54.7   140    88     256    (-,-) 
  core_picorv32_sub_1235_38_Y_picorv32_add_1235_58_g991/Y  -       B->Y   F     XNOR2X1        1  3.1    25    64     320    (-,-) 
  core_picorv32_sub_1235_38_Y_picorv32_add_1235_58_g989/CO -       CI->CO F     ADDFX1         1  3.1    28    55     375    (-,-) 
  core_picorv32_sub_1235_38_Y_picorv32_add_1235_58_g988/CO -       CI->CO F     ADDFX1         1  3.1    28    55     430    (-,-) 
  core_picorv32_sub_1235_38_Y_picorv32_add_1235_58_g987/CO -       CI->CO F     ADDFX1         1  3.1    28    55     486    (-,-) 
  core_picorv32_sub_1235_38_Y_picorv32_add_1235_58_g986/CO -       CI->CO F     ADDFX1         1  3.1    28    55     541    (-,-) 
  core_picorv32_sub_1235_38_Y_picorv32_add_1235_58_g985/CO -       CI->CO F     ADDFX1         1  3.1    28    55     596    (-,-) 
  core_picorv32_sub_1235_38_Y_picorv32_add_1235_58_g984/CO -       CI->CO F     ADDFX1         1  3.1    28    55     652    (-,-) 
  core_picorv32_sub_1235_38_Y_picorv32_add_1235_58_g983/CO -       CI->CO F     ADDFX1         1  3.1    28    55     707    (-,-) 
  core_picorv32_sub_1235_38_Y_picorv32_add_1235_58_g982/CO -       CI->CO F     ADDFX1         1  3.1    28    55     762    (-,-) 
  core_picorv32_sub_1235_38_Y_picorv32_add_1235_58_g981/CO -       CI->CO F     ADDFX1         1  3.1    28    55     817    (-,-) 
  core_picorv32_sub_1235_38_Y_picorv32_add_1235_58_g980/CO -       CI->CO F     ADDFX1         1  3.1    28    55     873    (-,-) 
  core_picorv32_sub_1235_38_Y_picorv32_add_1235_58_g979/CO -       CI->CO F     ADDFX1         1  3.1    28    55     928    (-,-) 
  core_picorv32_sub_1235_38_Y_picorv32_add_1235_58_g978/CO -       CI->CO F     ADDFX1         1  3.1    28    55     983    (-,-) 
  core_picorv32_sub_1235_38_Y_picorv32_add_1235_58_g977/CO -       CI->CO F     ADDFX1         1  3.1    28    55    1039    (-,-) 
  core_picorv32_sub_1235_38_Y_picorv32_add_1235_58_g976/CO -       CI->CO F     ADDFX1         1  3.1    28    55    1094    (-,-) 
  core_picorv32_sub_1235_38_Y_picorv32_add_1235_58_g975/CO -       CI->CO F     ADDFX1         1  3.1    28    55    1149    (-,-) 
  core_picorv32_sub_1235_38_Y_picorv32_add_1235_58_g974/CO -       CI->CO F     ADDFX1         1  3.1    28    55    1204    (-,-) 
  core_picorv32_sub_1235_38_Y_picorv32_add_1235_58_g973/CO -       CI->CO F     ADDFX1         1  3.1    28    55    1260    (-,-) 
  core_picorv32_sub_1235_38_Y_picorv32_add_1235_58_g972/CO -       CI->CO F     ADDFX1         1  3.1    28    55    1315    (-,-) 
  core_picorv32_sub_1235_38_Y_picorv32_add_1235_58_g971/CO -       CI->CO F     ADDFX1         1  3.1    28    55    1370    (-,-) 
  core_picorv32_sub_1235_38_Y_picorv32_add_1235_58_g970/CO -       CI->CO F     ADDFX1         1  3.1    28    55    1426    (-,-) 
  core_picorv32_sub_1235_38_Y_picorv32_add_1235_58_g969/CO -       CI->CO F     ADDFX1         1  3.1    28    55    1481    (-,-) 
  core_picorv32_sub_1235_38_Y_picorv32_add_1235_58_g968/CO -       CI->CO F     ADDFX1         1  3.1    28    55    1536    (-,-) 
  core_picorv32_sub_1235_38_Y_picorv32_add_1235_58_g967/CO -       CI->CO F     ADDFX1         1  3.1    28    55    1592    (-,-) 
  core_picorv32_sub_1235_38_Y_picorv32_add_1235_58_g966/CO -       CI->CO F     ADDFX1         1  3.1    28    55    1647    (-,-) 
  core_picorv32_sub_1235_38_Y_picorv32_add_1235_58_g965/CO -       CI->CO F     ADDFX1         1  3.1    28    55    1702    (-,-) 
  core_picorv32_sub_1235_38_Y_picorv32_add_1235_58_g964/CO -       CI->CO F     ADDFX1         1  3.1    28    55    1758    (-,-) 
  core_picorv32_sub_1235_38_Y_picorv32_add_1235_58_g963/CO -       CI->CO F     ADDFX1         1  3.1    28    55    1813    (-,-) 
  core_picorv32_sub_1235_38_Y_picorv32_add_1235_58_g962/CO -       CI->CO F     ADDFX1         1  3.1    28    55    1868    (-,-) 
  core_picorv32_sub_1235_38_Y_picorv32_add_1235_58_g961/CO -       CI->CO F     ADDFX1         1  3.1    28    55    1923    (-,-) 
  core_picorv32_sub_1235_38_Y_picorv32_add_1235_58_g960/S  -       CI->S  R     ADDFX1         1  2.9    26    74    1998    (-,-) 
  core_g249218/Y                                           -       B->Y   F     NAND2X1        1  2.8    48    34    2032    (-,-) 
  core_g247775/Y                                           -       C0->Y  R     OAI211X1       1  2.8    61    30    2062    (-,-) 
  core_picorv32_alu_out_q_reg[29]/D                        -       -      R     DFFHQX1        1    -     -     0    2062    (-,-) 
#----------------------------------------------------------------------------------------------------------------------------------



Path 5: MET (1895 ps) Setup Check with Pin core_picorv32_reg_next_pc_reg[30]/CK->D
          Group: C2C
     Startpoint: (R) core_picorv32_latched_branch_reg/CK
          Clock: (R) myclock
       Endpoint: (R) core_picorv32_reg_next_pc_reg[30]/D
          Clock: (R) myclock

                     Capture       Launch     
        Clock Edge:+    4000            0     
       Src Latency:+       0            0     
       Net Latency:+       0 (I)        0 (I) 
           Arrival:=    4000            0     
                                              
             Setup:-      26                  
       Uncertainty:-      20                  
     Required Time:=    3954                  
      Launch Clock:-       0                  
         Data Path:-    2059                  
             Slack:=    1895                  

#-------------------------------------------------------------------------------------------------------------
#            Timing Point             Flags    Arc   Edge   Cell     Fanout Load Trans Delay Arrival Instance 
#                                                                           (fF)  (ps)  (ps)   (ps)  Location 
#-------------------------------------------------------------------------------------------------------------
  core_picorv32_latched_branch_reg/CK -       -      R     (arrival)   3708    -     0     0       0    (-,-) 
  core_picorv32_latched_branch_reg/Q  -       CK->Q  R     DFFQX4        33 50.6    91   100     100    (-,-) 
  core_g160823/Y                      -       B->Y   F     NAND2X1        4  8.5   119    94     194    (-,-) 
  core_g160538/Y                      -       B0->Y  F     OA21X4        30 42.7    90    94     288    (-,-) 
  core_g159914/Y                      -       B1->Y  F     AO22X1         3  6.5    48    71     359    (-,-) 
  core_picorv32_add_1564_33_g748/CO   -       B->CO  F     ADDFX1         1  3.1    28    61     420    (-,-) 
  core_picorv32_add_1564_33_g747/CO   -       CI->CO F     ADDFX1         1  3.1    28    55     475    (-,-) 
  core_picorv32_add_1564_33_g746/CO   -       CI->CO F     ADDFX1         1  3.1    28    55     531    (-,-) 
  core_picorv32_add_1564_33_g745/CO   -       CI->CO F     ADDFX1         1  3.1    28    56     586    (-,-) 
  core_picorv32_add_1564_33_g744/CO   -       CI->CO F     ADDFX1         1  3.1    28    55     642    (-,-) 
  core_picorv32_add_1564_33_g743/CO   -       CI->CO F     ADDFX1         1  3.1    28    55     697    (-,-) 
  core_picorv32_add_1564_33_g742/CO   -       CI->CO F     ADDFX1         1  3.1    28    55     752    (-,-) 
  core_picorv32_add_1564_33_g741/CO   -       CI->CO F     ADDFX1         1  3.1    28    55     808    (-,-) 
  core_picorv32_add_1564_33_g740/CO   -       CI->CO F     ADDFX1         1  3.1    28    55     863    (-,-) 
  core_picorv32_add_1564_33_g739/CO   -       CI->CO F     ADDFX1         1  3.1    28    55     919    (-,-) 
  core_picorv32_add_1564_33_g738/CO   -       CI->CO F     ADDFX1         1  3.1    28    55     974    (-,-) 
  core_picorv32_add_1564_33_g737/CO   -       CI->CO F     ADDFX1         1  3.1    28    55    1029    (-,-) 
  core_picorv32_add_1564_33_g736/CO   -       CI->CO F     ADDFX1         1  3.1    28    55    1085    (-,-) 
  core_picorv32_add_1564_33_g735/CO   -       CI->CO F     ADDFX1         1  3.1    28    55    1140    (-,-) 
  core_picorv32_add_1564_33_g734/CO   -       CI->CO F     ADDFX1         1  3.1    28    55    1196    (-,-) 
  core_picorv32_add_1564_33_g733/CO   -       CI->CO F     ADDFX1         1  3.1    28    55    1251    (-,-) 
  core_picorv32_add_1564_33_g732/CO   -       CI->CO F     ADDFX1         1  3.1    28    55    1306    (-,-) 
  core_picorv32_add_1564_33_g731/CO   -       CI->CO F     ADDFX1         1  3.1    28    55    1362    (-,-) 
  core_picorv32_add_1564_33_g730/CO   -       CI->CO F     ADDFX1         1  3.1    28    55    1417    (-,-) 
  core_picorv32_add_1564_33_g729/CO   -       CI->CO F     ADDFX1         1  3.1    28    55    1473    (-,-) 
  core_picorv32_add_1564_33_g728/CO   -       CI->CO F     ADDFX1         1  3.1    28    55    1528    (-,-) 
  core_picorv32_add_1564_33_g727/CO   -       CI->CO F     ADDFX1         1  3.1    28    55    1583    (-,-) 
  core_picorv32_add_1564_33_g726/CO   -       CI->CO F     ADDFX1         1  3.1    28    55    1639    (-,-) 
  core_picorv32_add_1564_33_g725/CO   -       CI->CO F     ADDFX1         1  3.1    28    55    1694    (-,-) 
  core_picorv32_add_1564_33_g724/CO   -       CI->CO F     ADDFX1         1  3.1    28    55    1750    (-,-) 
  core_picorv32_add_1564_33_g723/CO   -       CI->CO F     ADDFX1         1  3.1    28    55    1805    (-,-) 
  core_picorv32_add_1564_33_g722/CO   -       CI->CO F     ADDFX1         1  3.1    28    55    1860    (-,-) 
  core_picorv32_add_1564_33_g721/CO   -       CI->CO F     ADDFX1         1  3.1    28    56    1916    (-,-) 
  core_picorv32_add_1564_33_g720/S    -       CI->S  R     ADDFX1         1  2.9    26    74    1990    (-,-) 
  core_g246600/Y                      -       B1->Y  F     AOI22X1        1  2.8    61    35    2026    (-,-) 
  core_g244664/Y                      -       B->Y   R     NAND2X1        1  2.8    34    33    2059    (-,-) 
  core_picorv32_reg_next_pc_reg[30]/D -       -      R     DFFHQX1        1    -     -     0    2059    (-,-) 
#-------------------------------------------------------------------------------------------------------------



Path 6: MET (1942 ps) Setup Check with Pin core_picorv32_alu_out_q_reg[28]/CK->D
          Group: C2C
     Startpoint: (R) core_picorv32_is_lui_auipc_jal_jalr_addi_add_sub_reg/CK
          Clock: (R) myclock
       Endpoint: (R) core_picorv32_alu_out_q_reg[28]/D
          Clock: (R) myclock

                     Capture       Launch     
        Clock Edge:+    4000            0     
       Src Latency:+       0            0     
       Net Latency:+       0 (I)        0 (I) 
           Arrival:=    4000            0     
                                              
             Setup:-      31                  
       Uncertainty:-      20                  
     Required Time:=    3949                  
      Launch Clock:-       0                  
         Data Path:-    2007                  
             Slack:=    1942                  

#----------------------------------------------------------------------------------------------------------------------------------
#                      Timing Point                        Flags    Arc   Edge   Cell     Fanout Load Trans Delay Arrival Instance 
#                                                                                                (fF)  (ps)  (ps)   (ps)  Location 
#----------------------------------------------------------------------------------------------------------------------------------
  core_picorv32_is_lui_auipc_jal_jalr_addi_add_sub_reg/CK  -       -      R     (arrival)   3708    -     0     0       0    (-,-) 
  core_picorv32_is_lui_auipc_jal_jalr_addi_add_sub_reg/Q   -       CK->Q  R     DFFQX4        33 56.2   100   106     106    (-,-) 
  core_g139147/Y                                           -       B->Y   R     AND2X1         2  6.1    45    63     169    (-,-) 
  core_picorv32_sub_1235_38_Y_picorv32_add_1235_58_g1023/Y -       A->Y   F     INVX3         32 54.7   140    88     256    (-,-) 
  core_picorv32_sub_1235_38_Y_picorv32_add_1235_58_g991/Y  -       B->Y   F     XNOR2X1        1  3.1    25    64     320    (-,-) 
  core_picorv32_sub_1235_38_Y_picorv32_add_1235_58_g989/CO -       CI->CO F     ADDFX1         1  3.1    28    55     375    (-,-) 
  core_picorv32_sub_1235_38_Y_picorv32_add_1235_58_g988/CO -       CI->CO F     ADDFX1         1  3.1    28    55     430    (-,-) 
  core_picorv32_sub_1235_38_Y_picorv32_add_1235_58_g987/CO -       CI->CO F     ADDFX1         1  3.1    28    55     486    (-,-) 
  core_picorv32_sub_1235_38_Y_picorv32_add_1235_58_g986/CO -       CI->CO F     ADDFX1         1  3.1    28    55     541    (-,-) 
  core_picorv32_sub_1235_38_Y_picorv32_add_1235_58_g985/CO -       CI->CO F     ADDFX1         1  3.1    28    55     596    (-,-) 
  core_picorv32_sub_1235_38_Y_picorv32_add_1235_58_g984/CO -       CI->CO F     ADDFX1         1  3.1    28    55     652    (-,-) 
  core_picorv32_sub_1235_38_Y_picorv32_add_1235_58_g983/CO -       CI->CO F     ADDFX1         1  3.1    28    55     707    (-,-) 
  core_picorv32_sub_1235_38_Y_picorv32_add_1235_58_g982/CO -       CI->CO F     ADDFX1         1  3.1    28    55     762    (-,-) 
  core_picorv32_sub_1235_38_Y_picorv32_add_1235_58_g981/CO -       CI->CO F     ADDFX1         1  3.1    28    55     817    (-,-) 
  core_picorv32_sub_1235_38_Y_picorv32_add_1235_58_g980/CO -       CI->CO F     ADDFX1         1  3.1    28    55     873    (-,-) 
  core_picorv32_sub_1235_38_Y_picorv32_add_1235_58_g979/CO -       CI->CO F     ADDFX1         1  3.1    28    55     928    (-,-) 
  core_picorv32_sub_1235_38_Y_picorv32_add_1235_58_g978/CO -       CI->CO F     ADDFX1         1  3.1    28    55     983    (-,-) 
  core_picorv32_sub_1235_38_Y_picorv32_add_1235_58_g977/CO -       CI->CO F     ADDFX1         1  3.1    28    55    1039    (-,-) 
  core_picorv32_sub_1235_38_Y_picorv32_add_1235_58_g976/CO -       CI->CO F     ADDFX1         1  3.1    28    55    1094    (-,-) 
  core_picorv32_sub_1235_38_Y_picorv32_add_1235_58_g975/CO -       CI->CO F     ADDFX1         1  3.1    28    55    1149    (-,-) 
  core_picorv32_sub_1235_38_Y_picorv32_add_1235_58_g974/CO -       CI->CO F     ADDFX1         1  3.1    28    55    1204    (-,-) 
  core_picorv32_sub_1235_38_Y_picorv32_add_1235_58_g973/CO -       CI->CO F     ADDFX1         1  3.1    28    55    1260    (-,-) 
  core_picorv32_sub_1235_38_Y_picorv32_add_1235_58_g972/CO -       CI->CO F     ADDFX1         1  3.1    28    55    1315    (-,-) 
  core_picorv32_sub_1235_38_Y_picorv32_add_1235_58_g971/CO -       CI->CO F     ADDFX1         1  3.1    28    55    1370    (-,-) 
  core_picorv32_sub_1235_38_Y_picorv32_add_1235_58_g970/CO -       CI->CO F     ADDFX1         1  3.1    28    55    1426    (-,-) 
  core_picorv32_sub_1235_38_Y_picorv32_add_1235_58_g969/CO -       CI->CO F     ADDFX1         1  3.1    28    55    1481    (-,-) 
  core_picorv32_sub_1235_38_Y_picorv32_add_1235_58_g968/CO -       CI->CO F     ADDFX1         1  3.1    28    55    1536    (-,-) 
  core_picorv32_sub_1235_38_Y_picorv32_add_1235_58_g967/CO -       CI->CO F     ADDFX1         1  3.1    28    55    1592    (-,-) 
  core_picorv32_sub_1235_38_Y_picorv32_add_1235_58_g966/CO -       CI->CO F     ADDFX1         1  3.1    28    55    1647    (-,-) 
  core_picorv32_sub_1235_38_Y_picorv32_add_1235_58_g965/CO -       CI->CO F     ADDFX1         1  3.1    28    55    1702    (-,-) 
  core_picorv32_sub_1235_38_Y_picorv32_add_1235_58_g964/CO -       CI->CO F     ADDFX1         1  3.1    28    55    1758    (-,-) 
  core_picorv32_sub_1235_38_Y_picorv32_add_1235_58_g963/CO -       CI->CO F     ADDFX1         1  3.1    28    55    1813    (-,-) 
  core_picorv32_sub_1235_38_Y_picorv32_add_1235_58_g962/CO -       CI->CO F     ADDFX1         1  3.1    28    55    1868    (-,-) 
  core_picorv32_sub_1235_38_Y_picorv32_add_1235_58_g961/S  -       CI->S  R     ADDFX1         1  2.9    26    74    1942    (-,-) 
  core_g249212/Y                                           -       B->Y   F     NAND2X1        1  2.8    48    34    1977    (-,-) 
  core_g247778/Y                                           -       C0->Y  R     OAI211X1       1  2.8    61    30    2007    (-,-) 
  core_picorv32_alu_out_q_reg[28]/D                        -       -      R     DFFHQX1        1    -     -     0    2007    (-,-) 
#----------------------------------------------------------------------------------------------------------------------------------



Path 7: MET (1946 ps) Setup Check with Pin core_picorv32_reg_next_pc_reg[28]/CK->D
          Group: C2C
     Startpoint: (R) core_picorv32_latched_branch_reg/CK
          Clock: (R) myclock
       Endpoint: (F) core_picorv32_reg_next_pc_reg[28]/D
          Clock: (R) myclock

                     Capture       Launch     
        Clock Edge:+    4000            0     
       Src Latency:+       0            0     
       Net Latency:+       0 (I)        0 (I) 
           Arrival:=    4000            0     
                                              
             Setup:-      34                  
       Uncertainty:-      20                  
     Required Time:=    3946                  
      Launch Clock:-       0                  
         Data Path:-    2000                  
             Slack:=    1946                  

#-------------------------------------------------------------------------------------------------------------
#            Timing Point             Flags    Arc   Edge   Cell     Fanout Load Trans Delay Arrival Instance 
#                                                                           (fF)  (ps)  (ps)   (ps)  Location 
#-------------------------------------------------------------------------------------------------------------
  core_picorv32_latched_branch_reg/CK -       -      R     (arrival)   3708    -     0     0       0    (-,-) 
  core_picorv32_latched_branch_reg/Q  -       CK->Q  R     DFFQX4        33 50.6    91   100     100    (-,-) 
  core_g160823/Y                      -       B->Y   F     NAND2X1        4  8.5   119    94     194    (-,-) 
  core_g160538/Y                      -       B0->Y  F     OA21X4        30 42.7    90    94     288    (-,-) 
  core_g159914/Y                      -       B1->Y  F     AO22X1         3  6.5    48    71     359    (-,-) 
  core_picorv32_add_1564_33_g748/CO   -       B->CO  F     ADDFX1         1  3.1    28    61     420    (-,-) 
  core_picorv32_add_1564_33_g747/CO   -       CI->CO F     ADDFX1         1  3.1    28    55     475    (-,-) 
  core_picorv32_add_1564_33_g746/CO   -       CI->CO F     ADDFX1         1  3.1    28    55     531    (-,-) 
  core_picorv32_add_1564_33_g745/CO   -       CI->CO F     ADDFX1         1  3.1    28    56     586    (-,-) 
  core_picorv32_add_1564_33_g744/CO   -       CI->CO F     ADDFX1         1  3.1    28    55     642    (-,-) 
  core_picorv32_add_1564_33_g743/CO   -       CI->CO F     ADDFX1         1  3.1    28    55     697    (-,-) 
  core_picorv32_add_1564_33_g742/CO   -       CI->CO F     ADDFX1         1  3.1    28    55     752    (-,-) 
  core_picorv32_add_1564_33_g741/CO   -       CI->CO F     ADDFX1         1  3.1    28    55     808    (-,-) 
  core_picorv32_add_1564_33_g740/CO   -       CI->CO F     ADDFX1         1  3.1    28    55     863    (-,-) 
  core_picorv32_add_1564_33_g739/CO   -       CI->CO F     ADDFX1         1  3.1    28    55     919    (-,-) 
  core_picorv32_add_1564_33_g738/CO   -       CI->CO F     ADDFX1         1  3.1    28    55     974    (-,-) 
  core_picorv32_add_1564_33_g737/CO   -       CI->CO F     ADDFX1         1  3.1    28    55    1029    (-,-) 
  core_picorv32_add_1564_33_g736/CO   -       CI->CO F     ADDFX1         1  3.1    28    55    1085    (-,-) 
  core_picorv32_add_1564_33_g735/CO   -       CI->CO F     ADDFX1         1  3.1    28    55    1140    (-,-) 
  core_picorv32_add_1564_33_g734/CO   -       CI->CO F     ADDFX1         1  3.1    28    55    1196    (-,-) 
  core_picorv32_add_1564_33_g733/CO   -       CI->CO F     ADDFX1         1  3.1    28    55    1251    (-,-) 
  core_picorv32_add_1564_33_g732/CO   -       CI->CO F     ADDFX1         1  3.1    28    55    1306    (-,-) 
  core_picorv32_add_1564_33_g731/CO   -       CI->CO F     ADDFX1         1  3.1    28    55    1362    (-,-) 
  core_picorv32_add_1564_33_g730/CO   -       CI->CO F     ADDFX1         1  3.1    28    55    1417    (-,-) 
  core_picorv32_add_1564_33_g729/CO   -       CI->CO F     ADDFX1         1  3.1    28    55    1473    (-,-) 
  core_picorv32_add_1564_33_g728/CO   -       CI->CO F     ADDFX1         1  3.1    28    55    1528    (-,-) 
  core_picorv32_add_1564_33_g727/CO   -       CI->CO F     ADDFX1         1  3.1    28    55    1583    (-,-) 
  core_picorv32_add_1564_33_g726/CO   -       CI->CO F     ADDFX1         1  3.1    28    55    1639    (-,-) 
  core_picorv32_add_1564_33_g725/CO   -       CI->CO F     ADDFX1         1  3.1    28    55    1694    (-,-) 
  core_picorv32_add_1564_33_g724/CO   -       CI->CO F     ADDFX1         1  3.1    28    55    1750    (-,-) 
  core_picorv32_add_1564_33_g723/CO   -       CI->CO F     ADDFX1         1  3.1    28    55    1805    (-,-) 
  core_picorv32_add_1564_33_g722/S    -       CI->S  F     ADDFX1         1  2.8    26    62    1868    (-,-) 
  core_g246568/Y                      -       B1->Y  R     AOI22X1        1  2.7    61    38    1906    (-,-) 
  core_g244337/Y                      -       D->Y   F     NAND4XL        1  2.8   129    94    2000    (-,-) 
  core_picorv32_reg_next_pc_reg[28]/D -       -      F     DFFHQX1        1    -     -     0    2000    (-,-) 
#-------------------------------------------------------------------------------------------------------------



Path 8: MET (1951 ps) Setup Check with Pin core_picorv32_reg_next_pc_reg[29]/CK->D
          Group: C2C
     Startpoint: (R) core_picorv32_latched_branch_reg/CK
          Clock: (R) myclock
       Endpoint: (R) core_picorv32_reg_next_pc_reg[29]/D
          Clock: (R) myclock

                     Capture       Launch     
        Clock Edge:+    4000            0     
       Src Latency:+       0            0     
       Net Latency:+       0 (I)        0 (I) 
           Arrival:=    4000            0     
                                              
             Setup:-      26                  
       Uncertainty:-      20                  
     Required Time:=    3954                  
      Launch Clock:-       0                  
         Data Path:-    2004                  
             Slack:=    1951                  

#-------------------------------------------------------------------------------------------------------------
#            Timing Point             Flags    Arc   Edge   Cell     Fanout Load Trans Delay Arrival Instance 
#                                                                           (fF)  (ps)  (ps)   (ps)  Location 
#-------------------------------------------------------------------------------------------------------------
  core_picorv32_latched_branch_reg/CK -       -      R     (arrival)   3708    -     0     0       0    (-,-) 
  core_picorv32_latched_branch_reg/Q  -       CK->Q  R     DFFQX4        33 50.6    91   100     100    (-,-) 
  core_g160823/Y                      -       B->Y   F     NAND2X1        4  8.5   119    94     194    (-,-) 
  core_g160538/Y                      -       B0->Y  F     OA21X4        30 42.7    90    94     288    (-,-) 
  core_g159914/Y                      -       B1->Y  F     AO22X1         3  6.5    48    71     359    (-,-) 
  core_picorv32_add_1564_33_g748/CO   -       B->CO  F     ADDFX1         1  3.1    28    61     420    (-,-) 
  core_picorv32_add_1564_33_g747/CO   -       CI->CO F     ADDFX1         1  3.1    28    55     475    (-,-) 
  core_picorv32_add_1564_33_g746/CO   -       CI->CO F     ADDFX1         1  3.1    28    55     531    (-,-) 
  core_picorv32_add_1564_33_g745/CO   -       CI->CO F     ADDFX1         1  3.1    28    56     586    (-,-) 
  core_picorv32_add_1564_33_g744/CO   -       CI->CO F     ADDFX1         1  3.1    28    55     642    (-,-) 
  core_picorv32_add_1564_33_g743/CO   -       CI->CO F     ADDFX1         1  3.1    28    55     697    (-,-) 
  core_picorv32_add_1564_33_g742/CO   -       CI->CO F     ADDFX1         1  3.1    28    55     752    (-,-) 
  core_picorv32_add_1564_33_g741/CO   -       CI->CO F     ADDFX1         1  3.1    28    55     808    (-,-) 
  core_picorv32_add_1564_33_g740/CO   -       CI->CO F     ADDFX1         1  3.1    28    55     863    (-,-) 
  core_picorv32_add_1564_33_g739/CO   -       CI->CO F     ADDFX1         1  3.1    28    55     919    (-,-) 
  core_picorv32_add_1564_33_g738/CO   -       CI->CO F     ADDFX1         1  3.1    28    55     974    (-,-) 
  core_picorv32_add_1564_33_g737/CO   -       CI->CO F     ADDFX1         1  3.1    28    55    1029    (-,-) 
  core_picorv32_add_1564_33_g736/CO   -       CI->CO F     ADDFX1         1  3.1    28    55    1085    (-,-) 
  core_picorv32_add_1564_33_g735/CO   -       CI->CO F     ADDFX1         1  3.1    28    55    1140    (-,-) 
  core_picorv32_add_1564_33_g734/CO   -       CI->CO F     ADDFX1         1  3.1    28    55    1196    (-,-) 
  core_picorv32_add_1564_33_g733/CO   -       CI->CO F     ADDFX1         1  3.1    28    55    1251    (-,-) 
  core_picorv32_add_1564_33_g732/CO   -       CI->CO F     ADDFX1         1  3.1    28    55    1306    (-,-) 
  core_picorv32_add_1564_33_g731/CO   -       CI->CO F     ADDFX1         1  3.1    28    55    1362    (-,-) 
  core_picorv32_add_1564_33_g730/CO   -       CI->CO F     ADDFX1         1  3.1    28    55    1417    (-,-) 
  core_picorv32_add_1564_33_g729/CO   -       CI->CO F     ADDFX1         1  3.1    28    55    1473    (-,-) 
  core_picorv32_add_1564_33_g728/CO   -       CI->CO F     ADDFX1         1  3.1    28    55    1528    (-,-) 
  core_picorv32_add_1564_33_g727/CO   -       CI->CO F     ADDFX1         1  3.1    28    55    1583    (-,-) 
  core_picorv32_add_1564_33_g726/CO   -       CI->CO F     ADDFX1         1  3.1    28    55    1639    (-,-) 
  core_picorv32_add_1564_33_g725/CO   -       CI->CO F     ADDFX1         1  3.1    28    55    1694    (-,-) 
  core_picorv32_add_1564_33_g724/CO   -       CI->CO F     ADDFX1         1  3.1    28    55    1750    (-,-) 
  core_picorv32_add_1564_33_g723/CO   -       CI->CO F     ADDFX1         1  3.1    28    55    1805    (-,-) 
  core_picorv32_add_1564_33_g722/CO   -       CI->CO F     ADDFX1         1  3.1    28    55    1860    (-,-) 
  core_picorv32_add_1564_33_g721/S    -       CI->S  R     ADDFX1         1  2.9    26    74    1935    (-,-) 
  core_g246387/Y                      -       B1->Y  F     AOI22X1        1  2.8    61    35    1970    (-,-) 
  core_g244665/Y                      -       B->Y   R     NAND2X1        1  2.8    34    33    2004    (-,-) 
  core_picorv32_reg_next_pc_reg[29]/D -       -      R     DFFHQX1        1    -     -     0    2004    (-,-) 
#-------------------------------------------------------------------------------------------------------------



Path 9: MET (1966 ps) Setup Check with Pin core_picorv32_alu_out_q_reg[27]/CK->D
          Group: C2C
     Startpoint: (R) core_picorv32_is_lui_auipc_jal_jalr_addi_add_sub_reg/CK
          Clock: (R) myclock
       Endpoint: (F) core_picorv32_alu_out_q_reg[27]/D
          Clock: (R) myclock

                     Capture       Launch     
        Clock Edge:+    4000            0     
       Src Latency:+       0            0     
       Net Latency:+       0 (I)        0 (I) 
           Arrival:=    4000            0     
                                              
             Setup:-      26                  
       Uncertainty:-      20                  
     Required Time:=    3954                  
      Launch Clock:-       0                  
         Data Path:-    1989                  
             Slack:=    1966                  

#----------------------------------------------------------------------------------------------------------------------------------
#                      Timing Point                        Flags    Arc   Edge   Cell     Fanout Load Trans Delay Arrival Instance 
#                                                                                                (fF)  (ps)  (ps)   (ps)  Location 
#----------------------------------------------------------------------------------------------------------------------------------
  core_picorv32_is_lui_auipc_jal_jalr_addi_add_sub_reg/CK  -       -      R     (arrival)   3708    -     0     0       0    (-,-) 
  core_picorv32_is_lui_auipc_jal_jalr_addi_add_sub_reg/Q   -       CK->Q  R     DFFQX4        33 56.2   100   106     106    (-,-) 
  core_g139147/Y                                           -       B->Y   R     AND2X1         2  6.1    45    63     169    (-,-) 
  core_picorv32_sub_1235_38_Y_picorv32_add_1235_58_g1023/Y -       A->Y   F     INVX3         32 54.7   140    88     256    (-,-) 
  core_picorv32_sub_1235_38_Y_picorv32_add_1235_58_g991/Y  -       B->Y   F     XNOR2X1        1  3.1    25    64     320    (-,-) 
  core_picorv32_sub_1235_38_Y_picorv32_add_1235_58_g989/CO -       CI->CO F     ADDFX1         1  3.1    28    55     375    (-,-) 
  core_picorv32_sub_1235_38_Y_picorv32_add_1235_58_g988/CO -       CI->CO F     ADDFX1         1  3.1    28    55     430    (-,-) 
  core_picorv32_sub_1235_38_Y_picorv32_add_1235_58_g987/CO -       CI->CO F     ADDFX1         1  3.1    28    55     486    (-,-) 
  core_picorv32_sub_1235_38_Y_picorv32_add_1235_58_g986/CO -       CI->CO F     ADDFX1         1  3.1    28    55     541    (-,-) 
  core_picorv32_sub_1235_38_Y_picorv32_add_1235_58_g985/CO -       CI->CO F     ADDFX1         1  3.1    28    55     596    (-,-) 
  core_picorv32_sub_1235_38_Y_picorv32_add_1235_58_g984/CO -       CI->CO F     ADDFX1         1  3.1    28    55     652    (-,-) 
  core_picorv32_sub_1235_38_Y_picorv32_add_1235_58_g983/CO -       CI->CO F     ADDFX1         1  3.1    28    55     707    (-,-) 
  core_picorv32_sub_1235_38_Y_picorv32_add_1235_58_g982/CO -       CI->CO F     ADDFX1         1  3.1    28    55     762    (-,-) 
  core_picorv32_sub_1235_38_Y_picorv32_add_1235_58_g981/CO -       CI->CO F     ADDFX1         1  3.1    28    55     817    (-,-) 
  core_picorv32_sub_1235_38_Y_picorv32_add_1235_58_g980/CO -       CI->CO F     ADDFX1         1  3.1    28    55     873    (-,-) 
  core_picorv32_sub_1235_38_Y_picorv32_add_1235_58_g979/CO -       CI->CO F     ADDFX1         1  3.1    28    55     928    (-,-) 
  core_picorv32_sub_1235_38_Y_picorv32_add_1235_58_g978/CO -       CI->CO F     ADDFX1         1  3.1    28    55     983    (-,-) 
  core_picorv32_sub_1235_38_Y_picorv32_add_1235_58_g977/CO -       CI->CO F     ADDFX1         1  3.1    28    55    1039    (-,-) 
  core_picorv32_sub_1235_38_Y_picorv32_add_1235_58_g976/CO -       CI->CO F     ADDFX1         1  3.1    28    55    1094    (-,-) 
  core_picorv32_sub_1235_38_Y_picorv32_add_1235_58_g975/CO -       CI->CO F     ADDFX1         1  3.1    28    55    1149    (-,-) 
  core_picorv32_sub_1235_38_Y_picorv32_add_1235_58_g974/CO -       CI->CO F     ADDFX1         1  3.1    28    55    1204    (-,-) 
  core_picorv32_sub_1235_38_Y_picorv32_add_1235_58_g973/CO -       CI->CO F     ADDFX1         1  3.1    28    55    1260    (-,-) 
  core_picorv32_sub_1235_38_Y_picorv32_add_1235_58_g972/CO -       CI->CO F     ADDFX1         1  3.1    28    55    1315    (-,-) 
  core_picorv32_sub_1235_38_Y_picorv32_add_1235_58_g971/CO -       CI->CO F     ADDFX1         1  3.1    28    55    1370    (-,-) 
  core_picorv32_sub_1235_38_Y_picorv32_add_1235_58_g970/CO -       CI->CO F     ADDFX1         1  3.1    28    55    1426    (-,-) 
  core_picorv32_sub_1235_38_Y_picorv32_add_1235_58_g969/CO -       CI->CO F     ADDFX1         1  3.1    28    55    1481    (-,-) 
  core_picorv32_sub_1235_38_Y_picorv32_add_1235_58_g968/CO -       CI->CO F     ADDFX1         1  3.1    28    55    1536    (-,-) 
  core_picorv32_sub_1235_38_Y_picorv32_add_1235_58_g967/CO -       CI->CO F     ADDFX1         1  3.1    28    55    1592    (-,-) 
  core_picorv32_sub_1235_38_Y_picorv32_add_1235_58_g966/CO -       CI->CO F     ADDFX1         1  3.1    28    55    1647    (-,-) 
  core_picorv32_sub_1235_38_Y_picorv32_add_1235_58_g965/CO -       CI->CO F     ADDFX1         1  3.1    28    55    1702    (-,-) 
  core_picorv32_sub_1235_38_Y_picorv32_add_1235_58_g964/CO -       CI->CO F     ADDFX1         1  3.1    28    55    1758    (-,-) 
  core_picorv32_sub_1235_38_Y_picorv32_add_1235_58_g963/CO -       CI->CO F     ADDFX1         1  3.1    28    55    1813    (-,-) 
  core_picorv32_sub_1235_38_Y_picorv32_add_1235_58_g962/S  -       CI->S  F     ADDFX1         1  2.8    26    62    1875    (-,-) 
  core_g160222/Y                                           -       B1->Y  R     AOI32X1        1  2.9    66    42    1917    (-,-) 
  core_g160048/Y                                           -       C0->Y  F     OAI221X1       1  2.7    78    72    1989    (-,-) 
  core_picorv32_alu_out_q_reg[27]/D                        -       -      F     DFFQXL         1    -     -     0    1989    (-,-) 
#----------------------------------------------------------------------------------------------------------------------------------



Path 10: MET (2021 ps) Setup Check with Pin core_picorv32_alu_out_q_reg[26]/CK->D
          Group: C2C
     Startpoint: (R) core_picorv32_is_lui_auipc_jal_jalr_addi_add_sub_reg/CK
          Clock: (R) myclock
       Endpoint: (F) core_picorv32_alu_out_q_reg[26]/D
          Clock: (R) myclock

                     Capture       Launch     
        Clock Edge:+    4000            0     
       Src Latency:+       0            0     
       Net Latency:+       0 (I)        0 (I) 
           Arrival:=    4000            0     
                                              
             Setup:-      26                  
       Uncertainty:-      20                  
     Required Time:=    3954                  
      Launch Clock:-       0                  
         Data Path:-    1934                  
             Slack:=    2021                  

#----------------------------------------------------------------------------------------------------------------------------------
#                      Timing Point                        Flags    Arc   Edge   Cell     Fanout Load Trans Delay Arrival Instance 
#                                                                                                (fF)  (ps)  (ps)   (ps)  Location 
#----------------------------------------------------------------------------------------------------------------------------------
  core_picorv32_is_lui_auipc_jal_jalr_addi_add_sub_reg/CK  -       -      R     (arrival)   3708    -     0     0       0    (-,-) 
  core_picorv32_is_lui_auipc_jal_jalr_addi_add_sub_reg/Q   -       CK->Q  R     DFFQX4        33 56.2   100   106     106    (-,-) 
  core_g139147/Y                                           -       B->Y   R     AND2X1         2  6.1    45    63     169    (-,-) 
  core_picorv32_sub_1235_38_Y_picorv32_add_1235_58_g1023/Y -       A->Y   F     INVX3         32 54.7   140    88     256    (-,-) 
  core_picorv32_sub_1235_38_Y_picorv32_add_1235_58_g991/Y  -       B->Y   F     XNOR2X1        1  3.1    25    64     320    (-,-) 
  core_picorv32_sub_1235_38_Y_picorv32_add_1235_58_g989/CO -       CI->CO F     ADDFX1         1  3.1    28    55     375    (-,-) 
  core_picorv32_sub_1235_38_Y_picorv32_add_1235_58_g988/CO -       CI->CO F     ADDFX1         1  3.1    28    55     430    (-,-) 
  core_picorv32_sub_1235_38_Y_picorv32_add_1235_58_g987/CO -       CI->CO F     ADDFX1         1  3.1    28    55     486    (-,-) 
  core_picorv32_sub_1235_38_Y_picorv32_add_1235_58_g986/CO -       CI->CO F     ADDFX1         1  3.1    28    55     541    (-,-) 
  core_picorv32_sub_1235_38_Y_picorv32_add_1235_58_g985/CO -       CI->CO F     ADDFX1         1  3.1    28    55     596    (-,-) 
  core_picorv32_sub_1235_38_Y_picorv32_add_1235_58_g984/CO -       CI->CO F     ADDFX1         1  3.1    28    55     652    (-,-) 
  core_picorv32_sub_1235_38_Y_picorv32_add_1235_58_g983/CO -       CI->CO F     ADDFX1         1  3.1    28    55     707    (-,-) 
  core_picorv32_sub_1235_38_Y_picorv32_add_1235_58_g982/CO -       CI->CO F     ADDFX1         1  3.1    28    55     762    (-,-) 
  core_picorv32_sub_1235_38_Y_picorv32_add_1235_58_g981/CO -       CI->CO F     ADDFX1         1  3.1    28    55     817    (-,-) 
  core_picorv32_sub_1235_38_Y_picorv32_add_1235_58_g980/CO -       CI->CO F     ADDFX1         1  3.1    28    55     873    (-,-) 
  core_picorv32_sub_1235_38_Y_picorv32_add_1235_58_g979/CO -       CI->CO F     ADDFX1         1  3.1    28    55     928    (-,-) 
  core_picorv32_sub_1235_38_Y_picorv32_add_1235_58_g978/CO -       CI->CO F     ADDFX1         1  3.1    28    55     983    (-,-) 
  core_picorv32_sub_1235_38_Y_picorv32_add_1235_58_g977/CO -       CI->CO F     ADDFX1         1  3.1    28    55    1039    (-,-) 
  core_picorv32_sub_1235_38_Y_picorv32_add_1235_58_g976/CO -       CI->CO F     ADDFX1         1  3.1    28    55    1094    (-,-) 
  core_picorv32_sub_1235_38_Y_picorv32_add_1235_58_g975/CO -       CI->CO F     ADDFX1         1  3.1    28    55    1149    (-,-) 
  core_picorv32_sub_1235_38_Y_picorv32_add_1235_58_g974/CO -       CI->CO F     ADDFX1         1  3.1    28    55    1204    (-,-) 
  core_picorv32_sub_1235_38_Y_picorv32_add_1235_58_g973/CO -       CI->CO F     ADDFX1         1  3.1    28    55    1260    (-,-) 
  core_picorv32_sub_1235_38_Y_picorv32_add_1235_58_g972/CO -       CI->CO F     ADDFX1         1  3.1    28    55    1315    (-,-) 
  core_picorv32_sub_1235_38_Y_picorv32_add_1235_58_g971/CO -       CI->CO F     ADDFX1         1  3.1    28    55    1370    (-,-) 
  core_picorv32_sub_1235_38_Y_picorv32_add_1235_58_g970/CO -       CI->CO F     ADDFX1         1  3.1    28    55    1426    (-,-) 
  core_picorv32_sub_1235_38_Y_picorv32_add_1235_58_g969/CO -       CI->CO F     ADDFX1         1  3.1    28    55    1481    (-,-) 
  core_picorv32_sub_1235_38_Y_picorv32_add_1235_58_g968/CO -       CI->CO F     ADDFX1         1  3.1    28    55    1536    (-,-) 
  core_picorv32_sub_1235_38_Y_picorv32_add_1235_58_g967/CO -       CI->CO F     ADDFX1         1  3.1    28    55    1592    (-,-) 
  core_picorv32_sub_1235_38_Y_picorv32_add_1235_58_g966/CO -       CI->CO F     ADDFX1         1  3.1    28    55    1647    (-,-) 
  core_picorv32_sub_1235_38_Y_picorv32_add_1235_58_g965/CO -       CI->CO F     ADDFX1         1  3.1    28    55    1702    (-,-) 
  core_picorv32_sub_1235_38_Y_picorv32_add_1235_58_g964/CO -       CI->CO F     ADDFX1         1  3.1    28    55    1758    (-,-) 
  core_picorv32_sub_1235_38_Y_picorv32_add_1235_58_g963/S  -       CI->S  F     ADDFX1         1  2.8    26    62    1820    (-,-) 
  core_g160223/Y                                           -       B1->Y  R     AOI32X1        1  2.9    66    42    1862    (-,-) 
  core_g160047/Y                                           -       C0->Y  F     OAI221X1       1  2.7    78    72    1934    (-,-) 
  core_picorv32_alu_out_q_reg[26]/D                        -       -      F     DFFQXL         1    -     -     0    1934    (-,-) 
#----------------------------------------------------------------------------------------------------------------------------------



Path 11: MET (2024 ps) Setup Check with Pin core_picorv32_reg_op1_reg[31]/CK->D
          Group: C2C
     Startpoint: (R) core_picorv32_reg_op1_reg[0]/CK
          Clock: (R) myclock
       Endpoint: (F) core_picorv32_reg_op1_reg[31]/D
          Clock: (R) myclock

                     Capture       Launch     
        Clock Edge:+    4000            0     
       Src Latency:+       0            0     
       Net Latency:+       0 (I)        0 (I) 
           Arrival:=    4000            0     
                                              
             Setup:-      20                  
       Uncertainty:-      20                  
     Required Time:=    3960                  
      Launch Clock:-       0                  
         Data Path:-    1936                  
             Slack:=    2024                  

#-----------------------------------------------------------------------------------------------------------
#           Timing Point            Flags    Arc   Edge   Cell     Fanout Load Trans Delay Arrival Instance 
#                                                                         (fF)  (ps)  (ps)   (ps)  Location 
#-----------------------------------------------------------------------------------------------------------
  core_picorv32_reg_op1_reg[0]/CK   -       -      R     (arrival)   3708    -     0     0       0    (-,-) 
  core_picorv32_reg_op1_reg[0]/Q    -       CK->Q  F     DFFHQX1        9 16.4   109   106     106    (-,-) 
  core_picorv32_add_1864_26_g781/CO -       B->CO  F     ADDHX1         1  3.1    24    43     149    (-,-) 
  core_picorv32_add_1864_26_g780/CO -       CI->CO F     ADDFX1         1  3.1    28    54     204    (-,-) 
  core_picorv32_add_1864_26_g779/CO -       CI->CO F     ADDFX1         1  3.1    28    55     259    (-,-) 
  core_picorv32_add_1864_26_g778/CO -       CI->CO F     ADDFX1         1  3.1    28    55     314    (-,-) 
  core_picorv32_add_1864_26_g777/CO -       CI->CO F     ADDFX1         1  3.1    28    55     370    (-,-) 
  core_picorv32_add_1864_26_g776/CO -       CI->CO F     ADDFX1         1  3.1    28    55     425    (-,-) 
  core_picorv32_add_1864_26_g775/CO -       CI->CO F     ADDFX1         1  3.1    28    55     481    (-,-) 
  core_picorv32_add_1864_26_g774/CO -       CI->CO F     ADDFX1         1  3.1    28    55     536    (-,-) 
  core_picorv32_add_1864_26_g773/CO -       CI->CO F     ADDFX1         1  3.1    28    55     591    (-,-) 
  core_picorv32_add_1864_26_g772/CO -       CI->CO F     ADDFX1         1  3.1    28    55     647    (-,-) 
  core_picorv32_add_1864_26_g771/CO -       CI->CO F     ADDFX1         1  3.1    28    55     702    (-,-) 
  core_picorv32_add_1864_26_g770/CO -       CI->CO F     ADDFX1         1  3.1    28    55     758    (-,-) 
  core_picorv32_add_1864_26_g769/CO -       CI->CO F     ADDFX1         1  3.1    28    55     813    (-,-) 
  core_picorv32_add_1864_26_g768/CO -       CI->CO F     ADDFX1         1  3.1    28    55     868    (-,-) 
  core_picorv32_add_1864_26_g767/CO -       CI->CO F     ADDFX1         1  3.1    28    55     924    (-,-) 
  core_picorv32_add_1864_26_g766/CO -       CI->CO F     ADDFX1         1  3.1    28    55     979    (-,-) 
  core_picorv32_add_1864_26_g765/CO -       CI->CO F     ADDFX1         1  3.1    28    55    1035    (-,-) 
  core_picorv32_add_1864_26_g764/CO -       CI->CO F     ADDFX1         1  3.1    28    55    1090    (-,-) 
  core_picorv32_add_1864_26_g763/CO -       CI->CO F     ADDFX1         1  3.1    28    55    1145    (-,-) 
  core_picorv32_add_1864_26_g762/CO -       CI->CO F     ADDFX1         1  3.1    28    55    1201    (-,-) 
  core_picorv32_add_1864_26_g761/CO -       CI->CO F     ADDFX1         1  3.1    28    55    1256    (-,-) 
  core_picorv32_add_1864_26_g760/CO -       CI->CO F     ADDFX1         1  3.1    28    55    1312    (-,-) 
  core_picorv32_add_1864_26_g759/CO -       CI->CO F     ADDFX1         1  3.1    28    55    1367    (-,-) 
  core_picorv32_add_1864_26_g758/CO -       CI->CO F     ADDFX1         1  3.1    28    55    1422    (-,-) 
  core_picorv32_add_1864_26_g757/CO -       CI->CO F     ADDFX1         1  3.1    28    55    1478    (-,-) 
  core_picorv32_add_1864_26_g756/CO -       CI->CO F     ADDFX1         1  3.1    28    55    1533    (-,-) 
  core_picorv32_add_1864_26_g755/CO -       CI->CO F     ADDFX1         1  3.1    28    55    1589    (-,-) 
  core_picorv32_add_1864_26_g754/CO -       CI->CO F     ADDFX1         1  3.1    28    55    1644    (-,-) 
  core_picorv32_add_1864_26_g753/CO -       CI->CO F     ADDFX1         1  3.1    29    55    1699    (-,-) 
  core_picorv32_add_1864_26_g752/CO -       CI->CO F     ADDFX1         1  3.1    28    56    1755    (-,-) 
  core_picorv32_add_1864_26_g751/CO -       CI->CO F     ADDFX1         1  2.9    27    55    1810    (-,-) 
  core_picorv32_add_1864_26_g750/Y  -       B->Y   F     XNOR2X1        1  2.8    23    42    1852    (-,-) 
  core_g242539/Y                    -       B1->Y  R     AOI22X1        1  2.9    62    38    1890    (-,-) 
  core_g241988/Y                    -       B->Y   F     NAND2X1        1  2.8    48    46    1936    (-,-) 
  core_picorv32_reg_op1_reg[31]/D   -       -      F     DFFHQX1        1    -     -     0    1936    (-,-) 
#-----------------------------------------------------------------------------------------------------------



Path 12: MET (2027 ps) Setup Check with Pin core_picorv32_reg_op1_reg[30]/CK->D
          Group: C2C
     Startpoint: (R) core_picorv32_reg_op1_reg[0]/CK
          Clock: (R) myclock
       Endpoint: (F) core_picorv32_reg_op1_reg[30]/D
          Clock: (R) myclock

                     Capture       Launch     
        Clock Edge:+    4000            0     
       Src Latency:+       0            0     
       Net Latency:+       0 (I)        0 (I) 
           Arrival:=    4000            0     
                                              
             Setup:-      25                  
       Uncertainty:-      20                  
     Required Time:=    3955                  
      Launch Clock:-       0                  
         Data Path:-    1928                  
             Slack:=    2027                  

#-----------------------------------------------------------------------------------------------------------
#           Timing Point            Flags    Arc   Edge   Cell     Fanout Load Trans Delay Arrival Instance 
#                                                                         (fF)  (ps)  (ps)   (ps)  Location 
#-----------------------------------------------------------------------------------------------------------
  core_picorv32_reg_op1_reg[0]/CK   -       -      R     (arrival)   3708    -     0     0       0    (-,-) 
  core_picorv32_reg_op1_reg[0]/Q    -       CK->Q  F     DFFHQX1        9 16.4   109   106     106    (-,-) 
  core_picorv32_add_1864_26_g781/CO -       B->CO  F     ADDHX1         1  3.1    24    43     149    (-,-) 
  core_picorv32_add_1864_26_g780/CO -       CI->CO F     ADDFX1         1  3.1    28    54     204    (-,-) 
  core_picorv32_add_1864_26_g779/CO -       CI->CO F     ADDFX1         1  3.1    28    55     259    (-,-) 
  core_picorv32_add_1864_26_g778/CO -       CI->CO F     ADDFX1         1  3.1    28    55     314    (-,-) 
  core_picorv32_add_1864_26_g777/CO -       CI->CO F     ADDFX1         1  3.1    28    55     370    (-,-) 
  core_picorv32_add_1864_26_g776/CO -       CI->CO F     ADDFX1         1  3.1    28    55     425    (-,-) 
  core_picorv32_add_1864_26_g775/CO -       CI->CO F     ADDFX1         1  3.1    28    55     481    (-,-) 
  core_picorv32_add_1864_26_g774/CO -       CI->CO F     ADDFX1         1  3.1    28    55     536    (-,-) 
  core_picorv32_add_1864_26_g773/CO -       CI->CO F     ADDFX1         1  3.1    28    55     591    (-,-) 
  core_picorv32_add_1864_26_g772/CO -       CI->CO F     ADDFX1         1  3.1    28    55     647    (-,-) 
  core_picorv32_add_1864_26_g771/CO -       CI->CO F     ADDFX1         1  3.1    28    55     702    (-,-) 
  core_picorv32_add_1864_26_g770/CO -       CI->CO F     ADDFX1         1  3.1    28    55     758    (-,-) 
  core_picorv32_add_1864_26_g769/CO -       CI->CO F     ADDFX1         1  3.1    28    55     813    (-,-) 
  core_picorv32_add_1864_26_g768/CO -       CI->CO F     ADDFX1         1  3.1    28    55     868    (-,-) 
  core_picorv32_add_1864_26_g767/CO -       CI->CO F     ADDFX1         1  3.1    28    55     924    (-,-) 
  core_picorv32_add_1864_26_g766/CO -       CI->CO F     ADDFX1         1  3.1    28    55     979    (-,-) 
  core_picorv32_add_1864_26_g765/CO -       CI->CO F     ADDFX1         1  3.1    28    55    1035    (-,-) 
  core_picorv32_add_1864_26_g764/CO -       CI->CO F     ADDFX1         1  3.1    28    55    1090    (-,-) 
  core_picorv32_add_1864_26_g763/CO -       CI->CO F     ADDFX1         1  3.1    28    55    1145    (-,-) 
  core_picorv32_add_1864_26_g762/CO -       CI->CO F     ADDFX1         1  3.1    28    55    1201    (-,-) 
  core_picorv32_add_1864_26_g761/CO -       CI->CO F     ADDFX1         1  3.1    28    55    1256    (-,-) 
  core_picorv32_add_1864_26_g760/CO -       CI->CO F     ADDFX1         1  3.1    28    55    1312    (-,-) 
  core_picorv32_add_1864_26_g759/CO -       CI->CO F     ADDFX1         1  3.1    28    55    1367    (-,-) 
  core_picorv32_add_1864_26_g758/CO -       CI->CO F     ADDFX1         1  3.1    28    55    1422    (-,-) 
  core_picorv32_add_1864_26_g757/CO -       CI->CO F     ADDFX1         1  3.1    28    55    1478    (-,-) 
  core_picorv32_add_1864_26_g756/CO -       CI->CO F     ADDFX1         1  3.1    28    55    1533    (-,-) 
  core_picorv32_add_1864_26_g755/CO -       CI->CO F     ADDFX1         1  3.1    28    55    1589    (-,-) 
  core_picorv32_add_1864_26_g754/CO -       CI->CO F     ADDFX1         1  3.1    28    55    1644    (-,-) 
  core_picorv32_add_1864_26_g753/CO -       CI->CO F     ADDFX1         1  3.1    29    55    1699    (-,-) 
  core_picorv32_add_1864_26_g752/CO -       CI->CO F     ADDFX1         1  3.1    28    56    1755    (-,-) 
  core_picorv32_add_1864_26_g751/S  -       CI->S  F     ADDFX1         1  2.8    26    63    1818    (-,-) 
  core_g242538/Y                    -       A1->Y  R     AOI22X1        1  2.9    67    44    1861    (-,-) 
  core_g242019/Y                    -       C0->Y  F     OAI211X1       1  2.8    74    67    1928    (-,-) 
  core_picorv32_reg_op1_reg[30]/D   -       -      F     DFFHQX1        1    -     -     0    1928    (-,-) 
#-----------------------------------------------------------------------------------------------------------



Path 13: MET (2062 ps) Setup Check with Pin core_picorv32_reg_next_pc_reg[27]/CK->D
          Group: C2C
     Startpoint: (R) core_picorv32_latched_branch_reg/CK
          Clock: (R) myclock
       Endpoint: (R) core_picorv32_reg_next_pc_reg[27]/D
          Clock: (R) myclock

                     Capture       Launch     
        Clock Edge:+    4000            0     
       Src Latency:+       0            0     
       Net Latency:+       0 (I)        0 (I) 
           Arrival:=    4000            0     
                                              
             Setup:-      26                  
       Uncertainty:-      20                  
     Required Time:=    3954                  
      Launch Clock:-       0                  
         Data Path:-    1893                  
             Slack:=    2062                  

#-------------------------------------------------------------------------------------------------------------
#            Timing Point             Flags    Arc   Edge   Cell     Fanout Load Trans Delay Arrival Instance 
#                                                                           (fF)  (ps)  (ps)   (ps)  Location 
#-------------------------------------------------------------------------------------------------------------
  core_picorv32_latched_branch_reg/CK -       -      R     (arrival)   3708    -     0     0       0    (-,-) 
  core_picorv32_latched_branch_reg/Q  -       CK->Q  R     DFFQX4        33 50.6    91   100     100    (-,-) 
  core_g160823/Y                      -       B->Y   F     NAND2X1        4  8.5   119    94     194    (-,-) 
  core_g160538/Y                      -       B0->Y  F     OA21X4        30 42.7    90    94     288    (-,-) 
  core_g159914/Y                      -       B1->Y  F     AO22X1         3  6.5    48    71     359    (-,-) 
  core_picorv32_add_1564_33_g748/CO   -       B->CO  F     ADDFX1         1  3.1    28    61     420    (-,-) 
  core_picorv32_add_1564_33_g747/CO   -       CI->CO F     ADDFX1         1  3.1    28    55     475    (-,-) 
  core_picorv32_add_1564_33_g746/CO   -       CI->CO F     ADDFX1         1  3.1    28    55     531    (-,-) 
  core_picorv32_add_1564_33_g745/CO   -       CI->CO F     ADDFX1         1  3.1    28    56     586    (-,-) 
  core_picorv32_add_1564_33_g744/CO   -       CI->CO F     ADDFX1         1  3.1    28    55     642    (-,-) 
  core_picorv32_add_1564_33_g743/CO   -       CI->CO F     ADDFX1         1  3.1    28    55     697    (-,-) 
  core_picorv32_add_1564_33_g742/CO   -       CI->CO F     ADDFX1         1  3.1    28    55     752    (-,-) 
  core_picorv32_add_1564_33_g741/CO   -       CI->CO F     ADDFX1         1  3.1    28    55     808    (-,-) 
  core_picorv32_add_1564_33_g740/CO   -       CI->CO F     ADDFX1         1  3.1    28    55     863    (-,-) 
  core_picorv32_add_1564_33_g739/CO   -       CI->CO F     ADDFX1         1  3.1    28    55     919    (-,-) 
  core_picorv32_add_1564_33_g738/CO   -       CI->CO F     ADDFX1         1  3.1    28    55     974    (-,-) 
  core_picorv32_add_1564_33_g737/CO   -       CI->CO F     ADDFX1         1  3.1    28    55    1029    (-,-) 
  core_picorv32_add_1564_33_g736/CO   -       CI->CO F     ADDFX1         1  3.1    28    55    1085    (-,-) 
  core_picorv32_add_1564_33_g735/CO   -       CI->CO F     ADDFX1         1  3.1    28    55    1140    (-,-) 
  core_picorv32_add_1564_33_g734/CO   -       CI->CO F     ADDFX1         1  3.1    28    55    1196    (-,-) 
  core_picorv32_add_1564_33_g733/CO   -       CI->CO F     ADDFX1         1  3.1    28    55    1251    (-,-) 
  core_picorv32_add_1564_33_g732/CO   -       CI->CO F     ADDFX1         1  3.1    28    55    1306    (-,-) 
  core_picorv32_add_1564_33_g731/CO   -       CI->CO F     ADDFX1         1  3.1    28    55    1362    (-,-) 
  core_picorv32_add_1564_33_g730/CO   -       CI->CO F     ADDFX1         1  3.1    28    55    1417    (-,-) 
  core_picorv32_add_1564_33_g729/CO   -       CI->CO F     ADDFX1         1  3.1    28    55    1473    (-,-) 
  core_picorv32_add_1564_33_g728/CO   -       CI->CO F     ADDFX1         1  3.1    28    55    1528    (-,-) 
  core_picorv32_add_1564_33_g727/CO   -       CI->CO F     ADDFX1         1  3.1    28    55    1583    (-,-) 
  core_picorv32_add_1564_33_g726/CO   -       CI->CO F     ADDFX1         1  3.1    28    55    1639    (-,-) 
  core_picorv32_add_1564_33_g725/CO   -       CI->CO F     ADDFX1         1  3.1    28    55    1694    (-,-) 
  core_picorv32_add_1564_33_g724/CO   -       CI->CO F     ADDFX1         1  3.1    28    55    1750    (-,-) 
  core_picorv32_add_1564_33_g723/S    -       CI->S  R     ADDFX1         1  2.9    26    74    1824    (-,-) 
  core_g246598/Y                      -       B1->Y  F     AOI22X1        1  2.8    61    35    1859    (-,-) 
  core_g244666/Y                      -       B->Y   R     NAND2X1        1  2.8    34    33    1893    (-,-) 
  core_picorv32_reg_next_pc_reg[27]/D -       -      R     DFFHQX1        1    -     -     0    1893    (-,-) 
#-------------------------------------------------------------------------------------------------------------



Path 14: MET (2084 ps) Setup Check with Pin core_picorv32_reg_op1_reg[29]/CK->D
          Group: C2C
     Startpoint: (R) core_picorv32_reg_op1_reg[0]/CK
          Clock: (R) myclock
       Endpoint: (F) core_picorv32_reg_op1_reg[29]/D
          Clock: (R) myclock

                     Capture       Launch     
        Clock Edge:+    4000            0     
       Src Latency:+       0            0     
       Net Latency:+       0 (I)        0 (I) 
           Arrival:=    4000            0     
                                              
             Setup:-      25                  
       Uncertainty:-      20                  
     Required Time:=    3955                  
      Launch Clock:-       0                  
         Data Path:-    1871                  
             Slack:=    2084                  

#-----------------------------------------------------------------------------------------------------------
#           Timing Point            Flags    Arc   Edge   Cell     Fanout Load Trans Delay Arrival Instance 
#                                                                         (fF)  (ps)  (ps)   (ps)  Location 
#-----------------------------------------------------------------------------------------------------------
  core_picorv32_reg_op1_reg[0]/CK   -       -      R     (arrival)   3708    -     0     0       0    (-,-) 
  core_picorv32_reg_op1_reg[0]/Q    -       CK->Q  F     DFFHQX1        9 16.4   109   106     106    (-,-) 
  core_picorv32_add_1864_26_g781/CO -       B->CO  F     ADDHX1         1  3.1    24    43     149    (-,-) 
  core_picorv32_add_1864_26_g780/CO -       CI->CO F     ADDFX1         1  3.1    28    54     204    (-,-) 
  core_picorv32_add_1864_26_g779/CO -       CI->CO F     ADDFX1         1  3.1    28    55     259    (-,-) 
  core_picorv32_add_1864_26_g778/CO -       CI->CO F     ADDFX1         1  3.1    28    55     314    (-,-) 
  core_picorv32_add_1864_26_g777/CO -       CI->CO F     ADDFX1         1  3.1    28    55     370    (-,-) 
  core_picorv32_add_1864_26_g776/CO -       CI->CO F     ADDFX1         1  3.1    28    55     425    (-,-) 
  core_picorv32_add_1864_26_g775/CO -       CI->CO F     ADDFX1         1  3.1    28    55     481    (-,-) 
  core_picorv32_add_1864_26_g774/CO -       CI->CO F     ADDFX1         1  3.1    28    55     536    (-,-) 
  core_picorv32_add_1864_26_g773/CO -       CI->CO F     ADDFX1         1  3.1    28    55     591    (-,-) 
  core_picorv32_add_1864_26_g772/CO -       CI->CO F     ADDFX1         1  3.1    28    55     647    (-,-) 
  core_picorv32_add_1864_26_g771/CO -       CI->CO F     ADDFX1         1  3.1    28    55     702    (-,-) 
  core_picorv32_add_1864_26_g770/CO -       CI->CO F     ADDFX1         1  3.1    28    55     758    (-,-) 
  core_picorv32_add_1864_26_g769/CO -       CI->CO F     ADDFX1         1  3.1    28    55     813    (-,-) 
  core_picorv32_add_1864_26_g768/CO -       CI->CO F     ADDFX1         1  3.1    28    55     868    (-,-) 
  core_picorv32_add_1864_26_g767/CO -       CI->CO F     ADDFX1         1  3.1    28    55     924    (-,-) 
  core_picorv32_add_1864_26_g766/CO -       CI->CO F     ADDFX1         1  3.1    28    55     979    (-,-) 
  core_picorv32_add_1864_26_g765/CO -       CI->CO F     ADDFX1         1  3.1    28    55    1035    (-,-) 
  core_picorv32_add_1864_26_g764/CO -       CI->CO F     ADDFX1         1  3.1    28    55    1090    (-,-) 
  core_picorv32_add_1864_26_g763/CO -       CI->CO F     ADDFX1         1  3.1    28    55    1145    (-,-) 
  core_picorv32_add_1864_26_g762/CO -       CI->CO F     ADDFX1         1  3.1    28    55    1201    (-,-) 
  core_picorv32_add_1864_26_g761/CO -       CI->CO F     ADDFX1         1  3.1    28    55    1256    (-,-) 
  core_picorv32_add_1864_26_g760/CO -       CI->CO F     ADDFX1         1  3.1    28    55    1312    (-,-) 
  core_picorv32_add_1864_26_g759/CO -       CI->CO F     ADDFX1         1  3.1    28    55    1367    (-,-) 
  core_picorv32_add_1864_26_g758/CO -       CI->CO F     ADDFX1         1  3.1    28    55    1422    (-,-) 
  core_picorv32_add_1864_26_g757/CO -       CI->CO F     ADDFX1         1  3.1    28    55    1478    (-,-) 
  core_picorv32_add_1864_26_g756/CO -       CI->CO F     ADDFX1         1  3.1    28    55    1533    (-,-) 
  core_picorv32_add_1864_26_g755/CO -       CI->CO F     ADDFX1         1  3.1    28    55    1589    (-,-) 
  core_picorv32_add_1864_26_g754/CO -       CI->CO F     ADDFX1         1  3.1    28    55    1644    (-,-) 
  core_picorv32_add_1864_26_g753/CO -       CI->CO F     ADDFX1         1  3.1    29    55    1699    (-,-) 
  core_picorv32_add_1864_26_g752/S  -       CI->S  F     ADDFX1         1  2.8    26    63    1762    (-,-) 
  core_g242537/Y                    -       A1->Y  R     AOI22X1        1  2.9    65    44    1806    (-,-) 
  core_g242018/Y                    -       C0->Y  F     OAI211X1       1  2.7    72    65    1871    (-,-) 
  core_picorv32_reg_op1_reg[29]/D   -       -      F     DFFX1          1    -     -     0    1871    (-,-) 
#-----------------------------------------------------------------------------------------------------------



Path 15: MET (2106 ps) Setup Check with Pin core_picorv32_reg_op1_reg[28]/CK->D
          Group: C2C
     Startpoint: (R) core_picorv32_reg_op1_reg[0]/CK
          Clock: (R) myclock
       Endpoint: (F) core_picorv32_reg_op1_reg[28]/D
          Clock: (R) myclock

                     Capture       Launch     
        Clock Edge:+    4000            0     
       Src Latency:+       0            0     
       Net Latency:+       0 (I)        0 (I) 
           Arrival:=    4000            0     
                                              
             Setup:-      25                  
       Uncertainty:-      20                  
     Required Time:=    3955                  
      Launch Clock:-       0                  
         Data Path:-    1849                  
             Slack:=    2106                  

#-----------------------------------------------------------------------------------------------------------
#           Timing Point            Flags    Arc   Edge   Cell     Fanout Load Trans Delay Arrival Instance 
#                                                                         (fF)  (ps)  (ps)   (ps)  Location 
#-----------------------------------------------------------------------------------------------------------
  core_picorv32_reg_op1_reg[0]/CK   -       -      R     (arrival)   3708    -     0     0       0    (-,-) 
  core_picorv32_reg_op1_reg[0]/Q    -       CK->Q  F     DFFHQX1        9 16.4   109   106     106    (-,-) 
  core_picorv32_add_1864_26_g781/CO -       B->CO  F     ADDHX1         1  3.1    24    43     149    (-,-) 
  core_picorv32_add_1864_26_g780/CO -       CI->CO F     ADDFX1         1  3.1    28    54     204    (-,-) 
  core_picorv32_add_1864_26_g779/CO -       CI->CO F     ADDFX1         1  3.1    28    55     259    (-,-) 
  core_picorv32_add_1864_26_g778/CO -       CI->CO F     ADDFX1         1  3.1    28    55     314    (-,-) 
  core_picorv32_add_1864_26_g777/CO -       CI->CO F     ADDFX1         1  3.1    28    55     370    (-,-) 
  core_picorv32_add_1864_26_g776/CO -       CI->CO F     ADDFX1         1  3.1    28    55     425    (-,-) 
  core_picorv32_add_1864_26_g775/CO -       CI->CO F     ADDFX1         1  3.1    28    55     481    (-,-) 
  core_picorv32_add_1864_26_g774/CO -       CI->CO F     ADDFX1         1  3.1    28    55     536    (-,-) 
  core_picorv32_add_1864_26_g773/CO -       CI->CO F     ADDFX1         1  3.1    28    55     591    (-,-) 
  core_picorv32_add_1864_26_g772/CO -       CI->CO F     ADDFX1         1  3.1    28    55     647    (-,-) 
  core_picorv32_add_1864_26_g771/CO -       CI->CO F     ADDFX1         1  3.1    28    55     702    (-,-) 
  core_picorv32_add_1864_26_g770/CO -       CI->CO F     ADDFX1         1  3.1    28    55     758    (-,-) 
  core_picorv32_add_1864_26_g769/CO -       CI->CO F     ADDFX1         1  3.1    28    55     813    (-,-) 
  core_picorv32_add_1864_26_g768/CO -       CI->CO F     ADDFX1         1  3.1    28    55     868    (-,-) 
  core_picorv32_add_1864_26_g767/CO -       CI->CO F     ADDFX1         1  3.1    28    55     924    (-,-) 
  core_picorv32_add_1864_26_g766/CO -       CI->CO F     ADDFX1         1  3.1    28    55     979    (-,-) 
  core_picorv32_add_1864_26_g765/CO -       CI->CO F     ADDFX1         1  3.1    28    55    1035    (-,-) 
  core_picorv32_add_1864_26_g764/CO -       CI->CO F     ADDFX1         1  3.1    28    55    1090    (-,-) 
  core_picorv32_add_1864_26_g763/CO -       CI->CO F     ADDFX1         1  3.1    28    55    1145    (-,-) 
  core_picorv32_add_1864_26_g762/CO -       CI->CO F     ADDFX1         1  3.1    28    55    1201    (-,-) 
  core_picorv32_add_1864_26_g761/CO -       CI->CO F     ADDFX1         1  3.1    28    55    1256    (-,-) 
  core_picorv32_add_1864_26_g760/CO -       CI->CO F     ADDFX1         1  3.1    28    55    1312    (-,-) 
  core_picorv32_add_1864_26_g759/CO -       CI->CO F     ADDFX1         1  3.1    28    55    1367    (-,-) 
  core_picorv32_add_1864_26_g758/CO -       CI->CO F     ADDFX1         1  3.1    28    55    1422    (-,-) 
  core_picorv32_add_1864_26_g757/CO -       CI->CO F     ADDFX1         1  3.1    28    55    1478    (-,-) 
  core_picorv32_add_1864_26_g756/CO -       CI->CO F     ADDFX1         1  3.1    28    55    1533    (-,-) 
  core_picorv32_add_1864_26_g755/CO -       CI->CO F     ADDFX1         1  3.1    28    55    1589    (-,-) 
  core_picorv32_add_1864_26_g754/CO -       CI->CO F     ADDFX1         1  3.1    28    55    1644    (-,-) 
  core_picorv32_add_1864_26_g753/S  -       CI->S  F     ADDFX1         1  2.8    26    63    1707    (-,-) 
  core_g242105/Y                    -       B1->Y  R     AOI222X1       1  2.9    90    68    1774    (-,-) 
  core_g242008/Y                    -       C0->Y  F     OAI211X1       1  2.8    76    74    1849    (-,-) 
  core_picorv32_reg_op1_reg[28]/D   -       -      F     DFFHQX1        1    -     -     0    1849    (-,-) 
#-----------------------------------------------------------------------------------------------------------



Path 16: MET (2108 ps) Setup Check with Pin core_picorv32_alu_out_q_reg[25]/CK->D
          Group: C2C
     Startpoint: (R) core_picorv32_is_lui_auipc_jal_jalr_addi_add_sub_reg/CK
          Clock: (R) myclock
       Endpoint: (R) core_picorv32_alu_out_q_reg[25]/D
          Clock: (R) myclock

                     Capture       Launch     
        Clock Edge:+    4000            0     
       Src Latency:+       0            0     
       Net Latency:+       0 (I)        0 (I) 
           Arrival:=    4000            0     
                                              
             Setup:-      31                  
       Uncertainty:-      20                  
     Required Time:=    3949                  
      Launch Clock:-       0                  
         Data Path:-    1841                  
             Slack:=    2108                  

#----------------------------------------------------------------------------------------------------------------------------------
#                      Timing Point                        Flags    Arc   Edge   Cell     Fanout Load Trans Delay Arrival Instance 
#                                                                                                (fF)  (ps)  (ps)   (ps)  Location 
#----------------------------------------------------------------------------------------------------------------------------------
  core_picorv32_is_lui_auipc_jal_jalr_addi_add_sub_reg/CK  -       -      R     (arrival)   3708    -     0     0       0    (-,-) 
  core_picorv32_is_lui_auipc_jal_jalr_addi_add_sub_reg/Q   -       CK->Q  R     DFFQX4        33 56.2   100   106     106    (-,-) 
  core_g139147/Y                                           -       B->Y   R     AND2X1         2  6.1    45    63     169    (-,-) 
  core_picorv32_sub_1235_38_Y_picorv32_add_1235_58_g1023/Y -       A->Y   F     INVX3         32 54.7   140    88     256    (-,-) 
  core_picorv32_sub_1235_38_Y_picorv32_add_1235_58_g991/Y  -       B->Y   F     XNOR2X1        1  3.1    25    64     320    (-,-) 
  core_picorv32_sub_1235_38_Y_picorv32_add_1235_58_g989/CO -       CI->CO F     ADDFX1         1  3.1    28    55     375    (-,-) 
  core_picorv32_sub_1235_38_Y_picorv32_add_1235_58_g988/CO -       CI->CO F     ADDFX1         1  3.1    28    55     430    (-,-) 
  core_picorv32_sub_1235_38_Y_picorv32_add_1235_58_g987/CO -       CI->CO F     ADDFX1         1  3.1    28    55     486    (-,-) 
  core_picorv32_sub_1235_38_Y_picorv32_add_1235_58_g986/CO -       CI->CO F     ADDFX1         1  3.1    28    55     541    (-,-) 
  core_picorv32_sub_1235_38_Y_picorv32_add_1235_58_g985/CO -       CI->CO F     ADDFX1         1  3.1    28    55     596    (-,-) 
  core_picorv32_sub_1235_38_Y_picorv32_add_1235_58_g984/CO -       CI->CO F     ADDFX1         1  3.1    28    55     652    (-,-) 
  core_picorv32_sub_1235_38_Y_picorv32_add_1235_58_g983/CO -       CI->CO F     ADDFX1         1  3.1    28    55     707    (-,-) 
  core_picorv32_sub_1235_38_Y_picorv32_add_1235_58_g982/CO -       CI->CO F     ADDFX1         1  3.1    28    55     762    (-,-) 
  core_picorv32_sub_1235_38_Y_picorv32_add_1235_58_g981/CO -       CI->CO F     ADDFX1         1  3.1    28    55     817    (-,-) 
  core_picorv32_sub_1235_38_Y_picorv32_add_1235_58_g980/CO -       CI->CO F     ADDFX1         1  3.1    28    55     873    (-,-) 
  core_picorv32_sub_1235_38_Y_picorv32_add_1235_58_g979/CO -       CI->CO F     ADDFX1         1  3.1    28    55     928    (-,-) 
  core_picorv32_sub_1235_38_Y_picorv32_add_1235_58_g978/CO -       CI->CO F     ADDFX1         1  3.1    28    55     983    (-,-) 
  core_picorv32_sub_1235_38_Y_picorv32_add_1235_58_g977/CO -       CI->CO F     ADDFX1         1  3.1    28    55    1039    (-,-) 
  core_picorv32_sub_1235_38_Y_picorv32_add_1235_58_g976/CO -       CI->CO F     ADDFX1         1  3.1    28    55    1094    (-,-) 
  core_picorv32_sub_1235_38_Y_picorv32_add_1235_58_g975/CO -       CI->CO F     ADDFX1         1  3.1    28    55    1149    (-,-) 
  core_picorv32_sub_1235_38_Y_picorv32_add_1235_58_g974/CO -       CI->CO F     ADDFX1         1  3.1    28    55    1204    (-,-) 
  core_picorv32_sub_1235_38_Y_picorv32_add_1235_58_g973/CO -       CI->CO F     ADDFX1         1  3.1    28    55    1260    (-,-) 
  core_picorv32_sub_1235_38_Y_picorv32_add_1235_58_g972/CO -       CI->CO F     ADDFX1         1  3.1    28    55    1315    (-,-) 
  core_picorv32_sub_1235_38_Y_picorv32_add_1235_58_g971/CO -       CI->CO F     ADDFX1         1  3.1    28    55    1370    (-,-) 
  core_picorv32_sub_1235_38_Y_picorv32_add_1235_58_g970/CO -       CI->CO F     ADDFX1         1  3.1    28    55    1426    (-,-) 
  core_picorv32_sub_1235_38_Y_picorv32_add_1235_58_g969/CO -       CI->CO F     ADDFX1         1  3.1    28    55    1481    (-,-) 
  core_picorv32_sub_1235_38_Y_picorv32_add_1235_58_g968/CO -       CI->CO F     ADDFX1         1  3.1    28    55    1536    (-,-) 
  core_picorv32_sub_1235_38_Y_picorv32_add_1235_58_g967/CO -       CI->CO F     ADDFX1         1  3.1    28    55    1592    (-,-) 
  core_picorv32_sub_1235_38_Y_picorv32_add_1235_58_g966/CO -       CI->CO F     ADDFX1         1  3.1    28    55    1647    (-,-) 
  core_picorv32_sub_1235_38_Y_picorv32_add_1235_58_g965/CO -       CI->CO F     ADDFX1         1  3.1    28    55    1702    (-,-) 
  core_picorv32_sub_1235_38_Y_picorv32_add_1235_58_g964/S  -       CI->S  R     ADDFX1         1  2.9    26    74    1776    (-,-) 
  core_g249368/Y                                           -       B->Y   F     NAND2X1        1  2.8    48    34    1811    (-,-) 
  core_g247783/Y                                           -       C0->Y  R     OAI211X1       1  2.8    61    30    1841    (-,-) 
  core_picorv32_alu_out_q_reg[25]/D                        -       -      R     DFFHQX1        1    -     -     0    1841    (-,-) 
#----------------------------------------------------------------------------------------------------------------------------------



Path 17: MET (2117 ps) Setup Check with Pin core_picorv32_reg_next_pc_reg[26]/CK->D
          Group: C2C
     Startpoint: (R) core_picorv32_latched_branch_reg/CK
          Clock: (R) myclock
       Endpoint: (R) core_picorv32_reg_next_pc_reg[26]/D
          Clock: (R) myclock

                     Capture       Launch     
        Clock Edge:+    4000            0     
       Src Latency:+       0            0     
       Net Latency:+       0 (I)        0 (I) 
           Arrival:=    4000            0     
                                              
             Setup:-      26                  
       Uncertainty:-      20                  
     Required Time:=    3954                  
      Launch Clock:-       0                  
         Data Path:-    1837                  
             Slack:=    2117                  

#-------------------------------------------------------------------------------------------------------------
#            Timing Point             Flags    Arc   Edge   Cell     Fanout Load Trans Delay Arrival Instance 
#                                                                           (fF)  (ps)  (ps)   (ps)  Location 
#-------------------------------------------------------------------------------------------------------------
  core_picorv32_latched_branch_reg/CK -       -      R     (arrival)   3708    -     0     0       0    (-,-) 
  core_picorv32_latched_branch_reg/Q  -       CK->Q  R     DFFQX4        33 50.6    91   100     100    (-,-) 
  core_g160823/Y                      -       B->Y   F     NAND2X1        4  8.5   119    94     194    (-,-) 
  core_g160538/Y                      -       B0->Y  F     OA21X4        30 42.7    90    94     288    (-,-) 
  core_g159914/Y                      -       B1->Y  F     AO22X1         3  6.5    48    71     359    (-,-) 
  core_picorv32_add_1564_33_g748/CO   -       B->CO  F     ADDFX1         1  3.1    28    61     420    (-,-) 
  core_picorv32_add_1564_33_g747/CO   -       CI->CO F     ADDFX1         1  3.1    28    55     475    (-,-) 
  core_picorv32_add_1564_33_g746/CO   -       CI->CO F     ADDFX1         1  3.1    28    55     531    (-,-) 
  core_picorv32_add_1564_33_g745/CO   -       CI->CO F     ADDFX1         1  3.1    28    56     586    (-,-) 
  core_picorv32_add_1564_33_g744/CO   -       CI->CO F     ADDFX1         1  3.1    28    55     642    (-,-) 
  core_picorv32_add_1564_33_g743/CO   -       CI->CO F     ADDFX1         1  3.1    28    55     697    (-,-) 
  core_picorv32_add_1564_33_g742/CO   -       CI->CO F     ADDFX1         1  3.1    28    55     752    (-,-) 
  core_picorv32_add_1564_33_g741/CO   -       CI->CO F     ADDFX1         1  3.1    28    55     808    (-,-) 
  core_picorv32_add_1564_33_g740/CO   -       CI->CO F     ADDFX1         1  3.1    28    55     863    (-,-) 
  core_picorv32_add_1564_33_g739/CO   -       CI->CO F     ADDFX1         1  3.1    28    55     919    (-,-) 
  core_picorv32_add_1564_33_g738/CO   -       CI->CO F     ADDFX1         1  3.1    28    55     974    (-,-) 
  core_picorv32_add_1564_33_g737/CO   -       CI->CO F     ADDFX1         1  3.1    28    55    1029    (-,-) 
  core_picorv32_add_1564_33_g736/CO   -       CI->CO F     ADDFX1         1  3.1    28    55    1085    (-,-) 
  core_picorv32_add_1564_33_g735/CO   -       CI->CO F     ADDFX1         1  3.1    28    55    1140    (-,-) 
  core_picorv32_add_1564_33_g734/CO   -       CI->CO F     ADDFX1         1  3.1    28    55    1196    (-,-) 
  core_picorv32_add_1564_33_g733/CO   -       CI->CO F     ADDFX1         1  3.1    28    55    1251    (-,-) 
  core_picorv32_add_1564_33_g732/CO   -       CI->CO F     ADDFX1         1  3.1    28    55    1306    (-,-) 
  core_picorv32_add_1564_33_g731/CO   -       CI->CO F     ADDFX1         1  3.1    28    55    1362    (-,-) 
  core_picorv32_add_1564_33_g730/CO   -       CI->CO F     ADDFX1         1  3.1    28    55    1417    (-,-) 
  core_picorv32_add_1564_33_g729/CO   -       CI->CO F     ADDFX1         1  3.1    28    55    1473    (-,-) 
  core_picorv32_add_1564_33_g728/CO   -       CI->CO F     ADDFX1         1  3.1    28    55    1528    (-,-) 
  core_picorv32_add_1564_33_g727/CO   -       CI->CO F     ADDFX1         1  3.1    28    55    1583    (-,-) 
  core_picorv32_add_1564_33_g726/CO   -       CI->CO F     ADDFX1         1  3.1    28    55    1639    (-,-) 
  core_picorv32_add_1564_33_g725/CO   -       CI->CO F     ADDFX1         1  3.1    28    55    1694    (-,-) 
  core_picorv32_add_1564_33_g724/S    -       CI->S  R     ADDFX1         1  2.9    26    74    1768    (-,-) 
  core_g246646/Y                      -       B1->Y  F     AOI22X1        1  2.8    61    35    1804    (-,-) 
  core_g244667/Y                      -       B->Y   R     NAND2X1        1  2.8    34    33    1837    (-,-) 
  core_picorv32_reg_next_pc_reg[26]/D -       -      R     DFFHQX1        1    -     -     0    1837    (-,-) 
#-------------------------------------------------------------------------------------------------------------



Path 18: MET (2142 ps) Setup Check with Pin core_picorv32_reg_out_reg[31]/CK->D
          Group: C2C
     Startpoint: (R) core_picorv32_reg_pc_reg[2]/CK
          Clock: (R) myclock
       Endpoint: (F) core_picorv32_reg_out_reg[31]/D
          Clock: (R) myclock

                     Capture       Launch     
        Clock Edge:+    4000            0     
       Src Latency:+       0            0     
       Net Latency:+       0 (I)        0 (I) 
           Arrival:=    4000            0     
                                              
             Setup:-      24                  
       Uncertainty:-      20                  
     Required Time:=    3956                  
      Launch Clock:-       0                  
         Data Path:-    1814                  
             Slack:=    2142                  

#-----------------------------------------------------------------------------------------------------------
#           Timing Point            Flags    Arc   Edge   Cell     Fanout Load Trans Delay Arrival Instance 
#                                                                         (fF)  (ps)  (ps)   (ps)  Location 
#-----------------------------------------------------------------------------------------------------------
  core_picorv32_reg_pc_reg[2]/CK    -       -      R     (arrival)   3708    -     0     0       0    (-,-) 
  core_picorv32_reg_pc_reg[2]/Q     -       CK->Q  F     DFFHQX1        5  9.5    64    82      82    (-,-) 
  core_picorv32_add_1801_23_g731/CO -       A->CO  F     ADDHX1         1  3.1    23    38     120    (-,-) 
  core_picorv32_add_1801_23_g730/CO -       CI->CO F     ADDFX1         1  3.1    28    54     174    (-,-) 
  core_picorv32_add_1801_23_g729/CO -       CI->CO F     ADDFX1         1  3.1    28    55     230    (-,-) 
  core_picorv32_add_1801_23_g728/CO -       CI->CO F     ADDFX1         1  3.1    28    55     285    (-,-) 
  core_picorv32_add_1801_23_g727/CO -       CI->CO F     ADDFX1         1  3.1    28    55     341    (-,-) 
  core_picorv32_add_1801_23_g726/CO -       CI->CO F     ADDFX1         1  3.1    28    55     396    (-,-) 
  core_picorv32_add_1801_23_g725/CO -       CI->CO F     ADDFX1         1  3.1    28    55     451    (-,-) 
  core_picorv32_add_1801_23_g724/CO -       CI->CO F     ADDFX1         1  3.1    28    55     507    (-,-) 
  core_picorv32_add_1801_23_g723/CO -       CI->CO F     ADDFX1         1  3.1    28    55     562    (-,-) 
  core_picorv32_add_1801_23_g722/CO -       CI->CO F     ADDFX1         1  3.1    28    55     618    (-,-) 
  core_picorv32_add_1801_23_g721/CO -       CI->CO F     ADDFX1         1  3.1    28    55     673    (-,-) 
  core_picorv32_add_1801_23_g720/CO -       CI->CO F     ADDFX1         1  3.1    28    55     728    (-,-) 
  core_picorv32_add_1801_23_g719/CO -       CI->CO F     ADDFX1         1  3.1    28    55     784    (-,-) 
  core_picorv32_add_1801_23_g718/CO -       CI->CO F     ADDFX1         1  3.1    28    55     839    (-,-) 
  core_picorv32_add_1801_23_g717/CO -       CI->CO F     ADDFX1         1  3.1    28    55     895    (-,-) 
  core_picorv32_add_1801_23_g716/CO -       CI->CO F     ADDFX1         1  3.1    28    55     950    (-,-) 
  core_picorv32_add_1801_23_g715/CO -       CI->CO F     ADDFX1         1  3.1    28    55    1005    (-,-) 
  core_picorv32_add_1801_23_g714/CO -       CI->CO F     ADDFX1         1  3.1    28    55    1061    (-,-) 
  core_picorv32_add_1801_23_g713/CO -       CI->CO F     ADDFX1         1  3.1    28    55    1116    (-,-) 
  core_picorv32_add_1801_23_g712/CO -       CI->CO F     ADDFX1         1  3.1    28    55    1172    (-,-) 
  core_picorv32_add_1801_23_g711/CO -       CI->CO F     ADDFX1         1  3.1    28    55    1227    (-,-) 
  core_picorv32_add_1801_23_g710/CO -       CI->CO F     ADDFX1         1  3.1    28    55    1282    (-,-) 
  core_picorv32_add_1801_23_g709/CO -       CI->CO F     ADDFX1         1  3.1    28    55    1338    (-,-) 
  core_picorv32_add_1801_23_g708/CO -       CI->CO F     ADDFX1         1  3.1    28    55    1393    (-,-) 
  core_picorv32_add_1801_23_g707/CO -       CI->CO F     ADDFX1         1  3.1    28    55    1449    (-,-) 
  core_picorv32_add_1801_23_g706/CO -       CI->CO F     ADDFX1         1  3.1    28    55    1504    (-,-) 
  core_picorv32_add_1801_23_g705/CO -       CI->CO F     ADDFX1         1  3.1    28    55    1559    (-,-) 
  core_picorv32_add_1801_23_g704/CO -       CI->CO F     ADDFX1         1  3.1    28    55    1615    (-,-) 
  core_picorv32_add_1801_23_g703/CO -       CI->CO F     ADDFX1         1  2.9    27    55    1670    (-,-) 
  core_picorv32_add_1801_23_g702/Y  -       B->Y   F     XNOR2X1        1  2.8    23    42    1711    (-,-) 
  core_g245865/Y                    -       A1->Y  R     AOI22X1        1  2.9    65    43    1754    (-,-) 
  core_g242413/Y                    -       C->Y   F     NAND3X1        1  2.8    69    60    1814    (-,-) 
  core_picorv32_reg_out_reg[31]/D   -       -      F     DFFHQX1        1    -     -     0    1814    (-,-) 
#-----------------------------------------------------------------------------------------------------------



Path 19: MET (2149 ps) Setup Check with Pin core_litespiphy_state_reg[0]/CK->D
          Group: C2C
     Startpoint: (R) core_grant_reg/CK
          Clock: (R) myclock
       Endpoint: (F) core_litespiphy_state_reg[0]/D
          Clock: (R) myclock

                     Capture       Launch     
        Clock Edge:+    4000            0     
       Src Latency:+       0            0     
       Net Latency:+       0 (I)        0 (I) 
           Arrival:=    4000            0     
                                              
             Setup:-      24                  
       Uncertainty:-      20                  
     Required Time:=    3956                  
      Launch Clock:-       0                  
         Data Path:-    1806                  
             Slack:=    2149                  

#--------------------------------------------------------------------------------------------------------
#         Timing Point           Flags    Arc   Edge   Cell     Fanout Load Trans Delay Arrival Instance 
#                                                                      (fF)  (ps)  (ps)   (ps)  Location 
#--------------------------------------------------------------------------------------------------------
  core_grant_reg/CK              -       -      R     (arrival)   3708    -     0     0       0    (-,-) 
  core_grant_reg/Q               -       CK->Q  F     DFFHQX1        8 14.9   100   101     101    (-,-) 
  core_g160524/Y                 -       S0->Y  F     CLKMX2X4       6 60.0   123   129     230    (-,-) 
  core_g160152/Y                 -       C->Y   R     NOR3X1         2  4.4   106    96     325    (-,-) 
  core_g160130/Y                 -       A->Y   F     INVX1          1  2.6    38    46     372    (-,-) 
  core_g159979/Y                 -       D->Y   F     OR4X1          1  2.8    29    66     437    (-,-) 
  core_g159920/Y                 -       D->Y   R     NOR4X1         2  4.4   135    84     521    (-,-) 
  core_g159876/Y                 -       D->Y   F     NAND4X1        2  4.4   134   118     639    (-,-) 
  core_g159867/Y                 -       B->Y   R     NOR2X1         1  2.7    58    69     708    (-,-) 
  core_g159866/Y                 -       A->Y   R     AND2X1         6 11.5    81    74     782    (-,-) 
  core_g159863/Y                 -       A->Y   F     INVX1          9 14.9   112    83     865    (-,-) 
  core_g159855/Y                 -       B0->Y  R     AOI31X1        3  5.6    96    88     953    (-,-) 
  core_g159841/Y                 -       B0->Y  R     AO21X1         5  9.5    68    66    1020    (-,-) 
  core_g159825/Y                 -       B->Y   R     OR2X1          3  5.8    42    45    1065    (-,-) 
  core_g159806/Y                 -       B->Y   F     NOR2X1         4  7.3    71    44    1109    (-,-) 
  core_g159741/Y                 -       B->Y   F     AND2X2        26 40.0   143   110    1219    (-,-) 
  core_drc_bufs161157/Y          -       A->Y   R     INVX1          4  7.9    80    76    1295    (-,-) 
  core_g250024/Y                 -       A->Y   F     INVX1          6  9.9    80    64    1359    (-,-) 
  core_g248908/Y                 -       A1N->Y F     OAI2BB1X1      4  7.3    96    79    1438    (-,-) 
  core_g248409/Y                 -       AN->Y  F     NOR2BX1        1  2.8    31    40    1478    (-,-) 
  core_g244392/Y                 -       A1->Y  R     OAI21X1        2  4.4    70    52    1530    (-,-) 
  core_g244071/Y                 -       C0->Y  F     OAI211X1       1  2.7    72    67    1596    (-,-) 
  core_g243504/Y                 -       AN->Y  F     NAND3BX1       3  5.7   120    93    1689    (-,-) 
  core_g242460/Y                 -       D->Y   R     NAND4XL        1  2.9    63    64    1754    (-,-) 
  core_g242355/Y                 -       A1->Y  F     OAI22X1        1  2.7    62    53    1806    (-,-) 
  core_litespiphy_state_reg[0]/D -       -      F     DFFQX2         1    -     -     0    1806    (-,-) 
#--------------------------------------------------------------------------------------------------------



Path 20: MET (2164 ps) Setup Check with Pin core_picorv32_alu_out_q_reg[24]/CK->D
          Group: C2C
     Startpoint: (R) core_picorv32_is_lui_auipc_jal_jalr_addi_add_sub_reg/CK
          Clock: (R) myclock
       Endpoint: (R) core_picorv32_alu_out_q_reg[24]/D
          Clock: (R) myclock

                     Capture       Launch     
        Clock Edge:+    4000            0     
       Src Latency:+       0            0     
       Net Latency:+       0 (I)        0 (I) 
           Arrival:=    4000            0     
                                              
             Setup:-      31                  
       Uncertainty:-      20                  
     Required Time:=    3949                  
      Launch Clock:-       0                  
         Data Path:-    1786                  
             Slack:=    2164                  

#----------------------------------------------------------------------------------------------------------------------------------
#                      Timing Point                        Flags    Arc   Edge   Cell     Fanout Load Trans Delay Arrival Instance 
#                                                                                                (fF)  (ps)  (ps)   (ps)  Location 
#----------------------------------------------------------------------------------------------------------------------------------
  core_picorv32_is_lui_auipc_jal_jalr_addi_add_sub_reg/CK  -       -      R     (arrival)   3708    -     0     0       0    (-,-) 
  core_picorv32_is_lui_auipc_jal_jalr_addi_add_sub_reg/Q   -       CK->Q  R     DFFQX4        33 56.2   100   106     106    (-,-) 
  core_g139147/Y                                           -       B->Y   R     AND2X1         2  6.1    45    63     169    (-,-) 
  core_picorv32_sub_1235_38_Y_picorv32_add_1235_58_g1023/Y -       A->Y   F     INVX3         32 54.7   140    88     256    (-,-) 
  core_picorv32_sub_1235_38_Y_picorv32_add_1235_58_g991/Y  -       B->Y   F     XNOR2X1        1  3.1    25    64     320    (-,-) 
  core_picorv32_sub_1235_38_Y_picorv32_add_1235_58_g989/CO -       CI->CO F     ADDFX1         1  3.1    28    55     375    (-,-) 
  core_picorv32_sub_1235_38_Y_picorv32_add_1235_58_g988/CO -       CI->CO F     ADDFX1         1  3.1    28    55     430    (-,-) 
  core_picorv32_sub_1235_38_Y_picorv32_add_1235_58_g987/CO -       CI->CO F     ADDFX1         1  3.1    28    55     486    (-,-) 
  core_picorv32_sub_1235_38_Y_picorv32_add_1235_58_g986/CO -       CI->CO F     ADDFX1         1  3.1    28    55     541    (-,-) 
  core_picorv32_sub_1235_38_Y_picorv32_add_1235_58_g985/CO -       CI->CO F     ADDFX1         1  3.1    28    55     596    (-,-) 
  core_picorv32_sub_1235_38_Y_picorv32_add_1235_58_g984/CO -       CI->CO F     ADDFX1         1  3.1    28    55     652    (-,-) 
  core_picorv32_sub_1235_38_Y_picorv32_add_1235_58_g983/CO -       CI->CO F     ADDFX1         1  3.1    28    55     707    (-,-) 
  core_picorv32_sub_1235_38_Y_picorv32_add_1235_58_g982/CO -       CI->CO F     ADDFX1         1  3.1    28    55     762    (-,-) 
  core_picorv32_sub_1235_38_Y_picorv32_add_1235_58_g981/CO -       CI->CO F     ADDFX1         1  3.1    28    55     817    (-,-) 
  core_picorv32_sub_1235_38_Y_picorv32_add_1235_58_g980/CO -       CI->CO F     ADDFX1         1  3.1    28    55     873    (-,-) 
  core_picorv32_sub_1235_38_Y_picorv32_add_1235_58_g979/CO -       CI->CO F     ADDFX1         1  3.1    28    55     928    (-,-) 
  core_picorv32_sub_1235_38_Y_picorv32_add_1235_58_g978/CO -       CI->CO F     ADDFX1         1  3.1    28    55     983    (-,-) 
  core_picorv32_sub_1235_38_Y_picorv32_add_1235_58_g977/CO -       CI->CO F     ADDFX1         1  3.1    28    55    1039    (-,-) 
  core_picorv32_sub_1235_38_Y_picorv32_add_1235_58_g976/CO -       CI->CO F     ADDFX1         1  3.1    28    55    1094    (-,-) 
  core_picorv32_sub_1235_38_Y_picorv32_add_1235_58_g975/CO -       CI->CO F     ADDFX1         1  3.1    28    55    1149    (-,-) 
  core_picorv32_sub_1235_38_Y_picorv32_add_1235_58_g974/CO -       CI->CO F     ADDFX1         1  3.1    28    55    1204    (-,-) 
  core_picorv32_sub_1235_38_Y_picorv32_add_1235_58_g973/CO -       CI->CO F     ADDFX1         1  3.1    28    55    1260    (-,-) 
  core_picorv32_sub_1235_38_Y_picorv32_add_1235_58_g972/CO -       CI->CO F     ADDFX1         1  3.1    28    55    1315    (-,-) 
  core_picorv32_sub_1235_38_Y_picorv32_add_1235_58_g971/CO -       CI->CO F     ADDFX1         1  3.1    28    55    1370    (-,-) 
  core_picorv32_sub_1235_38_Y_picorv32_add_1235_58_g970/CO -       CI->CO F     ADDFX1         1  3.1    28    55    1426    (-,-) 
  core_picorv32_sub_1235_38_Y_picorv32_add_1235_58_g969/CO -       CI->CO F     ADDFX1         1  3.1    28    55    1481    (-,-) 
  core_picorv32_sub_1235_38_Y_picorv32_add_1235_58_g968/CO -       CI->CO F     ADDFX1         1  3.1    28    55    1536    (-,-) 
  core_picorv32_sub_1235_38_Y_picorv32_add_1235_58_g967/CO -       CI->CO F     ADDFX1         1  3.1    28    55    1592    (-,-) 
  core_picorv32_sub_1235_38_Y_picorv32_add_1235_58_g966/CO -       CI->CO F     ADDFX1         1  3.1    28    55    1647    (-,-) 
  core_picorv32_sub_1235_38_Y_picorv32_add_1235_58_g965/S  -       CI->S  R     ADDFX1         1  2.9    26    74    1721    (-,-) 
  core_g249411/Y                                           -       B->Y   F     NAND2X1        1  2.8    48    34    1755    (-,-) 
  core_g247771/Y                                           -       C0->Y  R     OAI211X1       1  2.8    61    30    1786    (-,-) 
  core_picorv32_alu_out_q_reg[24]/D                        -       -      R     DFFHQX1        1    -     -     0    1786    (-,-) 
#----------------------------------------------------------------------------------------------------------------------------------



Path 21: MET (2172 ps) Setup Check with Pin core_picorv32_reg_next_pc_reg[25]/CK->D
          Group: C2C
     Startpoint: (R) core_picorv32_latched_branch_reg/CK
          Clock: (R) myclock
       Endpoint: (R) core_picorv32_reg_next_pc_reg[25]/D
          Clock: (R) myclock

                     Capture       Launch     
        Clock Edge:+    4000            0     
       Src Latency:+       0            0     
       Net Latency:+       0 (I)        0 (I) 
           Arrival:=    4000            0     
                                              
             Setup:-      26                  
       Uncertainty:-      20                  
     Required Time:=    3954                  
      Launch Clock:-       0                  
         Data Path:-    1782                  
             Slack:=    2172                  

#-------------------------------------------------------------------------------------------------------------
#            Timing Point             Flags    Arc   Edge   Cell     Fanout Load Trans Delay Arrival Instance 
#                                                                           (fF)  (ps)  (ps)   (ps)  Location 
#-------------------------------------------------------------------------------------------------------------
  core_picorv32_latched_branch_reg/CK -       -      R     (arrival)   3708    -     0     0       0    (-,-) 
  core_picorv32_latched_branch_reg/Q  -       CK->Q  R     DFFQX4        33 50.6    91   100     100    (-,-) 
  core_g160823/Y                      -       B->Y   F     NAND2X1        4  8.5   119    94     194    (-,-) 
  core_g160538/Y                      -       B0->Y  F     OA21X4        30 42.7    90    94     288    (-,-) 
  core_g159914/Y                      -       B1->Y  F     AO22X1         3  6.5    48    71     359    (-,-) 
  core_picorv32_add_1564_33_g748/CO   -       B->CO  F     ADDFX1         1  3.1    28    61     420    (-,-) 
  core_picorv32_add_1564_33_g747/CO   -       CI->CO F     ADDFX1         1  3.1    28    55     475    (-,-) 
  core_picorv32_add_1564_33_g746/CO   -       CI->CO F     ADDFX1         1  3.1    28    55     531    (-,-) 
  core_picorv32_add_1564_33_g745/CO   -       CI->CO F     ADDFX1         1  3.1    28    56     586    (-,-) 
  core_picorv32_add_1564_33_g744/CO   -       CI->CO F     ADDFX1         1  3.1    28    55     642    (-,-) 
  core_picorv32_add_1564_33_g743/CO   -       CI->CO F     ADDFX1         1  3.1    28    55     697    (-,-) 
  core_picorv32_add_1564_33_g742/CO   -       CI->CO F     ADDFX1         1  3.1    28    55     752    (-,-) 
  core_picorv32_add_1564_33_g741/CO   -       CI->CO F     ADDFX1         1  3.1    28    55     808    (-,-) 
  core_picorv32_add_1564_33_g740/CO   -       CI->CO F     ADDFX1         1  3.1    28    55     863    (-,-) 
  core_picorv32_add_1564_33_g739/CO   -       CI->CO F     ADDFX1         1  3.1    28    55     919    (-,-) 
  core_picorv32_add_1564_33_g738/CO   -       CI->CO F     ADDFX1         1  3.1    28    55     974    (-,-) 
  core_picorv32_add_1564_33_g737/CO   -       CI->CO F     ADDFX1         1  3.1    28    55    1029    (-,-) 
  core_picorv32_add_1564_33_g736/CO   -       CI->CO F     ADDFX1         1  3.1    28    55    1085    (-,-) 
  core_picorv32_add_1564_33_g735/CO   -       CI->CO F     ADDFX1         1  3.1    28    55    1140    (-,-) 
  core_picorv32_add_1564_33_g734/CO   -       CI->CO F     ADDFX1         1  3.1    28    55    1196    (-,-) 
  core_picorv32_add_1564_33_g733/CO   -       CI->CO F     ADDFX1         1  3.1    28    55    1251    (-,-) 
  core_picorv32_add_1564_33_g732/CO   -       CI->CO F     ADDFX1         1  3.1    28    55    1306    (-,-) 
  core_picorv32_add_1564_33_g731/CO   -       CI->CO F     ADDFX1         1  3.1    28    55    1362    (-,-) 
  core_picorv32_add_1564_33_g730/CO   -       CI->CO F     ADDFX1         1  3.1    28    55    1417    (-,-) 
  core_picorv32_add_1564_33_g729/CO   -       CI->CO F     ADDFX1         1  3.1    28    55    1473    (-,-) 
  core_picorv32_add_1564_33_g728/CO   -       CI->CO F     ADDFX1         1  3.1    28    55    1528    (-,-) 
  core_picorv32_add_1564_33_g727/CO   -       CI->CO F     ADDFX1         1  3.1    28    55    1583    (-,-) 
  core_picorv32_add_1564_33_g726/CO   -       CI->CO F     ADDFX1         1  3.1    28    55    1639    (-,-) 
  core_picorv32_add_1564_33_g725/S    -       CI->S  R     ADDFX1         1  2.9    26    74    1713    (-,-) 
  core_g246403/Y                      -       B1->Y  F     AOI22X1        1  2.8    61    35    1748    (-,-) 
  core_g244668/Y                      -       B->Y   R     NAND2X1        1  2.8    34    33    1782    (-,-) 
  core_picorv32_reg_next_pc_reg[25]/D -       -      R     DFFHQX1        1    -     -     0    1782    (-,-) 
#-------------------------------------------------------------------------------------------------------------



Path 22: MET (2175 ps) Setup Check with Pin core_picorv32_reg_out_reg[30]/CK->D
          Group: C2C
     Startpoint: (R) core_picorv32_reg_pc_reg[2]/CK
          Clock: (R) myclock
       Endpoint: (F) core_picorv32_reg_out_reg[30]/D
          Clock: (R) myclock

                     Capture       Launch     
        Clock Edge:+    4000            0     
       Src Latency:+       0            0     
       Net Latency:+       0 (I)        0 (I) 
           Arrival:=    4000            0     
                                              
             Setup:-      24                  
       Uncertainty:-      20                  
     Required Time:=    3956                  
      Launch Clock:-       0                  
         Data Path:-    1782                  
             Slack:=    2175                  

#-----------------------------------------------------------------------------------------------------------
#           Timing Point            Flags    Arc   Edge   Cell     Fanout Load Trans Delay Arrival Instance 
#                                                                         (fF)  (ps)  (ps)   (ps)  Location 
#-----------------------------------------------------------------------------------------------------------
  core_picorv32_reg_pc_reg[2]/CK    -       -      R     (arrival)   3708    -     0     0       0    (-,-) 
  core_picorv32_reg_pc_reg[2]/Q     -       CK->Q  F     DFFHQX1        5  9.5    64    82      82    (-,-) 
  core_picorv32_add_1801_23_g731/CO -       A->CO  F     ADDHX1         1  3.1    23    38     120    (-,-) 
  core_picorv32_add_1801_23_g730/CO -       CI->CO F     ADDFX1         1  3.1    28    54     174    (-,-) 
  core_picorv32_add_1801_23_g729/CO -       CI->CO F     ADDFX1         1  3.1    28    55     230    (-,-) 
  core_picorv32_add_1801_23_g728/CO -       CI->CO F     ADDFX1         1  3.1    28    55     285    (-,-) 
  core_picorv32_add_1801_23_g727/CO -       CI->CO F     ADDFX1         1  3.1    28    55     341    (-,-) 
  core_picorv32_add_1801_23_g726/CO -       CI->CO F     ADDFX1         1  3.1    28    55     396    (-,-) 
  core_picorv32_add_1801_23_g725/CO -       CI->CO F     ADDFX1         1  3.1    28    55     451    (-,-) 
  core_picorv32_add_1801_23_g724/CO -       CI->CO F     ADDFX1         1  3.1    28    55     507    (-,-) 
  core_picorv32_add_1801_23_g723/CO -       CI->CO F     ADDFX1         1  3.1    28    55     562    (-,-) 
  core_picorv32_add_1801_23_g722/CO -       CI->CO F     ADDFX1         1  3.1    28    55     618    (-,-) 
  core_picorv32_add_1801_23_g721/CO -       CI->CO F     ADDFX1         1  3.1    28    55     673    (-,-) 
  core_picorv32_add_1801_23_g720/CO -       CI->CO F     ADDFX1         1  3.1    28    55     728    (-,-) 
  core_picorv32_add_1801_23_g719/CO -       CI->CO F     ADDFX1         1  3.1    28    55     784    (-,-) 
  core_picorv32_add_1801_23_g718/CO -       CI->CO F     ADDFX1         1  3.1    28    55     839    (-,-) 
  core_picorv32_add_1801_23_g717/CO -       CI->CO F     ADDFX1         1  3.1    28    55     895    (-,-) 
  core_picorv32_add_1801_23_g716/CO -       CI->CO F     ADDFX1         1  3.1    28    55     950    (-,-) 
  core_picorv32_add_1801_23_g715/CO -       CI->CO F     ADDFX1         1  3.1    28    55    1005    (-,-) 
  core_picorv32_add_1801_23_g714/CO -       CI->CO F     ADDFX1         1  3.1    28    55    1061    (-,-) 
  core_picorv32_add_1801_23_g713/CO -       CI->CO F     ADDFX1         1  3.1    28    55    1116    (-,-) 
  core_picorv32_add_1801_23_g712/CO -       CI->CO F     ADDFX1         1  3.1    28    55    1172    (-,-) 
  core_picorv32_add_1801_23_g711/CO -       CI->CO F     ADDFX1         1  3.1    28    55    1227    (-,-) 
  core_picorv32_add_1801_23_g710/CO -       CI->CO F     ADDFX1         1  3.1    28    55    1282    (-,-) 
  core_picorv32_add_1801_23_g709/CO -       CI->CO F     ADDFX1         1  3.1    28    55    1338    (-,-) 
  core_picorv32_add_1801_23_g708/CO -       CI->CO F     ADDFX1         1  3.1    28    55    1393    (-,-) 
  core_picorv32_add_1801_23_g707/CO -       CI->CO F     ADDFX1         1  3.1    28    55    1449    (-,-) 
  core_picorv32_add_1801_23_g706/CO -       CI->CO F     ADDFX1         1  3.1    28    55    1504    (-,-) 
  core_picorv32_add_1801_23_g705/CO -       CI->CO F     ADDFX1         1  3.1    28    55    1559    (-,-) 
  core_picorv32_add_1801_23_g704/CO -       CI->CO F     ADDFX1         1  3.1    28    55    1615    (-,-) 
  core_picorv32_add_1801_23_g703/S  -       CI->S  F     ADDFX1         1  2.8    26    63    1677    (-,-) 
  core_g245864/Y                    -       A1->Y  R     AOI22X1        1  2.9    67    43    1721    (-,-) 
  core_g242411/Y                    -       C->Y   F     NAND3X1        1  2.8    69    61    1782    (-,-) 
  core_picorv32_reg_out_reg[30]/D   -       -      F     DFFHQX1        1    -     -     0    1782    (-,-) 
#-----------------------------------------------------------------------------------------------------------



Path 23: MET (2187 ps) Setup Check with Pin core_picorv32_alu_out_q_reg[23]/CK->D
          Group: C2C
     Startpoint: (R) core_picorv32_is_lui_auipc_jal_jalr_addi_add_sub_reg/CK
          Clock: (R) myclock
       Endpoint: (F) core_picorv32_alu_out_q_reg[23]/D
          Clock: (R) myclock

                     Capture       Launch     
        Clock Edge:+    4000            0     
       Src Latency:+       0            0     
       Net Latency:+       0 (I)        0 (I) 
           Arrival:=    4000            0     
                                              
             Setup:-      26                  
       Uncertainty:-      20                  
     Required Time:=    3954                  
      Launch Clock:-       0                  
         Data Path:-    1768                  
             Slack:=    2187                  

#----------------------------------------------------------------------------------------------------------------------------------
#                      Timing Point                        Flags    Arc   Edge   Cell     Fanout Load Trans Delay Arrival Instance 
#                                                                                                (fF)  (ps)  (ps)   (ps)  Location 
#----------------------------------------------------------------------------------------------------------------------------------
  core_picorv32_is_lui_auipc_jal_jalr_addi_add_sub_reg/CK  -       -      R     (arrival)   3708    -     0     0       0    (-,-) 
  core_picorv32_is_lui_auipc_jal_jalr_addi_add_sub_reg/Q   -       CK->Q  R     DFFQX4        33 56.2   100   106     106    (-,-) 
  core_g139147/Y                                           -       B->Y   R     AND2X1         2  6.1    45    63     169    (-,-) 
  core_picorv32_sub_1235_38_Y_picorv32_add_1235_58_g1023/Y -       A->Y   F     INVX3         32 54.7   140    88     256    (-,-) 
  core_picorv32_sub_1235_38_Y_picorv32_add_1235_58_g991/Y  -       B->Y   F     XNOR2X1        1  3.1    25    64     320    (-,-) 
  core_picorv32_sub_1235_38_Y_picorv32_add_1235_58_g989/CO -       CI->CO F     ADDFX1         1  3.1    28    55     375    (-,-) 
  core_picorv32_sub_1235_38_Y_picorv32_add_1235_58_g988/CO -       CI->CO F     ADDFX1         1  3.1    28    55     430    (-,-) 
  core_picorv32_sub_1235_38_Y_picorv32_add_1235_58_g987/CO -       CI->CO F     ADDFX1         1  3.1    28    55     486    (-,-) 
  core_picorv32_sub_1235_38_Y_picorv32_add_1235_58_g986/CO -       CI->CO F     ADDFX1         1  3.1    28    55     541    (-,-) 
  core_picorv32_sub_1235_38_Y_picorv32_add_1235_58_g985/CO -       CI->CO F     ADDFX1         1  3.1    28    55     596    (-,-) 
  core_picorv32_sub_1235_38_Y_picorv32_add_1235_58_g984/CO -       CI->CO F     ADDFX1         1  3.1    28    55     652    (-,-) 
  core_picorv32_sub_1235_38_Y_picorv32_add_1235_58_g983/CO -       CI->CO F     ADDFX1         1  3.1    28    55     707    (-,-) 
  core_picorv32_sub_1235_38_Y_picorv32_add_1235_58_g982/CO -       CI->CO F     ADDFX1         1  3.1    28    55     762    (-,-) 
  core_picorv32_sub_1235_38_Y_picorv32_add_1235_58_g981/CO -       CI->CO F     ADDFX1         1  3.1    28    55     817    (-,-) 
  core_picorv32_sub_1235_38_Y_picorv32_add_1235_58_g980/CO -       CI->CO F     ADDFX1         1  3.1    28    55     873    (-,-) 
  core_picorv32_sub_1235_38_Y_picorv32_add_1235_58_g979/CO -       CI->CO F     ADDFX1         1  3.1    28    55     928    (-,-) 
  core_picorv32_sub_1235_38_Y_picorv32_add_1235_58_g978/CO -       CI->CO F     ADDFX1         1  3.1    28    55     983    (-,-) 
  core_picorv32_sub_1235_38_Y_picorv32_add_1235_58_g977/CO -       CI->CO F     ADDFX1         1  3.1    28    55    1039    (-,-) 
  core_picorv32_sub_1235_38_Y_picorv32_add_1235_58_g976/CO -       CI->CO F     ADDFX1         1  3.1    28    55    1094    (-,-) 
  core_picorv32_sub_1235_38_Y_picorv32_add_1235_58_g975/CO -       CI->CO F     ADDFX1         1  3.1    28    55    1149    (-,-) 
  core_picorv32_sub_1235_38_Y_picorv32_add_1235_58_g974/CO -       CI->CO F     ADDFX1         1  3.1    28    55    1204    (-,-) 
  core_picorv32_sub_1235_38_Y_picorv32_add_1235_58_g973/CO -       CI->CO F     ADDFX1         1  3.1    28    55    1260    (-,-) 
  core_picorv32_sub_1235_38_Y_picorv32_add_1235_58_g972/CO -       CI->CO F     ADDFX1         1  3.1    28    55    1315    (-,-) 
  core_picorv32_sub_1235_38_Y_picorv32_add_1235_58_g971/CO -       CI->CO F     ADDFX1         1  3.1    28    55    1370    (-,-) 
  core_picorv32_sub_1235_38_Y_picorv32_add_1235_58_g970/CO -       CI->CO F     ADDFX1         1  3.1    28    55    1426    (-,-) 
  core_picorv32_sub_1235_38_Y_picorv32_add_1235_58_g969/CO -       CI->CO F     ADDFX1         1  3.1    28    55    1481    (-,-) 
  core_picorv32_sub_1235_38_Y_picorv32_add_1235_58_g968/CO -       CI->CO F     ADDFX1         1  3.1    28    55    1536    (-,-) 
  core_picorv32_sub_1235_38_Y_picorv32_add_1235_58_g967/CO -       CI->CO F     ADDFX1         1  3.1    28    55    1592    (-,-) 
  core_picorv32_sub_1235_38_Y_picorv32_add_1235_58_g966/S  -       CI->S  F     ADDFX1         1  2.8    26    62    1654    (-,-) 
  core_g160221/Y                                           -       B1->Y  R     AOI32X1        1  2.9    66    42    1696    (-,-) 
  core_g160027/Y                                           -       C0->Y  F     OAI221X1       1  2.7    78    72    1768    (-,-) 
  core_picorv32_alu_out_q_reg[23]/D                        -       -      F     DFFQXL         1    -     -     0    1768    (-,-) 
#----------------------------------------------------------------------------------------------------------------------------------



Path 24: MET (2187 ps) Setup Check with Pin core_litespiphy_state_reg[1]/CK->D
          Group: C2C
     Startpoint: (R) core_grant_reg/CK
          Clock: (R) myclock
       Endpoint: (R) core_litespiphy_state_reg[1]/D
          Clock: (R) myclock

                     Capture       Launch     
        Clock Edge:+    4000            0     
       Src Latency:+       0            0     
       Net Latency:+       0 (I)        0 (I) 
           Arrival:=    4000            0     
                                              
             Setup:-      31                  
       Uncertainty:-      20                  
     Required Time:=    3949                  
      Launch Clock:-       0                  
         Data Path:-    1762                  
             Slack:=    2187                  

#--------------------------------------------------------------------------------------------------------
#         Timing Point           Flags    Arc   Edge   Cell     Fanout Load Trans Delay Arrival Instance 
#                                                                      (fF)  (ps)  (ps)   (ps)  Location 
#--------------------------------------------------------------------------------------------------------
  core_grant_reg/CK              -       -      R     (arrival)   3708    -     0     0       0    (-,-) 
  core_grant_reg/Q               -       CK->Q  F     DFFHQX1        8 14.9   100   101     101    (-,-) 
  core_g160524/Y                 -       S0->Y  F     CLKMX2X4       6 60.0   123   129     230    (-,-) 
  core_g160152/Y                 -       C->Y   R     NOR3X1         2  4.4   106    96     325    (-,-) 
  core_g160130/Y                 -       A->Y   F     INVX1          1  2.6    38    46     372    (-,-) 
  core_g159979/Y                 -       D->Y   F     OR4X1          1  2.8    29    66     437    (-,-) 
  core_g159920/Y                 -       D->Y   R     NOR4X1         2  4.4   135    84     521    (-,-) 
  core_g159876/Y                 -       D->Y   F     NAND4X1        2  4.4   134   118     639    (-,-) 
  core_g159867/Y                 -       B->Y   R     NOR2X1         1  2.7    58    69     708    (-,-) 
  core_g159866/Y                 -       A->Y   R     AND2X1         6 11.5    81    74     782    (-,-) 
  core_g159863/Y                 -       A->Y   F     INVX1          9 14.9   112    83     865    (-,-) 
  core_g159855/Y                 -       B0->Y  R     AOI31X1        3  5.6    96    88     953    (-,-) 
  core_g159841/Y                 -       B0->Y  R     AO21X1         5  9.5    68    66    1020    (-,-) 
  core_g159825/Y                 -       B->Y   R     OR2X1          3  5.8    42    45    1065    (-,-) 
  core_g159806/Y                 -       B->Y   F     NOR2X1         4  7.3    71    44    1109    (-,-) 
  core_g159741/Y                 -       B->Y   F     AND2X2        26 40.0   143   110    1219    (-,-) 
  core_drc_bufs161157/Y          -       A->Y   R     INVX1          4  7.9    80    76    1295    (-,-) 
  core_g250024/Y                 -       A->Y   F     INVX1          6  9.9    80    64    1359    (-,-) 
  core_g248908/Y                 -       A1N->Y F     OAI2BB1X1      4  7.3    96    79    1438    (-,-) 
  core_g248409/Y                 -       AN->Y  F     NOR2BX1        1  2.8    31    40    1478    (-,-) 
  core_g244392/Y                 -       A1->Y  R     OAI21X1        2  4.4    70    52    1530    (-,-) 
  core_g244071/Y                 -       C0->Y  F     OAI211X1       1  2.7    72    67    1596    (-,-) 
  core_g243504/Y                 -       AN->Y  F     NAND3BX1       3  5.7   120    93    1689    (-,-) 
  core_g242509/Y                 -       A1->Y  R     OAI22X1        1  2.7    71    72    1762    (-,-) 
  core_litespiphy_state_reg[1]/D -       -      R     DFFX1          1    -     -     0    1762    (-,-) 
#--------------------------------------------------------------------------------------------------------



Path 25: MET (2195 ps) Setup Check with Pin core_picorv32_reg_op1_reg[27]/CK->D
          Group: C2C
     Startpoint: (R) core_picorv32_reg_op1_reg[0]/CK
          Clock: (R) myclock
       Endpoint: (F) core_picorv32_reg_op1_reg[27]/D
          Clock: (R) myclock

                     Capture       Launch     
        Clock Edge:+    4000            0     
       Src Latency:+       0            0     
       Net Latency:+       0 (I)        0 (I) 
           Arrival:=    4000            0     
                                              
             Setup:-      25                  
       Uncertainty:-      20                  
     Required Time:=    3955                  
      Launch Clock:-       0                  
         Data Path:-    1760                  
             Slack:=    2195                  

#-----------------------------------------------------------------------------------------------------------
#           Timing Point            Flags    Arc   Edge   Cell     Fanout Load Trans Delay Arrival Instance 
#                                                                         (fF)  (ps)  (ps)   (ps)  Location 
#-----------------------------------------------------------------------------------------------------------
  core_picorv32_reg_op1_reg[0]/CK   -       -      R     (arrival)   3708    -     0     0       0    (-,-) 
  core_picorv32_reg_op1_reg[0]/Q    -       CK->Q  F     DFFHQX1        9 16.4   109   106     106    (-,-) 
  core_picorv32_add_1864_26_g781/CO -       B->CO  F     ADDHX1         1  3.1    24    43     149    (-,-) 
  core_picorv32_add_1864_26_g780/CO -       CI->CO F     ADDFX1         1  3.1    28    54     204    (-,-) 
  core_picorv32_add_1864_26_g779/CO -       CI->CO F     ADDFX1         1  3.1    28    55     259    (-,-) 
  core_picorv32_add_1864_26_g778/CO -       CI->CO F     ADDFX1         1  3.1    28    55     314    (-,-) 
  core_picorv32_add_1864_26_g777/CO -       CI->CO F     ADDFX1         1  3.1    28    55     370    (-,-) 
  core_picorv32_add_1864_26_g776/CO -       CI->CO F     ADDFX1         1  3.1    28    55     425    (-,-) 
  core_picorv32_add_1864_26_g775/CO -       CI->CO F     ADDFX1         1  3.1    28    55     481    (-,-) 
  core_picorv32_add_1864_26_g774/CO -       CI->CO F     ADDFX1         1  3.1    28    55     536    (-,-) 
  core_picorv32_add_1864_26_g773/CO -       CI->CO F     ADDFX1         1  3.1    28    55     591    (-,-) 
  core_picorv32_add_1864_26_g772/CO -       CI->CO F     ADDFX1         1  3.1    28    55     647    (-,-) 
  core_picorv32_add_1864_26_g771/CO -       CI->CO F     ADDFX1         1  3.1    28    55     702    (-,-) 
  core_picorv32_add_1864_26_g770/CO -       CI->CO F     ADDFX1         1  3.1    28    55     758    (-,-) 
  core_picorv32_add_1864_26_g769/CO -       CI->CO F     ADDFX1         1  3.1    28    55     813    (-,-) 
  core_picorv32_add_1864_26_g768/CO -       CI->CO F     ADDFX1         1  3.1    28    55     868    (-,-) 
  core_picorv32_add_1864_26_g767/CO -       CI->CO F     ADDFX1         1  3.1    28    55     924    (-,-) 
  core_picorv32_add_1864_26_g766/CO -       CI->CO F     ADDFX1         1  3.1    28    55     979    (-,-) 
  core_picorv32_add_1864_26_g765/CO -       CI->CO F     ADDFX1         1  3.1    28    55    1035    (-,-) 
  core_picorv32_add_1864_26_g764/CO -       CI->CO F     ADDFX1         1  3.1    28    55    1090    (-,-) 
  core_picorv32_add_1864_26_g763/CO -       CI->CO F     ADDFX1         1  3.1    28    55    1145    (-,-) 
  core_picorv32_add_1864_26_g762/CO -       CI->CO F     ADDFX1         1  3.1    28    55    1201    (-,-) 
  core_picorv32_add_1864_26_g761/CO -       CI->CO F     ADDFX1         1  3.1    28    55    1256    (-,-) 
  core_picorv32_add_1864_26_g760/CO -       CI->CO F     ADDFX1         1  3.1    28    55    1312    (-,-) 
  core_picorv32_add_1864_26_g759/CO -       CI->CO F     ADDFX1         1  3.1    28    55    1367    (-,-) 
  core_picorv32_add_1864_26_g758/CO -       CI->CO F     ADDFX1         1  3.1    28    55    1422    (-,-) 
  core_picorv32_add_1864_26_g757/CO -       CI->CO F     ADDFX1         1  3.1    28    55    1478    (-,-) 
  core_picorv32_add_1864_26_g756/CO -       CI->CO F     ADDFX1         1  3.1    28    55    1533    (-,-) 
  core_picorv32_add_1864_26_g755/CO -       CI->CO F     ADDFX1         1  3.1    28    55    1589    (-,-) 
  core_picorv32_add_1864_26_g754/S  -       CI->S  F     ADDFX1         1  2.8    26    63    1651    (-,-) 
  core_g242535/Y                    -       A1->Y  R     AOI22X1        1  2.9    65    44    1695    (-,-) 
  core_g242007/Y                    -       C0->Y  F     OAI211X1       1  2.7    72    65    1760    (-,-) 
  core_picorv32_reg_op1_reg[27]/D   -       -      F     DFFX1          1    -     -     0    1760    (-,-) 
#-----------------------------------------------------------------------------------------------------------



Path 26: MET (2219 ps) Setup Check with Pin core_interface6_bank_bus_dat_r_reg[13]/CK->D
          Group: C2C
     Startpoint: (R) core_grant_reg/CK
          Clock: (R) myclock
       Endpoint: (F) core_interface6_bank_bus_dat_r_reg[13]/D
          Clock: (R) myclock

                     Capture       Launch     
        Clock Edge:+    4000            0     
       Src Latency:+       0            0     
       Net Latency:+       0 (I)        0 (I) 
           Arrival:=    4000            0     
                                              
             Setup:-      26                  
       Uncertainty:-      20                  
     Required Time:=    3954                  
      Launch Clock:-       0                  
         Data Path:-    1735                  
             Slack:=    2219                  

#-----------------------------------------------------------------------------------------------------------------
#              Timing Point                Flags   Arc   Edge   Cell     Fanout Load Trans Delay Arrival Instance 
#                                                                               (fF)  (ps)  (ps)   (ps)  Location 
#-----------------------------------------------------------------------------------------------------------------
  core_grant_reg/CK                        -       -     R     (arrival)   3708    -     0     0       0    (-,-) 
  core_grant_reg/Q                         -       CK->Q F     DFFHQX1        8 14.9   100   101     101    (-,-) 
  core_g160524/Y                           -       S0->Y F     CLKMX2X4       6 60.0   123   129     230    (-,-) 
  core_g160152/Y                           -       C->Y  R     NOR3X1         2  4.4   106    96     325    (-,-) 
  core_g160130/Y                           -       A->Y  F     INVX1          1  2.6    38    46     372    (-,-) 
  core_g159979/Y                           -       D->Y  F     OR4X1          1  2.8    29    66     437    (-,-) 
  core_g159920/Y                           -       D->Y  R     NOR4X1         2  4.4   135    84     521    (-,-) 
  core_g159876/Y                           -       D->Y  F     NAND4X1        2  4.4   134   118     639    (-,-) 
  core_g159867/Y                           -       B->Y  R     NOR2X1         1  2.7    58    69     708    (-,-) 
  core_g159866/Y                           -       A->Y  R     AND2X1         6 11.5    81    74     782    (-,-) 
  core_g159850/Y                           -       B->Y  F     NAND2X1        4  7.4   106    84     865    (-,-) 
  core_g159836/Y                           -       B->Y  F     AND2X1         5  9.4    64    68     933    (-,-) 
  core_g159817/Y                           -       B->Y  R     NAND2X2        8 14.6    71    48     982    (-,-) 
  core_g159811/Y                           -       A->Y  F     INVX1         10 16.9   124    87    1069    (-,-) 
  core_g159744/Y                           -       A->Y  F     AND2X4        34 54.7   108   106    1174    (-,-) 
  core_g159598/Y                           -       B1->Y R     AOI22X1        1  2.9    64    66    1241    (-,-) 
  core_g159417/Y                           -       B->Y  F     NAND2X1        1  2.8    48    47    1287    (-,-) 
  core_g159332/Y                           -       C0->Y R     AOI221X1       1  2.9    80    64    1351    (-,-) 
  core_g159301/Y                           -       C0->Y F     OAI221X1       1  2.8    82    78    1428    (-,-) 
  core_g159234/Y                           -       C0->Y R     AOI221X1       1  2.9    84    75    1503    (-,-) 
  core_g159204/Y                           -       C0->Y F     OAI221X1       1  2.8    82    78    1582    (-,-) 
  core_g159176/Y                           -       C0->Y R     AOI221X1       1  2.9    84    75    1656    (-,-) 
  core_g159147/Y                           -       C0->Y F     OAI221X1       1  2.8    82    78    1735    (-,-) 
  core_interface6_bank_bus_dat_r_reg[13]/D -       -     F     DFFHQX1        1    -     -     0    1735    (-,-) 
#-----------------------------------------------------------------------------------------------------------------



Path 27: MET (2219 ps) Setup Check with Pin core_interface6_bank_bus_dat_r_reg[14]/CK->D
          Group: C2C
     Startpoint: (R) core_grant_reg/CK
          Clock: (R) myclock
       Endpoint: (F) core_interface6_bank_bus_dat_r_reg[14]/D
          Clock: (R) myclock

                     Capture       Launch     
        Clock Edge:+    4000            0     
       Src Latency:+       0            0     
       Net Latency:+       0 (I)        0 (I) 
           Arrival:=    4000            0     
                                              
             Setup:-      26                  
       Uncertainty:-      20                  
     Required Time:=    3954                  
      Launch Clock:-       0                  
         Data Path:-    1735                  
             Slack:=    2219                  

#-----------------------------------------------------------------------------------------------------------------
#              Timing Point                Flags   Arc   Edge   Cell     Fanout Load Trans Delay Arrival Instance 
#                                                                               (fF)  (ps)  (ps)   (ps)  Location 
#-----------------------------------------------------------------------------------------------------------------
  core_grant_reg/CK                        -       -     R     (arrival)   3708    -     0     0       0    (-,-) 
  core_grant_reg/Q                         -       CK->Q F     DFFHQX1        8 14.9   100   101     101    (-,-) 
  core_g160524/Y                           -       S0->Y F     CLKMX2X4       6 60.0   123   129     230    (-,-) 
  core_g160152/Y                           -       C->Y  R     NOR3X1         2  4.4   106    96     325    (-,-) 
  core_g160130/Y                           -       A->Y  F     INVX1          1  2.6    38    46     372    (-,-) 
  core_g159979/Y                           -       D->Y  F     OR4X1          1  2.8    29    66     437    (-,-) 
  core_g159920/Y                           -       D->Y  R     NOR4X1         2  4.4   135    84     521    (-,-) 
  core_g159876/Y                           -       D->Y  F     NAND4X1        2  4.4   134   118     639    (-,-) 
  core_g159867/Y                           -       B->Y  R     NOR2X1         1  2.7    58    69     708    (-,-) 
  core_g159866/Y                           -       A->Y  R     AND2X1         6 11.5    81    74     782    (-,-) 
  core_g159850/Y                           -       B->Y  F     NAND2X1        4  7.4   106    84     865    (-,-) 
  core_g159836/Y                           -       B->Y  F     AND2X1         5  9.4    64    68     933    (-,-) 
  core_g159817/Y                           -       B->Y  R     NAND2X2        8 14.6    71    48     982    (-,-) 
  core_g159811/Y                           -       A->Y  F     INVX1         10 16.9   124    87    1069    (-,-) 
  core_g159744/Y                           -       A->Y  F     AND2X4        34 54.7   108   106    1174    (-,-) 
  core_g159600/Y                           -       B1->Y R     AOI22X1        1  2.9    64    66    1241    (-,-) 
  core_g159418/Y                           -       A->Y  F     NAND2X1        1  2.8    48    47    1287    (-,-) 
  core_g159333/Y                           -       C0->Y R     AOI221X1       1  2.9    80    63    1351    (-,-) 
  core_g159302/Y                           -       C0->Y F     OAI221X1       1  2.8    82    78    1428    (-,-) 
  core_g159235/Y                           -       C0->Y R     AOI221X1       1  2.9    84    75    1503    (-,-) 
  core_g159205/Y                           -       C0->Y F     OAI221X1       1  2.8    82    78    1581    (-,-) 
  core_g159177/Y                           -       C0->Y R     AOI221X1       1  2.9    84    75    1656    (-,-) 
  core_g159148/Y                           -       C0->Y F     OAI221X1       1  2.8    82    78    1735    (-,-) 
  core_interface6_bank_bus_dat_r_reg[14]/D -       -     F     DFFHQX1        1    -     -     0    1735    (-,-) 
#-----------------------------------------------------------------------------------------------------------------



Path 28: MET (2224 ps) Setup Check with Pin core_mgmtsoc_value_reg[31]/CK->D
          Group: C2C
     Startpoint: (R) core_mgmtsoc_value_reg[0]/CK
          Clock: (R) myclock
       Endpoint: (F) core_mgmtsoc_value_reg[31]/D
          Clock: (R) myclock

                     Capture       Launch     
        Clock Edge:+    4000            0     
       Src Latency:+       0            0     
       Net Latency:+       0 (I)        0 (I) 
           Arrival:=    4000            0     
                                              
             Setup:-      20                  
       Uncertainty:-      20                  
     Required Time:=    3960                  
      Launch Clock:-       0                  
         Data Path:-    1736                  
             Slack:=    2224                  

#-----------------------------------------------------------------------------------------------------
#        Timing Point          Flags   Arc   Edge   Cell     Fanout Load Trans Delay Arrival Instance 
#                                                                   (fF)  (ps)  (ps)   (ps)  Location 
#-----------------------------------------------------------------------------------------------------
  core_mgmtsoc_value_reg[0]/CK -       -     R     (arrival)   3708    -     0     0       0    (-,-) 
  core_mgmtsoc_value_reg[0]/Q  -       CK->Q F     DFFHQX1        5  8.8    60    79      79    (-,-) 
  core_dec_sub_7747_45_g840/Y  -       A->Y  F     OR2X1          3  5.6    41    56     135    (-,-) 
  core_dec_sub_7747_45_g838/Y  -       B->Y  F     OR2X1          3  5.6    40    51     186    (-,-) 
  core_dec_sub_7747_45_g836/Y  -       B->Y  F     OR2X1          3  5.6    40    51     237    (-,-) 
  core_dec_sub_7747_45_g834/Y  -       B->Y  F     OR2X1          3  5.6    40    51     288    (-,-) 
  core_dec_sub_7747_45_g832/Y  -       B->Y  F     OR2X1          3  5.6    40    51     338    (-,-) 
  core_dec_sub_7747_45_g830/Y  -       B->Y  F     OR2X1          3  5.6    40    51     389    (-,-) 
  core_dec_sub_7747_45_g828/Y  -       B->Y  F     OR2X1          3  5.6    40    51     440    (-,-) 
  core_dec_sub_7747_45_g826/Y  -       B->Y  F     OR2X1          3  5.6    40    51     491    (-,-) 
  core_dec_sub_7747_45_g824/Y  -       B->Y  F     OR2X1          3  5.6    40    51     542    (-,-) 
  core_dec_sub_7747_45_g822/Y  -       B->Y  F     OR2X1          3  5.6    40    51     592    (-,-) 
  core_dec_sub_7747_45_g820/Y  -       B->Y  F     OR2X1          3  5.6    40    51     643    (-,-) 
  core_dec_sub_7747_45_g818/Y  -       B->Y  F     OR2X1          3  5.6    40    51     694    (-,-) 
  core_dec_sub_7747_45_g816/Y  -       B->Y  F     OR2X1          3  5.6    40    51     745    (-,-) 
  core_dec_sub_7747_45_g814/Y  -       B->Y  F     OR2X1          3  5.6    40    51     796    (-,-) 
  core_dec_sub_7747_45_g812/Y  -       B->Y  F     OR2X1          3  5.6    40    51     846    (-,-) 
  core_dec_sub_7747_45_g810/Y  -       B->Y  F     OR2X1          3  5.6    40    51     897    (-,-) 
  core_dec_sub_7747_45_g808/Y  -       B->Y  F     OR2X1          3  5.6    40    51     948    (-,-) 
  core_dec_sub_7747_45_g806/Y  -       B->Y  F     OR2X1          3  5.6    40    51     999    (-,-) 
  core_dec_sub_7747_45_g804/Y  -       B->Y  F     OR2X1          3  5.6    40    51    1050    (-,-) 
  core_dec_sub_7747_45_g802/Y  -       B->Y  F     OR2X1          3  5.6    40    51    1100    (-,-) 
  core_dec_sub_7747_45_g800/Y  -       B->Y  F     OR2X1          3  5.6    40    51    1151    (-,-) 
  core_dec_sub_7747_45_g798/Y  -       B->Y  F     OR2X1          3  5.6    40    51    1202    (-,-) 
  core_dec_sub_7747_45_g796/Y  -       B->Y  F     OR2X1          3  5.6    40    51    1253    (-,-) 
  core_dec_sub_7747_45_g794/Y  -       B->Y  F     OR2X1          3  5.6    40    51    1304    (-,-) 
  core_dec_sub_7747_45_g792/Y  -       B->Y  F     OR2X1          3  5.6    40    51    1354    (-,-) 
  core_dec_sub_7747_45_g790/Y  -       B->Y  F     OR2X1          3  5.6    40    51    1405    (-,-) 
  core_dec_sub_7747_45_g788/Y  -       B->Y  F     OR2X1          3  5.6    40    51    1456    (-,-) 
  core_dec_sub_7747_45_g786/Y  -       B->Y  F     OR2X1          3  5.6    40    51    1507    (-,-) 
  core_dec_sub_7747_45_g784/Y  -       B->Y  F     OR2X1          3  5.6    40    51    1558    (-,-) 
  core_dec_sub_7747_45_g782/Y  -       B->Y  F     OR2X1          2  4.5    33    47    1604    (-,-) 
  core_dec_sub_7747_45_g780/Y  -       B->Y  F     XNOR2X1        1  2.8    23    43    1647    (-,-) 
  core_g248192/Y               -       A1->Y R     AOI22X1        1  2.9    61    43    1690    (-,-) 
  core_g246995/Y               -       B0->Y F     OAI2BB1X1      1  2.8    46    46    1736    (-,-) 
  core_mgmtsoc_value_reg[31]/D -       -     F     DFFHQX1        1    -     -     0    1736    (-,-) 
#-----------------------------------------------------------------------------------------------------



Path 29: MET (2228 ps) Setup Check with Pin core_picorv32_reg_next_pc_reg[24]/CK->D
          Group: C2C
     Startpoint: (R) core_picorv32_latched_branch_reg/CK
          Clock: (R) myclock
       Endpoint: (R) core_picorv32_reg_next_pc_reg[24]/D
          Clock: (R) myclock

                     Capture       Launch     
        Clock Edge:+    4000            0     
       Src Latency:+       0            0     
       Net Latency:+       0 (I)        0 (I) 
           Arrival:=    4000            0     
                                              
             Setup:-      26                  
       Uncertainty:-      20                  
     Required Time:=    3954                  
      Launch Clock:-       0                  
         Data Path:-    1726                  
             Slack:=    2228                  

#-------------------------------------------------------------------------------------------------------------
#            Timing Point             Flags    Arc   Edge   Cell     Fanout Load Trans Delay Arrival Instance 
#                                                                           (fF)  (ps)  (ps)   (ps)  Location 
#-------------------------------------------------------------------------------------------------------------
  core_picorv32_latched_branch_reg/CK -       -      R     (arrival)   3708    -     0     0       0    (-,-) 
  core_picorv32_latched_branch_reg/Q  -       CK->Q  R     DFFQX4        33 50.6    91   100     100    (-,-) 
  core_g160823/Y                      -       B->Y   F     NAND2X1        4  8.5   119    94     194    (-,-) 
  core_g160538/Y                      -       B0->Y  F     OA21X4        30 42.7    90    94     288    (-,-) 
  core_g159914/Y                      -       B1->Y  F     AO22X1         3  6.5    48    71     359    (-,-) 
  core_picorv32_add_1564_33_g748/CO   -       B->CO  F     ADDFX1         1  3.1    28    61     420    (-,-) 
  core_picorv32_add_1564_33_g747/CO   -       CI->CO F     ADDFX1         1  3.1    28    55     475    (-,-) 
  core_picorv32_add_1564_33_g746/CO   -       CI->CO F     ADDFX1         1  3.1    28    55     531    (-,-) 
  core_picorv32_add_1564_33_g745/CO   -       CI->CO F     ADDFX1         1  3.1    28    56     586    (-,-) 
  core_picorv32_add_1564_33_g744/CO   -       CI->CO F     ADDFX1         1  3.1    28    55     642    (-,-) 
  core_picorv32_add_1564_33_g743/CO   -       CI->CO F     ADDFX1         1  3.1    28    55     697    (-,-) 
  core_picorv32_add_1564_33_g742/CO   -       CI->CO F     ADDFX1         1  3.1    28    55     752    (-,-) 
  core_picorv32_add_1564_33_g741/CO   -       CI->CO F     ADDFX1         1  3.1    28    55     808    (-,-) 
  core_picorv32_add_1564_33_g740/CO   -       CI->CO F     ADDFX1         1  3.1    28    55     863    (-,-) 
  core_picorv32_add_1564_33_g739/CO   -       CI->CO F     ADDFX1         1  3.1    28    55     919    (-,-) 
  core_picorv32_add_1564_33_g738/CO   -       CI->CO F     ADDFX1         1  3.1    28    55     974    (-,-) 
  core_picorv32_add_1564_33_g737/CO   -       CI->CO F     ADDFX1         1  3.1    28    55    1029    (-,-) 
  core_picorv32_add_1564_33_g736/CO   -       CI->CO F     ADDFX1         1  3.1    28    55    1085    (-,-) 
  core_picorv32_add_1564_33_g735/CO   -       CI->CO F     ADDFX1         1  3.1    28    55    1140    (-,-) 
  core_picorv32_add_1564_33_g734/CO   -       CI->CO F     ADDFX1         1  3.1    28    55    1196    (-,-) 
  core_picorv32_add_1564_33_g733/CO   -       CI->CO F     ADDFX1         1  3.1    28    55    1251    (-,-) 
  core_picorv32_add_1564_33_g732/CO   -       CI->CO F     ADDFX1         1  3.1    28    55    1306    (-,-) 
  core_picorv32_add_1564_33_g731/CO   -       CI->CO F     ADDFX1         1  3.1    28    55    1362    (-,-) 
  core_picorv32_add_1564_33_g730/CO   -       CI->CO F     ADDFX1         1  3.1    28    55    1417    (-,-) 
  core_picorv32_add_1564_33_g729/CO   -       CI->CO F     ADDFX1         1  3.1    28    55    1473    (-,-) 
  core_picorv32_add_1564_33_g728/CO   -       CI->CO F     ADDFX1         1  3.1    28    55    1528    (-,-) 
  core_picorv32_add_1564_33_g727/CO   -       CI->CO F     ADDFX1         1  3.1    28    55    1583    (-,-) 
  core_picorv32_add_1564_33_g726/S    -       CI->S  R     ADDFX1         1  2.9    26    74    1658    (-,-) 
  core_g246384/Y                      -       B1->Y  F     AOI22X1        1  2.8    61    35    1693    (-,-) 
  core_g244669/Y                      -       B->Y   R     NAND2X1        1  2.8    34    33    1726    (-,-) 
  core_picorv32_reg_next_pc_reg[24]/D -       -      R     DFFHQX1        1    -     -     0    1726    (-,-) 
#-------------------------------------------------------------------------------------------------------------



Path 30: MET (2231 ps) Setup Check with Pin core_picorv32_reg_out_reg[29]/CK->D
          Group: C2C
     Startpoint: (R) core_picorv32_reg_pc_reg[2]/CK
          Clock: (R) myclock
       Endpoint: (F) core_picorv32_reg_out_reg[29]/D
          Clock: (R) myclock

                     Capture       Launch     
        Clock Edge:+    4000            0     
       Src Latency:+       0            0     
       Net Latency:+       0 (I)        0 (I) 
           Arrival:=    4000            0     
                                              
             Setup:-      24                  
       Uncertainty:-      20                  
     Required Time:=    3956                  
      Launch Clock:-       0                  
         Data Path:-    1725                  
             Slack:=    2231                  

#-----------------------------------------------------------------------------------------------------------
#           Timing Point            Flags    Arc   Edge   Cell     Fanout Load Trans Delay Arrival Instance 
#                                                                         (fF)  (ps)  (ps)   (ps)  Location 
#-----------------------------------------------------------------------------------------------------------
  core_picorv32_reg_pc_reg[2]/CK    -       -      R     (arrival)   3708    -     0     0       0    (-,-) 
  core_picorv32_reg_pc_reg[2]/Q     -       CK->Q  F     DFFHQX1        5  9.5    64    82      82    (-,-) 
  core_picorv32_add_1801_23_g731/CO -       A->CO  F     ADDHX1         1  3.1    23    38     120    (-,-) 
  core_picorv32_add_1801_23_g730/CO -       CI->CO F     ADDFX1         1  3.1    28    54     174    (-,-) 
  core_picorv32_add_1801_23_g729/CO -       CI->CO F     ADDFX1         1  3.1    28    55     230    (-,-) 
  core_picorv32_add_1801_23_g728/CO -       CI->CO F     ADDFX1         1  3.1    28    55     285    (-,-) 
  core_picorv32_add_1801_23_g727/CO -       CI->CO F     ADDFX1         1  3.1    28    55     341    (-,-) 
  core_picorv32_add_1801_23_g726/CO -       CI->CO F     ADDFX1         1  3.1    28    55     396    (-,-) 
  core_picorv32_add_1801_23_g725/CO -       CI->CO F     ADDFX1         1  3.1    28    55     451    (-,-) 
  core_picorv32_add_1801_23_g724/CO -       CI->CO F     ADDFX1         1  3.1    28    55     507    (-,-) 
  core_picorv32_add_1801_23_g723/CO -       CI->CO F     ADDFX1         1  3.1    28    55     562    (-,-) 
  core_picorv32_add_1801_23_g722/CO -       CI->CO F     ADDFX1         1  3.1    28    55     618    (-,-) 
  core_picorv32_add_1801_23_g721/CO -       CI->CO F     ADDFX1         1  3.1    28    55     673    (-,-) 
  core_picorv32_add_1801_23_g720/CO -       CI->CO F     ADDFX1         1  3.1    28    55     728    (-,-) 
  core_picorv32_add_1801_23_g719/CO -       CI->CO F     ADDFX1         1  3.1    28    55     784    (-,-) 
  core_picorv32_add_1801_23_g718/CO -       CI->CO F     ADDFX1         1  3.1    28    55     839    (-,-) 
  core_picorv32_add_1801_23_g717/CO -       CI->CO F     ADDFX1         1  3.1    28    55     895    (-,-) 
  core_picorv32_add_1801_23_g716/CO -       CI->CO F     ADDFX1         1  3.1    28    55     950    (-,-) 
  core_picorv32_add_1801_23_g715/CO -       CI->CO F     ADDFX1         1  3.1    28    55    1005    (-,-) 
  core_picorv32_add_1801_23_g714/CO -       CI->CO F     ADDFX1         1  3.1    28    55    1061    (-,-) 
  core_picorv32_add_1801_23_g713/CO -       CI->CO F     ADDFX1         1  3.1    28    55    1116    (-,-) 
  core_picorv32_add_1801_23_g712/CO -       CI->CO F     ADDFX1         1  3.1    28    55    1172    (-,-) 
  core_picorv32_add_1801_23_g711/CO -       CI->CO F     ADDFX1         1  3.1    28    55    1227    (-,-) 
  core_picorv32_add_1801_23_g710/CO -       CI->CO F     ADDFX1         1  3.1    28    55    1282    (-,-) 
  core_picorv32_add_1801_23_g709/CO -       CI->CO F     ADDFX1         1  3.1    28    55    1338    (-,-) 
  core_picorv32_add_1801_23_g708/CO -       CI->CO F     ADDFX1         1  3.1    28    55    1393    (-,-) 
  core_picorv32_add_1801_23_g707/CO -       CI->CO F     ADDFX1         1  3.1    28    55    1449    (-,-) 
  core_picorv32_add_1801_23_g706/CO -       CI->CO F     ADDFX1         1  3.1    28    55    1504    (-,-) 
  core_picorv32_add_1801_23_g705/CO -       CI->CO F     ADDFX1         1  3.1    28    55    1559    (-,-) 
  core_picorv32_add_1801_23_g704/S  -       CI->S  F     ADDFX1         1  2.8    26    63    1622    (-,-) 
  core_g245863/Y                    -       A1->Y  R     AOI22X1        1  2.9    65    43    1665    (-,-) 
  core_g242412/Y                    -       C->Y   F     NAND3X1        1  2.8    69    60    1725    (-,-) 
  core_picorv32_reg_out_reg[29]/D   -       -      F     DFFHQX1        1    -     -     0    1725    (-,-) 
#-----------------------------------------------------------------------------------------------------------



Path 31: MET (2244 ps) Setup Check with Pin core_mgmtsoc_value_reg[30]/CK->D
          Group: C2C
     Startpoint: (R) core_mgmtsoc_value_reg[0]/CK
          Clock: (R) myclock
       Endpoint: (R) core_mgmtsoc_value_reg[30]/D
          Clock: (R) myclock

                     Capture       Launch     
        Clock Edge:+    4000            0     
       Src Latency:+       0            0     
       Net Latency:+       0 (I)        0 (I) 
           Arrival:=    4000            0     
                                              
             Setup:-      26                  
       Uncertainty:-      20                  
     Required Time:=    3954                  
      Launch Clock:-       0                  
         Data Path:-    1710                  
             Slack:=    2244                  

#-----------------------------------------------------------------------------------------------------
#        Timing Point          Flags   Arc   Edge   Cell     Fanout Load Trans Delay Arrival Instance 
#                                                                   (fF)  (ps)  (ps)   (ps)  Location 
#-----------------------------------------------------------------------------------------------------
  core_mgmtsoc_value_reg[0]/CK -       -     R     (arrival)   3708    -     0     0       0    (-,-) 
  core_mgmtsoc_value_reg[0]/Q  -       CK->Q F     DFFHQX1        5  8.8    60    79      79    (-,-) 
  core_dec_sub_7747_45_g840/Y  -       A->Y  F     OR2X1          3  5.6    41    56     135    (-,-) 
  core_dec_sub_7747_45_g838/Y  -       B->Y  F     OR2X1          3  5.6    40    51     186    (-,-) 
  core_dec_sub_7747_45_g836/Y  -       B->Y  F     OR2X1          3  5.6    40    51     237    (-,-) 
  core_dec_sub_7747_45_g834/Y  -       B->Y  F     OR2X1          3  5.6    40    51     288    (-,-) 
  core_dec_sub_7747_45_g832/Y  -       B->Y  F     OR2X1          3  5.6    40    51     338    (-,-) 
  core_dec_sub_7747_45_g830/Y  -       B->Y  F     OR2X1          3  5.6    40    51     389    (-,-) 
  core_dec_sub_7747_45_g828/Y  -       B->Y  F     OR2X1          3  5.6    40    51     440    (-,-) 
  core_dec_sub_7747_45_g826/Y  -       B->Y  F     OR2X1          3  5.6    40    51     491    (-,-) 
  core_dec_sub_7747_45_g824/Y  -       B->Y  F     OR2X1          3  5.6    40    51     542    (-,-) 
  core_dec_sub_7747_45_g822/Y  -       B->Y  F     OR2X1          3  5.6    40    51     592    (-,-) 
  core_dec_sub_7747_45_g820/Y  -       B->Y  F     OR2X1          3  5.6    40    51     643    (-,-) 
  core_dec_sub_7747_45_g818/Y  -       B->Y  F     OR2X1          3  5.6    40    51     694    (-,-) 
  core_dec_sub_7747_45_g816/Y  -       B->Y  F     OR2X1          3  5.6    40    51     745    (-,-) 
  core_dec_sub_7747_45_g814/Y  -       B->Y  F     OR2X1          3  5.6    40    51     796    (-,-) 
  core_dec_sub_7747_45_g812/Y  -       B->Y  F     OR2X1          3  5.6    40    51     846    (-,-) 
  core_dec_sub_7747_45_g810/Y  -       B->Y  F     OR2X1          3  5.6    40    51     897    (-,-) 
  core_dec_sub_7747_45_g808/Y  -       B->Y  F     OR2X1          3  5.6    40    51     948    (-,-) 
  core_dec_sub_7747_45_g806/Y  -       B->Y  F     OR2X1          3  5.6    40    51     999    (-,-) 
  core_dec_sub_7747_45_g804/Y  -       B->Y  F     OR2X1          3  5.6    40    51    1050    (-,-) 
  core_dec_sub_7747_45_g802/Y  -       B->Y  F     OR2X1          3  5.6    40    51    1100    (-,-) 
  core_dec_sub_7747_45_g800/Y  -       B->Y  F     OR2X1          3  5.6    40    51    1151    (-,-) 
  core_dec_sub_7747_45_g798/Y  -       B->Y  F     OR2X1          3  5.6    40    51    1202    (-,-) 
  core_dec_sub_7747_45_g796/Y  -       B->Y  F     OR2X1          3  5.6    40    51    1253    (-,-) 
  core_dec_sub_7747_45_g794/Y  -       B->Y  F     OR2X1          3  5.6    40    51    1304    (-,-) 
  core_dec_sub_7747_45_g792/Y  -       B->Y  F     OR2X1          3  5.6    40    51    1354    (-,-) 
  core_dec_sub_7747_45_g790/Y  -       B->Y  F     OR2X1          3  5.6    40    51    1405    (-,-) 
  core_dec_sub_7747_45_g788/Y  -       B->Y  F     OR2X1          3  5.6    40    51    1456    (-,-) 
  core_dec_sub_7747_45_g786/Y  -       B->Y  F     OR2X1          3  5.6    40    51    1507    (-,-) 
  core_dec_sub_7747_45_g784/Y  -       B->Y  F     OR2X1          3  5.6    40    51    1558    (-,-) 
  core_dec_sub_7747_45_g782/Y  -       B->Y  F     OR2X1          2  4.5    33    47    1604    (-,-) 
  core_dec_sub_7747_45_g781/Y  -       B0->Y R     OAI2BB1X1      1  2.9    29    27    1631    (-,-) 
  core_g248191/Y               -       A1->Y F     AOI22X1        1  2.8    61    44    1676    (-,-) 
  core_g246994/Y               -       B0->Y R     OAI2BB1X1      1  2.8    34    35    1710    (-,-) 
  core_mgmtsoc_value_reg[30]/D -       -     R     DFFHQX1        1    -     -     0    1710    (-,-) 
#-----------------------------------------------------------------------------------------------------



Path 32: MET (2250 ps) Setup Check with Pin core_picorv32_reg_op1_reg[26]/CK->D
          Group: C2C
     Startpoint: (R) core_picorv32_reg_op1_reg[0]/CK
          Clock: (R) myclock
       Endpoint: (F) core_picorv32_reg_op1_reg[26]/D
          Clock: (R) myclock

                     Capture       Launch     
        Clock Edge:+    4000            0     
       Src Latency:+       0            0     
       Net Latency:+       0 (I)        0 (I) 
           Arrival:=    4000            0     
                                              
             Setup:-      25                  
       Uncertainty:-      20                  
     Required Time:=    3955                  
      Launch Clock:-       0                  
         Data Path:-    1706                  
             Slack:=    2250                  

#-----------------------------------------------------------------------------------------------------------
#           Timing Point            Flags    Arc   Edge   Cell     Fanout Load Trans Delay Arrival Instance 
#                                                                         (fF)  (ps)  (ps)   (ps)  Location 
#-----------------------------------------------------------------------------------------------------------
  core_picorv32_reg_op1_reg[0]/CK   -       -      R     (arrival)   3708    -     0     0       0    (-,-) 
  core_picorv32_reg_op1_reg[0]/Q    -       CK->Q  F     DFFHQX1        9 16.4   109   106     106    (-,-) 
  core_picorv32_add_1864_26_g781/CO -       B->CO  F     ADDHX1         1  3.1    24    43     149    (-,-) 
  core_picorv32_add_1864_26_g780/CO -       CI->CO F     ADDFX1         1  3.1    28    54     204    (-,-) 
  core_picorv32_add_1864_26_g779/CO -       CI->CO F     ADDFX1         1  3.1    28    55     259    (-,-) 
  core_picorv32_add_1864_26_g778/CO -       CI->CO F     ADDFX1         1  3.1    28    55     314    (-,-) 
  core_picorv32_add_1864_26_g777/CO -       CI->CO F     ADDFX1         1  3.1    28    55     370    (-,-) 
  core_picorv32_add_1864_26_g776/CO -       CI->CO F     ADDFX1         1  3.1    28    55     425    (-,-) 
  core_picorv32_add_1864_26_g775/CO -       CI->CO F     ADDFX1         1  3.1    28    55     481    (-,-) 
  core_picorv32_add_1864_26_g774/CO -       CI->CO F     ADDFX1         1  3.1    28    55     536    (-,-) 
  core_picorv32_add_1864_26_g773/CO -       CI->CO F     ADDFX1         1  3.1    28    55     591    (-,-) 
  core_picorv32_add_1864_26_g772/CO -       CI->CO F     ADDFX1         1  3.1    28    55     647    (-,-) 
  core_picorv32_add_1864_26_g771/CO -       CI->CO F     ADDFX1         1  3.1    28    55     702    (-,-) 
  core_picorv32_add_1864_26_g770/CO -       CI->CO F     ADDFX1         1  3.1    28    55     758    (-,-) 
  core_picorv32_add_1864_26_g769/CO -       CI->CO F     ADDFX1         1  3.1    28    55     813    (-,-) 
  core_picorv32_add_1864_26_g768/CO -       CI->CO F     ADDFX1         1  3.1    28    55     868    (-,-) 
  core_picorv32_add_1864_26_g767/CO -       CI->CO F     ADDFX1         1  3.1    28    55     924    (-,-) 
  core_picorv32_add_1864_26_g766/CO -       CI->CO F     ADDFX1         1  3.1    28    55     979    (-,-) 
  core_picorv32_add_1864_26_g765/CO -       CI->CO F     ADDFX1         1  3.1    28    55    1035    (-,-) 
  core_picorv32_add_1864_26_g764/CO -       CI->CO F     ADDFX1         1  3.1    28    55    1090    (-,-) 
  core_picorv32_add_1864_26_g763/CO -       CI->CO F     ADDFX1         1  3.1    28    55    1145    (-,-) 
  core_picorv32_add_1864_26_g762/CO -       CI->CO F     ADDFX1         1  3.1    28    55    1201    (-,-) 
  core_picorv32_add_1864_26_g761/CO -       CI->CO F     ADDFX1         1  3.1    28    55    1256    (-,-) 
  core_picorv32_add_1864_26_g760/CO -       CI->CO F     ADDFX1         1  3.1    28    55    1312    (-,-) 
  core_picorv32_add_1864_26_g759/CO -       CI->CO F     ADDFX1         1  3.1    28    55    1367    (-,-) 
  core_picorv32_add_1864_26_g758/CO -       CI->CO F     ADDFX1         1  3.1    28    55    1422    (-,-) 
  core_picorv32_add_1864_26_g757/CO -       CI->CO F     ADDFX1         1  3.1    28    55    1478    (-,-) 
  core_picorv32_add_1864_26_g756/CO -       CI->CO F     ADDFX1         1  3.1    28    55    1533    (-,-) 
  core_picorv32_add_1864_26_g755/S  -       CI->S  F     ADDFX1         1  2.8    26    63    1596    (-,-) 
  core_g242534/Y                    -       A1->Y  R     AOI22X1        1  2.9    66    44    1639    (-,-) 
  core_g242017/Y                    -       C0->Y  F     OAI211X1       1  2.8    74    66    1706    (-,-) 
  core_picorv32_reg_op1_reg[26]/D   -       -      F     DFFHQX1        1    -     -     0    1706    (-,-) 
#-----------------------------------------------------------------------------------------------------------



Path 33: MET (2256 ps) Setup Check with Pin core_interface6_bank_bus_dat_r_reg[31]/CK->D
          Group: C2C
     Startpoint: (R) core_grant_reg/CK
          Clock: (R) myclock
       Endpoint: (F) core_interface6_bank_bus_dat_r_reg[31]/D
          Clock: (R) myclock

                     Capture       Launch     
        Clock Edge:+    4000            0     
       Src Latency:+       0            0     
       Net Latency:+       0 (I)        0 (I) 
           Arrival:=    4000            0     
                                              
             Setup:-      26                  
       Uncertainty:-      20                  
     Required Time:=    3954                  
      Launch Clock:-       0                  
         Data Path:-    1698                  
             Slack:=    2256                  

#-----------------------------------------------------------------------------------------------------------------
#              Timing Point                Flags   Arc   Edge   Cell     Fanout Load Trans Delay Arrival Instance 
#                                                                               (fF)  (ps)  (ps)   (ps)  Location 
#-----------------------------------------------------------------------------------------------------------------
  core_grant_reg/CK                        -       -     R     (arrival)   3708    -     0     0       0    (-,-) 
  core_grant_reg/Q                         -       CK->Q F     DFFHQX1        8 14.9   100   101     101    (-,-) 
  core_g160524/Y                           -       S0->Y F     CLKMX2X4       6 60.0   123   129     230    (-,-) 
  core_g160152/Y                           -       C->Y  R     NOR3X1         2  4.4   106    96     325    (-,-) 
  core_g160130/Y                           -       A->Y  F     INVX1          1  2.6    38    46     372    (-,-) 
  core_g159979/Y                           -       D->Y  F     OR4X1          1  2.8    29    66     437    (-,-) 
  core_g159920/Y                           -       D->Y  R     NOR4X1         2  4.4   135    84     521    (-,-) 
  core_g159876/Y                           -       D->Y  F     NAND4X1        2  4.4   134   118     639    (-,-) 
  core_g159867/Y                           -       B->Y  R     NOR2X1         1  2.7    58    69     708    (-,-) 
  core_g159866/Y                           -       A->Y  R     AND2X1         6 11.5    81    74     782    (-,-) 
  core_g159850/Y                           -       B->Y  F     NAND2X1        4  7.4   106    84     865    (-,-) 
  core_g159836/Y                           -       B->Y  F     AND2X1         5  9.4    64    68     933    (-,-) 
  core_g159817/Y                           -       B->Y  R     NAND2X2        8 14.6    71    48     982    (-,-) 
  core_g159811/Y                           -       A->Y  F     INVX1         10 16.9   124    87    1069    (-,-) 
  core_g159744/Y                           -       A->Y  F     AND2X4        34 54.7   108   106    1174    (-,-) 
  core_g159654/Y                           -       B1->Y R     AOI22X1        1  2.9    64    66    1241    (-,-) 
  core_g159420/Y                           -       B->Y  F     NAND2X1        1  2.8    48    47    1287    (-,-) 
  core_g159335/Y                           -       C0->Y R     AOI221X1       1  2.9    80    64    1351    (-,-) 
  core_g159315/Y                           -       C0->Y F     OAI221X1       1  2.8    82    78    1428    (-,-) 
  core_g159248/Y                           -       B0->Y R     AOI21X1        1  2.9    56    56    1485    (-,-) 
  core_g159193/Y                           -       C0->Y F     OAI211X1       1  2.8    74    63    1548    (-,-) 
  core_g159162/Y                           -       C0->Y R     AOI221X1       1  2.9    83    72    1620    (-,-) 
  core_g159137/Y                           -       C0->Y F     OAI221X1       1  2.8    82    78    1698    (-,-) 
  core_interface6_bank_bus_dat_r_reg[31]/D -       -     F     DFFHQX1        1    -     -     0    1698    (-,-) 
#-----------------------------------------------------------------------------------------------------------------



Path 34: MET (2256 ps) Setup Check with Pin core_interface6_bank_bus_dat_r_reg[3]/CK->D
          Group: C2C
     Startpoint: (R) core_grant_reg/CK
          Clock: (R) myclock
       Endpoint: (F) core_interface6_bank_bus_dat_r_reg[3]/D
          Clock: (R) myclock

                     Capture       Launch     
        Clock Edge:+    4000            0     
       Src Latency:+       0            0     
       Net Latency:+       0 (I)        0 (I) 
           Arrival:=    4000            0     
                                              
             Setup:-      26                  
       Uncertainty:-      20                  
     Required Time:=    3954                  
      Launch Clock:-       0                  
         Data Path:-    1698                  
             Slack:=    2256                  

#----------------------------------------------------------------------------------------------------------------
#              Timing Point               Flags   Arc   Edge   Cell     Fanout Load Trans Delay Arrival Instance 
#                                                                              (fF)  (ps)  (ps)   (ps)  Location 
#----------------------------------------------------------------------------------------------------------------
  core_grant_reg/CK                       -       -     R     (arrival)   3708    -     0     0       0    (-,-) 
  core_grant_reg/Q                        -       CK->Q F     DFFHQX1        8 14.9   100   101     101    (-,-) 
  core_g160524/Y                          -       S0->Y F     CLKMX2X4       6 60.0   123   129     230    (-,-) 
  core_g160152/Y                          -       C->Y  R     NOR3X1         2  4.4   106    96     325    (-,-) 
  core_g160130/Y                          -       A->Y  F     INVX1          1  2.6    38    46     372    (-,-) 
  core_g159979/Y                          -       D->Y  F     OR4X1          1  2.8    29    66     437    (-,-) 
  core_g159920/Y                          -       D->Y  R     NOR4X1         2  4.4   135    84     521    (-,-) 
  core_g159876/Y                          -       D->Y  F     NAND4X1        2  4.4   134   118     639    (-,-) 
  core_g159867/Y                          -       B->Y  R     NOR2X1         1  2.7    58    69     708    (-,-) 
  core_g159866/Y                          -       A->Y  R     AND2X1         6 11.5    81    74     782    (-,-) 
  core_g159850/Y                          -       B->Y  F     NAND2X1        4  7.4   106    84     865    (-,-) 
  core_g159836/Y                          -       B->Y  F     AND2X1         5  9.4    64    68     933    (-,-) 
  core_g159817/Y                          -       B->Y  R     NAND2X2        8 14.6    71    48     982    (-,-) 
  core_g159811/Y                          -       A->Y  F     INVX1         10 16.9   124    87    1069    (-,-) 
  core_g159744/Y                          -       A->Y  F     AND2X4        34 54.7   108   106    1174    (-,-) 
  core_g159493/Y                          -       B1->Y R     AOI22X1        1  2.9    64    66    1241    (-,-) 
  core_g159416/Y                          -       A->Y  F     NAND2X1        1  2.8    48    47    1287    (-,-) 
  core_g159331/Y                          -       C0->Y R     AOI221X1       1  2.9    80    63    1351    (-,-) 
  core_g159292/Y                          -       C0->Y F     OAI221X1       1  2.8    82    78    1428    (-,-) 
  core_g159225/Y                          -       C0->Y R     AOI221X1       1  2.9    84    75    1503    (-,-) 
  core_g159198/Y                          -       B->Y  F     NAND2X1        1  2.8    51    53    1556    (-,-) 
  core_g159170/Y                          -       C0->Y R     AOI221X1       1  2.9    81    64    1620    (-,-) 
  core_g159141/Y                          -       C0->Y F     OAI221X1       1  2.8    82    78    1698    (-,-) 
  core_interface6_bank_bus_dat_r_reg[3]/D -       -     F     DFFHQX1        1    -     -     0    1698    (-,-) 
#----------------------------------------------------------------------------------------------------------------



Path 35: MET (2262 ps) Setup Check with Pin core_picorv32_reg_out_reg[28]/CK->D
          Group: C2C
     Startpoint: (R) core_picorv32_reg_pc_reg[2]/CK
          Clock: (R) myclock
       Endpoint: (F) core_picorv32_reg_out_reg[28]/D
          Clock: (R) myclock

                     Capture       Launch     
        Clock Edge:+    4000            0     
       Src Latency:+       0            0     
       Net Latency:+       0 (I)        0 (I) 
           Arrival:=    4000            0     
                                              
             Setup:-      24                  
       Uncertainty:-      20                  
     Required Time:=    3956                  
      Launch Clock:-       0                  
         Data Path:-    1694                  
             Slack:=    2262                  

#-----------------------------------------------------------------------------------------------------------
#           Timing Point            Flags    Arc   Edge   Cell     Fanout Load Trans Delay Arrival Instance 
#                                                                         (fF)  (ps)  (ps)   (ps)  Location 
#-----------------------------------------------------------------------------------------------------------
  core_picorv32_reg_pc_reg[2]/CK    -       -      R     (arrival)   3708    -     0     0       0    (-,-) 
  core_picorv32_reg_pc_reg[2]/Q     -       CK->Q  F     DFFHQX1        5  9.5    64    82      82    (-,-) 
  core_picorv32_add_1801_23_g731/CO -       A->CO  F     ADDHX1         1  3.1    23    38     120    (-,-) 
  core_picorv32_add_1801_23_g730/CO -       CI->CO F     ADDFX1         1  3.1    28    54     174    (-,-) 
  core_picorv32_add_1801_23_g729/CO -       CI->CO F     ADDFX1         1  3.1    28    55     230    (-,-) 
  core_picorv32_add_1801_23_g728/CO -       CI->CO F     ADDFX1         1  3.1    28    55     285    (-,-) 
  core_picorv32_add_1801_23_g727/CO -       CI->CO F     ADDFX1         1  3.1    28    55     341    (-,-) 
  core_picorv32_add_1801_23_g726/CO -       CI->CO F     ADDFX1         1  3.1    28    55     396    (-,-) 
  core_picorv32_add_1801_23_g725/CO -       CI->CO F     ADDFX1         1  3.1    28    55     451    (-,-) 
  core_picorv32_add_1801_23_g724/CO -       CI->CO F     ADDFX1         1  3.1    28    55     507    (-,-) 
  core_picorv32_add_1801_23_g723/CO -       CI->CO F     ADDFX1         1  3.1    28    55     562    (-,-) 
  core_picorv32_add_1801_23_g722/CO -       CI->CO F     ADDFX1         1  3.1    28    55     618    (-,-) 
  core_picorv32_add_1801_23_g721/CO -       CI->CO F     ADDFX1         1  3.1    28    55     673    (-,-) 
  core_picorv32_add_1801_23_g720/CO -       CI->CO F     ADDFX1         1  3.1    28    55     728    (-,-) 
  core_picorv32_add_1801_23_g719/CO -       CI->CO F     ADDFX1         1  3.1    28    55     784    (-,-) 
  core_picorv32_add_1801_23_g718/CO -       CI->CO F     ADDFX1         1  3.1    28    55     839    (-,-) 
  core_picorv32_add_1801_23_g717/CO -       CI->CO F     ADDFX1         1  3.1    28    55     895    (-,-) 
  core_picorv32_add_1801_23_g716/CO -       CI->CO F     ADDFX1         1  3.1    28    55     950    (-,-) 
  core_picorv32_add_1801_23_g715/CO -       CI->CO F     ADDFX1         1  3.1    28    55    1005    (-,-) 
  core_picorv32_add_1801_23_g714/CO -       CI->CO F     ADDFX1         1  3.1    28    55    1061    (-,-) 
  core_picorv32_add_1801_23_g713/CO -       CI->CO F     ADDFX1         1  3.1    28    55    1116    (-,-) 
  core_picorv32_add_1801_23_g712/CO -       CI->CO F     ADDFX1         1  3.1    28    55    1172    (-,-) 
  core_picorv32_add_1801_23_g711/CO -       CI->CO F     ADDFX1         1  3.1    28    55    1227    (-,-) 
  core_picorv32_add_1801_23_g710/CO -       CI->CO F     ADDFX1         1  3.1    28    55    1282    (-,-) 
  core_picorv32_add_1801_23_g709/CO -       CI->CO F     ADDFX1         1  3.1    28    55    1338    (-,-) 
  core_picorv32_add_1801_23_g708/CO -       CI->CO F     ADDFX1         1  3.1    28    55    1393    (-,-) 
  core_picorv32_add_1801_23_g707/CO -       CI->CO F     ADDFX1         1  3.1    28    55    1449    (-,-) 
  core_picorv32_add_1801_23_g706/CO -       CI->CO F     ADDFX1         1  3.1    28    55    1504    (-,-) 
  core_picorv32_add_1801_23_g705/S  -       CI->S  F     ADDFX1         1  2.8    26    63    1567    (-,-) 
  core_g243073/Y                    -       C1->Y  R     AOI222X1       1  2.9    94    58    1624    (-,-) 
  core_g242410/Y                    -       C->Y   F     NAND3X1        1  2.8    71    69    1694    (-,-) 
  core_picorv32_reg_out_reg[28]/D   -       -      F     DFFHQX1        1    -     -     0    1694    (-,-) 
#-----------------------------------------------------------------------------------------------------------



Path 36: MET (2268 ps) Setup Check with Pin core_picorv32_latched_store_reg/CK->D
          Group: C2C
     Startpoint: (R) core_picorv32_reg_op1_reg[0]/CK
          Clock: (R) myclock
       Endpoint: (F) core_picorv32_latched_store_reg/D
          Clock: (R) myclock

                     Capture       Launch     
        Clock Edge:+    4000            0     
       Src Latency:+       0            0     
       Net Latency:+       0 (I)        0 (I) 
           Arrival:=    4000            0     
                                              
             Setup:-      19                  
       Uncertainty:-      20                  
     Required Time:=    3961                  
      Launch Clock:-       0                  
         Data Path:-    1693                  
             Slack:=    2268                  

#-----------------------------------------------------------------------------------------------------------
#           Timing Point            Flags    Arc   Edge   Cell     Fanout Load Trans Delay Arrival Instance 
#                                                                         (fF)  (ps)  (ps)   (ps)  Location 
#-----------------------------------------------------------------------------------------------------------
  core_picorv32_reg_op1_reg[0]/CK   -       -      R     (arrival)   3708    -     0     0       0    (-,-) 
  core_picorv32_reg_op1_reg[0]/Q    -       CK->Q  R     DFFHQX1        9 17.2   118   105     105    (-,-) 
  core_g161137/Y                    -       A->Y   F     INVX1          2  4.8    55    58     163    (-,-) 
  core_g160165/CO                   -       B->CO  F     ADDHX1         1  2.9    22    34     197    (-,-) 
  core_g160059/Y                    -       A0->Y  R     OAI21X1        1  2.7    50    38     235    (-,-) 
  core_g159968/Y                    -       A1N->Y R     OAI2BB1X1      1  2.7    35    41     277    (-,-) 
  core_g159930/Y                    -       A1N->Y R     OAI2BB1X1      1  2.7    35    39     315    (-,-) 
  core_g159890/Y                    -       C->Y   F     NAND3BXL       1  2.8    94    67     382    (-,-) 
  core_g159870/Y                    -       B1->Y  R     OAI222X1       1  2.9    81    67     449    (-,-) 
  core_g159839/Y                    -       A1->Y  F     OAI211X1       1  2.8    74    67     516    (-,-) 
  core_g159798/Y                    -       A1->Y  R     OAI221X1       1  2.7    69    60     576    (-,-) 
  core_g159696/Y                    -       C->Y   F     NAND3BXL       1  2.8    97    78     655    (-,-) 
  core_g159426/Y                    -       B1->Y  R     OAI222X1       1  2.9    81    68     722    (-,-) 
  core_g159250/Y                    -       D->Y   F     NAND4BX1       1  2.8    94    79     802    (-,-) 
  core_g159194/Y                    -       A1->Y  R     OAI221X1       1  2.7    71    67     869    (-,-) 
  core_g159165/Y                    -       C->Y   F     NAND3BXL       1  2.8    97    79     948    (-,-) 
  core_g159118/Y                    -       B1->Y  R     OAI222X1       1  2.9    82    68    1015    (-,-) 
  core_g159103/Y                    -       D->Y   F     NAND4BX1       1  2.8    94    79    1095    (-,-) 
  core_g159102/Y                    -       C0->Y  R     OAI211X1       2  4.4    80    50    1145    (-,-) 
  core_g159101/Y                    -       B->Y   F     NOR2BX1        1  2.8    35    39    1184    (-,-) 
  core_g159100/Y                    -       B->Y   R     NOR2X1         2  4.6    69    50    1235    (-,-) 
  core_g159099/Y                    -       A->Y   F     INVX1          1  2.7    32    35    1270    (-,-) 
  core_g159094/Y                    -       A1N->Y F     OAI2BB1X1      1  2.8    42    42    1311    (-,-) 
  core_g159093/Y                    -       C0->Y  R     AOI221X1       2  4.6   112    80    1391    (-,-) 
  core_g159092/Y                    -       A->Y   F     INVX1          2  4.4    51    54    1445    (-,-) 
  core_g248786/Y                    -       A1->Y  R     OAI21X1        1  2.9    54    47    1493    (-,-) 
  core_g247768/Y                    -       C0->Y  F     OAI211X1       1  2.6    70    61    1553    (-,-) 
  core_g246975/Y                    -       B->Y   F     OR2X1          1  2.7    22    46    1599    (-,-) 
  core_g245100/Y                    -       B->Y   R     MXI2XL         1  2.9    84    54    1653    (-,-) 
  core_g244713/Y                    -       B->Y   F     NOR2X1         1  2.8    42    41    1693    (-,-) 
  core_picorv32_latched_store_reg/D -       -      F     DFFHQX1        1    -     -     0    1693    (-,-) 
#-----------------------------------------------------------------------------------------------------------



Path 37: MET (2272 ps) Setup Check with Pin core_picorv32_reg_op1_reg[25]/CK->D
          Group: C2C
     Startpoint: (R) core_picorv32_reg_op1_reg[0]/CK
          Clock: (R) myclock
       Endpoint: (F) core_picorv32_reg_op1_reg[25]/D
          Clock: (R) myclock

                     Capture       Launch     
        Clock Edge:+    4000            0     
       Src Latency:+       0            0     
       Net Latency:+       0 (I)        0 (I) 
           Arrival:=    4000            0     
                                              
             Setup:-      25                  
       Uncertainty:-      20                  
     Required Time:=    3955                  
      Launch Clock:-       0                  
         Data Path:-    1683                  
             Slack:=    2272                  

#-----------------------------------------------------------------------------------------------------------
#           Timing Point            Flags    Arc   Edge   Cell     Fanout Load Trans Delay Arrival Instance 
#                                                                         (fF)  (ps)  (ps)   (ps)  Location 
#-----------------------------------------------------------------------------------------------------------
  core_picorv32_reg_op1_reg[0]/CK   -       -      R     (arrival)   3708    -     0     0       0    (-,-) 
  core_picorv32_reg_op1_reg[0]/Q    -       CK->Q  F     DFFHQX1        9 16.4   109   106     106    (-,-) 
  core_picorv32_add_1864_26_g781/CO -       B->CO  F     ADDHX1         1  3.1    24    43     149    (-,-) 
  core_picorv32_add_1864_26_g780/CO -       CI->CO F     ADDFX1         1  3.1    28    54     204    (-,-) 
  core_picorv32_add_1864_26_g779/CO -       CI->CO F     ADDFX1         1  3.1    28    55     259    (-,-) 
  core_picorv32_add_1864_26_g778/CO -       CI->CO F     ADDFX1         1  3.1    28    55     314    (-,-) 
  core_picorv32_add_1864_26_g777/CO -       CI->CO F     ADDFX1         1  3.1    28    55     370    (-,-) 
  core_picorv32_add_1864_26_g776/CO -       CI->CO F     ADDFX1         1  3.1    28    55     425    (-,-) 
  core_picorv32_add_1864_26_g775/CO -       CI->CO F     ADDFX1         1  3.1    28    55     481    (-,-) 
  core_picorv32_add_1864_26_g774/CO -       CI->CO F     ADDFX1         1  3.1    28    55     536    (-,-) 
  core_picorv32_add_1864_26_g773/CO -       CI->CO F     ADDFX1         1  3.1    28    55     591    (-,-) 
  core_picorv32_add_1864_26_g772/CO -       CI->CO F     ADDFX1         1  3.1    28    55     647    (-,-) 
  core_picorv32_add_1864_26_g771/CO -       CI->CO F     ADDFX1         1  3.1    28    55     702    (-,-) 
  core_picorv32_add_1864_26_g770/CO -       CI->CO F     ADDFX1         1  3.1    28    55     758    (-,-) 
  core_picorv32_add_1864_26_g769/CO -       CI->CO F     ADDFX1         1  3.1    28    55     813    (-,-) 
  core_picorv32_add_1864_26_g768/CO -       CI->CO F     ADDFX1         1  3.1    28    55     868    (-,-) 
  core_picorv32_add_1864_26_g767/CO -       CI->CO F     ADDFX1         1  3.1    28    55     924    (-,-) 
  core_picorv32_add_1864_26_g766/CO -       CI->CO F     ADDFX1         1  3.1    28    55     979    (-,-) 
  core_picorv32_add_1864_26_g765/CO -       CI->CO F     ADDFX1         1  3.1    28    55    1035    (-,-) 
  core_picorv32_add_1864_26_g764/CO -       CI->CO F     ADDFX1         1  3.1    28    55    1090    (-,-) 
  core_picorv32_add_1864_26_g763/CO -       CI->CO F     ADDFX1         1  3.1    28    55    1145    (-,-) 
  core_picorv32_add_1864_26_g762/CO -       CI->CO F     ADDFX1         1  3.1    28    55    1201    (-,-) 
  core_picorv32_add_1864_26_g761/CO -       CI->CO F     ADDFX1         1  3.1    28    55    1256    (-,-) 
  core_picorv32_add_1864_26_g760/CO -       CI->CO F     ADDFX1         1  3.1    28    55    1312    (-,-) 
  core_picorv32_add_1864_26_g759/CO -       CI->CO F     ADDFX1         1  3.1    28    55    1367    (-,-) 
  core_picorv32_add_1864_26_g758/CO -       CI->CO F     ADDFX1         1  3.1    28    55    1422    (-,-) 
  core_picorv32_add_1864_26_g757/CO -       CI->CO F     ADDFX1         1  3.1    28    55    1478    (-,-) 
  core_picorv32_add_1864_26_g756/S  -       CI->S  F     ADDFX1         1  2.8    26    63    1540    (-,-) 
  core_g242102/Y                    -       B1->Y  R     AOI222X1       1  2.9    90    68    1608    (-,-) 
  core_g242016/Y                    -       C0->Y  F     OAI211X1       1  2.8    76    74    1683    (-,-) 
  core_picorv32_reg_op1_reg[25]/D   -       -      F     DFFHQX1        1    -     -     0    1683    (-,-) 
#-----------------------------------------------------------------------------------------------------------



Path 38: MET (2274 ps) Setup Check with Pin core_picorv32_alu_out_q_reg[22]/CK->D
          Group: C2C
     Startpoint: (R) core_picorv32_is_lui_auipc_jal_jalr_addi_add_sub_reg/CK
          Clock: (R) myclock
       Endpoint: (R) core_picorv32_alu_out_q_reg[22]/D
          Clock: (R) myclock

                     Capture       Launch     
        Clock Edge:+    4000            0     
       Src Latency:+       0            0     
       Net Latency:+       0 (I)        0 (I) 
           Arrival:=    4000            0     
                                              
             Setup:-      31                  
       Uncertainty:-      20                  
     Required Time:=    3949                  
      Launch Clock:-       0                  
         Data Path:-    1675                  
             Slack:=    2274                  

#----------------------------------------------------------------------------------------------------------------------------------
#                      Timing Point                        Flags    Arc   Edge   Cell     Fanout Load Trans Delay Arrival Instance 
#                                                                                                (fF)  (ps)  (ps)   (ps)  Location 
#----------------------------------------------------------------------------------------------------------------------------------
  core_picorv32_is_lui_auipc_jal_jalr_addi_add_sub_reg/CK  -       -      R     (arrival)   3708    -     0     0       0    (-,-) 
  core_picorv32_is_lui_auipc_jal_jalr_addi_add_sub_reg/Q   -       CK->Q  R     DFFQX4        33 56.2   100   106     106    (-,-) 
  core_g139147/Y                                           -       B->Y   R     AND2X1         2  6.1    45    63     169    (-,-) 
  core_picorv32_sub_1235_38_Y_picorv32_add_1235_58_g1023/Y -       A->Y   F     INVX3         32 54.7   140    88     256    (-,-) 
  core_picorv32_sub_1235_38_Y_picorv32_add_1235_58_g991/Y  -       B->Y   F     XNOR2X1        1  3.1    25    64     320    (-,-) 
  core_picorv32_sub_1235_38_Y_picorv32_add_1235_58_g989/CO -       CI->CO F     ADDFX1         1  3.1    28    55     375    (-,-) 
  core_picorv32_sub_1235_38_Y_picorv32_add_1235_58_g988/CO -       CI->CO F     ADDFX1         1  3.1    28    55     430    (-,-) 
  core_picorv32_sub_1235_38_Y_picorv32_add_1235_58_g987/CO -       CI->CO F     ADDFX1         1  3.1    28    55     486    (-,-) 
  core_picorv32_sub_1235_38_Y_picorv32_add_1235_58_g986/CO -       CI->CO F     ADDFX1         1  3.1    28    55     541    (-,-) 
  core_picorv32_sub_1235_38_Y_picorv32_add_1235_58_g985/CO -       CI->CO F     ADDFX1         1  3.1    28    55     596    (-,-) 
  core_picorv32_sub_1235_38_Y_picorv32_add_1235_58_g984/CO -       CI->CO F     ADDFX1         1  3.1    28    55     652    (-,-) 
  core_picorv32_sub_1235_38_Y_picorv32_add_1235_58_g983/CO -       CI->CO F     ADDFX1         1  3.1    28    55     707    (-,-) 
  core_picorv32_sub_1235_38_Y_picorv32_add_1235_58_g982/CO -       CI->CO F     ADDFX1         1  3.1    28    55     762    (-,-) 
  core_picorv32_sub_1235_38_Y_picorv32_add_1235_58_g981/CO -       CI->CO F     ADDFX1         1  3.1    28    55     817    (-,-) 
  core_picorv32_sub_1235_38_Y_picorv32_add_1235_58_g980/CO -       CI->CO F     ADDFX1         1  3.1    28    55     873    (-,-) 
  core_picorv32_sub_1235_38_Y_picorv32_add_1235_58_g979/CO -       CI->CO F     ADDFX1         1  3.1    28    55     928    (-,-) 
  core_picorv32_sub_1235_38_Y_picorv32_add_1235_58_g978/CO -       CI->CO F     ADDFX1         1  3.1    28    55     983    (-,-) 
  core_picorv32_sub_1235_38_Y_picorv32_add_1235_58_g977/CO -       CI->CO F     ADDFX1         1  3.1    28    55    1039    (-,-) 
  core_picorv32_sub_1235_38_Y_picorv32_add_1235_58_g976/CO -       CI->CO F     ADDFX1         1  3.1    28    55    1094    (-,-) 
  core_picorv32_sub_1235_38_Y_picorv32_add_1235_58_g975/CO -       CI->CO F     ADDFX1         1  3.1    28    55    1149    (-,-) 
  core_picorv32_sub_1235_38_Y_picorv32_add_1235_58_g974/CO -       CI->CO F     ADDFX1         1  3.1    28    55    1204    (-,-) 
  core_picorv32_sub_1235_38_Y_picorv32_add_1235_58_g973/CO -       CI->CO F     ADDFX1         1  3.1    28    55    1260    (-,-) 
  core_picorv32_sub_1235_38_Y_picorv32_add_1235_58_g972/CO -       CI->CO F     ADDFX1         1  3.1    28    55    1315    (-,-) 
  core_picorv32_sub_1235_38_Y_picorv32_add_1235_58_g971/CO -       CI->CO F     ADDFX1         1  3.1    28    55    1370    (-,-) 
  core_picorv32_sub_1235_38_Y_picorv32_add_1235_58_g970/CO -       CI->CO F     ADDFX1         1  3.1    28    55    1426    (-,-) 
  core_picorv32_sub_1235_38_Y_picorv32_add_1235_58_g969/CO -       CI->CO F     ADDFX1         1  3.1    28    55    1481    (-,-) 
  core_picorv32_sub_1235_38_Y_picorv32_add_1235_58_g968/CO -       CI->CO F     ADDFX1         1  3.1    28    55    1536    (-,-) 
  core_picorv32_sub_1235_38_Y_picorv32_add_1235_58_g967/S  -       CI->S  R     ADDFX1         1  2.9    26    74    1611    (-,-) 
  core_g249252/Y                                           -       B->Y   F     NAND2X1        1  2.8    48    34    1645    (-,-) 
  core_g247780/Y                                           -       C0->Y  R     OAI211X1       1  2.8    61    30    1675    (-,-) 
  core_picorv32_alu_out_q_reg[22]/D                        -       -      R     DFFHQX1        1    -     -     0    1675    (-,-) 
#----------------------------------------------------------------------------------------------------------------------------------



Path 39: MET (2281 ps) Setup Check with Pin core_picorv32_latched_branch_reg/CK->D
          Group: C2C
     Startpoint: (R) core_picorv32_reg_op1_reg[0]/CK
          Clock: (R) myclock
       Endpoint: (F) core_picorv32_latched_branch_reg/D
          Clock: (R) myclock

                     Capture       Launch     
        Clock Edge:+    4000            0     
       Src Latency:+       0            0     
       Net Latency:+       0 (I)        0 (I) 
           Arrival:=    4000            0     
                                              
             Setup:-      22                  
       Uncertainty:-      20                  
     Required Time:=    3958                  
      Launch Clock:-       0                  
         Data Path:-    1677                  
             Slack:=    2281                  

#------------------------------------------------------------------------------------------------------------
#           Timing Point             Flags    Arc   Edge   Cell     Fanout Load Trans Delay Arrival Instance 
#                                                                          (fF)  (ps)  (ps)   (ps)  Location 
#------------------------------------------------------------------------------------------------------------
  core_picorv32_reg_op1_reg[0]/CK    -       -      R     (arrival)   3708    -     0     0       0    (-,-) 
  core_picorv32_reg_op1_reg[0]/Q     -       CK->Q  R     DFFHQX1        9 17.2   118   105     105    (-,-) 
  core_g161137/Y                     -       A->Y   F     INVX1          2  4.8    55    58     163    (-,-) 
  core_g160165/CO                    -       B->CO  F     ADDHX1         1  2.9    22    34     197    (-,-) 
  core_g160059/Y                     -       A0->Y  R     OAI21X1        1  2.7    50    38     235    (-,-) 
  core_g159968/Y                     -       A1N->Y R     OAI2BB1X1      1  2.7    35    41     277    (-,-) 
  core_g159930/Y                     -       A1N->Y R     OAI2BB1X1      1  2.7    35    39     315    (-,-) 
  core_g159890/Y                     -       C->Y   F     NAND3BXL       1  2.8    94    67     382    (-,-) 
  core_g159870/Y                     -       B1->Y  R     OAI222X1       1  2.9    81    67     449    (-,-) 
  core_g159839/Y                     -       A1->Y  F     OAI211X1       1  2.8    74    67     516    (-,-) 
  core_g159798/Y                     -       A1->Y  R     OAI221X1       1  2.7    69    60     576    (-,-) 
  core_g159696/Y                     -       C->Y   F     NAND3BXL       1  2.8    97    78     655    (-,-) 
  core_g159426/Y                     -       B1->Y  R     OAI222X1       1  2.9    81    68     722    (-,-) 
  core_g159250/Y                     -       D->Y   F     NAND4BX1       1  2.8    94    79     802    (-,-) 
  core_g159194/Y                     -       A1->Y  R     OAI221X1       1  2.7    71    67     869    (-,-) 
  core_g159165/Y                     -       C->Y   F     NAND3BXL       1  2.8    97    79     948    (-,-) 
  core_g159118/Y                     -       B1->Y  R     OAI222X1       1  2.9    82    68    1015    (-,-) 
  core_g159103/Y                     -       D->Y   F     NAND4BX1       1  2.8    94    79    1095    (-,-) 
  core_g159102/Y                     -       C0->Y  R     OAI211X1       2  4.4    80    50    1145    (-,-) 
  core_g159101/Y                     -       B->Y   F     NOR2BX1        1  2.8    35    39    1184    (-,-) 
  core_g159100/Y                     -       B->Y   R     NOR2X1         2  4.6    69    50    1235    (-,-) 
  core_g159099/Y                     -       A->Y   F     INVX1          1  2.7    32    35    1270    (-,-) 
  core_g159094/Y                     -       A1N->Y F     OAI2BB1X1      1  2.8    42    42    1311    (-,-) 
  core_g159093/Y                     -       C0->Y  R     AOI221X1       2  4.6   112    80    1391    (-,-) 
  core_g159092/Y                     -       A->Y   F     INVX1          2  4.4    51    54    1445    (-,-) 
  core_g249481/Y                     -       B->Y   R     NAND2X1        3  6.2    59    43    1488    (-,-) 
  core_g248933/Y                     -       B0->Y  F     OAI2BB1X1      1  2.8    45    46    1534    (-,-) 
  core_g247056/Y                     -       A1->Y  R     AOI221X1       1  2.7    83    66    1600    (-,-) 
  core_g245763/Y                     -       B->Y   R     MX2X1          1  2.9    24    56    1656    (-,-) 
  core_g245402/Y                     -       B->Y   F     NOR2X1         1  2.7    42    21    1677    (-,-) 
  core_picorv32_latched_branch_reg/D -       -      F     DFFQX4         1    -     -     0    1677    (-,-) 
#------------------------------------------------------------------------------------------------------------



Path 40: MET (2283 ps) Setup Check with Pin core_picorv32_reg_next_pc_reg[23]/CK->D
          Group: C2C
     Startpoint: (R) core_picorv32_latched_branch_reg/CK
          Clock: (R) myclock
       Endpoint: (R) core_picorv32_reg_next_pc_reg[23]/D
          Clock: (R) myclock

                     Capture       Launch     
        Clock Edge:+    4000            0     
       Src Latency:+       0            0     
       Net Latency:+       0 (I)        0 (I) 
           Arrival:=    4000            0     
                                              
             Setup:-      26                  
       Uncertainty:-      20                  
     Required Time:=    3954                  
      Launch Clock:-       0                  
         Data Path:-    1671                  
             Slack:=    2283                  

#-------------------------------------------------------------------------------------------------------------
#            Timing Point             Flags    Arc   Edge   Cell     Fanout Load Trans Delay Arrival Instance 
#                                                                           (fF)  (ps)  (ps)   (ps)  Location 
#-------------------------------------------------------------------------------------------------------------
  core_picorv32_latched_branch_reg/CK -       -      R     (arrival)   3708    -     0     0       0    (-,-) 
  core_picorv32_latched_branch_reg/Q  -       CK->Q  R     DFFQX4        33 50.6    91   100     100    (-,-) 
  core_g160823/Y                      -       B->Y   F     NAND2X1        4  8.5   119    94     194    (-,-) 
  core_g160538/Y                      -       B0->Y  F     OA21X4        30 42.7    90    94     288    (-,-) 
  core_g159914/Y                      -       B1->Y  F     AO22X1         3  6.5    48    71     359    (-,-) 
  core_picorv32_add_1564_33_g748/CO   -       B->CO  F     ADDFX1         1  3.1    28    61     420    (-,-) 
  core_picorv32_add_1564_33_g747/CO   -       CI->CO F     ADDFX1         1  3.1    28    55     475    (-,-) 
  core_picorv32_add_1564_33_g746/CO   -       CI->CO F     ADDFX1         1  3.1    28    55     531    (-,-) 
  core_picorv32_add_1564_33_g745/CO   -       CI->CO F     ADDFX1         1  3.1    28    56     586    (-,-) 
  core_picorv32_add_1564_33_g744/CO   -       CI->CO F     ADDFX1         1  3.1    28    55     642    (-,-) 
  core_picorv32_add_1564_33_g743/CO   -       CI->CO F     ADDFX1         1  3.1    28    55     697    (-,-) 
  core_picorv32_add_1564_33_g742/CO   -       CI->CO F     ADDFX1         1  3.1    28    55     752    (-,-) 
  core_picorv32_add_1564_33_g741/CO   -       CI->CO F     ADDFX1         1  3.1    28    55     808    (-,-) 
  core_picorv32_add_1564_33_g740/CO   -       CI->CO F     ADDFX1         1  3.1    28    55     863    (-,-) 
  core_picorv32_add_1564_33_g739/CO   -       CI->CO F     ADDFX1         1  3.1    28    55     919    (-,-) 
  core_picorv32_add_1564_33_g738/CO   -       CI->CO F     ADDFX1         1  3.1    28    55     974    (-,-) 
  core_picorv32_add_1564_33_g737/CO   -       CI->CO F     ADDFX1         1  3.1    28    55    1029    (-,-) 
  core_picorv32_add_1564_33_g736/CO   -       CI->CO F     ADDFX1         1  3.1    28    55    1085    (-,-) 
  core_picorv32_add_1564_33_g735/CO   -       CI->CO F     ADDFX1         1  3.1    28    55    1140    (-,-) 
  core_picorv32_add_1564_33_g734/CO   -       CI->CO F     ADDFX1         1  3.1    28    55    1196    (-,-) 
  core_picorv32_add_1564_33_g733/CO   -       CI->CO F     ADDFX1         1  3.1    28    55    1251    (-,-) 
  core_picorv32_add_1564_33_g732/CO   -       CI->CO F     ADDFX1         1  3.1    28    55    1306    (-,-) 
  core_picorv32_add_1564_33_g731/CO   -       CI->CO F     ADDFX1         1  3.1    28    55    1362    (-,-) 
  core_picorv32_add_1564_33_g730/CO   -       CI->CO F     ADDFX1         1  3.1    28    55    1417    (-,-) 
  core_picorv32_add_1564_33_g729/CO   -       CI->CO F     ADDFX1         1  3.1    28    55    1473    (-,-) 
  core_picorv32_add_1564_33_g728/CO   -       CI->CO F     ADDFX1         1  3.1    28    55    1528    (-,-) 
  core_picorv32_add_1564_33_g727/S    -       CI->S  R     ADDFX1         1  2.9    26    74    1602    (-,-) 
  core_g246645/Y                      -       B1->Y  F     AOI22X1        1  2.8    61    35    1638    (-,-) 
  core_g244670/Y                      -       B->Y   R     NAND2X1        1  2.8    34    33    1671    (-,-) 
  core_picorv32_reg_next_pc_reg[23]/D -       -      R     DFFHQX1        1    -     -     0    1671    (-,-) 
#-------------------------------------------------------------------------------------------------------------



Path 41: MET (2283 ps) Setup Check with Pin core_interface6_bank_bus_dat_r_reg[22]/CK->D
          Group: C2C
     Startpoint: (R) core_grant_reg/CK
          Clock: (R) myclock
       Endpoint: (F) core_interface6_bank_bus_dat_r_reg[22]/D
          Clock: (R) myclock

                     Capture       Launch     
        Clock Edge:+    4000            0     
       Src Latency:+       0            0     
       Net Latency:+       0 (I)        0 (I) 
           Arrival:=    4000            0     
                                              
             Setup:-      26                  
       Uncertainty:-      20                  
     Required Time:=    3954                  
      Launch Clock:-       0                  
         Data Path:-    1671                  
             Slack:=    2283                  

#-----------------------------------------------------------------------------------------------------------------
#              Timing Point                Flags   Arc   Edge   Cell     Fanout Load Trans Delay Arrival Instance 
#                                                                               (fF)  (ps)  (ps)   (ps)  Location 
#-----------------------------------------------------------------------------------------------------------------
  core_grant_reg/CK                        -       -     R     (arrival)   3708    -     0     0       0    (-,-) 
  core_grant_reg/Q                         -       CK->Q F     DFFHQX1        8 14.9   100   101     101    (-,-) 
  core_g160524/Y                           -       S0->Y F     CLKMX2X4       6 60.0   123   129     230    (-,-) 
  core_g160152/Y                           -       C->Y  R     NOR3X1         2  4.4   106    96     325    (-,-) 
  core_g160130/Y                           -       A->Y  F     INVX1          1  2.6    38    46     372    (-,-) 
  core_g159979/Y                           -       D->Y  F     OR4X1          1  2.8    29    66     437    (-,-) 
  core_g159920/Y                           -       D->Y  R     NOR4X1         2  4.4   135    84     521    (-,-) 
  core_g159876/Y                           -       D->Y  F     NAND4X1        2  4.4   134   118     639    (-,-) 
  core_g159867/Y                           -       B->Y  R     NOR2X1         1  2.7    58    69     708    (-,-) 
  core_g159866/Y                           -       A->Y  R     AND2X1         6 11.5    81    74     782    (-,-) 
  core_g159856/Y                           -       B->Y  F     NAND2X1        4  7.3   104    83     865    (-,-) 
  core_g159842/Y                           -       AN->Y F     NOR2BX1        4  8.1    69    60     924    (-,-) 
  core_g159829/Y                           -       B->Y  R     NAND2X2        6 12.0    68    45     969    (-,-) 
  core_g159822/Y                           -       A->Y  F     INVX1          9 15.3   113    80    1049    (-,-) 
  core_g159778/Y                           -       A->Y  F     AND2X4        32 51.5   102   100    1149    (-,-) 
  core_g159630/Y                           -       B1->Y R     AOI22X1        1  2.9    61    64    1214    (-,-) 
  core_g159419/Y                           -       A->Y  F     NAND2X1        1  2.8    48    46    1260    (-,-) 
  core_g159334/Y                           -       C0->Y R     AOI221X1       1  2.9    82    63    1323    (-,-) 
  core_g159309/Y                           -       C0->Y F     OAI221X1       1  2.8    82    78    1401    (-,-) 
  core_g159242/Y                           -       C0->Y R     AOI221X1       1  2.9    84    75    1476    (-,-) 
  core_g159210/Y                           -       B->Y  F     NAND2X1        1  2.8    51    53    1529    (-,-) 
  core_g159182/Y                           -       C0->Y R     AOI221X1       1  2.9    81    64    1593    (-,-) 
  core_g159152/Y                           -       C0->Y F     OAI221X1       1  2.8    82    78    1671    (-,-) 
  core_interface6_bank_bus_dat_r_reg[22]/D -       -     F     DFFHQX1        1    -     -     0    1671    (-,-) 
#-----------------------------------------------------------------------------------------------------------------



Path 42: MET (2288 ps) Setup Check with Pin core_mgmtsoc_value_reg[29]/CK->D
          Group: C2C
     Startpoint: (R) core_mgmtsoc_value_reg[0]/CK
          Clock: (R) myclock
       Endpoint: (R) core_mgmtsoc_value_reg[29]/D
          Clock: (R) myclock

                     Capture       Launch     
        Clock Edge:+    4000            0     
       Src Latency:+       0            0     
       Net Latency:+       0 (I)        0 (I) 
           Arrival:=    4000            0     
                                              
             Setup:-      26                  
       Uncertainty:-      20                  
     Required Time:=    3954                  
      Launch Clock:-       0                  
         Data Path:-    1666                  
             Slack:=    2288                  

#-----------------------------------------------------------------------------------------------------
#        Timing Point          Flags   Arc   Edge   Cell     Fanout Load Trans Delay Arrival Instance 
#                                                                   (fF)  (ps)  (ps)   (ps)  Location 
#-----------------------------------------------------------------------------------------------------
  core_mgmtsoc_value_reg[0]/CK -       -     R     (arrival)   3708    -     0     0       0    (-,-) 
  core_mgmtsoc_value_reg[0]/Q  -       CK->Q F     DFFHQX1        5  8.8    60    79      79    (-,-) 
  core_dec_sub_7747_45_g840/Y  -       A->Y  F     OR2X1          3  5.6    41    56     135    (-,-) 
  core_dec_sub_7747_45_g838/Y  -       B->Y  F     OR2X1          3  5.6    40    51     186    (-,-) 
  core_dec_sub_7747_45_g836/Y  -       B->Y  F     OR2X1          3  5.6    40    51     237    (-,-) 
  core_dec_sub_7747_45_g834/Y  -       B->Y  F     OR2X1          3  5.6    40    51     288    (-,-) 
  core_dec_sub_7747_45_g832/Y  -       B->Y  F     OR2X1          3  5.6    40    51     338    (-,-) 
  core_dec_sub_7747_45_g830/Y  -       B->Y  F     OR2X1          3  5.6    40    51     389    (-,-) 
  core_dec_sub_7747_45_g828/Y  -       B->Y  F     OR2X1          3  5.6    40    51     440    (-,-) 
  core_dec_sub_7747_45_g826/Y  -       B->Y  F     OR2X1          3  5.6    40    51     491    (-,-) 
  core_dec_sub_7747_45_g824/Y  -       B->Y  F     OR2X1          3  5.6    40    51     542    (-,-) 
  core_dec_sub_7747_45_g822/Y  -       B->Y  F     OR2X1          3  5.6    40    51     592    (-,-) 
  core_dec_sub_7747_45_g820/Y  -       B->Y  F     OR2X1          3  5.6    40    51     643    (-,-) 
  core_dec_sub_7747_45_g818/Y  -       B->Y  F     OR2X1          3  5.6    40    51     694    (-,-) 
  core_dec_sub_7747_45_g816/Y  -       B->Y  F     OR2X1          3  5.6    40    51     745    (-,-) 
  core_dec_sub_7747_45_g814/Y  -       B->Y  F     OR2X1          3  5.6    40    51     796    (-,-) 
  core_dec_sub_7747_45_g812/Y  -       B->Y  F     OR2X1          3  5.6    40    51     846    (-,-) 
  core_dec_sub_7747_45_g810/Y  -       B->Y  F     OR2X1          3  5.6    40    51     897    (-,-) 
  core_dec_sub_7747_45_g808/Y  -       B->Y  F     OR2X1          3  5.6    40    51     948    (-,-) 
  core_dec_sub_7747_45_g806/Y  -       B->Y  F     OR2X1          3  5.6    40    51     999    (-,-) 
  core_dec_sub_7747_45_g804/Y  -       B->Y  F     OR2X1          3  5.6    40    51    1050    (-,-) 
  core_dec_sub_7747_45_g802/Y  -       B->Y  F     OR2X1          3  5.6    40    51    1100    (-,-) 
  core_dec_sub_7747_45_g800/Y  -       B->Y  F     OR2X1          3  5.6    40    51    1151    (-,-) 
  core_dec_sub_7747_45_g798/Y  -       B->Y  F     OR2X1          3  5.6    40    51    1202    (-,-) 
  core_dec_sub_7747_45_g796/Y  -       B->Y  F     OR2X1          3  5.6    40    51    1253    (-,-) 
  core_dec_sub_7747_45_g794/Y  -       B->Y  F     OR2X1          3  5.6    40    51    1304    (-,-) 
  core_dec_sub_7747_45_g792/Y  -       B->Y  F     OR2X1          3  5.6    40    51    1354    (-,-) 
  core_dec_sub_7747_45_g790/Y  -       B->Y  F     OR2X1          3  5.6    40    51    1405    (-,-) 
  core_dec_sub_7747_45_g788/Y  -       B->Y  F     OR2X1          3  5.6    40    51    1456    (-,-) 
  core_dec_sub_7747_45_g786/Y  -       B->Y  F     OR2X1          3  5.6    40    51    1507    (-,-) 
  core_dec_sub_7747_45_g784/Y  -       B->Y  F     OR2X1          3  5.6    40    51    1558    (-,-) 
  core_dec_sub_7747_45_g783/Y  -       B0->Y R     OAI2BB1X1      1  2.9    31    29    1586    (-,-) 
  core_g248190/Y               -       A1->Y F     AOI22X1        1  2.8    61    45    1631    (-,-) 
  core_g246996/Y               -       B0->Y R     OAI2BB1X1      1  2.8    34    35    1666    (-,-) 
  core_mgmtsoc_value_reg[29]/D -       -     R     DFFHQX1        1    -     -     0    1666    (-,-) 
#-----------------------------------------------------------------------------------------------------



Path 43: MET (2292 ps) Setup Check with Pin core_interface6_bank_bus_dat_r_reg[29]/CK->D
          Group: C2C
     Startpoint: (R) core_grant_reg/CK
          Clock: (R) myclock
       Endpoint: (F) core_interface6_bank_bus_dat_r_reg[29]/D
          Clock: (R) myclock

                     Capture       Launch     
        Clock Edge:+    4000            0     
       Src Latency:+       0            0     
       Net Latency:+       0 (I)        0 (I) 
           Arrival:=    4000            0     
                                              
             Setup:-      26                  
       Uncertainty:-      20                  
     Required Time:=    3954                  
      Launch Clock:-       0                  
         Data Path:-    1662                  
             Slack:=    2292                  

#-----------------------------------------------------------------------------------------------------------------
#              Timing Point                Flags   Arc   Edge   Cell     Fanout Load Trans Delay Arrival Instance 
#                                                                               (fF)  (ps)  (ps)   (ps)  Location 
#-----------------------------------------------------------------------------------------------------------------
  core_grant_reg/CK                        -       -     R     (arrival)   3708    -     0     0       0    (-,-) 
  core_grant_reg/Q                         -       CK->Q F     DFFHQX1        8 14.9   100   101     101    (-,-) 
  core_g160524/Y                           -       S0->Y F     CLKMX2X4       6 60.0   123   129     230    (-,-) 
  core_g160152/Y                           -       C->Y  R     NOR3X1         2  4.4   106    96     325    (-,-) 
  core_g160130/Y                           -       A->Y  F     INVX1          1  2.6    38    46     372    (-,-) 
  core_g159979/Y                           -       D->Y  F     OR4X1          1  2.8    29    66     437    (-,-) 
  core_g159920/Y                           -       D->Y  R     NOR4X1         2  4.4   135    84     521    (-,-) 
  core_g159876/Y                           -       D->Y  F     NAND4X1        2  4.4   134   118     639    (-,-) 
  core_g159867/Y                           -       B->Y  R     NOR2X1         1  2.7    58    69     708    (-,-) 
  core_g159866/Y                           -       A->Y  R     AND2X1         6 11.5    81    74     782    (-,-) 
  core_g159850/Y                           -       B->Y  F     NAND2X1        4  7.4   106    84     865    (-,-) 
  core_g159836/Y                           -       B->Y  F     AND2X1         5  9.4    64    68     933    (-,-) 
  core_g159817/Y                           -       B->Y  R     NAND2X2        8 14.6    71    48     982    (-,-) 
  core_g159811/Y                           -       A->Y  F     INVX1         10 16.9   124    87    1069    (-,-) 
  core_g159744/Y                           -       A->Y  F     AND2X4        34 54.7   108   106    1174    (-,-) 
  core_g159645/Y                           -       B1->Y R     AOI22X1        1  2.7    62    65    1239    (-,-) 
  core_g159313/Y                           -       B->Y  F     NAND4XL        1  2.8   129    99    1338    (-,-) 
  core_g159246/Y                           -       C0->Y R     AOI221X1       1  2.9    88    90    1429    (-,-) 
  core_g159214/Y                           -       C0->Y F     OAI221X1       1  2.8    82    80    1508    (-,-) 
  core_g159186/Y                           -       C0->Y R     AOI221X1       1  2.9    84    75    1583    (-,-) 
  core_g159156/Y                           -       C0->Y F     OAI221X1       1  2.8    82    78    1662    (-,-) 
  core_interface6_bank_bus_dat_r_reg[29]/D -       -     F     DFFHQX1        1    -     -     0    1662    (-,-) 
#-----------------------------------------------------------------------------------------------------------------



Path 44: MET (2292 ps) Setup Check with Pin core_interface6_bank_bus_dat_r_reg[28]/CK->D
          Group: C2C
     Startpoint: (R) core_grant_reg/CK
          Clock: (R) myclock
       Endpoint: (F) core_interface6_bank_bus_dat_r_reg[28]/D
          Clock: (R) myclock

                     Capture       Launch     
        Clock Edge:+    4000            0     
       Src Latency:+       0            0     
       Net Latency:+       0 (I)        0 (I) 
           Arrival:=    4000            0     
                                              
             Setup:-      26                  
       Uncertainty:-      20                  
     Required Time:=    3954                  
      Launch Clock:-       0                  
         Data Path:-    1662                  
             Slack:=    2292                  

#-----------------------------------------------------------------------------------------------------------------
#              Timing Point                Flags   Arc   Edge   Cell     Fanout Load Trans Delay Arrival Instance 
#                                                                               (fF)  (ps)  (ps)   (ps)  Location 
#-----------------------------------------------------------------------------------------------------------------
  core_grant_reg/CK                        -       -     R     (arrival)   3708    -     0     0       0    (-,-) 
  core_grant_reg/Q                         -       CK->Q F     DFFHQX1        8 14.9   100   101     101    (-,-) 
  core_g160524/Y                           -       S0->Y F     CLKMX2X4       6 60.0   123   129     230    (-,-) 
  core_g160152/Y                           -       C->Y  R     NOR3X1         2  4.4   106    96     325    (-,-) 
  core_g160130/Y                           -       A->Y  F     INVX1          1  2.6    38    46     372    (-,-) 
  core_g159979/Y                           -       D->Y  F     OR4X1          1  2.8    29    66     437    (-,-) 
  core_g159920/Y                           -       D->Y  R     NOR4X1         2  4.4   135    84     521    (-,-) 
  core_g159876/Y                           -       D->Y  F     NAND4X1        2  4.4   134   118     639    (-,-) 
  core_g159867/Y                           -       B->Y  R     NOR2X1         1  2.7    58    69     708    (-,-) 
  core_g159866/Y                           -       A->Y  R     AND2X1         6 11.5    81    74     782    (-,-) 
  core_g159850/Y                           -       B->Y  F     NAND2X1        4  7.4   106    84     865    (-,-) 
  core_g159836/Y                           -       B->Y  F     AND2X1         5  9.4    64    68     933    (-,-) 
  core_g159817/Y                           -       B->Y  R     NAND2X2        8 14.6    71    48     982    (-,-) 
  core_g159811/Y                           -       A->Y  F     INVX1         10 16.9   124    87    1069    (-,-) 
  core_g159744/Y                           -       A->Y  F     AND2X4        34 54.7   108   106    1174    (-,-) 
  core_g159640/Y                           -       B1->Y R     AOI22X1        1  2.7    62    65    1239    (-,-) 
  core_g159312/Y                           -       B->Y  F     NAND4XL        1  2.8   129    99    1338    (-,-) 
  core_g159245/Y                           -       C0->Y R     AOI221X1       1  2.9    88    90    1429    (-,-) 
  core_g159213/Y                           -       C0->Y F     OAI221X1       1  2.8    82    80    1508    (-,-) 
  core_g159185/Y                           -       C0->Y R     AOI221X1       1  2.9    84    75    1583    (-,-) 
  core_g159157/Y                           -       C0->Y F     OAI221X1       1  2.8    82    78    1662    (-,-) 
  core_interface6_bank_bus_dat_r_reg[28]/D -       -     F     DFFHQX1        1    -     -     0    1662    (-,-) 
#-----------------------------------------------------------------------------------------------------------------



Path 45: MET (2292 ps) Setup Check with Pin core_interface6_bank_bus_dat_r_reg[26]/CK->D
          Group: C2C
     Startpoint: (R) core_grant_reg/CK
          Clock: (R) myclock
       Endpoint: (F) core_interface6_bank_bus_dat_r_reg[26]/D
          Clock: (R) myclock

                     Capture       Launch     
        Clock Edge:+    4000            0     
       Src Latency:+       0            0     
       Net Latency:+       0 (I)        0 (I) 
           Arrival:=    4000            0     
                                              
             Setup:-      26                  
       Uncertainty:-      20                  
     Required Time:=    3954                  
      Launch Clock:-       0                  
         Data Path:-    1662                  
             Slack:=    2292                  

#-----------------------------------------------------------------------------------------------------------------
#              Timing Point                Flags   Arc   Edge   Cell     Fanout Load Trans Delay Arrival Instance 
#                                                                               (fF)  (ps)  (ps)   (ps)  Location 
#-----------------------------------------------------------------------------------------------------------------
  core_grant_reg/CK                        -       -     R     (arrival)   3708    -     0     0       0    (-,-) 
  core_grant_reg/Q                         -       CK->Q F     DFFHQX1        8 14.9   100   101     101    (-,-) 
  core_g160524/Y                           -       S0->Y F     CLKMX2X4       6 60.0   123   129     230    (-,-) 
  core_g160152/Y                           -       C->Y  R     NOR3X1         2  4.4   106    96     325    (-,-) 
  core_g160130/Y                           -       A->Y  F     INVX1          1  2.6    38    46     372    (-,-) 
  core_g159979/Y                           -       D->Y  F     OR4X1          1  2.8    29    66     437    (-,-) 
  core_g159920/Y                           -       D->Y  R     NOR4X1         2  4.4   135    84     521    (-,-) 
  core_g159876/Y                           -       D->Y  F     NAND4X1        2  4.4   134   118     639    (-,-) 
  core_g159867/Y                           -       B->Y  R     NOR2X1         1  2.7    58    69     708    (-,-) 
  core_g159866/Y                           -       A->Y  R     AND2X1         6 11.5    81    74     782    (-,-) 
  core_g159850/Y                           -       B->Y  F     NAND2X1        4  7.4   106    84     865    (-,-) 
  core_g159836/Y                           -       B->Y  F     AND2X1         5  9.4    64    68     933    (-,-) 
  core_g159817/Y                           -       B->Y  R     NAND2X2        8 14.6    71    48     982    (-,-) 
  core_g159811/Y                           -       A->Y  F     INVX1         10 16.9   124    87    1069    (-,-) 
  core_g159744/Y                           -       A->Y  F     AND2X4        34 54.7   108   106    1174    (-,-) 
  core_g159637/Y                           -       B1->Y R     AOI22X1        1  2.7    62    65    1239    (-,-) 
  core_g159311/Y                           -       B->Y  F     NAND4XL        1  2.8   129    99    1338    (-,-) 
  core_g159244/Y                           -       C0->Y R     AOI221X1       1  2.9    88    90    1429    (-,-) 
  core_g159212/Y                           -       C0->Y F     OAI221X1       1  2.8    82    80    1508    (-,-) 
  core_g159184/Y                           -       C0->Y R     AOI221X1       1  2.9    84    75    1583    (-,-) 
  core_g159154/Y                           -       C0->Y F     OAI221X1       1  2.8    82    78    1662    (-,-) 
  core_interface6_bank_bus_dat_r_reg[26]/D -       -     F     DFFHQX1        1    -     -     0    1662    (-,-) 
#-----------------------------------------------------------------------------------------------------------------



Path 46: MET (2292 ps) Setup Check with Pin core_interface6_bank_bus_dat_r_reg[20]/CK->D
          Group: C2C
     Startpoint: (R) core_grant_reg/CK
          Clock: (R) myclock
       Endpoint: (F) core_interface6_bank_bus_dat_r_reg[20]/D
          Clock: (R) myclock

                     Capture       Launch     
        Clock Edge:+    4000            0     
       Src Latency:+       0            0     
       Net Latency:+       0 (I)        0 (I) 
           Arrival:=    4000            0     
                                              
             Setup:-      26                  
       Uncertainty:-      20                  
     Required Time:=    3954                  
      Launch Clock:-       0                  
         Data Path:-    1662                  
             Slack:=    2292                  

#-----------------------------------------------------------------------------------------------------------------
#              Timing Point                Flags   Arc   Edge   Cell     Fanout Load Trans Delay Arrival Instance 
#                                                                               (fF)  (ps)  (ps)   (ps)  Location 
#-----------------------------------------------------------------------------------------------------------------
  core_grant_reg/CK                        -       -     R     (arrival)   3708    -     0     0       0    (-,-) 
  core_grant_reg/Q                         -       CK->Q F     DFFHQX1        8 14.9   100   101     101    (-,-) 
  core_g160524/Y                           -       S0->Y F     CLKMX2X4       6 60.0   123   129     230    (-,-) 
  core_g160152/Y                           -       C->Y  R     NOR3X1         2  4.4   106    96     325    (-,-) 
  core_g160130/Y                           -       A->Y  F     INVX1          1  2.6    38    46     372    (-,-) 
  core_g159979/Y                           -       D->Y  F     OR4X1          1  2.8    29    66     437    (-,-) 
  core_g159920/Y                           -       D->Y  R     NOR4X1         2  4.4   135    84     521    (-,-) 
  core_g159876/Y                           -       D->Y  F     NAND4X1        2  4.4   134   118     639    (-,-) 
  core_g159867/Y                           -       B->Y  R     NOR2X1         1  2.7    58    69     708    (-,-) 
  core_g159866/Y                           -       A->Y  R     AND2X1         6 11.5    81    74     782    (-,-) 
  core_g159850/Y                           -       B->Y  F     NAND2X1        4  7.4   106    84     865    (-,-) 
  core_g159836/Y                           -       B->Y  F     AND2X1         5  9.4    64    68     933    (-,-) 
  core_g159817/Y                           -       B->Y  R     NAND2X2        8 14.6    71    48     982    (-,-) 
  core_g159811/Y                           -       A->Y  F     INVX1         10 16.9   124    87    1069    (-,-) 
  core_g159744/Y                           -       A->Y  F     AND2X4        34 54.7   108   106    1174    (-,-) 
  core_g159626/Y                           -       B1->Y R     AOI22X1        1  2.7    62    65    1239    (-,-) 
  core_g159308/Y                           -       A->Y  F     NAND4XL        1  2.8   129    99    1338    (-,-) 
  core_g159241/Y                           -       C0->Y R     AOI221X1       1  2.9    88    90    1428    (-,-) 
  core_g159209/Y                           -       C0->Y F     OAI221X1       1  2.8    82    80    1508    (-,-) 
  core_g159181/Y                           -       C0->Y R     AOI221X1       1  2.9    84    75    1583    (-,-) 
  core_g159155/Y                           -       C0->Y F     OAI221X1       1  2.8    82    78    1662    (-,-) 
  core_interface6_bank_bus_dat_r_reg[20]/D -       -     F     DFFHQX1        1    -     -     0    1662    (-,-) 
#-----------------------------------------------------------------------------------------------------------------



Path 47: MET (2292 ps) Setup Check with Pin core_interface6_bank_bus_dat_r_reg[19]/CK->D
          Group: C2C
     Startpoint: (R) core_grant_reg/CK
          Clock: (R) myclock
       Endpoint: (F) core_interface6_bank_bus_dat_r_reg[19]/D
          Clock: (R) myclock

                     Capture       Launch     
        Clock Edge:+    4000            0     
       Src Latency:+       0            0     
       Net Latency:+       0 (I)        0 (I) 
           Arrival:=    4000            0     
                                              
             Setup:-      26                  
       Uncertainty:-      20                  
     Required Time:=    3954                  
      Launch Clock:-       0                  
         Data Path:-    1662                  
             Slack:=    2292                  

#-----------------------------------------------------------------------------------------------------------------
#              Timing Point                Flags   Arc   Edge   Cell     Fanout Load Trans Delay Arrival Instance 
#                                                                               (fF)  (ps)  (ps)   (ps)  Location 
#-----------------------------------------------------------------------------------------------------------------
  core_grant_reg/CK                        -       -     R     (arrival)   3708    -     0     0       0    (-,-) 
  core_grant_reg/Q                         -       CK->Q F     DFFHQX1        8 14.9   100   101     101    (-,-) 
  core_g160524/Y                           -       S0->Y F     CLKMX2X4       6 60.0   123   129     230    (-,-) 
  core_g160152/Y                           -       C->Y  R     NOR3X1         2  4.4   106    96     325    (-,-) 
  core_g160130/Y                           -       A->Y  F     INVX1          1  2.6    38    46     372    (-,-) 
  core_g159979/Y                           -       D->Y  F     OR4X1          1  2.8    29    66     437    (-,-) 
  core_g159920/Y                           -       D->Y  R     NOR4X1         2  4.4   135    84     521    (-,-) 
  core_g159876/Y                           -       D->Y  F     NAND4X1        2  4.4   134   118     639    (-,-) 
  core_g159867/Y                           -       B->Y  R     NOR2X1         1  2.7    58    69     708    (-,-) 
  core_g159866/Y                           -       A->Y  R     AND2X1         6 11.5    81    74     782    (-,-) 
  core_g159850/Y                           -       B->Y  F     NAND2X1        4  7.4   106    84     865    (-,-) 
  core_g159836/Y                           -       B->Y  F     AND2X1         5  9.4    64    68     933    (-,-) 
  core_g159817/Y                           -       B->Y  R     NAND2X2        8 14.6    71    48     982    (-,-) 
  core_g159811/Y                           -       A->Y  F     INVX1         10 16.9   124    87    1069    (-,-) 
  core_g159744/Y                           -       A->Y  F     AND2X4        34 54.7   108   106    1174    (-,-) 
  core_g159622/Y                           -       B1->Y R     AOI22X1        1  2.7    62    65    1239    (-,-) 
  core_g159307/Y                           -       A->Y  F     NAND4XL        1  2.8   129    99    1338    (-,-) 
  core_g159240/Y                           -       C0->Y R     AOI221X1       1  2.9    88    90    1428    (-,-) 
  core_g159208/Y                           -       C0->Y F     OAI221X1       1  2.8    82    80    1508    (-,-) 
  core_g159187/Y                           -       C0->Y R     AOI221X1       1  2.9    84    75    1583    (-,-) 
  core_g159151/Y                           -       C0->Y F     OAI221X1       1  2.8    82    78    1662    (-,-) 
  core_interface6_bank_bus_dat_r_reg[19]/D -       -     F     DFFHQX1        1    -     -     0    1662    (-,-) 
#-----------------------------------------------------------------------------------------------------------------



Path 48: MET (2292 ps) Setup Check with Pin core_interface6_bank_bus_dat_r_reg[18]/CK->D
          Group: C2C
     Startpoint: (R) core_grant_reg/CK
          Clock: (R) myclock
       Endpoint: (F) core_interface6_bank_bus_dat_r_reg[18]/D
          Clock: (R) myclock

                     Capture       Launch     
        Clock Edge:+    4000            0     
       Src Latency:+       0            0     
       Net Latency:+       0 (I)        0 (I) 
           Arrival:=    4000            0     
                                              
             Setup:-      26                  
       Uncertainty:-      20                  
     Required Time:=    3954                  
      Launch Clock:-       0                  
         Data Path:-    1662                  
             Slack:=    2292                  

#-----------------------------------------------------------------------------------------------------------------
#              Timing Point                Flags   Arc   Edge   Cell     Fanout Load Trans Delay Arrival Instance 
#                                                                               (fF)  (ps)  (ps)   (ps)  Location 
#-----------------------------------------------------------------------------------------------------------------
  core_grant_reg/CK                        -       -     R     (arrival)   3708    -     0     0       0    (-,-) 
  core_grant_reg/Q                         -       CK->Q F     DFFHQX1        8 14.9   100   101     101    (-,-) 
  core_g160524/Y                           -       S0->Y F     CLKMX2X4       6 60.0   123   129     230    (-,-) 
  core_g160152/Y                           -       C->Y  R     NOR3X1         2  4.4   106    96     325    (-,-) 
  core_g160130/Y                           -       A->Y  F     INVX1          1  2.6    38    46     372    (-,-) 
  core_g159979/Y                           -       D->Y  F     OR4X1          1  2.8    29    66     437    (-,-) 
  core_g159920/Y                           -       D->Y  R     NOR4X1         2  4.4   135    84     521    (-,-) 
  core_g159876/Y                           -       D->Y  F     NAND4X1        2  4.4   134   118     639    (-,-) 
  core_g159867/Y                           -       B->Y  R     NOR2X1         1  2.7    58    69     708    (-,-) 
  core_g159866/Y                           -       A->Y  R     AND2X1         6 11.5    81    74     782    (-,-) 
  core_g159850/Y                           -       B->Y  F     NAND2X1        4  7.4   106    84     865    (-,-) 
  core_g159836/Y                           -       B->Y  F     AND2X1         5  9.4    64    68     933    (-,-) 
  core_g159817/Y                           -       B->Y  R     NAND2X2        8 14.6    71    48     982    (-,-) 
  core_g159811/Y                           -       A->Y  F     INVX1         10 16.9   124    87    1069    (-,-) 
  core_g159744/Y                           -       A->Y  F     AND2X4        34 54.7   108   106    1174    (-,-) 
  core_g159618/Y                           -       B1->Y R     AOI22X1        1  2.7    62    65    1239    (-,-) 
  core_g159306/Y                           -       A->Y  F     NAND4XL        1  2.8   129    99    1338    (-,-) 
  core_g159239/Y                           -       C0->Y R     AOI221X1       1  2.9    88    90    1428    (-,-) 
  core_g159207/Y                           -       C0->Y F     OAI221X1       1  2.8    82    80    1508    (-,-) 
  core_g159166/Y                           -       C0->Y R     AOI221X1       1  2.9    84    75    1583    (-,-) 
  core_g159150/Y                           -       C0->Y F     OAI221X1       1  2.8    82    78    1662    (-,-) 
  core_interface6_bank_bus_dat_r_reg[18]/D -       -     F     DFFHQX1        1    -     -     0    1662    (-,-) 
#-----------------------------------------------------------------------------------------------------------------



Path 49: MET (2292 ps) Setup Check with Pin core_interface6_bank_bus_dat_r_reg[15]/CK->D
          Group: C2C
     Startpoint: (R) core_grant_reg/CK
          Clock: (R) myclock
       Endpoint: (F) core_interface6_bank_bus_dat_r_reg[15]/D
          Clock: (R) myclock

                     Capture       Launch     
        Clock Edge:+    4000            0     
       Src Latency:+       0            0     
       Net Latency:+       0 (I)        0 (I) 
           Arrival:=    4000            0     
                                              
             Setup:-      26                  
       Uncertainty:-      20                  
     Required Time:=    3954                  
      Launch Clock:-       0                  
         Data Path:-    1662                  
             Slack:=    2292                  

#-----------------------------------------------------------------------------------------------------------------
#              Timing Point                Flags   Arc   Edge   Cell     Fanout Load Trans Delay Arrival Instance 
#                                                                               (fF)  (ps)  (ps)   (ps)  Location 
#-----------------------------------------------------------------------------------------------------------------
  core_grant_reg/CK                        -       -     R     (arrival)   3708    -     0     0       0    (-,-) 
  core_grant_reg/Q                         -       CK->Q F     DFFHQX1        8 14.9   100   101     101    (-,-) 
  core_g160524/Y                           -       S0->Y F     CLKMX2X4       6 60.0   123   129     230    (-,-) 
  core_g160152/Y                           -       C->Y  R     NOR3X1         2  4.4   106    96     325    (-,-) 
  core_g160130/Y                           -       A->Y  F     INVX1          1  2.6    38    46     372    (-,-) 
  core_g159979/Y                           -       D->Y  F     OR4X1          1  2.8    29    66     437    (-,-) 
  core_g159920/Y                           -       D->Y  R     NOR4X1         2  4.4   135    84     521    (-,-) 
  core_g159876/Y                           -       D->Y  F     NAND4X1        2  4.4   134   118     639    (-,-) 
  core_g159867/Y                           -       B->Y  R     NOR2X1         1  2.7    58    69     708    (-,-) 
  core_g159866/Y                           -       A->Y  R     AND2X1         6 11.5    81    74     782    (-,-) 
  core_g159850/Y                           -       B->Y  F     NAND2X1        4  7.4   106    84     865    (-,-) 
  core_g159836/Y                           -       B->Y  F     AND2X1         5  9.4    64    68     933    (-,-) 
  core_g159817/Y                           -       B->Y  R     NAND2X2        8 14.6    71    48     982    (-,-) 
  core_g159811/Y                           -       A->Y  F     INVX1         10 16.9   124    87    1069    (-,-) 
  core_g159744/Y                           -       A->Y  F     AND2X4        34 54.7   108   106    1174    (-,-) 
  core_g159604/Y                           -       B1->Y R     AOI22X1        1  2.7    62    65    1239    (-,-) 
  core_g159303/Y                           -       A->Y  F     NAND4XL        1  2.8   129    99    1338    (-,-) 
  core_g159236/Y                           -       C0->Y R     AOI221X1       1  2.9    88    90    1428    (-,-) 
  core_g159211/Y                           -       C0->Y F     OAI221X1       1  2.8    82    80    1508    (-,-) 
  core_g159178/Y                           -       C0->Y R     AOI221X1       1  2.9    84    75    1583    (-,-) 
  core_g159149/Y                           -       C0->Y F     OAI221X1       1  2.8    82    78    1662    (-,-) 
  core_interface6_bank_bus_dat_r_reg[15]/D -       -     F     DFFHQX1        1    -     -     0    1662    (-,-) 
#-----------------------------------------------------------------------------------------------------------------



Path 50: MET (2292 ps) Setup Check with Pin core_interface6_bank_bus_dat_r_reg[12]/CK->D
          Group: C2C
     Startpoint: (R) core_grant_reg/CK
          Clock: (R) myclock
       Endpoint: (F) core_interface6_bank_bus_dat_r_reg[12]/D
          Clock: (R) myclock

                     Capture       Launch     
        Clock Edge:+    4000            0     
       Src Latency:+       0            0     
       Net Latency:+       0 (I)        0 (I) 
           Arrival:=    4000            0     
                                              
             Setup:-      26                  
       Uncertainty:-      20                  
     Required Time:=    3954                  
      Launch Clock:-       0                  
         Data Path:-    1662                  
             Slack:=    2292                  

#-----------------------------------------------------------------------------------------------------------------
#              Timing Point                Flags   Arc   Edge   Cell     Fanout Load Trans Delay Arrival Instance 
#                                                                               (fF)  (ps)  (ps)   (ps)  Location 
#-----------------------------------------------------------------------------------------------------------------
  core_grant_reg/CK                        -       -     R     (arrival)   3708    -     0     0       0    (-,-) 
  core_grant_reg/Q                         -       CK->Q F     DFFHQX1        8 14.9   100   101     101    (-,-) 
  core_g160524/Y                           -       S0->Y F     CLKMX2X4       6 60.0   123   129     230    (-,-) 
  core_g160152/Y                           -       C->Y  R     NOR3X1         2  4.4   106    96     325    (-,-) 
  core_g160130/Y                           -       A->Y  F     INVX1          1  2.6    38    46     372    (-,-) 
  core_g159979/Y                           -       D->Y  F     OR4X1          1  2.8    29    66     437    (-,-) 
  core_g159920/Y                           -       D->Y  R     NOR4X1         2  4.4   135    84     521    (-,-) 
  core_g159876/Y                           -       D->Y  F     NAND4X1        2  4.4   134   118     639    (-,-) 
  core_g159867/Y                           -       B->Y  R     NOR2X1         1  2.7    58    69     708    (-,-) 
  core_g159866/Y                           -       A->Y  R     AND2X1         6 11.5    81    74     782    (-,-) 
  core_g159850/Y                           -       B->Y  F     NAND2X1        4  7.4   106    84     865    (-,-) 
  core_g159836/Y                           -       B->Y  F     AND2X1         5  9.4    64    68     933    (-,-) 
  core_g159817/Y                           -       B->Y  R     NAND2X2        8 14.6    71    48     982    (-,-) 
  core_g159811/Y                           -       A->Y  F     INVX1         10 16.9   124    87    1069    (-,-) 
  core_g159744/Y                           -       A->Y  F     AND2X4        34 54.7   108   106    1174    (-,-) 
  core_g159596/Y                           -       B1->Y R     AOI22X1        1  2.7    62    65    1239    (-,-) 
  core_g159300/Y                           -       A->Y  F     NAND4XL        1  2.8   129    99    1338    (-,-) 
  core_g159233/Y                           -       C0->Y R     AOI221X1       1  2.9    88    90    1428    (-,-) 
  core_g159203/Y                           -       C0->Y F     OAI221X1       1  2.8    82    80    1508    (-,-) 
  core_g159175/Y                           -       C0->Y R     AOI221X1       1  2.9    84    75    1583    (-,-) 
  core_g159146/Y                           -       C0->Y F     OAI221X1       1  2.8    82    78    1662    (-,-) 
  core_interface6_bank_bus_dat_r_reg[12]/D -       -     F     DFFHQX1        1    -     -     0    1662    (-,-) 
#-----------------------------------------------------------------------------------------------------------------

