============================================================
  Generated by:           Genus(TM) Synthesis Solution 22.13-s093_1
  Generated on:           Apr 13 2026  06:56:33 pm
  Module:                 mgmt_core_wrapper
  Operating conditions:   PVT_1P1V_0C 
  Interconnect mode:      global
  Area mode:              physical library
============================================================


Path 1: MET (2787 ps) Setup Check with Pin core_picorv32_reg_op1_reg[1]/CK->D
          Group: I2C
     Startpoint: (F) hk_ack_i
          Clock: (R) myclock
       Endpoint: (F) core_picorv32_reg_op1_reg[1]/D
          Clock: (R) myclock

                     Capture       Launch     
        Clock Edge:+    4000            0     
        Drv Adjust:+       0            0     
       Src Latency:+       0            0     
       Net Latency:+       0 (I)        0 (I) 
           Arrival:=    4000            0     
                                              
             Setup:-      27                  
       Uncertainty:-      20                  
     Required Time:=    3953                  
      Launch Clock:-       0                  
       Input Delay:-     100                  
         Data Path:-    1066                  
             Slack:=    2787                  

Exceptions/Constraints:
  input_delay             100             mgmt_core_wrapper.sd_line_18_196_1 

#-------------------------------------------------------------------------------------------------------
#         Timing Point           Flags   Arc   Edge   Cell     Fanout Load Trans Delay Arrival Instance 
#                                                                     (fF)  (ps)  (ps)   (ps)  Location 
#-------------------------------------------------------------------------------------------------------
  hk_ack_i                       -       -     F     (arrival)      1  2.9    15     0     100    (-,-) 
  core_g139171/Y                 -       A->Y  R     NOR3X1         1  2.7    66    50     150    (-,-) 
  core_g139160/Y                 -       C->Y  F     NAND4BBXL      1  2.7   128    98     248    (-,-) 
  core_g139156/Y                 -       A->Y  F     OR2X1          5  8.7    61    78     326    (-,-) 
  core_g249255/Y                 -       B->Y  R     NAND2X1        1  2.9    34    34     359    (-,-) 
  core_g248922/Y                 -       B->Y  R     OR2X4         33 60.4   111    85     444    (-,-) 
  core_g248691/Y                 -       A->Y  F     INVX1          5  9.1    81    71     515    (-,-) 
  core_g248453/Y                 -       B->Y  R     NAND2X1        3  5.8    56    50     566    (-,-) 
  core_g247808/Y                 -       AN->Y R     NAND2BX1       1  2.9    31    34     599    (-,-) 
  core_g247049/Y                 -       B->Y  F     NAND2BX1       1  2.8    44    36     635    (-,-) 
  core_g244331/Y                 -       A1->Y R     AOI22X1        1  2.9    61    48     684    (-,-) 
  core_g244010/Y                 -       A1->Y R     AO21X4        30 51.4    98   102     786    (-,-) 
  core_g243764/Y                 -       A->Y  F     INVX1          6 10.5    87    72     858    (-,-) 
  core_g243507/Y                 -       C->Y  F     AND3X2        22 35.8   129   107     965    (-,-) 
  core_g243046/Y                 -       A->Y  R     INVX1         10 18.0   144   110    1075    (-,-) 
  core_g242037/Y                 -       A1->Y F     OAI221X1       1  2.7    81    91    1166    (-,-) 
  core_picorv32_reg_op1_reg[1]/D -       -     F     DFFX2          1    -     -     0    1166    (-,-) 
#-------------------------------------------------------------------------------------------------------



Path 2: MET (2788 ps) Setup Check with Pin core_picorv32_reg_op1_reg[0]/CK->D
          Group: I2C
     Startpoint: (F) hk_ack_i
          Clock: (R) myclock
       Endpoint: (F) core_picorv32_reg_op1_reg[0]/D
          Clock: (R) myclock

                     Capture       Launch     
        Clock Edge:+    4000            0     
        Drv Adjust:+       0            0     
       Src Latency:+       0            0     
       Net Latency:+       0 (I)        0 (I) 
           Arrival:=    4000            0     
                                              
             Setup:-      26                  
       Uncertainty:-      20                  
     Required Time:=    3954                  
      Launch Clock:-       0                  
       Input Delay:-     100                  
         Data Path:-    1067                  
             Slack:=    2788                  

Exceptions/Constraints:
  input_delay             100             mgmt_core_wrapper.sd_line_18_196_1 

#-------------------------------------------------------------------------------------------------------
#         Timing Point           Flags   Arc   Edge   Cell     Fanout Load Trans Delay Arrival Instance 
#                                                                     (fF)  (ps)  (ps)   (ps)  Location 
#-------------------------------------------------------------------------------------------------------
  hk_ack_i                       -       -     F     (arrival)      1  2.9    15     0     100    (-,-) 
  core_g139171/Y                 -       A->Y  R     NOR3X1         1  2.7    66    50     150    (-,-) 
  core_g139160/Y                 -       C->Y  F     NAND4BBXL      1  2.7   128    98     248    (-,-) 
  core_g139156/Y                 -       A->Y  F     OR2X1          5  8.7    61    78     326    (-,-) 
  core_g249255/Y                 -       B->Y  R     NAND2X1        1  2.9    34    34     359    (-,-) 
  core_g248922/Y                 -       B->Y  R     OR2X4         33 60.4   111    85     444    (-,-) 
  core_g248691/Y                 -       A->Y  F     INVX1          5  9.1    81    71     515    (-,-) 
  core_g248453/Y                 -       B->Y  R     NAND2X1        3  5.8    56    50     566    (-,-) 
  core_g247808/Y                 -       AN->Y R     NAND2BX1       1  2.9    31    34     599    (-,-) 
  core_g247049/Y                 -       B->Y  F     NAND2BX1       1  2.8    44    36     635    (-,-) 
  core_g244331/Y                 -       A1->Y R     AOI22X1        1  2.9    61    48     684    (-,-) 
  core_g244010/Y                 -       A1->Y R     AO21X4        30 51.4    98   102     786    (-,-) 
  core_g243764/Y                 -       A->Y  F     INVX1          6 10.5    87    72     858    (-,-) 
  core_g243507/Y                 -       C->Y  F     AND3X2        22 35.8   129   107     965    (-,-) 
  core_g243046/Y                 -       A->Y  R     INVX1         10 18.0   144   110    1075    (-,-) 
  core_g242038/Y                 -       A1->Y F     OAI221X1       1  2.8    80    92    1167    (-,-) 
  core_picorv32_reg_op1_reg[0]/D -       -     F     DFFHQX1        1    -     -     0    1167    (-,-) 
#-------------------------------------------------------------------------------------------------------



Path 3: MET (2797 ps) Setup Check with Pin core_picorv32_reg_op1_reg[18]/CK->D
          Group: I2C
     Startpoint: (F) hk_ack_i
          Clock: (R) myclock
       Endpoint: (F) core_picorv32_reg_op1_reg[18]/D
          Clock: (R) myclock

                     Capture       Launch     
        Clock Edge:+    4000            0     
        Drv Adjust:+       0            0     
       Src Latency:+       0            0     
       Net Latency:+       0 (I)        0 (I) 
           Arrival:=    4000            0     
                                              
             Setup:-      25                  
       Uncertainty:-      20                  
     Required Time:=    3955                  
      Launch Clock:-       0                  
       Input Delay:-     100                  
         Data Path:-    1058                  
             Slack:=    2797                  

Exceptions/Constraints:
  input_delay             100             mgmt_core_wrapper.sd_line_18_196_1 

#--------------------------------------------------------------------------------------------------------
#          Timing Point           Flags   Arc   Edge   Cell     Fanout Load Trans Delay Arrival Instance 
#                                                                      (fF)  (ps)  (ps)   (ps)  Location 
#--------------------------------------------------------------------------------------------------------
  hk_ack_i                        -       -     F     (arrival)      1  2.9    15     0     100    (-,-) 
  core_g139171/Y                  -       A->Y  R     NOR3X1         1  2.7    66    50     150    (-,-) 
  core_g139160/Y                  -       C->Y  F     NAND4BBXL      1  2.7   128    98     248    (-,-) 
  core_g139156/Y                  -       A->Y  F     OR2X1          5  8.7    61    78     326    (-,-) 
  core_g249255/Y                  -       B->Y  R     NAND2X1        1  2.9    34    34     359    (-,-) 
  core_g248922/Y                  -       B->Y  R     OR2X4         33 60.4   111    85     444    (-,-) 
  core_g248691/Y                  -       A->Y  F     INVX1          5  9.1    81    71     515    (-,-) 
  core_g248453/Y                  -       B->Y  R     NAND2X1        3  5.8    56    50     566    (-,-) 
  core_g247808/Y                  -       AN->Y R     NAND2BX1       1  2.9    31    34     599    (-,-) 
  core_g247049/Y                  -       B->Y  F     NAND2BX1       1  2.8    44    36     635    (-,-) 
  core_g244331/Y                  -       A1->Y R     AOI22X1        1  2.9    61    48     684    (-,-) 
  core_g244010/Y                  -       A1->Y R     AO21X4        30 51.4    98   102     786    (-,-) 
  core_g243764/Y                  -       A->Y  F     INVX1          6 10.5    87    72     858    (-,-) 
  core_g243507/Y                  -       C->Y  F     AND3X2        22 35.8   129   107     965    (-,-) 
  core_g243046/Y                  -       A->Y  R     INVX1         10 18.0   144   110    1075    (-,-) 
  core_g242004/Y                  -       A1->Y F     OAI211X1       1  2.8    76    83    1158    (-,-) 
  core_picorv32_reg_op1_reg[18]/D -       -     F     DFFHQX1        1    -     -     0    1158    (-,-) 
#--------------------------------------------------------------------------------------------------------



Path 4: MET (2797 ps) Setup Check with Pin core_picorv32_reg_op1_reg[16]/CK->D
          Group: I2C
     Startpoint: (F) hk_ack_i
          Clock: (R) myclock
       Endpoint: (F) core_picorv32_reg_op1_reg[16]/D
          Clock: (R) myclock

                     Capture       Launch     
        Clock Edge:+    4000            0     
        Drv Adjust:+       0            0     
       Src Latency:+       0            0     
       Net Latency:+       0 (I)        0 (I) 
           Arrival:=    4000            0     
                                              
             Setup:-      25                  
       Uncertainty:-      20                  
     Required Time:=    3955                  
      Launch Clock:-       0                  
       Input Delay:-     100                  
         Data Path:-    1058                  
             Slack:=    2797                  

Exceptions/Constraints:
  input_delay             100             mgmt_core_wrapper.sd_line_18_196_1 

#--------------------------------------------------------------------------------------------------------
#          Timing Point           Flags   Arc   Edge   Cell     Fanout Load Trans Delay Arrival Instance 
#                                                                      (fF)  (ps)  (ps)   (ps)  Location 
#--------------------------------------------------------------------------------------------------------
  hk_ack_i                        -       -     F     (arrival)      1  2.9    15     0     100    (-,-) 
  core_g139171/Y                  -       A->Y  R     NOR3X1         1  2.7    66    50     150    (-,-) 
  core_g139160/Y                  -       C->Y  F     NAND4BBXL      1  2.7   128    98     248    (-,-) 
  core_g139156/Y                  -       A->Y  F     OR2X1          5  8.7    61    78     326    (-,-) 
  core_g249255/Y                  -       B->Y  R     NAND2X1        1  2.9    34    34     359    (-,-) 
  core_g248922/Y                  -       B->Y  R     OR2X4         33 60.4   111    85     444    (-,-) 
  core_g248691/Y                  -       A->Y  F     INVX1          5  9.1    81    71     515    (-,-) 
  core_g248453/Y                  -       B->Y  R     NAND2X1        3  5.8    56    50     566    (-,-) 
  core_g247808/Y                  -       AN->Y R     NAND2BX1       1  2.9    31    34     599    (-,-) 
  core_g247049/Y                  -       B->Y  F     NAND2BX1       1  2.8    44    36     635    (-,-) 
  core_g244331/Y                  -       A1->Y R     AOI22X1        1  2.9    61    48     684    (-,-) 
  core_g244010/Y                  -       A1->Y R     AO21X4        30 51.4    98   102     786    (-,-) 
  core_g243764/Y                  -       A->Y  F     INVX1          6 10.5    87    72     858    (-,-) 
  core_g243507/Y                  -       C->Y  F     AND3X2        22 35.8   129   107     965    (-,-) 
  core_g243046/Y                  -       A->Y  R     INVX1         10 18.0   144   110    1075    (-,-) 
  core_g242003/Y                  -       A1->Y F     OAI211X1       1  2.8    76    83    1158    (-,-) 
  core_picorv32_reg_op1_reg[16]/D -       -     F     DFFHQX1        1    -     -     0    1158    (-,-) 
#--------------------------------------------------------------------------------------------------------



Path 5: MET (2797 ps) Setup Check with Pin core_picorv32_reg_op1_reg[13]/CK->D
          Group: I2C
     Startpoint: (F) hk_ack_i
          Clock: (R) myclock
       Endpoint: (F) core_picorv32_reg_op1_reg[13]/D
          Clock: (R) myclock

                     Capture       Launch     
        Clock Edge:+    4000            0     
        Drv Adjust:+       0            0     
       Src Latency:+       0            0     
       Net Latency:+       0 (I)        0 (I) 
           Arrival:=    4000            0     
                                              
             Setup:-      25                  
       Uncertainty:-      20                  
     Required Time:=    3955                  
      Launch Clock:-       0                  
       Input Delay:-     100                  
         Data Path:-    1058                  
             Slack:=    2797                  

Exceptions/Constraints:
  input_delay             100             mgmt_core_wrapper.sd_line_18_196_1 

#--------------------------------------------------------------------------------------------------------
#          Timing Point           Flags   Arc   Edge   Cell     Fanout Load Trans Delay Arrival Instance 
#                                                                      (fF)  (ps)  (ps)   (ps)  Location 
#--------------------------------------------------------------------------------------------------------
  hk_ack_i                        -       -     F     (arrival)      1  2.9    15     0     100    (-,-) 
  core_g139171/Y                  -       A->Y  R     NOR3X1         1  2.7    66    50     150    (-,-) 
  core_g139160/Y                  -       C->Y  F     NAND4BBXL      1  2.7   128    98     248    (-,-) 
  core_g139156/Y                  -       A->Y  F     OR2X1          5  8.7    61    78     326    (-,-) 
  core_g249255/Y                  -       B->Y  R     NAND2X1        1  2.9    34    34     359    (-,-) 
  core_g248922/Y                  -       B->Y  R     OR2X4         33 60.4   111    85     444    (-,-) 
  core_g248691/Y                  -       A->Y  F     INVX1          5  9.1    81    71     515    (-,-) 
  core_g248453/Y                  -       B->Y  R     NAND2X1        3  5.8    56    50     566    (-,-) 
  core_g247808/Y                  -       AN->Y R     NAND2BX1       1  2.9    31    34     599    (-,-) 
  core_g247049/Y                  -       B->Y  F     NAND2BX1       1  2.8    44    36     635    (-,-) 
  core_g244331/Y                  -       A1->Y R     AOI22X1        1  2.9    61    48     684    (-,-) 
  core_g244010/Y                  -       A1->Y R     AO21X4        30 51.4    98   102     786    (-,-) 
  core_g243764/Y                  -       A->Y  F     INVX1          6 10.5    87    72     858    (-,-) 
  core_g243507/Y                  -       C->Y  F     AND3X2        22 35.8   129   107     965    (-,-) 
  core_g243046/Y                  -       A->Y  R     INVX1         10 18.0   144   110    1075    (-,-) 
  core_g242024/Y                  -       A1->Y F     OAI211X1       1  2.8    76    83    1158    (-,-) 
  core_picorv32_reg_op1_reg[13]/D -       -     F     DFFHQX1        1    -     -     0    1158    (-,-) 
#--------------------------------------------------------------------------------------------------------



Path 6: MET (2797 ps) Setup Check with Pin core_picorv32_reg_op1_reg[9]/CK->D
          Group: I2C
     Startpoint: (F) hk_ack_i
          Clock: (R) myclock
       Endpoint: (F) core_picorv32_reg_op1_reg[9]/D
          Clock: (R) myclock

                     Capture       Launch     
        Clock Edge:+    4000            0     
        Drv Adjust:+       0            0     
       Src Latency:+       0            0     
       Net Latency:+       0 (I)        0 (I) 
           Arrival:=    4000            0     
                                              
             Setup:-      25                  
       Uncertainty:-      20                  
     Required Time:=    3955                  
      Launch Clock:-       0                  
       Input Delay:-     100                  
         Data Path:-    1058                  
             Slack:=    2797                  

Exceptions/Constraints:
  input_delay             100             mgmt_core_wrapper.sd_line_18_196_1 

#-------------------------------------------------------------------------------------------------------
#         Timing Point           Flags   Arc   Edge   Cell     Fanout Load Trans Delay Arrival Instance 
#                                                                     (fF)  (ps)  (ps)   (ps)  Location 
#-------------------------------------------------------------------------------------------------------
  hk_ack_i                       -       -     F     (arrival)      1  2.9    15     0     100    (-,-) 
  core_g139171/Y                 -       A->Y  R     NOR3X1         1  2.7    66    50     150    (-,-) 
  core_g139160/Y                 -       C->Y  F     NAND4BBXL      1  2.7   128    98     248    (-,-) 
  core_g139156/Y                 -       A->Y  F     OR2X1          5  8.7    61    78     326    (-,-) 
  core_g249255/Y                 -       B->Y  R     NAND2X1        1  2.9    34    34     359    (-,-) 
  core_g248922/Y                 -       B->Y  R     OR2X4         33 60.4   111    85     444    (-,-) 
  core_g248691/Y                 -       A->Y  F     INVX1          5  9.1    81    71     515    (-,-) 
  core_g248453/Y                 -       B->Y  R     NAND2X1        3  5.8    56    50     566    (-,-) 
  core_g247808/Y                 -       AN->Y R     NAND2BX1       1  2.9    31    34     599    (-,-) 
  core_g247049/Y                 -       B->Y  F     NAND2BX1       1  2.8    44    36     635    (-,-) 
  core_g244331/Y                 -       A1->Y R     AOI22X1        1  2.9    61    48     684    (-,-) 
  core_g244010/Y                 -       A1->Y R     AO21X4        30 51.4    98   102     786    (-,-) 
  core_g243764/Y                 -       A->Y  F     INVX1          6 10.5    87    72     858    (-,-) 
  core_g243507/Y                 -       C->Y  F     AND3X2        22 35.8   129   107     965    (-,-) 
  core_g243046/Y                 -       A->Y  R     INVX1         10 18.0   144   110    1075    (-,-) 
  core_g242011/Y                 -       A1->Y F     OAI211X1       1  2.8    76    83    1158    (-,-) 
  core_picorv32_reg_op1_reg[9]/D -       -     F     DFFHQX1        1    -     -     0    1158    (-,-) 
#-------------------------------------------------------------------------------------------------------



Path 7: MET (2797 ps) Setup Check with Pin core_picorv32_reg_op1_reg[6]/CK->D
          Group: I2C
     Startpoint: (F) hk_ack_i
          Clock: (R) myclock
       Endpoint: (F) core_picorv32_reg_op1_reg[6]/D
          Clock: (R) myclock

                     Capture       Launch     
        Clock Edge:+    4000            0     
        Drv Adjust:+       0            0     
       Src Latency:+       0            0     
       Net Latency:+       0 (I)        0 (I) 
           Arrival:=    4000            0     
                                              
             Setup:-      25                  
       Uncertainty:-      20                  
     Required Time:=    3955                  
      Launch Clock:-       0                  
       Input Delay:-     100                  
         Data Path:-    1058                  
             Slack:=    2797                  

Exceptions/Constraints:
  input_delay             100             mgmt_core_wrapper.sd_line_18_196_1 

#-------------------------------------------------------------------------------------------------------
#         Timing Point           Flags   Arc   Edge   Cell     Fanout Load Trans Delay Arrival Instance 
#                                                                     (fF)  (ps)  (ps)   (ps)  Location 
#-------------------------------------------------------------------------------------------------------
  hk_ack_i                       -       -     F     (arrival)      1  2.9    15     0     100    (-,-) 
  core_g139171/Y                 -       A->Y  R     NOR3X1         1  2.7    66    50     150    (-,-) 
  core_g139160/Y                 -       C->Y  F     NAND4BBXL      1  2.7   128    98     248    (-,-) 
  core_g139156/Y                 -       A->Y  F     OR2X1          5  8.7    61    78     326    (-,-) 
  core_g249255/Y                 -       B->Y  R     NAND2X1        1  2.9    34    34     359    (-,-) 
  core_g248922/Y                 -       B->Y  R     OR2X4         33 60.4   111    85     444    (-,-) 
  core_g248691/Y                 -       A->Y  F     INVX1          5  9.1    81    71     515    (-,-) 
  core_g248453/Y                 -       B->Y  R     NAND2X1        3  5.8    56    50     566    (-,-) 
  core_g247808/Y                 -       AN->Y R     NAND2BX1       1  2.9    31    34     599    (-,-) 
  core_g247049/Y                 -       B->Y  F     NAND2BX1       1  2.8    44    36     635    (-,-) 
  core_g244331/Y                 -       A1->Y R     AOI22X1        1  2.9    61    48     684    (-,-) 
  core_g244010/Y                 -       A1->Y R     AO21X4        30 51.4    98   102     786    (-,-) 
  core_g243764/Y                 -       A->Y  F     INVX1          6 10.5    87    72     858    (-,-) 
  core_g243507/Y                 -       C->Y  F     AND3X2        22 35.8   129   107     965    (-,-) 
  core_g243046/Y                 -       A->Y  R     INVX1         10 18.0   144   110    1075    (-,-) 
  core_g242009/Y                 -       A1->Y F     OAI211X1       1  2.8    76    83    1158    (-,-) 
  core_picorv32_reg_op1_reg[6]/D -       -     F     DFFHQX1        1    -     -     0    1158    (-,-) 
#-------------------------------------------------------------------------------------------------------



Path 8: MET (2797 ps) Setup Check with Pin core_picorv32_reg_op1_reg[24]/CK->D
          Group: I2C
     Startpoint: (F) hk_ack_i
          Clock: (R) myclock
       Endpoint: (F) core_picorv32_reg_op1_reg[24]/D
          Clock: (R) myclock

                     Capture       Launch     
        Clock Edge:+    4000            0     
        Drv Adjust:+       0            0     
       Src Latency:+       0            0     
       Net Latency:+       0 (I)        0 (I) 
           Arrival:=    4000            0     
                                              
             Setup:-      24                  
       Uncertainty:-      20                  
     Required Time:=    3956                  
      Launch Clock:-       0                  
       Input Delay:-     100                  
         Data Path:-    1058                  
             Slack:=    2797                  

Exceptions/Constraints:
  input_delay             100             mgmt_core_wrapper.sd_line_18_196_1 

#--------------------------------------------------------------------------------------------------------
#          Timing Point           Flags   Arc   Edge   Cell     Fanout Load Trans Delay Arrival Instance 
#                                                                      (fF)  (ps)  (ps)   (ps)  Location 
#--------------------------------------------------------------------------------------------------------
  hk_ack_i                        -       -     F     (arrival)      1  2.9    15     0     100    (-,-) 
  core_g139171/Y                  -       A->Y  R     NOR3X1         1  2.7    66    50     150    (-,-) 
  core_g139160/Y                  -       C->Y  F     NAND4BBXL      1  2.7   128    98     248    (-,-) 
  core_g139156/Y                  -       A->Y  F     OR2X1          5  8.7    61    78     326    (-,-) 
  core_g249255/Y                  -       B->Y  R     NAND2X1        1  2.9    34    34     359    (-,-) 
  core_g248922/Y                  -       B->Y  R     OR2X4         33 60.4   111    85     444    (-,-) 
  core_g248691/Y                  -       A->Y  F     INVX1          5  9.1    81    71     515    (-,-) 
  core_g248453/Y                  -       B->Y  R     NAND2X1        3  5.8    56    50     566    (-,-) 
  core_g247808/Y                  -       AN->Y R     NAND2BX1       1  2.9    31    34     599    (-,-) 
  core_g247049/Y                  -       B->Y  F     NAND2BX1       1  2.8    44    36     635    (-,-) 
  core_g244331/Y                  -       A1->Y R     AOI22X1        1  2.9    61    48     684    (-,-) 
  core_g244010/Y                  -       A1->Y R     AO21X4        30 51.4    98   102     786    (-,-) 
  core_g243764/Y                  -       A->Y  F     INVX1          6 10.5    87    72     858    (-,-) 
  core_g243507/Y                  -       C->Y  F     AND3X2        22 35.8   129   107     965    (-,-) 
  core_g243046/Y                  -       A->Y  R     INVX1         10 18.0   144   110    1075    (-,-) 
  core_g242015/Y                  -       A1->Y F     OAI211X1       1  2.8    74    83    1158    (-,-) 
  core_picorv32_reg_op1_reg[24]/D -       -     F     DFFHQX1        1    -     -     0    1158    (-,-) 
#--------------------------------------------------------------------------------------------------------



Path 9: MET (2797 ps) Setup Check with Pin core_picorv32_reg_op1_reg[19]/CK->D
          Group: I2C
     Startpoint: (F) hk_ack_i
          Clock: (R) myclock
       Endpoint: (F) core_picorv32_reg_op1_reg[19]/D
          Clock: (R) myclock

                     Capture       Launch     
        Clock Edge:+    4000            0     
        Drv Adjust:+       0            0     
       Src Latency:+       0            0     
       Net Latency:+       0 (I)        0 (I) 
           Arrival:=    4000            0     
                                              
             Setup:-      24                  
       Uncertainty:-      20                  
     Required Time:=    3956                  
      Launch Clock:-       0                  
       Input Delay:-     100                  
         Data Path:-    1058                  
             Slack:=    2797                  

Exceptions/Constraints:
  input_delay             100             mgmt_core_wrapper.sd_line_18_196_1 

#--------------------------------------------------------------------------------------------------------
#          Timing Point           Flags   Arc   Edge   Cell     Fanout Load Trans Delay Arrival Instance 
#                                                                      (fF)  (ps)  (ps)   (ps)  Location 
#--------------------------------------------------------------------------------------------------------
  hk_ack_i                        -       -     F     (arrival)      1  2.9    15     0     100    (-,-) 
  core_g139171/Y                  -       A->Y  R     NOR3X1         1  2.7    66    50     150    (-,-) 
  core_g139160/Y                  -       C->Y  F     NAND4BBXL      1  2.7   128    98     248    (-,-) 
  core_g139156/Y                  -       A->Y  F     OR2X1          5  8.7    61    78     326    (-,-) 
  core_g249255/Y                  -       B->Y  R     NAND2X1        1  2.9    34    34     359    (-,-) 
  core_g248922/Y                  -       B->Y  R     OR2X4         33 60.4   111    85     444    (-,-) 
  core_g248691/Y                  -       A->Y  F     INVX1          5  9.1    81    71     515    (-,-) 
  core_g248453/Y                  -       B->Y  R     NAND2X1        3  5.8    56    50     566    (-,-) 
  core_g247808/Y                  -       AN->Y R     NAND2BX1       1  2.9    31    34     599    (-,-) 
  core_g247049/Y                  -       B->Y  F     NAND2BX1       1  2.8    44    36     635    (-,-) 
  core_g244331/Y                  -       A1->Y R     AOI22X1        1  2.9    61    48     684    (-,-) 
  core_g244010/Y                  -       A1->Y R     AO21X4        30 51.4    98   102     786    (-,-) 
  core_g243764/Y                  -       A->Y  F     INVX1          6 10.5    87    72     858    (-,-) 
  core_g243507/Y                  -       C->Y  F     AND3X2        22 35.8   129   107     965    (-,-) 
  core_g243046/Y                  -       A->Y  R     INVX1         10 18.0   144   110    1075    (-,-) 
  core_g242005/Y                  -       A1->Y F     OAI211X1       1  2.8    74    83    1158    (-,-) 
  core_picorv32_reg_op1_reg[19]/D -       -     F     DFFHQX1        1    -     -     0    1158    (-,-) 
#--------------------------------------------------------------------------------------------------------



Path 10: MET (2798 ps) Setup Check with Pin core_picorv32_reg_op1_reg[11]/CK->D
          Group: I2C
     Startpoint: (F) hk_ack_i
          Clock: (R) myclock
       Endpoint: (F) core_picorv32_reg_op1_reg[11]/D
          Clock: (R) myclock

                     Capture       Launch     
        Clock Edge:+    4000            0     
        Drv Adjust:+       0            0     
       Src Latency:+       0            0     
       Net Latency:+       0 (I)        0 (I) 
           Arrival:=    4000            0     
                                              
             Setup:-      25                  
       Uncertainty:-      20                  
     Required Time:=    3955                  
      Launch Clock:-       0                  
       Input Delay:-     100                  
         Data Path:-    1057                  
             Slack:=    2798                  

Exceptions/Constraints:
  input_delay             100             mgmt_core_wrapper.sd_line_18_196_1 

#--------------------------------------------------------------------------------------------------------
#          Timing Point           Flags   Arc   Edge   Cell     Fanout Load Trans Delay Arrival Instance 
#                                                                      (fF)  (ps)  (ps)   (ps)  Location 
#--------------------------------------------------------------------------------------------------------
  hk_ack_i                        -       -     F     (arrival)      1  2.9    15     0     100    (-,-) 
  core_g139171/Y                  -       A->Y  R     NOR3X1         1  2.7    66    50     150    (-,-) 
  core_g139160/Y                  -       C->Y  F     NAND4BBXL      1  2.7   128    98     248    (-,-) 
  core_g139156/Y                  -       A->Y  F     OR2X1          5  8.7    61    78     326    (-,-) 
  core_g249255/Y                  -       B->Y  R     NAND2X1        1  2.9    34    34     359    (-,-) 
  core_g248922/Y                  -       B->Y  R     OR2X4         33 60.4   111    85     444    (-,-) 
  core_g248691/Y                  -       A->Y  F     INVX1          5  9.1    81    71     515    (-,-) 
  core_g248453/Y                  -       B->Y  R     NAND2X1        3  5.8    56    50     566    (-,-) 
  core_g247808/Y                  -       AN->Y R     NAND2BX1       1  2.9    31    34     599    (-,-) 
  core_g247049/Y                  -       B->Y  F     NAND2BX1       1  2.8    44    36     635    (-,-) 
  core_g244331/Y                  -       A1->Y R     AOI22X1        1  2.9    61    48     684    (-,-) 
  core_g244010/Y                  -       A1->Y R     AO21X4        30 51.4    98   102     786    (-,-) 
  core_g243764/Y                  -       A->Y  F     INVX1          6 10.5    87    72     858    (-,-) 
  core_g243507/Y                  -       C->Y  F     AND3X2        22 35.8   129   107     965    (-,-) 
  core_g243046/Y                  -       A->Y  R     INVX1         10 18.0   144   110    1075    (-,-) 
  core_g242012/Y                  -       A1->Y F     OAI211X1       1  2.7    74    82    1157    (-,-) 
  core_picorv32_reg_op1_reg[11]/D -       -     F     DFFX1          1    -     -     0    1157    (-,-) 
#--------------------------------------------------------------------------------------------------------



Path 11: MET (2802 ps) Setup Check with Pin core_picorv32_decoded_rs1_reg[4]/CK->D
          Group: I2C
     Startpoint: (F) hk_ack_i
          Clock: (R) myclock
       Endpoint: (F) core_picorv32_decoded_rs1_reg[4]/D
          Clock: (R) myclock

                     Capture       Launch     
        Clock Edge:+    4000            0     
        Drv Adjust:+       0            0     
       Src Latency:+       0            0     
       Net Latency:+       0 (I)        0 (I) 
           Arrival:=    4000            0     
                                              
             Setup:-      16                  
       Uncertainty:-      20                  
     Required Time:=    3964                  
      Launch Clock:-       0                  
       Input Delay:-     100                  
         Data Path:-    1062                  
             Slack:=    2802                  

Exceptions/Constraints:
  input_delay             100             mgmt_core_wrapper.sd_line_18_196_1 

#-----------------------------------------------------------------------------------------------------------
#           Timing Point             Flags   Arc   Edge   Cell     Fanout Load Trans Delay Arrival Instance 
#                                                                         (fF)  (ps)  (ps)   (ps)  Location 
#-----------------------------------------------------------------------------------------------------------
  hk_ack_i                           -       -     F     (arrival)      1  2.9    15     0     100    (-,-) 
  core_g139171/Y                     -       A->Y  R     NOR3X1         1  2.7    66    50     150    (-,-) 
  core_g139160/Y                     -       C->Y  F     NAND4BBXL      1  2.7   128    98     248    (-,-) 
  core_g139156/Y                     -       A->Y  F     OR2X1          5  8.7    61    78     326    (-,-) 
  core_g249255/Y                     -       B->Y  R     NAND2X1        1  2.9    34    34     359    (-,-) 
  core_g248922/Y                     -       B->Y  R     OR2X4         33 60.4   111    85     444    (-,-) 
  core_g244401/Y                     -       S0->Y F     MXI2X1         3  5.9    97    85     529    (-,-) 
  core_g242461/Y                     -       B->Y  R     NOR3BX1        2  4.2   100    87     616    (-,-) 
  core_g242395/Y                     -       A->Y  R     AND2X1         2  4.4    34    56     672    (-,-) 
  core_g242366/Y                     -       AN->Y R     NOR2BX1        2  4.4    70    54     726    (-,-) 
  core_g251157/Y                     -       AN->Y R     NOR4BX1        1  2.7    91    86     812    (-,-) 
  core_g251156/Y                     -       A->Y  F     INVXL          1  2.6    43    50     862    (-,-) 
  core_g242193/Y                     -       D->Y  F     OR4X1          2  4.4    39    73     934    (-,-) 
  core_g242166/Y                     -       C->Y  R     NOR3BX1        2  4.2    98    66    1001    (-,-) 
  core_g242133/Y                     -       A->Y  R     AND2X1         2  4.4    34    55    1056    (-,-) 
  core_g242072/Y                     -       B->Y  F     NOR2X1         5  8.6    79    46    1102    (-,-) 
  core_g242002/Y                     -       A1->Y F     AO22X1         1  2.8    23    60    1162    (-,-) 
  core_picorv32_decoded_rs1_reg[4]/D -       -     F     DFFHQX1        1    -     -     0    1162    (-,-) 
#-----------------------------------------------------------------------------------------------------------



Path 12: MET (2802 ps) Setup Check with Pin core_picorv32_decoded_rs1_reg[3]/CK->D
          Group: I2C
     Startpoint: (F) hk_ack_i
          Clock: (R) myclock
       Endpoint: (F) core_picorv32_decoded_rs1_reg[3]/D
          Clock: (R) myclock

                     Capture       Launch     
        Clock Edge:+    4000            0     
        Drv Adjust:+       0            0     
       Src Latency:+       0            0     
       Net Latency:+       0 (I)        0 (I) 
           Arrival:=    4000            0     
                                              
             Setup:-      16                  
       Uncertainty:-      20                  
     Required Time:=    3964                  
      Launch Clock:-       0                  
       Input Delay:-     100                  
         Data Path:-    1062                  
             Slack:=    2802                  

Exceptions/Constraints:
  input_delay             100             mgmt_core_wrapper.sd_line_18_196_1 

#-----------------------------------------------------------------------------------------------------------
#           Timing Point             Flags   Arc   Edge   Cell     Fanout Load Trans Delay Arrival Instance 
#                                                                         (fF)  (ps)  (ps)   (ps)  Location 
#-----------------------------------------------------------------------------------------------------------
  hk_ack_i                           -       -     F     (arrival)      1  2.9    15     0     100    (-,-) 
  core_g139171/Y                     -       A->Y  R     NOR3X1         1  2.7    66    50     150    (-,-) 
  core_g139160/Y                     -       C->Y  F     NAND4BBXL      1  2.7   128    98     248    (-,-) 
  core_g139156/Y                     -       A->Y  F     OR2X1          5  8.7    61    78     326    (-,-) 
  core_g249255/Y                     -       B->Y  R     NAND2X1        1  2.9    34    34     359    (-,-) 
  core_g248922/Y                     -       B->Y  R     OR2X4         33 60.4   111    85     444    (-,-) 
  core_g244401/Y                     -       S0->Y F     MXI2X1         3  5.9    97    85     529    (-,-) 
  core_g242461/Y                     -       B->Y  R     NOR3BX1        2  4.2   100    87     616    (-,-) 
  core_g242395/Y                     -       A->Y  R     AND2X1         2  4.4    34    56     672    (-,-) 
  core_g242366/Y                     -       AN->Y R     NOR2BX1        2  4.4    70    54     726    (-,-) 
  core_g251157/Y                     -       AN->Y R     NOR4BX1        1  2.7    91    86     812    (-,-) 
  core_g251156/Y                     -       A->Y  F     INVXL          1  2.6    43    50     862    (-,-) 
  core_g242193/Y                     -       D->Y  F     OR4X1          2  4.4    39    73     934    (-,-) 
  core_g242166/Y                     -       C->Y  R     NOR3BX1        2  4.2    98    66    1001    (-,-) 
  core_g242133/Y                     -       A->Y  R     AND2X1         2  4.4    34    55    1056    (-,-) 
  core_g242072/Y                     -       B->Y  F     NOR2X1         5  8.6    79    46    1102    (-,-) 
  core_g242023/Y                     -       A1->Y F     AO22X1         1  2.8    23    60    1162    (-,-) 
  core_picorv32_decoded_rs1_reg[3]/D -       -     F     DFFHQX1        1    -     -     0    1162    (-,-) 
#-----------------------------------------------------------------------------------------------------------



Path 13: MET (2802 ps) Setup Check with Pin core_picorv32_decoded_rs1_reg[2]/CK->D
          Group: I2C
     Startpoint: (F) hk_ack_i
          Clock: (R) myclock
       Endpoint: (F) core_picorv32_decoded_rs1_reg[2]/D
          Clock: (R) myclock

                     Capture       Launch     
        Clock Edge:+    4000            0     
        Drv Adjust:+       0            0     
       Src Latency:+       0            0     
       Net Latency:+       0 (I)        0 (I) 
           Arrival:=    4000            0     
                                              
             Setup:-      16                  
       Uncertainty:-      20                  
     Required Time:=    3964                  
      Launch Clock:-       0                  
       Input Delay:-     100                  
         Data Path:-    1062                  
             Slack:=    2802                  

Exceptions/Constraints:
  input_delay             100             mgmt_core_wrapper.sd_line_18_196_1 

#-----------------------------------------------------------------------------------------------------------
#           Timing Point             Flags   Arc   Edge   Cell     Fanout Load Trans Delay Arrival Instance 
#                                                                         (fF)  (ps)  (ps)   (ps)  Location 
#-----------------------------------------------------------------------------------------------------------
  hk_ack_i                           -       -     F     (arrival)      1  2.9    15     0     100    (-,-) 
  core_g139171/Y                     -       A->Y  R     NOR3X1         1  2.7    66    50     150    (-,-) 
  core_g139160/Y                     -       C->Y  F     NAND4BBXL      1  2.7   128    98     248    (-,-) 
  core_g139156/Y                     -       A->Y  F     OR2X1          5  8.7    61    78     326    (-,-) 
  core_g249255/Y                     -       B->Y  R     NAND2X1        1  2.9    34    34     359    (-,-) 
  core_g248922/Y                     -       B->Y  R     OR2X4         33 60.4   111    85     444    (-,-) 
  core_g244401/Y                     -       S0->Y F     MXI2X1         3  5.9    97    85     529    (-,-) 
  core_g242461/Y                     -       B->Y  R     NOR3BX1        2  4.2   100    87     616    (-,-) 
  core_g242395/Y                     -       A->Y  R     AND2X1         2  4.4    34    56     672    (-,-) 
  core_g242366/Y                     -       AN->Y R     NOR2BX1        2  4.4    70    54     726    (-,-) 
  core_g251157/Y                     -       AN->Y R     NOR4BX1        1  2.7    91    86     812    (-,-) 
  core_g251156/Y                     -       A->Y  F     INVXL          1  2.6    43    50     862    (-,-) 
  core_g242193/Y                     -       D->Y  F     OR4X1          2  4.4    39    73     934    (-,-) 
  core_g242166/Y                     -       C->Y  R     NOR3BX1        2  4.2    98    66    1001    (-,-) 
  core_g242133/Y                     -       A->Y  R     AND2X1         2  4.4    34    55    1056    (-,-) 
  core_g242072/Y                     -       B->Y  F     NOR2X1         5  8.6    79    46    1102    (-,-) 
  core_g242021/Y                     -       A1->Y F     AO22X1         1  2.8    23    60    1162    (-,-) 
  core_picorv32_decoded_rs1_reg[2]/D -       -     F     DFFHQX1        1    -     -     0    1162    (-,-) 
#-----------------------------------------------------------------------------------------------------------



Path 14: MET (2802 ps) Setup Check with Pin core_picorv32_decoded_rs1_reg[1]/CK->D
          Group: I2C
     Startpoint: (F) hk_ack_i
          Clock: (R) myclock
       Endpoint: (F) core_picorv32_decoded_rs1_reg[1]/D
          Clock: (R) myclock

                     Capture       Launch     
        Clock Edge:+    4000            0     
        Drv Adjust:+       0            0     
       Src Latency:+       0            0     
       Net Latency:+       0 (I)        0 (I) 
           Arrival:=    4000            0     
                                              
             Setup:-      16                  
       Uncertainty:-      20                  
     Required Time:=    3964                  
      Launch Clock:-       0                  
       Input Delay:-     100                  
         Data Path:-    1062                  
             Slack:=    2802                  

Exceptions/Constraints:
  input_delay             100             mgmt_core_wrapper.sd_line_18_196_1 

#-----------------------------------------------------------------------------------------------------------
#           Timing Point             Flags   Arc   Edge   Cell     Fanout Load Trans Delay Arrival Instance 
#                                                                         (fF)  (ps)  (ps)   (ps)  Location 
#-----------------------------------------------------------------------------------------------------------
  hk_ack_i                           -       -     F     (arrival)      1  2.9    15     0     100    (-,-) 
  core_g139171/Y                     -       A->Y  R     NOR3X1         1  2.7    66    50     150    (-,-) 
  core_g139160/Y                     -       C->Y  F     NAND4BBXL      1  2.7   128    98     248    (-,-) 
  core_g139156/Y                     -       A->Y  F     OR2X1          5  8.7    61    78     326    (-,-) 
  core_g249255/Y                     -       B->Y  R     NAND2X1        1  2.9    34    34     359    (-,-) 
  core_g248922/Y                     -       B->Y  R     OR2X4         33 60.4   111    85     444    (-,-) 
  core_g244401/Y                     -       S0->Y F     MXI2X1         3  5.9    97    85     529    (-,-) 
  core_g242461/Y                     -       B->Y  R     NOR3BX1        2  4.2   100    87     616    (-,-) 
  core_g242395/Y                     -       A->Y  R     AND2X1         2  4.4    34    56     672    (-,-) 
  core_g242366/Y                     -       AN->Y R     NOR2BX1        2  4.4    70    54     726    (-,-) 
  core_g251157/Y                     -       AN->Y R     NOR4BX1        1  2.7    91    86     812    (-,-) 
  core_g251156/Y                     -       A->Y  F     INVXL          1  2.6    43    50     862    (-,-) 
  core_g242193/Y                     -       D->Y  F     OR4X1          2  4.4    39    73     934    (-,-) 
  core_g242166/Y                     -       C->Y  R     NOR3BX1        2  4.2    98    66    1001    (-,-) 
  core_g242133/Y                     -       A->Y  R     AND2X1         2  4.4    34    55    1056    (-,-) 
  core_g242072/Y                     -       B->Y  F     NOR2X1         5  8.6    79    46    1102    (-,-) 
  core_g242022/Y                     -       A1->Y F     AO22X1         1  2.8    23    60    1162    (-,-) 
  core_picorv32_decoded_rs1_reg[1]/D -       -     F     DFFHQX1        1    -     -     0    1162    (-,-) 
#-----------------------------------------------------------------------------------------------------------



Path 15: MET (2802 ps) Setup Check with Pin core_picorv32_decoded_rs1_reg[0]/CK->D
          Group: I2C
     Startpoint: (F) hk_ack_i
          Clock: (R) myclock
       Endpoint: (F) core_picorv32_decoded_rs1_reg[0]/D
          Clock: (R) myclock

                     Capture       Launch     
        Clock Edge:+    4000            0     
        Drv Adjust:+       0            0     
       Src Latency:+       0            0     
       Net Latency:+       0 (I)        0 (I) 
           Arrival:=    4000            0     
                                              
             Setup:-      16                  
       Uncertainty:-      20                  
     Required Time:=    3964                  
      Launch Clock:-       0                  
       Input Delay:-     100                  
         Data Path:-    1062                  
             Slack:=    2802                  

Exceptions/Constraints:
  input_delay             100             mgmt_core_wrapper.sd_line_18_196_1 

#-----------------------------------------------------------------------------------------------------------
#           Timing Point             Flags   Arc   Edge   Cell     Fanout Load Trans Delay Arrival Instance 
#                                                                         (fF)  (ps)  (ps)   (ps)  Location 
#-----------------------------------------------------------------------------------------------------------
  hk_ack_i                           -       -     F     (arrival)      1  2.9    15     0     100    (-,-) 
  core_g139171/Y                     -       A->Y  R     NOR3X1         1  2.7    66    50     150    (-,-) 
  core_g139160/Y                     -       C->Y  F     NAND4BBXL      1  2.7   128    98     248    (-,-) 
  core_g139156/Y                     -       A->Y  F     OR2X1          5  8.7    61    78     326    (-,-) 
  core_g249255/Y                     -       B->Y  R     NAND2X1        1  2.9    34    34     359    (-,-) 
  core_g248922/Y                     -       B->Y  R     OR2X4         33 60.4   111    85     444    (-,-) 
  core_g244401/Y                     -       S0->Y F     MXI2X1         3  5.9    97    85     529    (-,-) 
  core_g242461/Y                     -       B->Y  R     NOR3BX1        2  4.2   100    87     616    (-,-) 
  core_g242395/Y                     -       A->Y  R     AND2X1         2  4.4    34    56     672    (-,-) 
  core_g242366/Y                     -       AN->Y R     NOR2BX1        2  4.4    70    54     726    (-,-) 
  core_g251157/Y                     -       AN->Y R     NOR4BX1        1  2.7    91    86     812    (-,-) 
  core_g251156/Y                     -       A->Y  F     INVXL          1  2.6    43    50     862    (-,-) 
  core_g242193/Y                     -       D->Y  F     OR4X1          2  4.4    39    73     934    (-,-) 
  core_g242166/Y                     -       C->Y  R     NOR3BX1        2  4.2    98    66    1001    (-,-) 
  core_g242133/Y                     -       A->Y  R     AND2X1         2  4.4    34    55    1056    (-,-) 
  core_g242072/Y                     -       B->Y  F     NOR2X1         5  8.6    79    46    1102    (-,-) 
  core_g242020/Y                     -       A1->Y F     AO22X1         1  2.8    23    60    1162    (-,-) 
  core_picorv32_decoded_rs1_reg[0]/D -       -     F     DFFHQX1        1    -     -     0    1162    (-,-) 
#-----------------------------------------------------------------------------------------------------------



Path 16: MET (2818 ps) Setup Check with Pin core_picorv32_reg_op1_reg[30]/CK->D
          Group: I2C
     Startpoint: (F) hk_ack_i
          Clock: (R) myclock
       Endpoint: (F) core_picorv32_reg_op1_reg[30]/D
          Clock: (R) myclock

                     Capture       Launch     
        Clock Edge:+    4000            0     
        Drv Adjust:+       0            0     
       Src Latency:+       0            0     
       Net Latency:+       0 (I)        0 (I) 
           Arrival:=    4000            0     
                                              
             Setup:-      25                  
       Uncertainty:-      20                  
     Required Time:=    3955                  
      Launch Clock:-       0                  
       Input Delay:-     100                  
         Data Path:-    1038                  
             Slack:=    2818                  

Exceptions/Constraints:
  input_delay             100             mgmt_core_wrapper.sd_line_18_196_1 

#--------------------------------------------------------------------------------------------------------
#          Timing Point           Flags   Arc   Edge   Cell     Fanout Load Trans Delay Arrival Instance 
#                                                                      (fF)  (ps)  (ps)   (ps)  Location 
#--------------------------------------------------------------------------------------------------------
  hk_ack_i                        -       -     F     (arrival)      1  2.9    15     0     100    (-,-) 
  core_g139171/Y                  -       A->Y  R     NOR3X1         1  2.7    66    50     150    (-,-) 
  core_g139160/Y                  -       C->Y  F     NAND4BBXL      1  2.7   128    98     248    (-,-) 
  core_g139156/Y                  -       A->Y  F     OR2X1          5  8.7    61    78     326    (-,-) 
  core_g249255/Y                  -       B->Y  R     NAND2X1        1  2.9    34    34     359    (-,-) 
  core_g248922/Y                  -       B->Y  R     OR2X4         33 60.4   111    85     444    (-,-) 
  core_g248691/Y                  -       A->Y  F     INVX1          5  9.1    81    71     515    (-,-) 
  core_g248453/Y                  -       B->Y  R     NAND2X1        3  5.8    56    50     566    (-,-) 
  core_g247808/Y                  -       AN->Y R     NAND2BX1       1  2.9    31    34     599    (-,-) 
  core_g247049/Y                  -       B->Y  F     NAND2BX1       1  2.8    44    36     635    (-,-) 
  core_g244331/Y                  -       A1->Y R     AOI22X1        1  2.9    61    48     684    (-,-) 
  core_g244010/Y                  -       A1->Y R     AO21X4        30 51.4    98   102     786    (-,-) 
  core_g243764/Y                  -       A->Y  F     INVX1          6 10.5    87    72     858    (-,-) 
  core_g243507/Y                  -       C->Y  F     AND3X2        22 35.8   129   107     965    (-,-) 
  core_g242107/Y                  -       A1->Y R     AOI222X1       1  2.9    90    97    1062    (-,-) 
  core_g242019/Y                  -       B0->Y F     OAI211X1       1  2.8    74    76    1138    (-,-) 
  core_picorv32_reg_op1_reg[30]/D -       -     F     DFFHQX1        1    -     -     0    1138    (-,-) 
#--------------------------------------------------------------------------------------------------------



Path 17: MET (2818 ps) Setup Check with Pin core_picorv32_reg_op1_reg[26]/CK->D
          Group: I2C
     Startpoint: (F) hk_ack_i
          Clock: (R) myclock
       Endpoint: (F) core_picorv32_reg_op1_reg[26]/D
          Clock: (R) myclock

                     Capture       Launch     
        Clock Edge:+    4000            0     
        Drv Adjust:+       0            0     
       Src Latency:+       0            0     
       Net Latency:+       0 (I)        0 (I) 
           Arrival:=    4000            0     
                                              
             Setup:-      25                  
       Uncertainty:-      20                  
     Required Time:=    3955                  
      Launch Clock:-       0                  
       Input Delay:-     100                  
         Data Path:-    1038                  
             Slack:=    2818                  

Exceptions/Constraints:
  input_delay             100             mgmt_core_wrapper.sd_line_18_196_1 

#--------------------------------------------------------------------------------------------------------
#          Timing Point           Flags   Arc   Edge   Cell     Fanout Load Trans Delay Arrival Instance 
#                                                                      (fF)  (ps)  (ps)   (ps)  Location 
#--------------------------------------------------------------------------------------------------------
  hk_ack_i                        -       -     F     (arrival)      1  2.9    15     0     100    (-,-) 
  core_g139171/Y                  -       A->Y  R     NOR3X1         1  2.7    66    50     150    (-,-) 
  core_g139160/Y                  -       C->Y  F     NAND4BBXL      1  2.7   128    98     248    (-,-) 
  core_g139156/Y                  -       A->Y  F     OR2X1          5  8.7    61    78     326    (-,-) 
  core_g249255/Y                  -       B->Y  R     NAND2X1        1  2.9    34    34     359    (-,-) 
  core_g248922/Y                  -       B->Y  R     OR2X4         33 60.4   111    85     444    (-,-) 
  core_g248691/Y                  -       A->Y  F     INVX1          5  9.1    81    71     515    (-,-) 
  core_g248453/Y                  -       B->Y  R     NAND2X1        3  5.8    56    50     566    (-,-) 
  core_g247808/Y                  -       AN->Y R     NAND2BX1       1  2.9    31    34     599    (-,-) 
  core_g247049/Y                  -       B->Y  F     NAND2BX1       1  2.8    44    36     635    (-,-) 
  core_g244331/Y                  -       A1->Y R     AOI22X1        1  2.9    61    48     684    (-,-) 
  core_g244010/Y                  -       A1->Y R     AO21X4        30 51.4    98   102     786    (-,-) 
  core_g243764/Y                  -       A->Y  F     INVX1          6 10.5    87    72     858    (-,-) 
  core_g243507/Y                  -       C->Y  F     AND3X2        22 35.8   129   107     965    (-,-) 
  core_g242103/Y                  -       A1->Y R     AOI222X1       1  2.9    90    97    1062    (-,-) 
  core_g242017/Y                  -       B0->Y F     OAI211X1       1  2.8    74    76    1138    (-,-) 
  core_picorv32_reg_op1_reg[26]/D -       -     F     DFFHQX1        1    -     -     0    1138    (-,-) 
#--------------------------------------------------------------------------------------------------------



Path 18: MET (2818 ps) Setup Check with Pin core_picorv32_reg_op1_reg[21]/CK->D
          Group: I2C
     Startpoint: (F) hk_ack_i
          Clock: (R) myclock
       Endpoint: (F) core_picorv32_reg_op1_reg[21]/D
          Clock: (R) myclock

                     Capture       Launch     
        Clock Edge:+    4000            0     
        Drv Adjust:+       0            0     
       Src Latency:+       0            0     
       Net Latency:+       0 (I)        0 (I) 
           Arrival:=    4000            0     
                                              
             Setup:-      25                  
       Uncertainty:-      20                  
     Required Time:=    3955                  
      Launch Clock:-       0                  
       Input Delay:-     100                  
         Data Path:-    1038                  
             Slack:=    2818                  

Exceptions/Constraints:
  input_delay             100             mgmt_core_wrapper.sd_line_18_196_1 

#--------------------------------------------------------------------------------------------------------
#          Timing Point           Flags   Arc   Edge   Cell     Fanout Load Trans Delay Arrival Instance 
#                                                                      (fF)  (ps)  (ps)   (ps)  Location 
#--------------------------------------------------------------------------------------------------------
  hk_ack_i                        -       -     F     (arrival)      1  2.9    15     0     100    (-,-) 
  core_g139171/Y                  -       A->Y  R     NOR3X1         1  2.7    66    50     150    (-,-) 
  core_g139160/Y                  -       C->Y  F     NAND4BBXL      1  2.7   128    98     248    (-,-) 
  core_g139156/Y                  -       A->Y  F     OR2X1          5  8.7    61    78     326    (-,-) 
  core_g249255/Y                  -       B->Y  R     NAND2X1        1  2.9    34    34     359    (-,-) 
  core_g248922/Y                  -       B->Y  R     OR2X4         33 60.4   111    85     444    (-,-) 
  core_g248691/Y                  -       A->Y  F     INVX1          5  9.1    81    71     515    (-,-) 
  core_g248453/Y                  -       B->Y  R     NAND2X1        3  5.8    56    50     566    (-,-) 
  core_g247808/Y                  -       AN->Y R     NAND2BX1       1  2.9    31    34     599    (-,-) 
  core_g247049/Y                  -       B->Y  F     NAND2BX1       1  2.8    44    36     635    (-,-) 
  core_g244331/Y                  -       A1->Y R     AOI22X1        1  2.9    61    48     684    (-,-) 
  core_g244010/Y                  -       A1->Y R     AO21X4        30 51.4    98   102     786    (-,-) 
  core_g243764/Y                  -       A->Y  F     INVX1          6 10.5    87    72     858    (-,-) 
  core_g243507/Y                  -       C->Y  F     AND3X2        22 35.8   129   107     965    (-,-) 
  core_g242098/Y                  -       A1->Y R     AOI222X1       1  2.9    90    97    1062    (-,-) 
  core_g242006/Y                  -       B0->Y F     OAI211X1       1  2.8    74    76    1138    (-,-) 
  core_picorv32_reg_op1_reg[21]/D -       -     F     DFFHQX1        1    -     -     0    1138    (-,-) 
#--------------------------------------------------------------------------------------------------------



Path 19: MET (2818 ps) Setup Check with Pin core_picorv32_reg_op1_reg[29]/CK->D
          Group: I2C
     Startpoint: (F) hk_ack_i
          Clock: (R) myclock
       Endpoint: (F) core_picorv32_reg_op1_reg[29]/D
          Clock: (R) myclock

                     Capture       Launch     
        Clock Edge:+    4000            0     
        Drv Adjust:+       0            0     
       Src Latency:+       0            0     
       Net Latency:+       0 (I)        0 (I) 
           Arrival:=    4000            0     
                                              
             Setup:-      25                  
       Uncertainty:-      20                  
     Required Time:=    3955                  
      Launch Clock:-       0                  
       Input Delay:-     100                  
         Data Path:-    1037                  
             Slack:=    2818                  

Exceptions/Constraints:
  input_delay             100             mgmt_core_wrapper.sd_line_18_196_1 

#--------------------------------------------------------------------------------------------------------
#          Timing Point           Flags   Arc   Edge   Cell     Fanout Load Trans Delay Arrival Instance 
#                                                                      (fF)  (ps)  (ps)   (ps)  Location 
#--------------------------------------------------------------------------------------------------------
  hk_ack_i                        -       -     F     (arrival)      1  2.9    15     0     100    (-,-) 
  core_g139171/Y                  -       A->Y  R     NOR3X1         1  2.7    66    50     150    (-,-) 
  core_g139160/Y                  -       C->Y  F     NAND4BBXL      1  2.7   128    98     248    (-,-) 
  core_g139156/Y                  -       A->Y  F     OR2X1          5  8.7    61    78     326    (-,-) 
  core_g249255/Y                  -       B->Y  R     NAND2X1        1  2.9    34    34     359    (-,-) 
  core_g248922/Y                  -       B->Y  R     OR2X4         33 60.4   111    85     444    (-,-) 
  core_g248691/Y                  -       A->Y  F     INVX1          5  9.1    81    71     515    (-,-) 
  core_g248453/Y                  -       B->Y  R     NAND2X1        3  5.8    56    50     566    (-,-) 
  core_g247808/Y                  -       AN->Y R     NAND2BX1       1  2.9    31    34     599    (-,-) 
  core_g247049/Y                  -       B->Y  F     NAND2BX1       1  2.8    44    36     635    (-,-) 
  core_g244331/Y                  -       A1->Y R     AOI22X1        1  2.9    61    48     684    (-,-) 
  core_g244010/Y                  -       A1->Y R     AO21X4        30 51.4    98   102     786    (-,-) 
  core_g243764/Y                  -       A->Y  F     INVX1          6 10.5    87    72     858    (-,-) 
  core_g243507/Y                  -       C->Y  F     AND3X2        22 35.8   129   107     965    (-,-) 
  core_g242106/Y                  -       A1->Y R     AOI222X1       1  2.9    90    97    1062    (-,-) 
  core_g242018/Y                  -       B0->Y F     OAI211X1       1  2.7    72    75    1137    (-,-) 
  core_picorv32_reg_op1_reg[29]/D -       -     F     DFFX1          1    -     -     0    1137    (-,-) 
#--------------------------------------------------------------------------------------------------------



Path 20: MET (2818 ps) Setup Check with Pin core_picorv32_reg_op1_reg[27]/CK->D
          Group: I2C
     Startpoint: (F) hk_ack_i
          Clock: (R) myclock
       Endpoint: (F) core_picorv32_reg_op1_reg[27]/D
          Clock: (R) myclock

                     Capture       Launch     
        Clock Edge:+    4000            0     
        Drv Adjust:+       0            0     
       Src Latency:+       0            0     
       Net Latency:+       0 (I)        0 (I) 
           Arrival:=    4000            0     
                                              
             Setup:-      25                  
       Uncertainty:-      20                  
     Required Time:=    3955                  
      Launch Clock:-       0                  
       Input Delay:-     100                  
         Data Path:-    1037                  
             Slack:=    2818                  

Exceptions/Constraints:
  input_delay             100             mgmt_core_wrapper.sd_line_18_196_1 

#--------------------------------------------------------------------------------------------------------
#          Timing Point           Flags   Arc   Edge   Cell     Fanout Load Trans Delay Arrival Instance 
#                                                                      (fF)  (ps)  (ps)   (ps)  Location 
#--------------------------------------------------------------------------------------------------------
  hk_ack_i                        -       -     F     (arrival)      1  2.9    15     0     100    (-,-) 
  core_g139171/Y                  -       A->Y  R     NOR3X1         1  2.7    66    50     150    (-,-) 
  core_g139160/Y                  -       C->Y  F     NAND4BBXL      1  2.7   128    98     248    (-,-) 
  core_g139156/Y                  -       A->Y  F     OR2X1          5  8.7    61    78     326    (-,-) 
  core_g249255/Y                  -       B->Y  R     NAND2X1        1  2.9    34    34     359    (-,-) 
  core_g248922/Y                  -       B->Y  R     OR2X4         33 60.4   111    85     444    (-,-) 
  core_g248691/Y                  -       A->Y  F     INVX1          5  9.1    81    71     515    (-,-) 
  core_g248453/Y                  -       B->Y  R     NAND2X1        3  5.8    56    50     566    (-,-) 
  core_g247808/Y                  -       AN->Y R     NAND2BX1       1  2.9    31    34     599    (-,-) 
  core_g247049/Y                  -       B->Y  F     NAND2BX1       1  2.8    44    36     635    (-,-) 
  core_g244331/Y                  -       A1->Y R     AOI22X1        1  2.9    61    48     684    (-,-) 
  core_g244010/Y                  -       A1->Y R     AO21X4        30 51.4    98   102     786    (-,-) 
  core_g243764/Y                  -       A->Y  F     INVX1          6 10.5    87    72     858    (-,-) 
  core_g243507/Y                  -       C->Y  F     AND3X2        22 35.8   129   107     965    (-,-) 
  core_g242104/Y                  -       A1->Y R     AOI222X1       1  2.9    90    97    1062    (-,-) 
  core_g242007/Y                  -       B0->Y F     OAI211X1       1  2.7    72    75    1137    (-,-) 
  core_picorv32_reg_op1_reg[27]/D -       -     F     DFFX1          1    -     -     0    1137    (-,-) 
#--------------------------------------------------------------------------------------------------------



Path 21: MET (2819 ps) Setup Check with Pin core_picorv32_reg_op1_reg[12]/CK->D
          Group: I2C
     Startpoint: (F) hk_ack_i
          Clock: (R) myclock
       Endpoint: (F) core_picorv32_reg_op1_reg[12]/D
          Clock: (R) myclock

                     Capture       Launch     
        Clock Edge:+    4000            0     
        Drv Adjust:+       0            0     
       Src Latency:+       0            0     
       Net Latency:+       0 (I)        0 (I) 
           Arrival:=    4000            0     
                                              
             Setup:-      25                  
       Uncertainty:-      20                  
     Required Time:=    3955                  
      Launch Clock:-       0                  
       Input Delay:-     100                  
         Data Path:-    1036                  
             Slack:=    2819                  

Exceptions/Constraints:
  input_delay             100             mgmt_core_wrapper.sd_line_18_196_1 

#--------------------------------------------------------------------------------------------------------
#          Timing Point           Flags   Arc   Edge   Cell     Fanout Load Trans Delay Arrival Instance 
#                                                                      (fF)  (ps)  (ps)   (ps)  Location 
#--------------------------------------------------------------------------------------------------------
  hk_ack_i                        -       -     F     (arrival)      1  2.9    15     0     100    (-,-) 
  core_g139171/Y                  -       A->Y  R     NOR3X1         1  2.7    66    50     150    (-,-) 
  core_g139160/Y                  -       C->Y  F     NAND4BBXL      1  2.7   128    98     248    (-,-) 
  core_g139156/Y                  -       A->Y  F     OR2X1          5  8.7    61    78     326    (-,-) 
  core_g249255/Y                  -       B->Y  R     NAND2X1        1  2.9    34    34     359    (-,-) 
  core_g248922/Y                  -       B->Y  R     OR2X4         33 60.4   111    85     444    (-,-) 
  core_g248691/Y                  -       A->Y  F     INVX1          5  9.1    81    71     515    (-,-) 
  core_g248453/Y                  -       B->Y  R     NAND2X1        3  5.8    56    50     566    (-,-) 
  core_g247808/Y                  -       AN->Y R     NAND2BX1       1  2.9    31    34     599    (-,-) 
  core_g247049/Y                  -       B->Y  F     NAND2BX1       1  2.8    44    36     635    (-,-) 
  core_g244331/Y                  -       A1->Y R     AOI22X1        1  2.9    61    48     684    (-,-) 
  core_g244010/Y                  -       A1->Y R     AO21X4        30 51.4    98   102     786    (-,-) 
  core_g243764/Y                  -       A->Y  F     INVX1          6 10.5    87    72     858    (-,-) 
  core_g243507/Y                  -       C->Y  F     AND3X2        22 35.8   129   107     965    (-,-) 
  core_g242089/Y                  -       A1->Y R     AOI222X1       1  2.9    90    97    1062    (-,-) 
  core_g242013/Y                  -       C0->Y F     OAI211X1       1  2.8    76    74    1136    (-,-) 
  core_picorv32_reg_op1_reg[12]/D -       -     F     DFFHQX1        1    -     -     0    1136    (-,-) 
#--------------------------------------------------------------------------------------------------------



Path 22: MET (2819 ps) Setup Check with Pin core_picorv32_reg_op1_reg[8]/CK->D
          Group: I2C
     Startpoint: (F) hk_ack_i
          Clock: (R) myclock
       Endpoint: (F) core_picorv32_reg_op1_reg[8]/D
          Clock: (R) myclock

                     Capture       Launch     
        Clock Edge:+    4000            0     
        Drv Adjust:+       0            0     
       Src Latency:+       0            0     
       Net Latency:+       0 (I)        0 (I) 
           Arrival:=    4000            0     
                                              
             Setup:-      25                  
       Uncertainty:-      20                  
     Required Time:=    3955                  
      Launch Clock:-       0                  
       Input Delay:-     100                  
         Data Path:-    1036                  
             Slack:=    2819                  

Exceptions/Constraints:
  input_delay             100             mgmt_core_wrapper.sd_line_18_196_1 

#-------------------------------------------------------------------------------------------------------
#         Timing Point           Flags   Arc   Edge   Cell     Fanout Load Trans Delay Arrival Instance 
#                                                                     (fF)  (ps)  (ps)   (ps)  Location 
#-------------------------------------------------------------------------------------------------------
  hk_ack_i                       -       -     F     (arrival)      1  2.9    15     0     100    (-,-) 
  core_g139171/Y                 -       A->Y  R     NOR3X1         1  2.7    66    50     150    (-,-) 
  core_g139160/Y                 -       C->Y  F     NAND4BBXL      1  2.7   128    98     248    (-,-) 
  core_g139156/Y                 -       A->Y  F     OR2X1          5  8.7    61    78     326    (-,-) 
  core_g249255/Y                 -       B->Y  R     NAND2X1        1  2.9    34    34     359    (-,-) 
  core_g248922/Y                 -       B->Y  R     OR2X4         33 60.4   111    85     444    (-,-) 
  core_g248691/Y                 -       A->Y  F     INVX1          5  9.1    81    71     515    (-,-) 
  core_g248453/Y                 -       B->Y  R     NAND2X1        3  5.8    56    50     566    (-,-) 
  core_g247808/Y                 -       AN->Y R     NAND2BX1       1  2.9    31    34     599    (-,-) 
  core_g247049/Y                 -       B->Y  F     NAND2BX1       1  2.8    44    36     635    (-,-) 
  core_g244331/Y                 -       A1->Y R     AOI22X1        1  2.9    61    48     684    (-,-) 
  core_g244010/Y                 -       A1->Y R     AO21X4        30 51.4    98   102     786    (-,-) 
  core_g243764/Y                 -       A->Y  F     INVX1          6 10.5    87    72     858    (-,-) 
  core_g243507/Y                 -       C->Y  F     AND3X2        22 35.8   129   107     965    (-,-) 
  core_g242085/Y                 -       A1->Y R     AOI222X1       1  2.9    90    97    1062    (-,-) 
  core_g242010/Y                 -       C0->Y F     OAI211X1       1  2.8    76    74    1136    (-,-) 
  core_picorv32_reg_op1_reg[8]/D -       -     F     DFFHQX1        1    -     -     0    1136    (-,-) 
#-------------------------------------------------------------------------------------------------------



Path 23: MET (2820 ps) Setup Check with Pin core_picorv32_reg_op1_reg[14]/CK->D
          Group: I2C
     Startpoint: (F) hk_ack_i
          Clock: (R) myclock
       Endpoint: (F) core_picorv32_reg_op1_reg[14]/D
          Clock: (R) myclock

                     Capture       Launch     
        Clock Edge:+    4000            0     
        Drv Adjust:+       0            0     
       Src Latency:+       0            0     
       Net Latency:+       0 (I)        0 (I) 
           Arrival:=    4000            0     
                                              
             Setup:-      25                  
       Uncertainty:-      20                  
     Required Time:=    3955                  
      Launch Clock:-       0                  
       Input Delay:-     100                  
         Data Path:-    1035                  
             Slack:=    2820                  

Exceptions/Constraints:
  input_delay             100             mgmt_core_wrapper.sd_line_18_196_1 

#--------------------------------------------------------------------------------------------------------
#          Timing Point           Flags   Arc   Edge   Cell     Fanout Load Trans Delay Arrival Instance 
#                                                                      (fF)  (ps)  (ps)   (ps)  Location 
#--------------------------------------------------------------------------------------------------------
  hk_ack_i                        -       -     F     (arrival)      1  2.9    15     0     100    (-,-) 
  core_g139171/Y                  -       A->Y  R     NOR3X1         1  2.7    66    50     150    (-,-) 
  core_g139160/Y                  -       C->Y  F     NAND4BBXL      1  2.7   128    98     248    (-,-) 
  core_g139156/Y                  -       A->Y  F     OR2X1          5  8.7    61    78     326    (-,-) 
  core_g249255/Y                  -       B->Y  R     NAND2X1        1  2.9    34    34     359    (-,-) 
  core_g248922/Y                  -       B->Y  R     OR2X4         33 60.4   111    85     444    (-,-) 
  core_g248691/Y                  -       A->Y  F     INVX1          5  9.1    81    71     515    (-,-) 
  core_g248453/Y                  -       B->Y  R     NAND2X1        3  5.8    56    50     566    (-,-) 
  core_g247808/Y                  -       AN->Y R     NAND2BX1       1  2.9    31    34     599    (-,-) 
  core_g247049/Y                  -       B->Y  F     NAND2BX1       1  2.8    44    36     635    (-,-) 
  core_g244331/Y                  -       A1->Y R     AOI22X1        1  2.9    61    48     684    (-,-) 
  core_g244010/Y                  -       A1->Y R     AO21X4        30 51.4    98   102     786    (-,-) 
  core_g243764/Y                  -       A->Y  F     INVX1          6 10.5    87    72     858    (-,-) 
  core_g243507/Y                  -       C->Y  F     AND3X2        22 35.8   129   107     965    (-,-) 
  core_g242091/Y                  -       A1->Y R     AOI222X1       1  2.9    90    97    1062    (-,-) 
  core_g242014/Y                  -       C0->Y F     OAI211X1       1  2.7    74    73    1135    (-,-) 
  core_picorv32_reg_op1_reg[14]/D -       -     F     DFFX1          1    -     -     0    1135    (-,-) 
#--------------------------------------------------------------------------------------------------------



Path 24: MET (2820 ps) Setup Check with Pin core_picorv32_reg_op1_reg[7]/CK->D
          Group: I2C
     Startpoint: (F) hk_ack_i
          Clock: (R) myclock
       Endpoint: (F) core_picorv32_reg_op1_reg[7]/D
          Clock: (R) myclock

                     Capture       Launch     
        Clock Edge:+    4000            0     
        Drv Adjust:+       0            0     
       Src Latency:+       0            0     
       Net Latency:+       0 (I)        0 (I) 
           Arrival:=    4000            0     
                                              
             Setup:-      25                  
       Uncertainty:-      20                  
     Required Time:=    3955                  
      Launch Clock:-       0                  
       Input Delay:-     100                  
         Data Path:-    1035                  
             Slack:=    2820                  

Exceptions/Constraints:
  input_delay             100             mgmt_core_wrapper.sd_line_18_196_1 

#-------------------------------------------------------------------------------------------------------
#         Timing Point           Flags   Arc   Edge   Cell     Fanout Load Trans Delay Arrival Instance 
#                                                                     (fF)  (ps)  (ps)   (ps)  Location 
#-------------------------------------------------------------------------------------------------------
  hk_ack_i                       -       -     F     (arrival)      1  2.9    15     0     100    (-,-) 
  core_g139171/Y                 -       A->Y  R     NOR3X1         1  2.7    66    50     150    (-,-) 
  core_g139160/Y                 -       C->Y  F     NAND4BBXL      1  2.7   128    98     248    (-,-) 
  core_g139156/Y                 -       A->Y  F     OR2X1          5  8.7    61    78     326    (-,-) 
  core_g249255/Y                 -       B->Y  R     NAND2X1        1  2.9    34    34     359    (-,-) 
  core_g248922/Y                 -       B->Y  R     OR2X4         33 60.4   111    85     444    (-,-) 
  core_g248691/Y                 -       A->Y  F     INVX1          5  9.1    81    71     515    (-,-) 
  core_g248453/Y                 -       B->Y  R     NAND2X1        3  5.8    56    50     566    (-,-) 
  core_g247808/Y                 -       AN->Y R     NAND2BX1       1  2.9    31    34     599    (-,-) 
  core_g247049/Y                 -       B->Y  F     NAND2BX1       1  2.8    44    36     635    (-,-) 
  core_g244331/Y                 -       A1->Y R     AOI22X1        1  2.9    61    48     684    (-,-) 
  core_g244010/Y                 -       A1->Y R     AO21X4        30 51.4    98   102     786    (-,-) 
  core_g243764/Y                 -       A->Y  F     INVX1          6 10.5    87    72     858    (-,-) 
  core_g243507/Y                 -       C->Y  F     AND3X2        22 35.8   129   107     965    (-,-) 
  core_g242084/Y                 -       A1->Y R     AOI222X1       1  2.9    90    97    1062    (-,-) 
  core_g241980/Y                 -       C0->Y F     OAI211X1       1  2.7    74    73    1135    (-,-) 
  core_picorv32_reg_op1_reg[7]/D -       -     F     DFFX1          1    -     -     0    1135    (-,-) 
#-------------------------------------------------------------------------------------------------------



Path 25: MET (2820 ps) Setup Check with Pin core_picorv32_reg_op1_reg[5]/CK->D
          Group: I2C
     Startpoint: (F) hk_ack_i
          Clock: (R) myclock
       Endpoint: (F) core_picorv32_reg_op1_reg[5]/D
          Clock: (R) myclock

                     Capture       Launch     
        Clock Edge:+    4000            0     
        Drv Adjust:+       0            0     
       Src Latency:+       0            0     
       Net Latency:+       0 (I)        0 (I) 
           Arrival:=    4000            0     
                                              
             Setup:-      25                  
       Uncertainty:-      20                  
     Required Time:=    3955                  
      Launch Clock:-       0                  
       Input Delay:-     100                  
         Data Path:-    1035                  
             Slack:=    2820                  

Exceptions/Constraints:
  input_delay             100             mgmt_core_wrapper.sd_line_18_196_1 

#-------------------------------------------------------------------------------------------------------
#         Timing Point           Flags   Arc   Edge   Cell     Fanout Load Trans Delay Arrival Instance 
#                                                                     (fF)  (ps)  (ps)   (ps)  Location 
#-------------------------------------------------------------------------------------------------------
  hk_ack_i                       -       -     F     (arrival)      1  2.9    15     0     100    (-,-) 
  core_g139171/Y                 -       A->Y  R     NOR3X1         1  2.7    66    50     150    (-,-) 
  core_g139160/Y                 -       C->Y  F     NAND4BBXL      1  2.7   128    98     248    (-,-) 
  core_g139156/Y                 -       A->Y  F     OR2X1          5  8.7    61    78     326    (-,-) 
  core_g249255/Y                 -       B->Y  R     NAND2X1        1  2.9    34    34     359    (-,-) 
  core_g248922/Y                 -       B->Y  R     OR2X4         33 60.4   111    85     444    (-,-) 
  core_g248691/Y                 -       A->Y  F     INVX1          5  9.1    81    71     515    (-,-) 
  core_g248453/Y                 -       B->Y  R     NAND2X1        3  5.8    56    50     566    (-,-) 
  core_g247808/Y                 -       AN->Y R     NAND2BX1       1  2.9    31    34     599    (-,-) 
  core_g247049/Y                 -       B->Y  F     NAND2BX1       1  2.8    44    36     635    (-,-) 
  core_g244331/Y                 -       A1->Y R     AOI22X1        1  2.9    61    48     684    (-,-) 
  core_g244010/Y                 -       A1->Y R     AO21X4        30 51.4    98   102     786    (-,-) 
  core_g243764/Y                 -       A->Y  F     INVX1          6 10.5    87    72     858    (-,-) 
  core_g243507/Y                 -       C->Y  F     AND3X2        22 35.8   129   107     965    (-,-) 
  core_g242081/Y                 -       A1->Y R     AOI222X1       1  2.9    90    97    1062    (-,-) 
  core_g241979/Y                 -       C0->Y F     OAI211X1       1  2.7    74    73    1135    (-,-) 
  core_picorv32_reg_op1_reg[5]/D -       -     F     DFFX1          1    -     -     0    1135    (-,-) 
#-------------------------------------------------------------------------------------------------------



Path 26: MET (2820 ps) Setup Check with Pin core_picorv32_reg_op1_reg[4]/CK->D
          Group: I2C
     Startpoint: (F) hk_ack_i
          Clock: (R) myclock
       Endpoint: (F) core_picorv32_reg_op1_reg[4]/D
          Clock: (R) myclock

                     Capture       Launch     
        Clock Edge:+    4000            0     
        Drv Adjust:+       0            0     
       Src Latency:+       0            0     
       Net Latency:+       0 (I)        0 (I) 
           Arrival:=    4000            0     
                                              
             Setup:-      25                  
       Uncertainty:-      20                  
     Required Time:=    3955                  
      Launch Clock:-       0                  
       Input Delay:-     100                  
         Data Path:-    1035                  
             Slack:=    2820                  

Exceptions/Constraints:
  input_delay             100             mgmt_core_wrapper.sd_line_18_196_1 

#-------------------------------------------------------------------------------------------------------
#         Timing Point           Flags   Arc   Edge   Cell     Fanout Load Trans Delay Arrival Instance 
#                                                                     (fF)  (ps)  (ps)   (ps)  Location 
#-------------------------------------------------------------------------------------------------------
  hk_ack_i                       -       -     F     (arrival)      1  2.9    15     0     100    (-,-) 
  core_g139171/Y                 -       A->Y  R     NOR3X1         1  2.7    66    50     150    (-,-) 
  core_g139160/Y                 -       C->Y  F     NAND4BBXL      1  2.7   128    98     248    (-,-) 
  core_g139156/Y                 -       A->Y  F     OR2X1          5  8.7    61    78     326    (-,-) 
  core_g249255/Y                 -       B->Y  R     NAND2X1        1  2.9    34    34     359    (-,-) 
  core_g248922/Y                 -       B->Y  R     OR2X4         33 60.4   111    85     444    (-,-) 
  core_g248691/Y                 -       A->Y  F     INVX1          5  9.1    81    71     515    (-,-) 
  core_g248453/Y                 -       B->Y  R     NAND2X1        3  5.8    56    50     566    (-,-) 
  core_g247808/Y                 -       AN->Y R     NAND2BX1       1  2.9    31    34     599    (-,-) 
  core_g247049/Y                 -       B->Y  F     NAND2BX1       1  2.8    44    36     635    (-,-) 
  core_g244331/Y                 -       A1->Y R     AOI22X1        1  2.9    61    48     684    (-,-) 
  core_g244010/Y                 -       A1->Y R     AO21X4        30 51.4    98   102     786    (-,-) 
  core_g243764/Y                 -       A->Y  F     INVX1          6 10.5    87    72     858    (-,-) 
  core_g243507/Y                 -       C->Y  F     AND3X2        22 35.8   129   107     965    (-,-) 
  core_g242082/Y                 -       A1->Y R     AOI222X1       1  2.9    90    97    1062    (-,-) 
  core_g241981/Y                 -       C0->Y F     OAI211X1       1  2.7    74    73    1135    (-,-) 
  core_picorv32_reg_op1_reg[4]/D -       -     F     DFFX1          1    -     -     0    1135    (-,-) 
#-------------------------------------------------------------------------------------------------------



Path 27: MET (2849 ps) Setup Check with Pin core_picorv32_reg_op1_reg[23]/CK->D
          Group: I2C
     Startpoint: (F) hk_ack_i
          Clock: (R) myclock
       Endpoint: (F) core_picorv32_reg_op1_reg[23]/D
          Clock: (R) myclock

                     Capture       Launch     
        Clock Edge:+    4000            0     
        Drv Adjust:+       0            0     
       Src Latency:+       0            0     
       Net Latency:+       0 (I)        0 (I) 
           Arrival:=    4000            0     
                                              
             Setup:-      25                  
       Uncertainty:-      20                  
     Required Time:=    3955                  
      Launch Clock:-       0                  
       Input Delay:-     100                  
         Data Path:-    1006                  
             Slack:=    2849                  

Exceptions/Constraints:
  input_delay             100             mgmt_core_wrapper.sd_line_18_196_1 

#--------------------------------------------------------------------------------------------------------
#          Timing Point           Flags   Arc   Edge   Cell     Fanout Load Trans Delay Arrival Instance 
#                                                                      (fF)  (ps)  (ps)   (ps)  Location 
#--------------------------------------------------------------------------------------------------------
  hk_ack_i                        -       -     F     (arrival)      1  2.9    15     0     100    (-,-) 
  core_g139171/Y                  -       A->Y  R     NOR3X1         1  2.7    66    50     150    (-,-) 
  core_g139160/Y                  -       C->Y  F     NAND4BBXL      1  2.7   128    98     248    (-,-) 
  core_g139156/Y                  -       A->Y  F     OR2X1          5  8.7    61    78     326    (-,-) 
  core_g249255/Y                  -       B->Y  R     NAND2X1        1  2.9    34    34     359    (-,-) 
  core_g248922/Y                  -       B->Y  R     OR2X4         33 60.4   111    85     444    (-,-) 
  core_g248691/Y                  -       A->Y  F     INVX1          5  9.1    81    71     515    (-,-) 
  core_g248453/Y                  -       B->Y  R     NAND2X1        3  5.8    56    50     566    (-,-) 
  core_g247808/Y                  -       AN->Y R     NAND2BX1       1  2.9    31    34     599    (-,-) 
  core_g247049/Y                  -       B->Y  F     NAND2BX1       1  2.8    44    36     635    (-,-) 
  core_g244331/Y                  -       A1->Y R     AOI22X1        1  2.9    61    48     684    (-,-) 
  core_g244010/Y                  -       A1->Y R     AO21X4        30 51.4    98   102     786    (-,-) 
  core_g243764/Y                  -       A->Y  F     INVX1          6 10.5    87    72     858    (-,-) 
  core_g243507/Y                  -       C->Y  F     AND3X2        22 35.8   129   107     965    (-,-) 
  core_g242531/Y                  -       A1->Y R     AOI22X1        1  2.9    67    72    1037    (-,-) 
  core_g241985/Y                  -       B0->Y F     OAI211X1       1  2.8    76    70    1106    (-,-) 
  core_picorv32_reg_op1_reg[23]/D -       -     F     DFFHQX1        1    -     -     0    1106    (-,-) 
#--------------------------------------------------------------------------------------------------------



Path 28: MET (2849 ps) Setup Check with Pin core_picorv32_reg_op1_reg[17]/CK->D
          Group: I2C
     Startpoint: (F) hk_ack_i
          Clock: (R) myclock
       Endpoint: (F) core_picorv32_reg_op1_reg[17]/D
          Clock: (R) myclock

                     Capture       Launch     
        Clock Edge:+    4000            0     
        Drv Adjust:+       0            0     
       Src Latency:+       0            0     
       Net Latency:+       0 (I)        0 (I) 
           Arrival:=    4000            0     
                                              
             Setup:-      25                  
       Uncertainty:-      20                  
     Required Time:=    3955                  
      Launch Clock:-       0                  
       Input Delay:-     100                  
         Data Path:-    1006                  
             Slack:=    2849                  

Exceptions/Constraints:
  input_delay             100             mgmt_core_wrapper.sd_line_18_196_1 

#--------------------------------------------------------------------------------------------------------
#          Timing Point           Flags   Arc   Edge   Cell     Fanout Load Trans Delay Arrival Instance 
#                                                                      (fF)  (ps)  (ps)   (ps)  Location 
#--------------------------------------------------------------------------------------------------------
  hk_ack_i                        -       -     F     (arrival)      1  2.9    15     0     100    (-,-) 
  core_g139171/Y                  -       A->Y  R     NOR3X1         1  2.7    66    50     150    (-,-) 
  core_g139160/Y                  -       C->Y  F     NAND4BBXL      1  2.7   128    98     248    (-,-) 
  core_g139156/Y                  -       A->Y  F     OR2X1          5  8.7    61    78     326    (-,-) 
  core_g249255/Y                  -       B->Y  R     NAND2X1        1  2.9    34    34     359    (-,-) 
  core_g248922/Y                  -       B->Y  R     OR2X4         33 60.4   111    85     444    (-,-) 
  core_g248691/Y                  -       A->Y  F     INVX1          5  9.1    81    71     515    (-,-) 
  core_g248453/Y                  -       B->Y  R     NAND2X1        3  5.8    56    50     566    (-,-) 
  core_g247808/Y                  -       AN->Y R     NAND2BX1       1  2.9    31    34     599    (-,-) 
  core_g247049/Y                  -       B->Y  F     NAND2BX1       1  2.8    44    36     635    (-,-) 
  core_g244331/Y                  -       A1->Y R     AOI22X1        1  2.9    61    48     684    (-,-) 
  core_g244010/Y                  -       A1->Y R     AO21X4        30 51.4    98   102     786    (-,-) 
  core_g243764/Y                  -       A->Y  F     INVX1          6 10.5    87    72     858    (-,-) 
  core_g243507/Y                  -       C->Y  F     AND3X2        22 35.8   129   107     965    (-,-) 
  core_g242525/Y                  -       A1->Y R     AOI22X1        1  2.9    67    72    1037    (-,-) 
  core_g241992/Y                  -       B0->Y F     OAI211X1       1  2.8    76    70    1106    (-,-) 
  core_picorv32_reg_op1_reg[17]/D -       -     F     DFFHQX1        1    -     -     0    1106    (-,-) 
#--------------------------------------------------------------------------------------------------------



Path 29: MET (2849 ps) Setup Check with Pin core_picorv32_reg_op1_reg[28]/CK->D
          Group: I2C
     Startpoint: (F) hk_ack_i
          Clock: (R) myclock
       Endpoint: (F) core_picorv32_reg_op1_reg[28]/D
          Clock: (R) myclock

                     Capture       Launch     
        Clock Edge:+    4000            0     
        Drv Adjust:+       0            0     
       Src Latency:+       0            0     
       Net Latency:+       0 (I)        0 (I) 
           Arrival:=    4000            0     
                                              
             Setup:-      25                  
       Uncertainty:-      20                  
     Required Time:=    3955                  
      Launch Clock:-       0                  
       Input Delay:-     100                  
         Data Path:-    1006                  
             Slack:=    2849                  

Exceptions/Constraints:
  input_delay             100             mgmt_core_wrapper.sd_line_18_196_1 

#--------------------------------------------------------------------------------------------------------
#          Timing Point           Flags   Arc   Edge   Cell     Fanout Load Trans Delay Arrival Instance 
#                                                                      (fF)  (ps)  (ps)   (ps)  Location 
#--------------------------------------------------------------------------------------------------------
  hk_ack_i                        -       -     F     (arrival)      1  2.9    15     0     100    (-,-) 
  core_g139171/Y                  -       A->Y  R     NOR3X1         1  2.7    66    50     150    (-,-) 
  core_g139160/Y                  -       C->Y  F     NAND4BBXL      1  2.7   128    98     248    (-,-) 
  core_g139156/Y                  -       A->Y  F     OR2X1          5  8.7    61    78     326    (-,-) 
  core_g249255/Y                  -       B->Y  R     NAND2X1        1  2.9    34    34     359    (-,-) 
  core_g248922/Y                  -       B->Y  R     OR2X4         33 60.4   111    85     444    (-,-) 
  core_g248691/Y                  -       A->Y  F     INVX1          5  9.1    81    71     515    (-,-) 
  core_g248453/Y                  -       B->Y  R     NAND2X1        3  5.8    56    50     566    (-,-) 
  core_g247808/Y                  -       AN->Y R     NAND2BX1       1  2.9    31    34     599    (-,-) 
  core_g247049/Y                  -       B->Y  F     NAND2BX1       1  2.8    44    36     635    (-,-) 
  core_g244331/Y                  -       A1->Y R     AOI22X1        1  2.9    61    48     684    (-,-) 
  core_g244010/Y                  -       A1->Y R     AO21X4        30 51.4    98   102     786    (-,-) 
  core_g243764/Y                  -       A->Y  F     INVX1          6 10.5    87    72     858    (-,-) 
  core_g243507/Y                  -       C->Y  F     AND3X2        22 35.8   129   107     965    (-,-) 
  core_g242536/Y                  -       A1->Y R     AOI22X1        1  2.9    67    72    1037    (-,-) 
  core_g242008/Y                  -       B0->Y F     OAI211X1       1  2.8    76    69    1106    (-,-) 
  core_picorv32_reg_op1_reg[28]/D -       -     F     DFFHQX1        1    -     -     0    1106    (-,-) 
#--------------------------------------------------------------------------------------------------------



Path 30: MET (2849 ps) Setup Check with Pin core_picorv32_reg_op1_reg[22]/CK->D
          Group: I2C
     Startpoint: (F) hk_ack_i
          Clock: (R) myclock
       Endpoint: (F) core_picorv32_reg_op1_reg[22]/D
          Clock: (R) myclock

                     Capture       Launch     
        Clock Edge:+    4000            0     
        Drv Adjust:+       0            0     
       Src Latency:+       0            0     
       Net Latency:+       0 (I)        0 (I) 
           Arrival:=    4000            0     
                                              
             Setup:-      25                  
       Uncertainty:-      20                  
     Required Time:=    3955                  
      Launch Clock:-       0                  
       Input Delay:-     100                  
         Data Path:-    1006                  
             Slack:=    2849                  

Exceptions/Constraints:
  input_delay             100             mgmt_core_wrapper.sd_line_18_196_1 

#--------------------------------------------------------------------------------------------------------
#          Timing Point           Flags   Arc   Edge   Cell     Fanout Load Trans Delay Arrival Instance 
#                                                                      (fF)  (ps)  (ps)   (ps)  Location 
#--------------------------------------------------------------------------------------------------------
  hk_ack_i                        -       -     F     (arrival)      1  2.9    15     0     100    (-,-) 
  core_g139171/Y                  -       A->Y  R     NOR3X1         1  2.7    66    50     150    (-,-) 
  core_g139160/Y                  -       C->Y  F     NAND4BBXL      1  2.7   128    98     248    (-,-) 
  core_g139156/Y                  -       A->Y  F     OR2X1          5  8.7    61    78     326    (-,-) 
  core_g249255/Y                  -       B->Y  R     NAND2X1        1  2.9    34    34     359    (-,-) 
  core_g248922/Y                  -       B->Y  R     OR2X4         33 60.4   111    85     444    (-,-) 
  core_g248691/Y                  -       A->Y  F     INVX1          5  9.1    81    71     515    (-,-) 
  core_g248453/Y                  -       B->Y  R     NAND2X1        3  5.8    56    50     566    (-,-) 
  core_g247808/Y                  -       AN->Y R     NAND2BX1       1  2.9    31    34     599    (-,-) 
  core_g247049/Y                  -       B->Y  F     NAND2BX1       1  2.8    44    36     635    (-,-) 
  core_g244331/Y                  -       A1->Y R     AOI22X1        1  2.9    61    48     684    (-,-) 
  core_g244010/Y                  -       A1->Y R     AO21X4        30 51.4    98   102     786    (-,-) 
  core_g243764/Y                  -       A->Y  F     INVX1          6 10.5    87    72     858    (-,-) 
  core_g243507/Y                  -       C->Y  F     AND3X2        22 35.8   129   107     965    (-,-) 
  core_g242530/Y                  -       A1->Y R     AOI22X1        1  2.9    67    72    1037    (-,-) 
  core_g241987/Y                  -       B0->Y F     OAI211X1       1  2.8    76    69    1106    (-,-) 
  core_picorv32_reg_op1_reg[22]/D -       -     F     DFFHQX1        1    -     -     0    1106    (-,-) 
#--------------------------------------------------------------------------------------------------------



Path 31: MET (2849 ps) Setup Check with Pin core_picorv32_reg_op1_reg[10]/CK->D
          Group: I2C
     Startpoint: (F) hk_ack_i
          Clock: (R) myclock
       Endpoint: (F) core_picorv32_reg_op1_reg[10]/D
          Clock: (R) myclock

                     Capture       Launch     
        Clock Edge:+    4000            0     
        Drv Adjust:+       0            0     
       Src Latency:+       0            0     
       Net Latency:+       0 (I)        0 (I) 
           Arrival:=    4000            0     
                                              
             Setup:-      25                  
       Uncertainty:-      20                  
     Required Time:=    3955                  
      Launch Clock:-       0                  
       Input Delay:-     100                  
         Data Path:-    1005                  
             Slack:=    2849                  

Exceptions/Constraints:
  input_delay             100             mgmt_core_wrapper.sd_line_18_196_1 

#--------------------------------------------------------------------------------------------------------
#          Timing Point           Flags   Arc   Edge   Cell     Fanout Load Trans Delay Arrival Instance 
#                                                                      (fF)  (ps)  (ps)   (ps)  Location 
#--------------------------------------------------------------------------------------------------------
  hk_ack_i                        -       -     F     (arrival)      1  2.9    15     0     100    (-,-) 
  core_g139171/Y                  -       A->Y  R     NOR3X1         1  2.7    66    50     150    (-,-) 
  core_g139160/Y                  -       C->Y  F     NAND4BBXL      1  2.7   128    98     248    (-,-) 
  core_g139156/Y                  -       A->Y  F     OR2X1          5  8.7    61    78     326    (-,-) 
  core_g249255/Y                  -       B->Y  R     NAND2X1        1  2.9    34    34     359    (-,-) 
  core_g248922/Y                  -       B->Y  R     OR2X4         33 60.4   111    85     444    (-,-) 
  core_g248691/Y                  -       A->Y  F     INVX1          5  9.1    81    71     515    (-,-) 
  core_g248453/Y                  -       B->Y  R     NAND2X1        3  5.8    56    50     566    (-,-) 
  core_g247808/Y                  -       AN->Y R     NAND2BX1       1  2.9    31    34     599    (-,-) 
  core_g247049/Y                  -       B->Y  F     NAND2BX1       1  2.8    44    36     635    (-,-) 
  core_g244331/Y                  -       A1->Y R     AOI22X1        1  2.9    61    48     684    (-,-) 
  core_g244010/Y                  -       A1->Y R     AO21X4        30 51.4    98   102     786    (-,-) 
  core_g243764/Y                  -       A->Y  F     INVX1          6 10.5    87    72     858    (-,-) 
  core_g243507/Y                  -       C->Y  F     AND3X2        22 35.8   129   107     965    (-,-) 
  core_g242518/Y                  -       A1->Y R     AOI22X1        1  2.9    67    72    1037    (-,-) 
  core_g241990/Y                  -       B0->Y F     OAI211X1       1  2.7    74    68    1105    (-,-) 
  core_picorv32_reg_op1_reg[10]/D -       -     F     DFFX1          1    -     -     0    1105    (-,-) 
#--------------------------------------------------------------------------------------------------------



Path 32: MET (2849 ps) Setup Check with Pin core_picorv32_reg_op1_reg[25]/CK->D
          Group: I2C
     Startpoint: (F) hk_ack_i
          Clock: (R) myclock
       Endpoint: (F) core_picorv32_reg_op1_reg[25]/D
          Clock: (R) myclock

                     Capture       Launch     
        Clock Edge:+    4000            0     
        Drv Adjust:+       0            0     
       Src Latency:+       0            0     
       Net Latency:+       0 (I)        0 (I) 
           Arrival:=    4000            0     
                                              
             Setup:-      25                  
       Uncertainty:-      20                  
     Required Time:=    3955                  
      Launch Clock:-       0                  
       Input Delay:-     100                  
         Data Path:-    1006                  
             Slack:=    2849                  

Exceptions/Constraints:
  input_delay             100             mgmt_core_wrapper.sd_line_18_196_1 

#--------------------------------------------------------------------------------------------------------
#          Timing Point           Flags   Arc   Edge   Cell     Fanout Load Trans Delay Arrival Instance 
#                                                                      (fF)  (ps)  (ps)   (ps)  Location 
#--------------------------------------------------------------------------------------------------------
  hk_ack_i                        -       -     F     (arrival)      1  2.9    15     0     100    (-,-) 
  core_g139171/Y                  -       A->Y  R     NOR3X1         1  2.7    66    50     150    (-,-) 
  core_g139160/Y                  -       C->Y  F     NAND4BBXL      1  2.7   128    98     248    (-,-) 
  core_g139156/Y                  -       A->Y  F     OR2X1          5  8.7    61    78     326    (-,-) 
  core_g249255/Y                  -       B->Y  R     NAND2X1        1  2.9    34    34     359    (-,-) 
  core_g248922/Y                  -       B->Y  R     OR2X4         33 60.4   111    85     444    (-,-) 
  core_g248691/Y                  -       A->Y  F     INVX1          5  9.1    81    71     515    (-,-) 
  core_g248453/Y                  -       B->Y  R     NAND2X1        3  5.8    56    50     566    (-,-) 
  core_g247808/Y                  -       AN->Y R     NAND2BX1       1  2.9    31    34     599    (-,-) 
  core_g247049/Y                  -       B->Y  F     NAND2BX1       1  2.8    44    36     635    (-,-) 
  core_g244331/Y                  -       A1->Y R     AOI22X1        1  2.9    61    48     684    (-,-) 
  core_g244010/Y                  -       A1->Y R     AO21X4        30 51.4    98   102     786    (-,-) 
  core_g243764/Y                  -       A->Y  F     INVX1          6 10.5    87    72     858    (-,-) 
  core_g243507/Y                  -       C->Y  F     AND3X2        22 35.8   129   107     965    (-,-) 
  core_g242533/Y                  -       A1->Y R     AOI22X1        1  2.9    65    72    1037    (-,-) 
  core_g242016/Y                  -       B0->Y F     OAI211X1       1  2.8    76    69    1106    (-,-) 
  core_picorv32_reg_op1_reg[25]/D -       -     F     DFFHQX1        1    -     -     0    1106    (-,-) 
#--------------------------------------------------------------------------------------------------------



Path 33: MET (2850 ps) Setup Check with Pin core_picorv32_reg_op1_reg[20]/CK->D
          Group: I2C
     Startpoint: (F) hk_ack_i
          Clock: (R) myclock
       Endpoint: (F) core_picorv32_reg_op1_reg[20]/D
          Clock: (R) myclock

                     Capture       Launch     
        Clock Edge:+    4000            0     
        Drv Adjust:+       0            0     
       Src Latency:+       0            0     
       Net Latency:+       0 (I)        0 (I) 
           Arrival:=    4000            0     
                                              
             Setup:-      25                  
       Uncertainty:-      20                  
     Required Time:=    3955                  
      Launch Clock:-       0                  
       Input Delay:-     100                  
         Data Path:-    1005                  
             Slack:=    2850                  

Exceptions/Constraints:
  input_delay             100             mgmt_core_wrapper.sd_line_18_196_1 

#--------------------------------------------------------------------------------------------------------
#          Timing Point           Flags   Arc   Edge   Cell     Fanout Load Trans Delay Arrival Instance 
#                                                                      (fF)  (ps)  (ps)   (ps)  Location 
#--------------------------------------------------------------------------------------------------------
  hk_ack_i                        -       -     F     (arrival)      1  2.9    15     0     100    (-,-) 
  core_g139171/Y                  -       A->Y  R     NOR3X1         1  2.7    66    50     150    (-,-) 
  core_g139160/Y                  -       C->Y  F     NAND4BBXL      1  2.7   128    98     248    (-,-) 
  core_g139156/Y                  -       A->Y  F     OR2X1          5  8.7    61    78     326    (-,-) 
  core_g249255/Y                  -       B->Y  R     NAND2X1        1  2.9    34    34     359    (-,-) 
  core_g248922/Y                  -       B->Y  R     OR2X4         33 60.4   111    85     444    (-,-) 
  core_g248691/Y                  -       A->Y  F     INVX1          5  9.1    81    71     515    (-,-) 
  core_g248453/Y                  -       B->Y  R     NAND2X1        3  5.8    56    50     566    (-,-) 
  core_g247808/Y                  -       AN->Y R     NAND2BX1       1  2.9    31    34     599    (-,-) 
  core_g247049/Y                  -       B->Y  F     NAND2BX1       1  2.8    44    36     635    (-,-) 
  core_g244331/Y                  -       A1->Y R     AOI22X1        1  2.9    61    48     684    (-,-) 
  core_g244010/Y                  -       A1->Y R     AO21X4        30 51.4    98   102     786    (-,-) 
  core_g243764/Y                  -       A->Y  F     INVX1          6 10.5    87    72     858    (-,-) 
  core_g243507/Y                  -       C->Y  F     AND3X2        22 35.8   129   107     965    (-,-) 
  core_g242528/Y                  -       A1->Y R     AOI22X1        1  2.9    66    72    1037    (-,-) 
  core_g241993/Y                  -       B0->Y F     OAI211X1       1  2.7    74    68    1105    (-,-) 
  core_picorv32_reg_op1_reg[20]/D -       -     F     DFFX1          1    -     -     0    1105    (-,-) 
#--------------------------------------------------------------------------------------------------------



Path 34: MET (2850 ps) Setup Check with Pin core_picorv32_reg_op1_reg[15]/CK->D
          Group: I2C
     Startpoint: (F) hk_ack_i
          Clock: (R) myclock
       Endpoint: (F) core_picorv32_reg_op1_reg[15]/D
          Clock: (R) myclock

                     Capture       Launch     
        Clock Edge:+    4000            0     
        Drv Adjust:+       0            0     
       Src Latency:+       0            0     
       Net Latency:+       0 (I)        0 (I) 
           Arrival:=    4000            0     
                                              
             Setup:-      25                  
       Uncertainty:-      20                  
     Required Time:=    3955                  
      Launch Clock:-       0                  
       Input Delay:-     100                  
         Data Path:-    1005                  
             Slack:=    2850                  

Exceptions/Constraints:
  input_delay             100             mgmt_core_wrapper.sd_line_18_196_1 

#--------------------------------------------------------------------------------------------------------
#          Timing Point           Flags   Arc   Edge   Cell     Fanout Load Trans Delay Arrival Instance 
#                                                                      (fF)  (ps)  (ps)   (ps)  Location 
#--------------------------------------------------------------------------------------------------------
  hk_ack_i                        -       -     F     (arrival)      1  2.9    15     0     100    (-,-) 
  core_g139171/Y                  -       A->Y  R     NOR3X1         1  2.7    66    50     150    (-,-) 
  core_g139160/Y                  -       C->Y  F     NAND4BBXL      1  2.7   128    98     248    (-,-) 
  core_g139156/Y                  -       A->Y  F     OR2X1          5  8.7    61    78     326    (-,-) 
  core_g249255/Y                  -       B->Y  R     NAND2X1        1  2.9    34    34     359    (-,-) 
  core_g248922/Y                  -       B->Y  R     OR2X4         33 60.4   111    85     444    (-,-) 
  core_g248691/Y                  -       A->Y  F     INVX1          5  9.1    81    71     515    (-,-) 
  core_g248453/Y                  -       B->Y  R     NAND2X1        3  5.8    56    50     566    (-,-) 
  core_g247808/Y                  -       AN->Y R     NAND2BX1       1  2.9    31    34     599    (-,-) 
  core_g247049/Y                  -       B->Y  F     NAND2BX1       1  2.8    44    36     635    (-,-) 
  core_g244331/Y                  -       A1->Y R     AOI22X1        1  2.9    61    48     684    (-,-) 
  core_g244010/Y                  -       A1->Y R     AO21X4        30 51.4    98   102     786    (-,-) 
  core_g243764/Y                  -       A->Y  F     INVX1          6 10.5    87    72     858    (-,-) 
  core_g243507/Y                  -       C->Y  F     AND3X2        22 35.8   129   107     965    (-,-) 
  core_g242504/Y                  -       A1->Y R     AOI22X1        1  2.9    64    72    1037    (-,-) 
  core_g241991/Y                  -       B0->Y F     OAI211X1       1  2.8    76    68    1105    (-,-) 
  core_picorv32_reg_op1_reg[15]/D -       -     F     DFFHQX1        1    -     -     0    1105    (-,-) 
#--------------------------------------------------------------------------------------------------------



Path 35: MET (2850 ps) Setup Check with Pin core_picorv32_reg_op1_reg[2]/CK->D
          Group: I2C
     Startpoint: (F) hk_ack_i
          Clock: (R) myclock
       Endpoint: (F) core_picorv32_reg_op1_reg[2]/D
          Clock: (R) myclock

                     Capture       Launch     
        Clock Edge:+    4000            0     
        Drv Adjust:+       0            0     
       Src Latency:+       0            0     
       Net Latency:+       0 (I)        0 (I) 
           Arrival:=    4000            0     
                                              
             Setup:-      25                  
       Uncertainty:-      20                  
     Required Time:=    3955                  
      Launch Clock:-       0                  
       Input Delay:-     100                  
         Data Path:-    1005                  
             Slack:=    2850                  

Exceptions/Constraints:
  input_delay             100             mgmt_core_wrapper.sd_line_18_196_1 

#-------------------------------------------------------------------------------------------------------
#         Timing Point           Flags   Arc   Edge   Cell     Fanout Load Trans Delay Arrival Instance 
#                                                                     (fF)  (ps)  (ps)   (ps)  Location 
#-------------------------------------------------------------------------------------------------------
  hk_ack_i                       -       -     F     (arrival)      1  2.9    15     0     100    (-,-) 
  core_g139171/Y                 -       A->Y  R     NOR3X1         1  2.7    66    50     150    (-,-) 
  core_g139160/Y                 -       C->Y  F     NAND4BBXL      1  2.7   128    98     248    (-,-) 
  core_g139156/Y                 -       A->Y  F     OR2X1          5  8.7    61    78     326    (-,-) 
  core_g249255/Y                 -       B->Y  R     NAND2X1        1  2.9    34    34     359    (-,-) 
  core_g248922/Y                 -       B->Y  R     OR2X4         33 60.4   111    85     444    (-,-) 
  core_g248691/Y                 -       A->Y  F     INVX1          5  9.1    81    71     515    (-,-) 
  core_g248453/Y                 -       B->Y  R     NAND2X1        3  5.8    56    50     566    (-,-) 
  core_g247808/Y                 -       AN->Y R     NAND2BX1       1  2.9    31    34     599    (-,-) 
  core_g247049/Y                 -       B->Y  F     NAND2BX1       1  2.8    44    36     635    (-,-) 
  core_g244331/Y                 -       A1->Y R     AOI22X1        1  2.9    61    48     684    (-,-) 
  core_g244010/Y                 -       A1->Y R     AO21X4        30 51.4    98   102     786    (-,-) 
  core_g243764/Y                 -       A->Y  F     INVX1          6 10.5    87    72     858    (-,-) 
  core_g243507/Y                 -       C->Y  F     AND3X2        22 35.8   129   107     965    (-,-) 
  core_g242510/Y                 -       A1->Y R     AOI22X1        1  2.9    62    72    1037    (-,-) 
  core_g241989/Y                 -       B0->Y F     OAI211X1       1  2.8    76    68    1105    (-,-) 
  core_picorv32_reg_op1_reg[2]/D -       -     F     DFFHQX1        1    -     -     0    1105    (-,-) 
#-------------------------------------------------------------------------------------------------------



Path 36: MET (2850 ps) Setup Check with Pin core_picorv32_reg_op1_reg[3]/CK->D
          Group: I2C
     Startpoint: (F) hk_ack_i
          Clock: (R) myclock
       Endpoint: (F) core_picorv32_reg_op1_reg[3]/D
          Clock: (R) myclock

                     Capture       Launch     
        Clock Edge:+    4000            0     
        Drv Adjust:+       0            0     
       Src Latency:+       0            0     
       Net Latency:+       0 (I)        0 (I) 
           Arrival:=    4000            0     
                                              
             Setup:-      25                  
       Uncertainty:-      20                  
     Required Time:=    3955                  
      Launch Clock:-       0                  
       Input Delay:-     100                  
         Data Path:-    1004                  
             Slack:=    2850                  

Exceptions/Constraints:
  input_delay             100             mgmt_core_wrapper.sd_line_18_196_1 

#-------------------------------------------------------------------------------------------------------
#         Timing Point           Flags   Arc   Edge   Cell     Fanout Load Trans Delay Arrival Instance 
#                                                                     (fF)  (ps)  (ps)   (ps)  Location 
#-------------------------------------------------------------------------------------------------------
  hk_ack_i                       -       -     F     (arrival)      1  2.9    15     0     100    (-,-) 
  core_g139171/Y                 -       A->Y  R     NOR3X1         1  2.7    66    50     150    (-,-) 
  core_g139160/Y                 -       C->Y  F     NAND4BBXL      1  2.7   128    98     248    (-,-) 
  core_g139156/Y                 -       A->Y  F     OR2X1          5  8.7    61    78     326    (-,-) 
  core_g249255/Y                 -       B->Y  R     NAND2X1        1  2.9    34    34     359    (-,-) 
  core_g248922/Y                 -       B->Y  R     OR2X4         33 60.4   111    85     444    (-,-) 
  core_g248691/Y                 -       A->Y  F     INVX1          5  9.1    81    71     515    (-,-) 
  core_g248453/Y                 -       B->Y  R     NAND2X1        3  5.8    56    50     566    (-,-) 
  core_g247808/Y                 -       AN->Y R     NAND2BX1       1  2.9    31    34     599    (-,-) 
  core_g247049/Y                 -       B->Y  F     NAND2BX1       1  2.8    44    36     635    (-,-) 
  core_g244331/Y                 -       A1->Y R     AOI22X1        1  2.9    61    48     684    (-,-) 
  core_g244010/Y                 -       A1->Y R     AO21X4        30 51.4    98   102     786    (-,-) 
  core_g243764/Y                 -       A->Y  F     INVX1          6 10.5    87    72     858    (-,-) 
  core_g243507/Y                 -       C->Y  F     AND3X2        22 35.8   129   107     965    (-,-) 
  core_g242511/Y                 -       A1->Y R     AOI22X1        1  2.9    64    72    1037    (-,-) 
  core_g241982/Y                 -       B0->Y F     OAI211X1       1  2.7    74    67    1104    (-,-) 
  core_picorv32_reg_op1_reg[3]/D -       -     F     DFFX1          1    -     -     0    1104    (-,-) 
#-------------------------------------------------------------------------------------------------------



Path 37: MET (2882 ps) Setup Check with Pin core_picorv32_instr_retirq_reg/CK->SI
          Group: I2C
     Startpoint: (F) hk_ack_i
          Clock: (R) myclock
       Endpoint: (R) core_picorv32_instr_retirq_reg/SI
          Clock: (R) myclock

                     Capture       Launch     
        Clock Edge:+    4000            0     
        Drv Adjust:+       0            0     
       Src Latency:+       0            0     
       Net Latency:+       0 (I)        0 (I) 
           Arrival:=    4000            0     
                                              
             Setup:-      42                  
       Uncertainty:-      20                  
     Required Time:=    3938                  
      Launch Clock:-       0                  
       Input Delay:-     100                  
         Data Path:-     956                  
             Slack:=    2882                  

Exceptions/Constraints:
  input_delay             100             mgmt_core_wrapper.sd_line_18_196_1 

#----------------------------------------------------------------------------------------------------------
#           Timing Point            Flags   Arc   Edge   Cell     Fanout Load Trans Delay Arrival Instance 
#                                                                        (fF)  (ps)  (ps)   (ps)  Location 
#----------------------------------------------------------------------------------------------------------
  hk_ack_i                          -       -     F     (arrival)      1  2.9    15     0     100    (-,-) 
  core_g139171/Y                    -       A->Y  R     NOR3X1         1  2.7    66    50     150    (-,-) 
  core_g139160/Y                    -       C->Y  F     NAND4BBXL      1  2.7   128    98     248    (-,-) 
  core_g139156/Y                    -       A->Y  F     OR2X1          5  8.7    61    78     326    (-,-) 
  core_g249255/Y                    -       B->Y  R     NAND2X1        1  2.9    34    34     359    (-,-) 
  core_g248922/Y                    -       B->Y  R     OR2X4         33 60.4   111    85     444    (-,-) 
  core_g244401/Y                    -       S0->Y F     MXI2X1         3  5.9    97    85     529    (-,-) 
  core_g242461/Y                    -       B->Y  R     NOR3BX1        2  4.2   100    87     616    (-,-) 
  core_g242395/Y                    -       A->Y  R     AND2X1         2  4.4    34    56     672    (-,-) 
  core_g242366/Y                    -       AN->Y R     NOR2BX1        2  4.4    70    54     726    (-,-) 
  core_g251157/Y                    -       AN->Y R     NOR4BX1        1  2.7    91    86     812    (-,-) 
  core_g251156/Y                    -       A->Y  F     INVXL          1  2.6    43    50     862    (-,-) 
  core_g242193/Y                    -       D->Y  F     OR4X1          2  4.4    39    73     934    (-,-) 
  core_g242166/Y                    -       C->Y  R     NOR3BX1        2  4.2    98    66    1001    (-,-) 
  core_g242133/Y                    -       A->Y  R     AND2X1         2  4.4    34    55    1056    (-,-) 
  core_picorv32_instr_retirq_reg/SI -       -     R     SDFFQX1        2    -     -     0    1056    (-,-) 
#----------------------------------------------------------------------------------------------------------



Path 38: MET (2894 ps) Setup Check with Pin core_picorv32_reg_op1_reg[31]/CK->D
          Group: I2C
     Startpoint: (F) hk_ack_i
          Clock: (R) myclock
       Endpoint: (F) core_picorv32_reg_op1_reg[31]/D
          Clock: (R) myclock

                     Capture       Launch     
        Clock Edge:+    4000            0     
        Drv Adjust:+       0            0     
       Src Latency:+       0            0     
       Net Latency:+       0 (I)        0 (I) 
           Arrival:=    4000            0     
                                              
             Setup:-      20                  
       Uncertainty:-      20                  
     Required Time:=    3960                  
      Launch Clock:-       0                  
       Input Delay:-     100                  
         Data Path:-     966                  
             Slack:=    2894                  

Exceptions/Constraints:
  input_delay             100             mgmt_core_wrapper.sd_line_18_196_1 

#--------------------------------------------------------------------------------------------------------
#          Timing Point           Flags   Arc   Edge   Cell     Fanout Load Trans Delay Arrival Instance 
#                                                                      (fF)  (ps)  (ps)   (ps)  Location 
#--------------------------------------------------------------------------------------------------------
  hk_ack_i                        -       -     F     (arrival)      1  2.9    15     0     100    (-,-) 
  core_g139171/Y                  -       A->Y  R     NOR3X1         1  2.7    66    50     150    (-,-) 
  core_g139160/Y                  -       C->Y  F     NAND4BBXL      1  2.7   128    98     248    (-,-) 
  core_g139156/Y                  -       A->Y  F     OR2X1          5  8.7    61    78     326    (-,-) 
  core_g249255/Y                  -       B->Y  R     NAND2X1        1  2.9    34    34     359    (-,-) 
  core_g248922/Y                  -       B->Y  R     OR2X4         33 60.4   111    85     444    (-,-) 
  core_g248691/Y                  -       A->Y  F     INVX1          5  9.1    81    71     515    (-,-) 
  core_g248453/Y                  -       B->Y  R     NAND2X1        3  5.8    56    50     566    (-,-) 
  core_g247808/Y                  -       AN->Y R     NAND2BX1       1  2.9    31    34     599    (-,-) 
  core_g247049/Y                  -       B->Y  F     NAND2BX1       1  2.8    44    36     635    (-,-) 
  core_g244331/Y                  -       A1->Y R     AOI22X1        1  2.9    61    48     684    (-,-) 
  core_g244010/Y                  -       A1->Y R     AO21X4        30 51.4    98   102     786    (-,-) 
  core_g243764/Y                  -       A->Y  F     INVX1          6 10.5    87    72     858    (-,-) 
  core_g243506/Y                  -       C->Y  F     AND3X2        18 29.9   109    96     954    (-,-) 
  core_g242539/Y                  -       A1->Y R     AOI22X1        1  2.9    62    66    1020    (-,-) 
  core_g241988/Y                  -       B->Y  F     NAND2X1        1  2.8    48    46    1066    (-,-) 
  core_picorv32_reg_op1_reg[31]/D -       -     F     DFFHQX1        1    -     -     0    1066    (-,-) 
#--------------------------------------------------------------------------------------------------------



Path 39: MET (2923 ps) Setup Check with Pin core_picorv32_decoded_rs1_reg[5]/CK->D
          Group: I2C
     Startpoint: (F) hk_ack_i
          Clock: (R) myclock
       Endpoint: (R) core_picorv32_decoded_rs1_reg[5]/D
          Clock: (R) myclock

                     Capture       Launch     
        Clock Edge:+    4000            0     
        Drv Adjust:+       0            0     
       Src Latency:+       0            0     
       Net Latency:+       0 (I)        0 (I) 
           Arrival:=    4000            0     
                                              
             Setup:-      56                  
       Uncertainty:-      20                  
     Required Time:=    3924                  
      Launch Clock:-       0                  
       Input Delay:-     100                  
         Data Path:-     901                  
             Slack:=    2923                  

Exceptions/Constraints:
  input_delay             100             mgmt_core_wrapper.sd_line_18_196_1 

#-----------------------------------------------------------------------------------------------------------
#           Timing Point             Flags   Arc   Edge   Cell     Fanout Load Trans Delay Arrival Instance 
#                                                                         (fF)  (ps)  (ps)   (ps)  Location 
#-----------------------------------------------------------------------------------------------------------
  hk_ack_i                           -       -     F     (arrival)      1  2.9    15     0     100    (-,-) 
  core_g139171/Y                     -       A->Y  R     NOR3X1         1  2.7    66    50     150    (-,-) 
  core_g139160/Y                     -       C->Y  F     NAND4BBXL      1  2.7   128    98     248    (-,-) 
  core_g139156/Y                     -       A->Y  F     OR2X1          5  8.7    61    78     326    (-,-) 
  core_g249255/Y                     -       B->Y  R     NAND2X1        1  2.9    34    34     359    (-,-) 
  core_g248922/Y                     -       B->Y  R     OR2X4         33 60.4   111    85     444    (-,-) 
  core_g244401/Y                     -       S0->Y F     MXI2X1         3  5.9    97    85     529    (-,-) 
  core_g242461/Y                     -       B->Y  R     NOR3BX1        2  4.2   100    87     616    (-,-) 
  core_g242395/Y                     -       A->Y  R     AND2X1         2  4.4    34    56     672    (-,-) 
  core_g242366/Y                     -       AN->Y R     NOR2BX1        2  4.4    70    54     726    (-,-) 
  core_g251157/Y                     -       AN->Y R     NOR4BX1        1  2.7    91    86     812    (-,-) 
  core_g251156/Y                     -       A->Y  F     INVXL          1  2.6    43    50     862    (-,-) 
  core_g242193/Y                     -       D->Y  F     OR4X1          2  4.4    39    73     934    (-,-) 
  core_g242166/Y                     -       C->Y  R     NOR3BX1        2  4.2    98    66    1001    (-,-) 
  core_picorv32_decoded_rs1_reg[5]/D -       -     R     SDFFQX1        2    -     -     0    1001    (-,-) 
#-----------------------------------------------------------------------------------------------------------



Path 40: MET (2928 ps) Setup Check with Pin core_picorv32_instr_waitirq_reg/CK->SI
          Group: I2C
     Startpoint: (F) hk_ack_i
          Clock: (R) myclock
       Endpoint: (R) core_picorv32_instr_waitirq_reg/SI
          Clock: (R) myclock

                     Capture       Launch     
        Clock Edge:+    4000            0     
        Drv Adjust:+       0            0     
       Src Latency:+       0            0     
       Net Latency:+       0 (I)        0 (I) 
           Arrival:=    4000            0     
                                              
             Setup:-      55                  
       Uncertainty:-      20                  
     Required Time:=    3925                  
      Launch Clock:-       0                  
       Input Delay:-     100                  
         Data Path:-     897                  
             Slack:=    2928                  

Exceptions/Constraints:
  input_delay             100             mgmt_core_wrapper.sd_line_18_196_1 

#-----------------------------------------------------------------------------------------------------------
#           Timing Point             Flags   Arc   Edge   Cell     Fanout Load Trans Delay Arrival Instance 
#                                                                         (fF)  (ps)  (ps)   (ps)  Location 
#-----------------------------------------------------------------------------------------------------------
  hk_ack_i                           -       -     F     (arrival)      1  2.9    15     0     100    (-,-) 
  core_g139171/Y                     -       A->Y  R     NOR3X1         1  2.7    66    50     150    (-,-) 
  core_g139160/Y                     -       C->Y  F     NAND4BBXL      1  2.7   128    98     248    (-,-) 
  core_g139156/Y                     -       A->Y  F     OR2X1          5  8.7    61    78     326    (-,-) 
  core_g249255/Y                     -       B->Y  R     NAND2X1        1  2.9    34    34     359    (-,-) 
  core_g248922/Y                     -       B->Y  R     OR2X4         33 60.4   111    85     444    (-,-) 
  core_g244401/Y                     -       S0->Y F     MXI2X1         3  5.9    97    85     529    (-,-) 
  core_g242461/Y                     -       B->Y  R     NOR3BX1        2  4.2   100    87     616    (-,-) 
  core_g242395/Y                     -       A->Y  R     AND2X1         2  4.4    34    56     672    (-,-) 
  core_g242366/Y                     -       AN->Y R     NOR2BX1        2  4.4    70    54     726    (-,-) 
  core_g251157/Y                     -       AN->Y R     NOR4BX1        1  2.7    91    86     812    (-,-) 
  core_g251156/Y                     -       A->Y  F     INVXL          1  2.6    43    50     862    (-,-) 
  core_g242193/Y                     -       D->Y  F     OR4X1          2  4.4    39    73     934    (-,-) 
  core_g242151/Y                     -       D->Y  R     NOR4X1         1  2.7    91    63     997    (-,-) 
  core_picorv32_instr_waitirq_reg/SI -       -     R     SDFFQX1        1    -     -     0     997    (-,-) 
#-----------------------------------------------------------------------------------------------------------



Path 41: MET (3048 ps) Setup Check with Pin core_picorv32_latched_is_lu_reg/CK->D
          Group: I2C
     Startpoint: (F) hk_ack_i
          Clock: (R) myclock
       Endpoint: (R) core_picorv32_latched_is_lu_reg/D
          Clock: (R) myclock

                     Capture       Launch     
        Clock Edge:+    4000            0     
        Drv Adjust:+       0            0     
       Src Latency:+       0            0     
       Net Latency:+       0 (I)        0 (I) 
           Arrival:=    4000            0     
                                              
             Setup:-      29                  
       Uncertainty:-      20                  
     Required Time:=    3951                  
      Launch Clock:-       0                  
       Input Delay:-     100                  
         Data Path:-     803                  
             Slack:=    3048                  

Exceptions/Constraints:
  input_delay             100             mgmt_core_wrapper.sd_line_18_196_1 

#----------------------------------------------------------------------------------------------------------
#           Timing Point            Flags   Arc   Edge   Cell     Fanout Load Trans Delay Arrival Instance 
#                                                                        (fF)  (ps)  (ps)   (ps)  Location 
#----------------------------------------------------------------------------------------------------------
  hk_ack_i                          -       -     F     (arrival)      1  2.9    15     0     100    (-,-) 
  core_g139171/Y                    -       A->Y  R     NOR3X1         1  2.7    66    50     150    (-,-) 
  core_g139160/Y                    -       C->Y  F     NAND4BBXL      1  2.7   128    98     248    (-,-) 
  core_g139156/Y                    -       A->Y  F     OR2X1          5  8.7    61    78     326    (-,-) 
  core_g249255/Y                    -       B->Y  R     NAND2X1        1  2.9    34    34     359    (-,-) 
  core_g248922/Y                    -       B->Y  R     OR2X4         33 60.4   111    85     444    (-,-) 
  core_g248691/Y                    -       A->Y  F     INVX1          5  9.1    81    71     515    (-,-) 
  core_g248446/Y                    -       B->Y  R     NOR2X1         2  4.4    72    64     579    (-,-) 
  core_g247064/Y                    -       C0->Y F     AOI211XL       1  2.8    75    45     624    (-,-) 
  core_g246662/Y                    -       B->Y  R     NAND2X1        2  4.6    49    44     668    (-,-) 
  core_g245723/Y                    -       B->Y  F     NAND2X1        4  7.5   107    73     742    (-,-) 
  core_g245550/Y                    -       A->Y  R     INVX1          3  6.2    62    59     801    (-,-) 
  core_g245099/Y                    -       B1->Y F     AOI32X1        1  2.8    87    48     848    (-,-) 
  core_g244700/Y                    -       B->Y  R     NOR2X1         1  2.8    53    54     903    (-,-) 
  core_picorv32_latched_is_lu_reg/D -       -     R     DFFHQX1        1    -     -     0     903    (-,-) 
#----------------------------------------------------------------------------------------------------------



Path 42: MET (3048 ps) Setup Check with Pin core_picorv32_latched_is_lh_reg/CK->D
          Group: I2C
     Startpoint: (F) hk_ack_i
          Clock: (R) myclock
       Endpoint: (R) core_picorv32_latched_is_lh_reg/D
          Clock: (R) myclock

                     Capture       Launch     
        Clock Edge:+    4000            0     
        Drv Adjust:+       0            0     
       Src Latency:+       0            0     
       Net Latency:+       0 (I)        0 (I) 
           Arrival:=    4000            0     
                                              
             Setup:-      29                  
       Uncertainty:-      20                  
     Required Time:=    3951                  
      Launch Clock:-       0                  
       Input Delay:-     100                  
         Data Path:-     803                  
             Slack:=    3048                  

Exceptions/Constraints:
  input_delay             100             mgmt_core_wrapper.sd_line_18_196_1 

#----------------------------------------------------------------------------------------------------------
#           Timing Point            Flags   Arc   Edge   Cell     Fanout Load Trans Delay Arrival Instance 
#                                                                        (fF)  (ps)  (ps)   (ps)  Location 
#----------------------------------------------------------------------------------------------------------
  hk_ack_i                          -       -     F     (arrival)      1  2.9    15     0     100    (-,-) 
  core_g139171/Y                    -       A->Y  R     NOR3X1         1  2.7    66    50     150    (-,-) 
  core_g139160/Y                    -       C->Y  F     NAND4BBXL      1  2.7   128    98     248    (-,-) 
  core_g139156/Y                    -       A->Y  F     OR2X1          5  8.7    61    78     326    (-,-) 
  core_g249255/Y                    -       B->Y  R     NAND2X1        1  2.9    34    34     359    (-,-) 
  core_g248922/Y                    -       B->Y  R     OR2X4         33 60.4   111    85     444    (-,-) 
  core_g248691/Y                    -       A->Y  F     INVX1          5  9.1    81    71     515    (-,-) 
  core_g248446/Y                    -       B->Y  R     NOR2X1         2  4.4    72    64     579    (-,-) 
  core_g247064/Y                    -       C0->Y F     AOI211XL       1  2.8    75    45     624    (-,-) 
  core_g246662/Y                    -       B->Y  R     NAND2X1        2  4.6    49    44     668    (-,-) 
  core_g245723/Y                    -       B->Y  F     NAND2X1        4  7.5   107    73     742    (-,-) 
  core_g245550/Y                    -       A->Y  R     INVX1          3  6.2    62    59     801    (-,-) 
  core_g245098/Y                    -       B1->Y F     AOI32X1        1  2.8    87    48     848    (-,-) 
  core_g244699/Y                    -       B->Y  R     NOR2X1         1  2.8    53    54     903    (-,-) 
  core_picorv32_latched_is_lh_reg/D -       -     R     DFFHQX1        1    -     -     0     903    (-,-) 
#----------------------------------------------------------------------------------------------------------



Path 43: MET (3048 ps) Setup Check with Pin core_picorv32_latched_is_lb_reg/CK->D
          Group: I2C
     Startpoint: (F) hk_ack_i
          Clock: (R) myclock
       Endpoint: (R) core_picorv32_latched_is_lb_reg/D
          Clock: (R) myclock

                     Capture       Launch     
        Clock Edge:+    4000            0     
        Drv Adjust:+       0            0     
       Src Latency:+       0            0     
       Net Latency:+       0 (I)        0 (I) 
           Arrival:=    4000            0     
                                              
             Setup:-      29                  
       Uncertainty:-      20                  
     Required Time:=    3951                  
      Launch Clock:-       0                  
       Input Delay:-     100                  
         Data Path:-     803                  
             Slack:=    3048                  

Exceptions/Constraints:
  input_delay             100             mgmt_core_wrapper.sd_line_18_196_1 

#----------------------------------------------------------------------------------------------------------
#           Timing Point            Flags   Arc   Edge   Cell     Fanout Load Trans Delay Arrival Instance 
#                                                                        (fF)  (ps)  (ps)   (ps)  Location 
#----------------------------------------------------------------------------------------------------------
  hk_ack_i                          -       -     F     (arrival)      1  2.9    15     0     100    (-,-) 
  core_g139171/Y                    -       A->Y  R     NOR3X1         1  2.7    66    50     150    (-,-) 
  core_g139160/Y                    -       C->Y  F     NAND4BBXL      1  2.7   128    98     248    (-,-) 
  core_g139156/Y                    -       A->Y  F     OR2X1          5  8.7    61    78     326    (-,-) 
  core_g249255/Y                    -       B->Y  R     NAND2X1        1  2.9    34    34     359    (-,-) 
  core_g248922/Y                    -       B->Y  R     OR2X4         33 60.4   111    85     444    (-,-) 
  core_g248691/Y                    -       A->Y  F     INVX1          5  9.1    81    71     515    (-,-) 
  core_g248446/Y                    -       B->Y  R     NOR2X1         2  4.4    72    64     579    (-,-) 
  core_g247064/Y                    -       C0->Y F     AOI211XL       1  2.8    75    45     624    (-,-) 
  core_g246662/Y                    -       B->Y  R     NAND2X1        2  4.6    49    44     668    (-,-) 
  core_g245723/Y                    -       B->Y  F     NAND2X1        4  7.5   107    73     742    (-,-) 
  core_g245550/Y                    -       A->Y  R     INVX1          3  6.2    62    59     801    (-,-) 
  core_g245097/Y                    -       B1->Y F     AOI32X1        1  2.8    87    48     848    (-,-) 
  core_g244698/Y                    -       B->Y  R     NOR2X1         1  2.8    53    54     903    (-,-) 
  core_picorv32_latched_is_lb_reg/D -       -     R     DFFHQX1        1    -     -     0     903    (-,-) 
#----------------------------------------------------------------------------------------------------------



Path 44: MET (3068 ps) Setup Check with Pin core_picorv32_instr_jalr_reg/CK->D
          Group: I2C
     Startpoint: (F) hk_ack_i
          Clock: (R) myclock
       Endpoint: (R) core_picorv32_instr_jalr_reg/D
          Clock: (R) myclock

                     Capture       Launch     
        Clock Edge:+    4000            0     
        Drv Adjust:+       0            0     
       Src Latency:+       0            0     
       Net Latency:+       0 (I)        0 (I) 
           Arrival:=    4000            0     
                                              
             Setup:-      45                  
       Uncertainty:-      20                  
     Required Time:=    3935                  
      Launch Clock:-       0                  
       Input Delay:-     100                  
         Data Path:-     766                  
             Slack:=    3068                  

Exceptions/Constraints:
  input_delay             100             mgmt_core_wrapper.sd_line_18_196_1 

#-------------------------------------------------------------------------------------------------------
#         Timing Point           Flags   Arc   Edge   Cell     Fanout Load Trans Delay Arrival Instance 
#                                                                     (fF)  (ps)  (ps)   (ps)  Location 
#-------------------------------------------------------------------------------------------------------
  hk_ack_i                       -       -     F     (arrival)      1  2.9    15     0     100    (-,-) 
  core_g139171/Y                 -       A->Y  R     NOR3X1         1  2.7    66    50     150    (-,-) 
  core_g139160/Y                 -       C->Y  F     NAND4BBXL      1  2.7   128    98     248    (-,-) 
  core_g139156/Y                 -       A->Y  F     OR2X1          5  8.7    61    78     326    (-,-) 
  core_g249255/Y                 -       B->Y  R     NAND2X1        1  2.9    34    34     359    (-,-) 
  core_g248922/Y                 -       B->Y  R     OR2X4         33 60.4   111    85     444    (-,-) 
  core_g244008/Y                 -       S0->Y R     MX2X1         10 17.1   119   108     552    (-,-) 
  core_g242580/Y                 -       AN->Y R     NOR3BX1        2  4.2    96    88     640    (-,-) 
  core_g242365/Y                 -       A->Y  R     AND2X1         2  4.2    32    54     694    (-,-) 
  core_g251155/Y                 -       AN->Y R     NOR4BX1        1  2.7    91    81     775    (-,-) 
  core_g3/Y                      -       A->Y  F     INVXL          1  2.8    45    51     826    (-,-) 
  core_g242239/Y                 -       B->Y  R     NOR2BX1        1  2.7    46    40     866    (-,-) 
  core_picorv32_instr_jalr_reg/D -       -     R     SDFFQX1        1    -     -     0     866    (-,-) 
#-------------------------------------------------------------------------------------------------------



Path 45: MET (3102 ps) Setup Check with Pin core_picorv32_is_lb_lh_lw_lbu_lhu_reg/CK->SI
          Group: I2C
     Startpoint: (F) hk_ack_i
          Clock: (R) myclock
       Endpoint: (R) core_picorv32_is_lb_lh_lw_lbu_lhu_reg/SI
          Clock: (R) myclock

                     Capture       Launch     
        Clock Edge:+    4000            0     
        Drv Adjust:+       0            0     
       Src Latency:+       0            0     
       Net Latency:+       0 (I)        0 (I) 
           Arrival:=    4000            0     
                                              
             Setup:-      46                  
       Uncertainty:-      20                  
     Required Time:=    3934                  
      Launch Clock:-       0                  
       Input Delay:-     100                  
         Data Path:-     732                  
             Slack:=    3102                  

Exceptions/Constraints:
  input_delay             100             mgmt_core_wrapper.sd_line_18_196_1 

#-----------------------------------------------------------------------------------------------------------------
#              Timing Point                Flags   Arc   Edge   Cell     Fanout Load Trans Delay Arrival Instance 
#                                                                               (fF)  (ps)  (ps)   (ps)  Location 
#-----------------------------------------------------------------------------------------------------------------
  hk_ack_i                                 -       -     F     (arrival)      1  2.9    15     0     100    (-,-) 
  core_g139171/Y                           -       A->Y  R     NOR3X1         1  2.7    66    50     150    (-,-) 
  core_g139160/Y                           -       C->Y  F     NAND4BBXL      1  2.7   128    98     248    (-,-) 
  core_g139156/Y                           -       A->Y  F     OR2X1          5  8.7    61    78     326    (-,-) 
  core_g249255/Y                           -       B->Y  R     NAND2X1        1  2.9    34    34     359    (-,-) 
  core_g248922/Y                           -       B->Y  R     OR2X4         33 60.4   111    85     444    (-,-) 
  core_g244401/Y                           -       S0->Y F     MXI2X1         3  5.9    97    85     529    (-,-) 
  core_g242461/Y                           -       B->Y  R     NOR3BX1        2  4.2   100    87     616    (-,-) 
  core_g242395/Y                           -       A->Y  R     AND2X1         2  4.4    34    56     672    (-,-) 
  core_g242366/Y                           -       AN->Y R     NOR2BX1        2  4.4    70    54     726    (-,-) 
  core_g242306/Y                           -       B->Y  F     NAND2X1        2  4.4    68    59     785    (-,-) 
  core_g242287/Y                           -       B->Y  R     NOR2X1         1  2.7    49    47     832    (-,-) 
  core_picorv32_is_lb_lh_lw_lbu_lhu_reg/SI -       -     R     SDFFQX1        1    -     -     0     832    (-,-) 
#-----------------------------------------------------------------------------------------------------------------



Path 46: MET (3102 ps) Setup Check with Pin core_picorv32_is_sb_sh_sw_reg/CK->SI
          Group: I2C
     Startpoint: (F) hk_ack_i
          Clock: (R) myclock
       Endpoint: (R) core_picorv32_is_sb_sh_sw_reg/SI
          Clock: (R) myclock

                     Capture       Launch     
        Clock Edge:+    4000            0     
        Drv Adjust:+       0            0     
       Src Latency:+       0            0     
       Net Latency:+       0 (I)        0 (I) 
           Arrival:=    4000            0     
                                              
             Setup:-      46                  
       Uncertainty:-      20                  
     Required Time:=    3934                  
      Launch Clock:-       0                  
       Input Delay:-     100                  
         Data Path:-     732                  
             Slack:=    3102                  

Exceptions/Constraints:
  input_delay             100             mgmt_core_wrapper.sd_line_18_196_1 

#---------------------------------------------------------------------------------------------------------
#          Timing Point            Flags   Arc   Edge   Cell     Fanout Load Trans Delay Arrival Instance 
#                                                                       (fF)  (ps)  (ps)   (ps)  Location 
#---------------------------------------------------------------------------------------------------------
  hk_ack_i                         -       -     F     (arrival)      1  2.9    15     0     100    (-,-) 
  core_g139171/Y                   -       A->Y  R     NOR3X1         1  2.7    66    50     150    (-,-) 
  core_g139160/Y                   -       C->Y  F     NAND4BBXL      1  2.7   128    98     248    (-,-) 
  core_g139156/Y                   -       A->Y  F     OR2X1          5  8.7    61    78     326    (-,-) 
  core_g249255/Y                   -       B->Y  R     NAND2X1        1  2.9    34    34     359    (-,-) 
  core_g248922/Y                   -       B->Y  R     OR2X4         33 60.4   111    85     444    (-,-) 
  core_g244401/Y                   -       S0->Y F     MXI2X1         3  5.9    97    85     529    (-,-) 
  core_g242461/Y                   -       B->Y  R     NOR3BX1        2  4.2   100    87     616    (-,-) 
  core_g242395/Y                   -       A->Y  R     AND2X1         2  4.4    34    56     672    (-,-) 
  core_g242366/Y                   -       AN->Y R     NOR2BX1        2  4.4    70    54     726    (-,-) 
  core_g242306/Y                   -       B->Y  F     NAND2X1        2  4.4    68    59     785    (-,-) 
  core_g251153/Y                   -       B->Y  R     NOR2BX1        1  2.7    49    47     832    (-,-) 
  core_picorv32_is_sb_sh_sw_reg/SI -       -     R     SDFFQX1        1    -     -     0     832    (-,-) 
#---------------------------------------------------------------------------------------------------------



Path 47: MET (3109 ps) Setup Check with Pin core_picorv32_cpu_state_reg[3]/CK->D
          Group: I2C
     Startpoint: (F) hk_ack_i
          Clock: (R) myclock
       Endpoint: (R) core_picorv32_cpu_state_reg[3]/D
          Clock: (R) myclock

                     Capture       Launch     
        Clock Edge:+    4000            0     
        Drv Adjust:+       0            0     
       Src Latency:+       0            0     
       Net Latency:+       0 (I)        0 (I) 
           Arrival:=    4000            0     
                                              
             Setup:-      28                  
       Uncertainty:-      20                  
     Required Time:=    3952                  
      Launch Clock:-       0                  
       Input Delay:-     100                  
         Data Path:-     743                  
             Slack:=    3109                  

Exceptions/Constraints:
  input_delay             100             mgmt_core_wrapper.sd_line_18_196_1 

#---------------------------------------------------------------------------------------------------------
#          Timing Point            Flags   Arc   Edge   Cell     Fanout Load Trans Delay Arrival Instance 
#                                                                       (fF)  (ps)  (ps)   (ps)  Location 
#---------------------------------------------------------------------------------------------------------
  hk_ack_i                         -       -     F     (arrival)      1  2.9    15     0     100    (-,-) 
  core_g139171/Y                   -       A->Y  R     NOR3X1         1  2.7    66    50     150    (-,-) 
  core_g139160/Y                   -       C->Y  F     NAND4BBXL      1  2.7   128    98     248    (-,-) 
  core_g139156/Y                   -       A->Y  F     OR2X1          5  8.7    61    78     326    (-,-) 
  core_g249255/Y                   -       B->Y  R     NAND2X1        1  2.9    34    34     359    (-,-) 
  core_g248922/Y                   -       B->Y  R     OR2X4         33 60.4   111    85     444    (-,-) 
  core_g248691/Y                   -       A->Y  F     INVX1          5  9.1    81    71     515    (-,-) 
  core_g248453/Y                   -       B->Y  R     NAND2X1        3  5.8    56    50     566    (-,-) 
  core_g244090/Y                   -       A1->Y F     OAI211X1       1  2.6    69    58     624    (-,-) 
  core_g244009/Y                   -       B->Y  F     OR2X1          4  7.6    54    63     687    (-,-) 
  core_g243763/Y                   -       A->Y  R     INVX1          5  9.6    75    56     742    (-,-) 
  g2/Y                             -       B1->Y F     AOI22X1        1  2.8    71    52     794    (-,-) 
  core_g241986/Y                   -       B->Y  R     NOR2X1         1  2.7    50    48     843    (-,-) 
  core_picorv32_cpu_state_reg[3]/D -       -     R     DFFQX2         1    -     -     0     843    (-,-) 
#---------------------------------------------------------------------------------------------------------



Path 48: MET (3109 ps) Setup Check with Pin core_picorv32_is_beq_bne_blt_bge_bltu_bgeu_reg/CK->D
          Group: I2C
     Startpoint: (F) hk_ack_i
          Clock: (R) myclock
       Endpoint: (R) core_picorv32_is_beq_bne_blt_bge_bltu_bgeu_reg/D
          Clock: (R) myclock

                     Capture       Launch     
        Clock Edge:+    4000            0     
        Drv Adjust:+       0            0     
       Src Latency:+       0            0     
       Net Latency:+       0 (I)        0 (I) 
           Arrival:=    4000            0     
                                              
             Setup:-      34                  
       Uncertainty:-      20                  
     Required Time:=    3946                  
      Launch Clock:-       0                  
       Input Delay:-     100                  
         Data Path:-     737                  
             Slack:=    3109                  

Exceptions/Constraints:
  input_delay             100             mgmt_core_wrapper.sd_line_18_196_1 

#-------------------------------------------------------------------------------------------------------------------------
#                  Timing Point                    Flags   Arc   Edge   Cell     Fanout Load Trans Delay Arrival Instance 
#                                                                                       (fF)  (ps)  (ps)   (ps)  Location 
#-------------------------------------------------------------------------------------------------------------------------
  hk_ack_i                                         -       -     F     (arrival)      1  2.9    15     0     100    (-,-) 
  core_g139171/Y                                   -       A->Y  R     NOR3X1         1  2.7    66    50     150    (-,-) 
  core_g139160/Y                                   -       C->Y  F     NAND4BBXL      1  2.7   128    98     248    (-,-) 
  core_g139156/Y                                   -       A->Y  F     OR2X1          5  8.7    61    78     326    (-,-) 
  core_g249255/Y                                   -       B->Y  R     NAND2X1        1  2.9    34    34     359    (-,-) 
  core_g248922/Y                                   -       B->Y  R     OR2X4         33 60.4   111    85     444    (-,-) 
  core_g248691/Y                                   -       A->Y  F     INVX1          5  9.1    81    71     515    (-,-) 
  core_g248453/Y                                   -       B->Y  R     NAND2X1        3  5.8    56    50     566    (-,-) 
  core_g247892/Y                                   -       B->Y  R     OR2X1          2  5.1    38    41     607    (-,-) 
  core_g246819/Y                                   -       A1->Y R     AO21X4        32 55.6   105   100     707    (-,-) 
  core_g246375/Y                                   -       A->Y  F     INVX2         13 23.0   100    77     784    (-,-) 
  core_g242293/Y                                   -       S0->Y R     MX2X1          1  2.7    22    53     837    (-,-) 
  core_picorv32_is_beq_bne_blt_bge_bltu_bgeu_reg/D -       -     R     DFFTRX2        1    -     -     0     837    (-,-) 
#-------------------------------------------------------------------------------------------------------------------------



Path 49: MET (3110 ps) Setup Check with Pin core_picorv32_cpu_state_reg[7]/CK->D
          Group: I2C
     Startpoint: (F) hk_ack_i
          Clock: (R) myclock
       Endpoint: (R) core_picorv32_cpu_state_reg[7]/D
          Clock: (R) myclock

                     Capture       Launch     
        Clock Edge:+    4000            0     
        Drv Adjust:+       0            0     
       Src Latency:+       0            0     
       Net Latency:+       0 (I)        0 (I) 
           Arrival:=    4000            0     
                                              
             Setup:-      29                  
       Uncertainty:-      20                  
     Required Time:=    3951                  
      Launch Clock:-       0                  
       Input Delay:-     100                  
         Data Path:-     741                  
             Slack:=    3110                  

Exceptions/Constraints:
  input_delay             100             mgmt_core_wrapper.sd_line_18_196_1 

#---------------------------------------------------------------------------------------------------------
#          Timing Point            Flags   Arc   Edge   Cell     Fanout Load Trans Delay Arrival Instance 
#                                                                       (fF)  (ps)  (ps)   (ps)  Location 
#---------------------------------------------------------------------------------------------------------
  hk_ack_i                         -       -     F     (arrival)      1  2.9    15     0     100    (-,-) 
  core_g139171/Y                   -       A->Y  R     NOR3X1         1  2.7    66    50     150    (-,-) 
  core_g139160/Y                   -       C->Y  F     NAND4BBXL      1  2.7   128    98     248    (-,-) 
  core_g139156/Y                   -       A->Y  F     OR2X1          5  8.7    61    78     326    (-,-) 
  core_g249255/Y                   -       B->Y  R     NAND2X1        1  2.9    34    34     359    (-,-) 
  core_g248922/Y                   -       B->Y  R     OR2X4         33 60.4   111    85     444    (-,-) 
  core_g248691/Y                   -       A->Y  F     INVX1          5  9.1    81    71     515    (-,-) 
  core_g248453/Y                   -       B->Y  R     NAND2X1        3  5.8    56    50     566    (-,-) 
  core_g244090/Y                   -       A1->Y F     OAI211X1       1  2.6    69    58     624    (-,-) 
  core_g244009/Y                   -       B->Y  F     OR2X1          4  7.6    54    63     687    (-,-) 
  core_g243763/Y                   -       A->Y  R     INVX1          5  9.6    75    56     742    (-,-) 
  g251215/Y                        -       B1->Y F     AOI22X1        1  2.8    62    52     794    (-,-) 
  core_g242163/Y                   -       B->Y  R     NOR2X1         1  2.8    51    46     841    (-,-) 
  core_picorv32_cpu_state_reg[7]/D -       -     R     DFFHQX1        1    -     -     0     841    (-,-) 
#---------------------------------------------------------------------------------------------------------



Path 50: MET (3111 ps) Setup Check with Pin core_picorv32_cpu_state_reg[0]/CK->D
          Group: I2C
     Startpoint: (F) hk_ack_i
          Clock: (R) myclock
       Endpoint: (R) core_picorv32_cpu_state_reg[0]/D
          Clock: (R) myclock

                     Capture       Launch     
        Clock Edge:+    4000            0     
        Drv Adjust:+       0            0     
       Src Latency:+       0            0     
       Net Latency:+       0 (I)        0 (I) 
           Arrival:=    4000            0     
                                              
             Setup:-      28                  
       Uncertainty:-      20                  
     Required Time:=    3952                  
      Launch Clock:-       0                  
       Input Delay:-     100                  
         Data Path:-     740                  
             Slack:=    3111                  

Exceptions/Constraints:
  input_delay             100             mgmt_core_wrapper.sd_line_18_196_1 

#---------------------------------------------------------------------------------------------------------
#          Timing Point            Flags   Arc   Edge   Cell     Fanout Load Trans Delay Arrival Instance 
#                                                                       (fF)  (ps)  (ps)   (ps)  Location 
#---------------------------------------------------------------------------------------------------------
  hk_ack_i                         -       -     F     (arrival)      1  2.9    15     0     100    (-,-) 
  core_g139171/Y                   -       A->Y  R     NOR3X1         1  2.7    66    50     150    (-,-) 
  core_g139160/Y                   -       C->Y  F     NAND4BBXL      1  2.7   128    98     248    (-,-) 
  core_g139156/Y                   -       A->Y  F     OR2X1          5  8.7    61    78     326    (-,-) 
  core_g249255/Y                   -       B->Y  R     NAND2X1        1  2.9    34    34     359    (-,-) 
  core_g248922/Y                   -       B->Y  R     OR2X4         33 60.4   111    85     444    (-,-) 
  core_g248691/Y                   -       A->Y  F     INVX1          5  9.1    81    71     515    (-,-) 
  core_g248453/Y                   -       B->Y  R     NAND2X1        3  5.8    56    50     566    (-,-) 
  core_g244090/Y                   -       A1->Y F     OAI211X1       1  2.6    69    58     624    (-,-) 
  core_g244009/Y                   -       B->Y  F     OR2X1          4  7.6    54    63     687    (-,-) 
  core_g243763/Y                   -       A->Y  R     INVX1          5  9.6    75    56     742    (-,-) 
  g251214/Y                        -       B1->Y F     AOI22X1        1  2.8    64    52     794    (-,-) 
  core_g242158/Y                   -       B->Y  R     NOR2X1         1  2.7    50    46     840    (-,-) 
  core_picorv32_cpu_state_reg[0]/D -       -     R     DFFQX2         1    -     -     0     840    (-,-) 
#---------------------------------------------------------------------------------------------------------

