============================================================
  Generated by:           Genus(TM) Synthesis Solution 22.13-s093_1
  Generated on:           Apr 13 2026  07:19:57 pm
  Module:                 picorv32
  Operating conditions:   PVT_1P1V_0C 
  Interconnect mode:      global
  Area mode:              physical library
============================================================


Path 1: MET (3289 ps) Late External Delay Assertion at pin mem_la_wstrb[2]
          Group: C2O
     Startpoint: (R) mem_wordsize_reg[1]/CK
          Clock: (R) myclock
       Endpoint: (R) mem_la_wstrb[2]
          Clock: (R) myclock

                     Capture       Launch     
        Clock Edge:+    4000            0     
       Src Latency:+       0            0     
       Net Latency:+       0 (I)        0 (I) 
           Arrival:=    4000            0     
                                              
      Output Delay:-     200                  
       Uncertainty:-      20                  
     Required Time:=    3780                  
      Launch Clock:-       0                  
         Data Path:-     491                  
             Slack:=    3289                  

Exceptions/Constraints:
  output_delay             200             picorv32.sdc_line_24_237_1 

#------------------------------------------------------------------------------------------------
#     Timing Point       Flags    Arc   Edge   Cell     Fanout Load Trans Delay Arrival Instance 
#                                                              (fF)  (ps)  (ps)   (ps)  Location 
#------------------------------------------------------------------------------------------------
  mem_wordsize_reg[1]/CK -       -      R     (arrival)   1850    -     0     0       0    (-,-) 
  mem_wordsize_reg[1]/QN -       CK->QN F     EDFFX2         9 15.4    57    92      92    (-,-) 
  g55735/Y               -       B->Y   R     NOR2X1         5  9.8   137    95     187    (-,-) 
  g55724/Y               -       A->Y   F     INVX1          9 15.4   126   103     289    (-,-) 
  g55641/Y               -       A2->Y  R     OAI31X1        2  4.6   116   105     394    (-,-) 
  g55544/Y               -       B->Y   R     OR2X4          2 53.9   100    96     491    (-,-) 
  mem_la_wstrb[2]        -       -      R     (port)         -    -     -     0     491    (-,-) 
#------------------------------------------------------------------------------------------------



Path 2: MET (3292 ps) Late External Delay Assertion at pin mem_la_addr[2]
          Group: C2O
     Startpoint: (R) latched_branch_reg/CK
          Clock: (R) myclock
       Endpoint: (R) mem_la_addr[2]
          Clock: (R) myclock

                     Capture       Launch     
        Clock Edge:+    4000            0     
       Src Latency:+       0            0     
       Net Latency:+       0 (I)        0 (I) 
           Arrival:=    4000            0     
                                              
      Output Delay:-     200                  
       Uncertainty:-      20                  
     Required Time:=    3780                  
      Launch Clock:-       0                  
         Data Path:-     488                  
             Slack:=    3292                  

Exceptions/Constraints:
  output_delay             200             picorv32.sdc_line_24_201_1 

#----------------------------------------------------------------------------------------------
#     Timing Point      Flags   Arc   Edge   Cell     Fanout Load Trans Delay Arrival Instance 
#                                                            (fF)  (ps)  (ps)   (ps)  Location 
#----------------------------------------------------------------------------------------------
  latched_branch_reg/CK -       -     R     (arrival)   1850    -     0     0       0    (-,-) 
  latched_branch_reg/Q  -       CK->Q R     DFFX4         33 52.5    95   104     104    (-,-) 
  g55738/Y              -       B->Y  F     NAND2X6       33 53.1   147   101     205    (-,-) 
  g55727/Y              -       A->Y  R     INVX1          3  6.2    70    71     276    (-,-) 
  g55720/Y              -       B->Y  R     AND2X4        30 51.4    98    98     374    (-,-) 
  g55536/Y              -       A1->Y R     AO21X4         2 53.9   103   114     488    (-,-) 
  mem_la_addr[2]        -       -     R     (port)         -    -     -     0     488    (-,-) 
#----------------------------------------------------------------------------------------------



Path 3: MET (3292 ps) Late External Delay Assertion at pin mem_la_addr[3]
          Group: C2O
     Startpoint: (R) latched_branch_reg/CK
          Clock: (R) myclock
       Endpoint: (R) mem_la_addr[3]
          Clock: (R) myclock

                     Capture       Launch     
        Clock Edge:+    4000            0     
       Src Latency:+       0            0     
       Net Latency:+       0 (I)        0 (I) 
           Arrival:=    4000            0     
                                              
      Output Delay:-     200                  
       Uncertainty:-      20                  
     Required Time:=    3780                  
      Launch Clock:-       0                  
         Data Path:-     488                  
             Slack:=    3292                  

Exceptions/Constraints:
  output_delay             200             picorv32.sdc_line_24_200_1 

#----------------------------------------------------------------------------------------------
#     Timing Point      Flags   Arc   Edge   Cell     Fanout Load Trans Delay Arrival Instance 
#                                                            (fF)  (ps)  (ps)   (ps)  Location 
#----------------------------------------------------------------------------------------------
  latched_branch_reg/CK -       -     R     (arrival)   1850    -     0     0       0    (-,-) 
  latched_branch_reg/Q  -       CK->Q R     DFFX4         33 52.5    95   104     104    (-,-) 
  g55738/Y              -       B->Y  F     NAND2X6       33 53.1   147   101     205    (-,-) 
  g55727/Y              -       A->Y  R     INVX1          3  6.2    70    71     276    (-,-) 
  g55720/Y              -       B->Y  R     AND2X4        30 51.4    98    98     374    (-,-) 
  g55533/Y              -       A1->Y R     AO21X4         2 53.9   103   114     488    (-,-) 
  mem_la_addr[3]        -       -     R     (port)         -    -     -     0     488    (-,-) 
#----------------------------------------------------------------------------------------------



Path 4: MET (3292 ps) Late External Delay Assertion at pin mem_la_addr[4]
          Group: C2O
     Startpoint: (R) latched_branch_reg/CK
          Clock: (R) myclock
       Endpoint: (R) mem_la_addr[4]
          Clock: (R) myclock

                     Capture       Launch     
        Clock Edge:+    4000            0     
       Src Latency:+       0            0     
       Net Latency:+       0 (I)        0 (I) 
           Arrival:=    4000            0     
                                              
      Output Delay:-     200                  
       Uncertainty:-      20                  
     Required Time:=    3780                  
      Launch Clock:-       0                  
         Data Path:-     488                  
             Slack:=    3292                  

Exceptions/Constraints:
  output_delay             200             picorv32.sdc_line_24_199_1 

#----------------------------------------------------------------------------------------------
#     Timing Point      Flags   Arc   Edge   Cell     Fanout Load Trans Delay Arrival Instance 
#                                                            (fF)  (ps)  (ps)   (ps)  Location 
#----------------------------------------------------------------------------------------------
  latched_branch_reg/CK -       -     R     (arrival)   1850    -     0     0       0    (-,-) 
  latched_branch_reg/Q  -       CK->Q R     DFFX4         33 52.5    95   104     104    (-,-) 
  g55738/Y              -       B->Y  F     NAND2X6       33 53.1   147   101     205    (-,-) 
  g55727/Y              -       A->Y  R     INVX1          3  6.2    70    71     276    (-,-) 
  g55720/Y              -       B->Y  R     AND2X4        30 51.4    98    98     374    (-,-) 
  g55528/Y              -       A1->Y R     AO21X4         2 53.9   103   114     488    (-,-) 
  mem_la_addr[4]        -       -     R     (port)         -    -     -     0     488    (-,-) 
#----------------------------------------------------------------------------------------------



Path 5: MET (3292 ps) Late External Delay Assertion at pin mem_la_addr[5]
          Group: C2O
     Startpoint: (R) latched_branch_reg/CK
          Clock: (R) myclock
       Endpoint: (R) mem_la_addr[5]
          Clock: (R) myclock

                     Capture       Launch     
        Clock Edge:+    4000            0     
       Src Latency:+       0            0     
       Net Latency:+       0 (I)        0 (I) 
           Arrival:=    4000            0     
                                              
      Output Delay:-     200                  
       Uncertainty:-      20                  
     Required Time:=    3780                  
      Launch Clock:-       0                  
         Data Path:-     488                  
             Slack:=    3292                  

Exceptions/Constraints:
  output_delay             200             picorv32.sdc_line_24_198_1 

#----------------------------------------------------------------------------------------------
#     Timing Point      Flags   Arc   Edge   Cell     Fanout Load Trans Delay Arrival Instance 
#                                                            (fF)  (ps)  (ps)   (ps)  Location 
#----------------------------------------------------------------------------------------------
  latched_branch_reg/CK -       -     R     (arrival)   1850    -     0     0       0    (-,-) 
  latched_branch_reg/Q  -       CK->Q R     DFFX4         33 52.5    95   104     104    (-,-) 
  g55738/Y              -       B->Y  F     NAND2X6       33 53.1   147   101     205    (-,-) 
  g55727/Y              -       A->Y  R     INVX1          3  6.2    70    71     276    (-,-) 
  g55720/Y              -       B->Y  R     AND2X4        30 51.4    98    98     374    (-,-) 
  g55524/Y              -       A1->Y R     AO21X4         2 53.9   103   114     488    (-,-) 
  mem_la_addr[5]        -       -     R     (port)         -    -     -     0     488    (-,-) 
#----------------------------------------------------------------------------------------------



Path 6: MET (3292 ps) Late External Delay Assertion at pin mem_la_addr[6]
          Group: C2O
     Startpoint: (R) latched_branch_reg/CK
          Clock: (R) myclock
       Endpoint: (R) mem_la_addr[6]
          Clock: (R) myclock

                     Capture       Launch     
        Clock Edge:+    4000            0     
       Src Latency:+       0            0     
       Net Latency:+       0 (I)        0 (I) 
           Arrival:=    4000            0     
                                              
      Output Delay:-     200                  
       Uncertainty:-      20                  
     Required Time:=    3780                  
      Launch Clock:-       0                  
         Data Path:-     488                  
             Slack:=    3292                  

Exceptions/Constraints:
  output_delay             200             picorv32.sdc_line_24_197_1 

#----------------------------------------------------------------------------------------------
#     Timing Point      Flags   Arc   Edge   Cell     Fanout Load Trans Delay Arrival Instance 
#                                                            (fF)  (ps)  (ps)   (ps)  Location 
#----------------------------------------------------------------------------------------------
  latched_branch_reg/CK -       -     R     (arrival)   1850    -     0     0       0    (-,-) 
  latched_branch_reg/Q  -       CK->Q R     DFFX4         33 52.5    95   104     104    (-,-) 
  g55738/Y              -       B->Y  F     NAND2X6       33 53.1   147   101     205    (-,-) 
  g55727/Y              -       A->Y  R     INVX1          3  6.2    70    71     276    (-,-) 
  g55720/Y              -       B->Y  R     AND2X4        30 51.4    98    98     374    (-,-) 
  g55519/Y              -       A1->Y R     AO21X4         2 53.9   103   114     488    (-,-) 
  mem_la_addr[6]        -       -     R     (port)         -    -     -     0     488    (-,-) 
#----------------------------------------------------------------------------------------------



Path 7: MET (3292 ps) Late External Delay Assertion at pin mem_la_addr[7]
          Group: C2O
     Startpoint: (R) latched_branch_reg/CK
          Clock: (R) myclock
       Endpoint: (R) mem_la_addr[7]
          Clock: (R) myclock

                     Capture       Launch     
        Clock Edge:+    4000            0     
       Src Latency:+       0            0     
       Net Latency:+       0 (I)        0 (I) 
           Arrival:=    4000            0     
                                              
      Output Delay:-     200                  
       Uncertainty:-      20                  
     Required Time:=    3780                  
      Launch Clock:-       0                  
         Data Path:-     488                  
             Slack:=    3292                  

Exceptions/Constraints:
  output_delay             200             picorv32.sdc_line_24_196_1 

#----------------------------------------------------------------------------------------------
#     Timing Point      Flags   Arc   Edge   Cell     Fanout Load Trans Delay Arrival Instance 
#                                                            (fF)  (ps)  (ps)   (ps)  Location 
#----------------------------------------------------------------------------------------------
  latched_branch_reg/CK -       -     R     (arrival)   1850    -     0     0       0    (-,-) 
  latched_branch_reg/Q  -       CK->Q R     DFFX4         33 52.5    95   104     104    (-,-) 
  g55738/Y              -       B->Y  F     NAND2X6       33 53.1   147   101     205    (-,-) 
  g55727/Y              -       A->Y  R     INVX1          3  6.2    70    71     276    (-,-) 
  g55720/Y              -       B->Y  R     AND2X4        30 51.4    98    98     374    (-,-) 
  g55515/Y              -       A1->Y R     AO21X4         2 53.9   103   114     488    (-,-) 
  mem_la_addr[7]        -       -     R     (port)         -    -     -     0     488    (-,-) 
#----------------------------------------------------------------------------------------------



Path 8: MET (3292 ps) Late External Delay Assertion at pin mem_la_addr[8]
          Group: C2O
     Startpoint: (R) latched_branch_reg/CK
          Clock: (R) myclock
       Endpoint: (R) mem_la_addr[8]
          Clock: (R) myclock

                     Capture       Launch     
        Clock Edge:+    4000            0     
       Src Latency:+       0            0     
       Net Latency:+       0 (I)        0 (I) 
           Arrival:=    4000            0     
                                              
      Output Delay:-     200                  
       Uncertainty:-      20                  
     Required Time:=    3780                  
      Launch Clock:-       0                  
         Data Path:-     488                  
             Slack:=    3292                  

Exceptions/Constraints:
  output_delay             200             picorv32.sdc_line_24_195_1 

#----------------------------------------------------------------------------------------------
#     Timing Point      Flags   Arc   Edge   Cell     Fanout Load Trans Delay Arrival Instance 
#                                                            (fF)  (ps)  (ps)   (ps)  Location 
#----------------------------------------------------------------------------------------------
  latched_branch_reg/CK -       -     R     (arrival)   1850    -     0     0       0    (-,-) 
  latched_branch_reg/Q  -       CK->Q R     DFFX4         33 52.5    95   104     104    (-,-) 
  g55738/Y              -       B->Y  F     NAND2X6       33 53.1   147   101     205    (-,-) 
  g55727/Y              -       A->Y  R     INVX1          3  6.2    70    71     276    (-,-) 
  g55720/Y              -       B->Y  R     AND2X4        30 51.4    98    98     374    (-,-) 
  g55512/Y              -       A1->Y R     AO21X4         2 53.9   103   114     488    (-,-) 
  mem_la_addr[8]        -       -     R     (port)         -    -     -     0     488    (-,-) 
#----------------------------------------------------------------------------------------------



Path 9: MET (3292 ps) Late External Delay Assertion at pin mem_la_addr[9]
          Group: C2O
     Startpoint: (R) latched_branch_reg/CK
          Clock: (R) myclock
       Endpoint: (R) mem_la_addr[9]
          Clock: (R) myclock

                     Capture       Launch     
        Clock Edge:+    4000            0     
       Src Latency:+       0            0     
       Net Latency:+       0 (I)        0 (I) 
           Arrival:=    4000            0     
                                              
      Output Delay:-     200                  
       Uncertainty:-      20                  
     Required Time:=    3780                  
      Launch Clock:-       0                  
         Data Path:-     488                  
             Slack:=    3292                  

Exceptions/Constraints:
  output_delay             200             picorv32.sdc_line_24_194_1 

#----------------------------------------------------------------------------------------------
#     Timing Point      Flags   Arc   Edge   Cell     Fanout Load Trans Delay Arrival Instance 
#                                                            (fF)  (ps)  (ps)   (ps)  Location 
#----------------------------------------------------------------------------------------------
  latched_branch_reg/CK -       -     R     (arrival)   1850    -     0     0       0    (-,-) 
  latched_branch_reg/Q  -       CK->Q R     DFFX4         33 52.5    95   104     104    (-,-) 
  g55738/Y              -       B->Y  F     NAND2X6       33 53.1   147   101     205    (-,-) 
  g55727/Y              -       A->Y  R     INVX1          3  6.2    70    71     276    (-,-) 
  g55720/Y              -       B->Y  R     AND2X4        30 51.4    98    98     374    (-,-) 
  g55475/Y              -       A1->Y R     AO21X4         2 53.9   103   114     488    (-,-) 
  mem_la_addr[9]        -       -     R     (port)         -    -     -     0     488    (-,-) 
#----------------------------------------------------------------------------------------------



Path 10: MET (3292 ps) Late External Delay Assertion at pin mem_la_addr[10]
          Group: C2O
     Startpoint: (R) latched_branch_reg/CK
          Clock: (R) myclock
       Endpoint: (R) mem_la_addr[10]
          Clock: (R) myclock

                     Capture       Launch     
        Clock Edge:+    4000            0     
       Src Latency:+       0            0     
       Net Latency:+       0 (I)        0 (I) 
           Arrival:=    4000            0     
                                              
      Output Delay:-     200                  
       Uncertainty:-      20                  
     Required Time:=    3780                  
      Launch Clock:-       0                  
         Data Path:-     488                  
             Slack:=    3292                  

Exceptions/Constraints:
  output_delay             200             picorv32.sdc_line_24_193_1 

#----------------------------------------------------------------------------------------------
#     Timing Point      Flags   Arc   Edge   Cell     Fanout Load Trans Delay Arrival Instance 
#                                                            (fF)  (ps)  (ps)   (ps)  Location 
#----------------------------------------------------------------------------------------------
  latched_branch_reg/CK -       -     R     (arrival)   1850    -     0     0       0    (-,-) 
  latched_branch_reg/Q  -       CK->Q R     DFFX4         33 52.5    95   104     104    (-,-) 
  g55738/Y              -       B->Y  F     NAND2X6       33 53.1   147   101     205    (-,-) 
  g55727/Y              -       A->Y  R     INVX1          3  6.2    70    71     276    (-,-) 
  g55720/Y              -       B->Y  R     AND2X4        30 51.4    98    98     374    (-,-) 
  g55476/Y              -       A1->Y R     AO21X4         2 53.9   103   114     488    (-,-) 
  mem_la_addr[10]       -       -     R     (port)         -    -     -     0     488    (-,-) 
#----------------------------------------------------------------------------------------------



Path 11: MET (3292 ps) Late External Delay Assertion at pin mem_la_addr[11]
          Group: C2O
     Startpoint: (R) latched_branch_reg/CK
          Clock: (R) myclock
       Endpoint: (R) mem_la_addr[11]
          Clock: (R) myclock

                     Capture       Launch     
        Clock Edge:+    4000            0     
       Src Latency:+       0            0     
       Net Latency:+       0 (I)        0 (I) 
           Arrival:=    4000            0     
                                              
      Output Delay:-     200                  
       Uncertainty:-      20                  
     Required Time:=    3780                  
      Launch Clock:-       0                  
         Data Path:-     488                  
             Slack:=    3292                  

Exceptions/Constraints:
  output_delay             200             picorv32.sdc_line_24_192_1 

#----------------------------------------------------------------------------------------------
#     Timing Point      Flags   Arc   Edge   Cell     Fanout Load Trans Delay Arrival Instance 
#                                                            (fF)  (ps)  (ps)   (ps)  Location 
#----------------------------------------------------------------------------------------------
  latched_branch_reg/CK -       -     R     (arrival)   1850    -     0     0       0    (-,-) 
  latched_branch_reg/Q  -       CK->Q R     DFFX4         33 52.5    95   104     104    (-,-) 
  g55738/Y              -       B->Y  F     NAND2X6       33 53.1   147   101     205    (-,-) 
  g55727/Y              -       A->Y  R     INVX1          3  6.2    70    71     276    (-,-) 
  g55720/Y              -       B->Y  R     AND2X4        30 51.4    98    98     374    (-,-) 
  g55477/Y              -       A1->Y R     AO21X4         2 53.9   103   114     488    (-,-) 
  mem_la_addr[11]       -       -     R     (port)         -    -     -     0     488    (-,-) 
#----------------------------------------------------------------------------------------------



Path 12: MET (3292 ps) Late External Delay Assertion at pin mem_la_addr[12]
          Group: C2O
     Startpoint: (R) latched_branch_reg/CK
          Clock: (R) myclock
       Endpoint: (R) mem_la_addr[12]
          Clock: (R) myclock

                     Capture       Launch     
        Clock Edge:+    4000            0     
       Src Latency:+       0            0     
       Net Latency:+       0 (I)        0 (I) 
           Arrival:=    4000            0     
                                              
      Output Delay:-     200                  
       Uncertainty:-      20                  
     Required Time:=    3780                  
      Launch Clock:-       0                  
         Data Path:-     488                  
             Slack:=    3292                  

Exceptions/Constraints:
  output_delay             200             picorv32.sdc_line_24_191_1 

#----------------------------------------------------------------------------------------------
#     Timing Point      Flags   Arc   Edge   Cell     Fanout Load Trans Delay Arrival Instance 
#                                                            (fF)  (ps)  (ps)   (ps)  Location 
#----------------------------------------------------------------------------------------------
  latched_branch_reg/CK -       -     R     (arrival)   1850    -     0     0       0    (-,-) 
  latched_branch_reg/Q  -       CK->Q R     DFFX4         33 52.5    95   104     104    (-,-) 
  g55738/Y              -       B->Y  F     NAND2X6       33 53.1   147   101     205    (-,-) 
  g55727/Y              -       A->Y  R     INVX1          3  6.2    70    71     276    (-,-) 
  g55720/Y              -       B->Y  R     AND2X4        30 51.4    98    98     374    (-,-) 
  g55479/Y              -       A1->Y R     AO21X4         2 53.9   103   114     488    (-,-) 
  mem_la_addr[12]       -       -     R     (port)         -    -     -     0     488    (-,-) 
#----------------------------------------------------------------------------------------------



Path 13: MET (3292 ps) Late External Delay Assertion at pin mem_la_addr[13]
          Group: C2O
     Startpoint: (R) latched_branch_reg/CK
          Clock: (R) myclock
       Endpoint: (R) mem_la_addr[13]
          Clock: (R) myclock

                     Capture       Launch     
        Clock Edge:+    4000            0     
       Src Latency:+       0            0     
       Net Latency:+       0 (I)        0 (I) 
           Arrival:=    4000            0     
                                              
      Output Delay:-     200                  
       Uncertainty:-      20                  
     Required Time:=    3780                  
      Launch Clock:-       0                  
         Data Path:-     488                  
             Slack:=    3292                  

Exceptions/Constraints:
  output_delay             200             picorv32.sdc_line_24_190_1 

#----------------------------------------------------------------------------------------------
#     Timing Point      Flags   Arc   Edge   Cell     Fanout Load Trans Delay Arrival Instance 
#                                                            (fF)  (ps)  (ps)   (ps)  Location 
#----------------------------------------------------------------------------------------------
  latched_branch_reg/CK -       -     R     (arrival)   1850    -     0     0       0    (-,-) 
  latched_branch_reg/Q  -       CK->Q R     DFFX4         33 52.5    95   104     104    (-,-) 
  g55738/Y              -       B->Y  F     NAND2X6       33 53.1   147   101     205    (-,-) 
  g55727/Y              -       A->Y  R     INVX1          3  6.2    70    71     276    (-,-) 
  g55720/Y              -       B->Y  R     AND2X4        30 51.4    98    98     374    (-,-) 
  g55501/Y              -       A1->Y R     AO21X4         2 53.9   103   114     488    (-,-) 
  mem_la_addr[13]       -       -     R     (port)         -    -     -     0     488    (-,-) 
#----------------------------------------------------------------------------------------------



Path 14: MET (3292 ps) Late External Delay Assertion at pin mem_la_addr[14]
          Group: C2O
     Startpoint: (R) latched_branch_reg/CK
          Clock: (R) myclock
       Endpoint: (R) mem_la_addr[14]
          Clock: (R) myclock

                     Capture       Launch     
        Clock Edge:+    4000            0     
       Src Latency:+       0            0     
       Net Latency:+       0 (I)        0 (I) 
           Arrival:=    4000            0     
                                              
      Output Delay:-     200                  
       Uncertainty:-      20                  
     Required Time:=    3780                  
      Launch Clock:-       0                  
         Data Path:-     488                  
             Slack:=    3292                  

Exceptions/Constraints:
  output_delay             200             picorv32.sdc_line_24_189_1 

#----------------------------------------------------------------------------------------------
#     Timing Point      Flags   Arc   Edge   Cell     Fanout Load Trans Delay Arrival Instance 
#                                                            (fF)  (ps)  (ps)   (ps)  Location 
#----------------------------------------------------------------------------------------------
  latched_branch_reg/CK -       -     R     (arrival)   1850    -     0     0       0    (-,-) 
  latched_branch_reg/Q  -       CK->Q R     DFFX4         33 52.5    95   104     104    (-,-) 
  g55738/Y              -       B->Y  F     NAND2X6       33 53.1   147   101     205    (-,-) 
  g55727/Y              -       A->Y  R     INVX1          3  6.2    70    71     276    (-,-) 
  g55720/Y              -       B->Y  R     AND2X4        30 51.4    98    98     374    (-,-) 
  g55498/Y              -       A1->Y R     AO21X4         2 53.9   103   114     488    (-,-) 
  mem_la_addr[14]       -       -     R     (port)         -    -     -     0     488    (-,-) 
#----------------------------------------------------------------------------------------------



Path 15: MET (3292 ps) Late External Delay Assertion at pin mem_la_addr[15]
          Group: C2O
     Startpoint: (R) latched_branch_reg/CK
          Clock: (R) myclock
       Endpoint: (R) mem_la_addr[15]
          Clock: (R) myclock

                     Capture       Launch     
        Clock Edge:+    4000            0     
       Src Latency:+       0            0     
       Net Latency:+       0 (I)        0 (I) 
           Arrival:=    4000            0     
                                              
      Output Delay:-     200                  
       Uncertainty:-      20                  
     Required Time:=    3780                  
      Launch Clock:-       0                  
         Data Path:-     488                  
             Slack:=    3292                  

Exceptions/Constraints:
  output_delay             200             picorv32.sdc_line_24_188_1 

#----------------------------------------------------------------------------------------------
#     Timing Point      Flags   Arc   Edge   Cell     Fanout Load Trans Delay Arrival Instance 
#                                                            (fF)  (ps)  (ps)   (ps)  Location 
#----------------------------------------------------------------------------------------------
  latched_branch_reg/CK -       -     R     (arrival)   1850    -     0     0       0    (-,-) 
  latched_branch_reg/Q  -       CK->Q R     DFFX4         33 52.5    95   104     104    (-,-) 
  g55738/Y              -       B->Y  F     NAND2X6       33 53.1   147   101     205    (-,-) 
  g55727/Y              -       A->Y  R     INVX1          3  6.2    70    71     276    (-,-) 
  g55720/Y              -       B->Y  R     AND2X4        30 51.4    98    98     374    (-,-) 
  g55496/Y              -       A1->Y R     AO21X4         2 53.9   103   114     488    (-,-) 
  mem_la_addr[15]       -       -     R     (port)         -    -     -     0     488    (-,-) 
#----------------------------------------------------------------------------------------------



Path 16: MET (3292 ps) Late External Delay Assertion at pin mem_la_addr[16]
          Group: C2O
     Startpoint: (R) latched_branch_reg/CK
          Clock: (R) myclock
       Endpoint: (R) mem_la_addr[16]
          Clock: (R) myclock

                     Capture       Launch     
        Clock Edge:+    4000            0     
       Src Latency:+       0            0     
       Net Latency:+       0 (I)        0 (I) 
           Arrival:=    4000            0     
                                              
      Output Delay:-     200                  
       Uncertainty:-      20                  
     Required Time:=    3780                  
      Launch Clock:-       0                  
         Data Path:-     488                  
             Slack:=    3292                  

Exceptions/Constraints:
  output_delay             200             picorv32.sdc_line_24_187_1 

#----------------------------------------------------------------------------------------------
#     Timing Point      Flags   Arc   Edge   Cell     Fanout Load Trans Delay Arrival Instance 
#                                                            (fF)  (ps)  (ps)   (ps)  Location 
#----------------------------------------------------------------------------------------------
  latched_branch_reg/CK -       -     R     (arrival)   1850    -     0     0       0    (-,-) 
  latched_branch_reg/Q  -       CK->Q R     DFFX4         33 52.5    95   104     104    (-,-) 
  g55738/Y              -       B->Y  F     NAND2X6       33 53.1   147   101     205    (-,-) 
  g55727/Y              -       A->Y  R     INVX1          3  6.2    70    71     276    (-,-) 
  g55720/Y              -       B->Y  R     AND2X4        30 51.4    98    98     374    (-,-) 
  g55487/Y              -       A1->Y R     AO21X4         2 53.9   103   114     488    (-,-) 
  mem_la_addr[16]       -       -     R     (port)         -    -     -     0     488    (-,-) 
#----------------------------------------------------------------------------------------------



Path 17: MET (3292 ps) Late External Delay Assertion at pin mem_la_addr[17]
          Group: C2O
     Startpoint: (R) latched_branch_reg/CK
          Clock: (R) myclock
       Endpoint: (R) mem_la_addr[17]
          Clock: (R) myclock

                     Capture       Launch     
        Clock Edge:+    4000            0     
       Src Latency:+       0            0     
       Net Latency:+       0 (I)        0 (I) 
           Arrival:=    4000            0     
                                              
      Output Delay:-     200                  
       Uncertainty:-      20                  
     Required Time:=    3780                  
      Launch Clock:-       0                  
         Data Path:-     488                  
             Slack:=    3292                  

Exceptions/Constraints:
  output_delay             200             picorv32.sdc_line_24_186_1 

#----------------------------------------------------------------------------------------------
#     Timing Point      Flags   Arc   Edge   Cell     Fanout Load Trans Delay Arrival Instance 
#                                                            (fF)  (ps)  (ps)   (ps)  Location 
#----------------------------------------------------------------------------------------------
  latched_branch_reg/CK -       -     R     (arrival)   1850    -     0     0       0    (-,-) 
  latched_branch_reg/Q  -       CK->Q R     DFFX4         33 52.5    95   104     104    (-,-) 
  g55738/Y              -       B->Y  F     NAND2X6       33 53.1   147   101     205    (-,-) 
  g55727/Y              -       A->Y  R     INVX1          3  6.2    70    71     276    (-,-) 
  g55720/Y              -       B->Y  R     AND2X4        30 51.4    98    98     374    (-,-) 
  g55481/Y              -       A1->Y R     AO21X4         2 53.9   103   114     488    (-,-) 
  mem_la_addr[17]       -       -     R     (port)         -    -     -     0     488    (-,-) 
#----------------------------------------------------------------------------------------------



Path 18: MET (3292 ps) Late External Delay Assertion at pin mem_la_addr[18]
          Group: C2O
     Startpoint: (R) latched_branch_reg/CK
          Clock: (R) myclock
       Endpoint: (R) mem_la_addr[18]
          Clock: (R) myclock

                     Capture       Launch     
        Clock Edge:+    4000            0     
       Src Latency:+       0            0     
       Net Latency:+       0 (I)        0 (I) 
           Arrival:=    4000            0     
                                              
      Output Delay:-     200                  
       Uncertainty:-      20                  
     Required Time:=    3780                  
      Launch Clock:-       0                  
         Data Path:-     488                  
             Slack:=    3292                  

Exceptions/Constraints:
  output_delay             200             picorv32.sdc_line_24_185_1 

#----------------------------------------------------------------------------------------------
#     Timing Point      Flags   Arc   Edge   Cell     Fanout Load Trans Delay Arrival Instance 
#                                                            (fF)  (ps)  (ps)   (ps)  Location 
#----------------------------------------------------------------------------------------------
  latched_branch_reg/CK -       -     R     (arrival)   1850    -     0     0       0    (-,-) 
  latched_branch_reg/Q  -       CK->Q R     DFFX4         33 52.5    95   104     104    (-,-) 
  g55738/Y              -       B->Y  F     NAND2X6       33 53.1   147   101     205    (-,-) 
  g55727/Y              -       A->Y  R     INVX1          3  6.2    70    71     276    (-,-) 
  g55720/Y              -       B->Y  R     AND2X4        30 51.4    98    98     374    (-,-) 
  g55532/Y              -       A1->Y R     AO21X4         2 53.9   103   114     488    (-,-) 
  mem_la_addr[18]       -       -     R     (port)         -    -     -     0     488    (-,-) 
#----------------------------------------------------------------------------------------------



Path 19: MET (3292 ps) Late External Delay Assertion at pin mem_la_addr[19]
          Group: C2O
     Startpoint: (R) latched_branch_reg/CK
          Clock: (R) myclock
       Endpoint: (R) mem_la_addr[19]
          Clock: (R) myclock

                     Capture       Launch     
        Clock Edge:+    4000            0     
       Src Latency:+       0            0     
       Net Latency:+       0 (I)        0 (I) 
           Arrival:=    4000            0     
                                              
      Output Delay:-     200                  
       Uncertainty:-      20                  
     Required Time:=    3780                  
      Launch Clock:-       0                  
         Data Path:-     488                  
             Slack:=    3292                  

Exceptions/Constraints:
  output_delay             200             picorv32.sdc_line_24_184_1 

#----------------------------------------------------------------------------------------------
#     Timing Point      Flags   Arc   Edge   Cell     Fanout Load Trans Delay Arrival Instance 
#                                                            (fF)  (ps)  (ps)   (ps)  Location 
#----------------------------------------------------------------------------------------------
  latched_branch_reg/CK -       -     R     (arrival)   1850    -     0     0       0    (-,-) 
  latched_branch_reg/Q  -       CK->Q R     DFFX4         33 52.5    95   104     104    (-,-) 
  g55738/Y              -       B->Y  F     NAND2X6       33 53.1   147   101     205    (-,-) 
  g55727/Y              -       A->Y  R     INVX1          3  6.2    70    71     276    (-,-) 
  g55720/Y              -       B->Y  R     AND2X4        30 51.4    98    98     374    (-,-) 
  g55523/Y              -       A1->Y R     AO21X4         2 53.9   103   114     488    (-,-) 
  mem_la_addr[19]       -       -     R     (port)         -    -     -     0     488    (-,-) 
#----------------------------------------------------------------------------------------------



Path 20: MET (3292 ps) Late External Delay Assertion at pin mem_la_addr[20]
          Group: C2O
     Startpoint: (R) latched_branch_reg/CK
          Clock: (R) myclock
       Endpoint: (R) mem_la_addr[20]
          Clock: (R) myclock

                     Capture       Launch     
        Clock Edge:+    4000            0     
       Src Latency:+       0            0     
       Net Latency:+       0 (I)        0 (I) 
           Arrival:=    4000            0     
                                              
      Output Delay:-     200                  
       Uncertainty:-      20                  
     Required Time:=    3780                  
      Launch Clock:-       0                  
         Data Path:-     488                  
             Slack:=    3292                  

Exceptions/Constraints:
  output_delay             200             picorv32.sdc_line_24_183_1 

#----------------------------------------------------------------------------------------------
#     Timing Point      Flags   Arc   Edge   Cell     Fanout Load Trans Delay Arrival Instance 
#                                                            (fF)  (ps)  (ps)   (ps)  Location 
#----------------------------------------------------------------------------------------------
  latched_branch_reg/CK -       -     R     (arrival)   1850    -     0     0       0    (-,-) 
  latched_branch_reg/Q  -       CK->Q R     DFFX4         33 52.5    95   104     104    (-,-) 
  g55738/Y              -       B->Y  F     NAND2X6       33 53.1   147   101     205    (-,-) 
  g55727/Y              -       A->Y  R     INVX1          3  6.2    70    71     276    (-,-) 
  g55720/Y              -       B->Y  R     AND2X4        30 51.4    98    98     374    (-,-) 
  g55514/Y              -       A1->Y R     AO21X4         2 53.9   103   114     488    (-,-) 
  mem_la_addr[20]       -       -     R     (port)         -    -     -     0     488    (-,-) 
#----------------------------------------------------------------------------------------------



Path 21: MET (3292 ps) Late External Delay Assertion at pin mem_la_addr[21]
          Group: C2O
     Startpoint: (R) latched_branch_reg/CK
          Clock: (R) myclock
       Endpoint: (R) mem_la_addr[21]
          Clock: (R) myclock

                     Capture       Launch     
        Clock Edge:+    4000            0     
       Src Latency:+       0            0     
       Net Latency:+       0 (I)        0 (I) 
           Arrival:=    4000            0     
                                              
      Output Delay:-     200                  
       Uncertainty:-      20                  
     Required Time:=    3780                  
      Launch Clock:-       0                  
         Data Path:-     488                  
             Slack:=    3292                  

Exceptions/Constraints:
  output_delay             200             picorv32.sdc_line_24_182_1 

#----------------------------------------------------------------------------------------------
#     Timing Point      Flags   Arc   Edge   Cell     Fanout Load Trans Delay Arrival Instance 
#                                                            (fF)  (ps)  (ps)   (ps)  Location 
#----------------------------------------------------------------------------------------------
  latched_branch_reg/CK -       -     R     (arrival)   1850    -     0     0       0    (-,-) 
  latched_branch_reg/Q  -       CK->Q R     DFFX4         33 52.5    95   104     104    (-,-) 
  g55738/Y              -       B->Y  F     NAND2X6       33 53.1   147   101     205    (-,-) 
  g55727/Y              -       A->Y  R     INVX1          3  6.2    70    71     276    (-,-) 
  g55720/Y              -       B->Y  R     AND2X4        30 51.4    98    98     374    (-,-) 
  g55507/Y              -       A1->Y R     AO21X4         2 53.9   103   114     488    (-,-) 
  mem_la_addr[21]       -       -     R     (port)         -    -     -     0     488    (-,-) 
#----------------------------------------------------------------------------------------------



Path 22: MET (3292 ps) Late External Delay Assertion at pin mem_la_addr[22]
          Group: C2O
     Startpoint: (R) latched_branch_reg/CK
          Clock: (R) myclock
       Endpoint: (R) mem_la_addr[22]
          Clock: (R) myclock

                     Capture       Launch     
        Clock Edge:+    4000            0     
       Src Latency:+       0            0     
       Net Latency:+       0 (I)        0 (I) 
           Arrival:=    4000            0     
                                              
      Output Delay:-     200                  
       Uncertainty:-      20                  
     Required Time:=    3780                  
      Launch Clock:-       0                  
         Data Path:-     488                  
             Slack:=    3292                  

Exceptions/Constraints:
  output_delay             200             picorv32.sdc_line_24_181_1 

#----------------------------------------------------------------------------------------------
#     Timing Point      Flags   Arc   Edge   Cell     Fanout Load Trans Delay Arrival Instance 
#                                                            (fF)  (ps)  (ps)   (ps)  Location 
#----------------------------------------------------------------------------------------------
  latched_branch_reg/CK -       -     R     (arrival)   1850    -     0     0       0    (-,-) 
  latched_branch_reg/Q  -       CK->Q R     DFFX4         33 52.5    95   104     104    (-,-) 
  g55738/Y              -       B->Y  F     NAND2X6       33 53.1   147   101     205    (-,-) 
  g55727/Y              -       A->Y  R     INVX1          3  6.2    70    71     276    (-,-) 
  g55720/Y              -       B->Y  R     AND2X4        30 51.4    98    98     374    (-,-) 
  g55478/Y              -       A1->Y R     AO21X4         2 53.9   103   114     488    (-,-) 
  mem_la_addr[22]       -       -     R     (port)         -    -     -     0     488    (-,-) 
#----------------------------------------------------------------------------------------------



Path 23: MET (3292 ps) Late External Delay Assertion at pin mem_la_addr[23]
          Group: C2O
     Startpoint: (R) latched_branch_reg/CK
          Clock: (R) myclock
       Endpoint: (R) mem_la_addr[23]
          Clock: (R) myclock

                     Capture       Launch     
        Clock Edge:+    4000            0     
       Src Latency:+       0            0     
       Net Latency:+       0 (I)        0 (I) 
           Arrival:=    4000            0     
                                              
      Output Delay:-     200                  
       Uncertainty:-      20                  
     Required Time:=    3780                  
      Launch Clock:-       0                  
         Data Path:-     488                  
             Slack:=    3292                  

Exceptions/Constraints:
  output_delay             200             picorv32.sdc_line_24_180_1 

#----------------------------------------------------------------------------------------------
#     Timing Point      Flags   Arc   Edge   Cell     Fanout Load Trans Delay Arrival Instance 
#                                                            (fF)  (ps)  (ps)   (ps)  Location 
#----------------------------------------------------------------------------------------------
  latched_branch_reg/CK -       -     R     (arrival)   1850    -     0     0       0    (-,-) 
  latched_branch_reg/Q  -       CK->Q R     DFFX4         33 52.5    95   104     104    (-,-) 
  g55738/Y              -       B->Y  F     NAND2X6       33 53.1   147   101     205    (-,-) 
  g55727/Y              -       A->Y  R     INVX1          3  6.2    70    71     276    (-,-) 
  g55720/Y              -       B->Y  R     AND2X4        30 51.4    98    98     374    (-,-) 
  g55500/Y              -       A1->Y R     AO21X4         2 53.9   103   114     488    (-,-) 
  mem_la_addr[23]       -       -     R     (port)         -    -     -     0     488    (-,-) 
#----------------------------------------------------------------------------------------------



Path 24: MET (3292 ps) Late External Delay Assertion at pin mem_la_addr[24]
          Group: C2O
     Startpoint: (R) latched_branch_reg/CK
          Clock: (R) myclock
       Endpoint: (R) mem_la_addr[24]
          Clock: (R) myclock

                     Capture       Launch     
        Clock Edge:+    4000            0     
       Src Latency:+       0            0     
       Net Latency:+       0 (I)        0 (I) 
           Arrival:=    4000            0     
                                              
      Output Delay:-     200                  
       Uncertainty:-      20                  
     Required Time:=    3780                  
      Launch Clock:-       0                  
         Data Path:-     488                  
             Slack:=    3292                  

Exceptions/Constraints:
  output_delay             200             picorv32.sdc_line_24_179_1 

#----------------------------------------------------------------------------------------------
#     Timing Point      Flags   Arc   Edge   Cell     Fanout Load Trans Delay Arrival Instance 
#                                                            (fF)  (ps)  (ps)   (ps)  Location 
#----------------------------------------------------------------------------------------------
  latched_branch_reg/CK -       -     R     (arrival)   1850    -     0     0       0    (-,-) 
  latched_branch_reg/Q  -       CK->Q R     DFFX4         33 52.5    95   104     104    (-,-) 
  g55738/Y              -       B->Y  F     NAND2X6       33 53.1   147   101     205    (-,-) 
  g55727/Y              -       A->Y  R     INVX1          3  6.2    70    71     276    (-,-) 
  g55720/Y              -       B->Y  R     AND2X4        30 51.4    98    98     374    (-,-) 
  g55497/Y              -       A1->Y R     AO21X4         2 53.9   103   114     488    (-,-) 
  mem_la_addr[24]       -       -     R     (port)         -    -     -     0     488    (-,-) 
#----------------------------------------------------------------------------------------------



Path 25: MET (3292 ps) Late External Delay Assertion at pin mem_la_addr[25]
          Group: C2O
     Startpoint: (R) latched_branch_reg/CK
          Clock: (R) myclock
       Endpoint: (R) mem_la_addr[25]
          Clock: (R) myclock

                     Capture       Launch     
        Clock Edge:+    4000            0     
       Src Latency:+       0            0     
       Net Latency:+       0 (I)        0 (I) 
           Arrival:=    4000            0     
                                              
      Output Delay:-     200                  
       Uncertainty:-      20                  
     Required Time:=    3780                  
      Launch Clock:-       0                  
         Data Path:-     488                  
             Slack:=    3292                  

Exceptions/Constraints:
  output_delay             200             picorv32.sdc_line_24_178_1 

#----------------------------------------------------------------------------------------------
#     Timing Point      Flags   Arc   Edge   Cell     Fanout Load Trans Delay Arrival Instance 
#                                                            (fF)  (ps)  (ps)   (ps)  Location 
#----------------------------------------------------------------------------------------------
  latched_branch_reg/CK -       -     R     (arrival)   1850    -     0     0       0    (-,-) 
  latched_branch_reg/Q  -       CK->Q R     DFFX4         33 52.5    95   104     104    (-,-) 
  g55738/Y              -       B->Y  F     NAND2X6       33 53.1   147   101     205    (-,-) 
  g55727/Y              -       A->Y  R     INVX1          3  6.2    70    71     276    (-,-) 
  g55720/Y              -       B->Y  R     AND2X4        30 51.4    98    98     374    (-,-) 
  g55495/Y              -       A1->Y R     AO21X4         2 53.9   103   114     488    (-,-) 
  mem_la_addr[25]       -       -     R     (port)         -    -     -     0     488    (-,-) 
#----------------------------------------------------------------------------------------------



Path 26: MET (3292 ps) Late External Delay Assertion at pin mem_la_addr[26]
          Group: C2O
     Startpoint: (R) latched_branch_reg/CK
          Clock: (R) myclock
       Endpoint: (R) mem_la_addr[26]
          Clock: (R) myclock

                     Capture       Launch     
        Clock Edge:+    4000            0     
       Src Latency:+       0            0     
       Net Latency:+       0 (I)        0 (I) 
           Arrival:=    4000            0     
                                              
      Output Delay:-     200                  
       Uncertainty:-      20                  
     Required Time:=    3780                  
      Launch Clock:-       0                  
         Data Path:-     488                  
             Slack:=    3292                  

Exceptions/Constraints:
  output_delay             200             picorv32.sdc_line_24_177_1 

#----------------------------------------------------------------------------------------------
#     Timing Point      Flags   Arc   Edge   Cell     Fanout Load Trans Delay Arrival Instance 
#                                                            (fF)  (ps)  (ps)   (ps)  Location 
#----------------------------------------------------------------------------------------------
  latched_branch_reg/CK -       -     R     (arrival)   1850    -     0     0       0    (-,-) 
  latched_branch_reg/Q  -       CK->Q R     DFFX4         33 52.5    95   104     104    (-,-) 
  g55738/Y              -       B->Y  F     NAND2X6       33 53.1   147   101     205    (-,-) 
  g55727/Y              -       A->Y  R     INVX1          3  6.2    70    71     276    (-,-) 
  g55720/Y              -       B->Y  R     AND2X4        30 51.4    98    98     374    (-,-) 
  g55522/Y              -       A1->Y R     AO21X4         2 53.9   103   114     488    (-,-) 
  mem_la_addr[26]       -       -     R     (port)         -    -     -     0     488    (-,-) 
#----------------------------------------------------------------------------------------------



Path 27: MET (3292 ps) Late External Delay Assertion at pin mem_la_addr[27]
          Group: C2O
     Startpoint: (R) latched_branch_reg/CK
          Clock: (R) myclock
       Endpoint: (R) mem_la_addr[27]
          Clock: (R) myclock

                     Capture       Launch     
        Clock Edge:+    4000            0     
       Src Latency:+       0            0     
       Net Latency:+       0 (I)        0 (I) 
           Arrival:=    4000            0     
                                              
      Output Delay:-     200                  
       Uncertainty:-      20                  
     Required Time:=    3780                  
      Launch Clock:-       0                  
         Data Path:-     488                  
             Slack:=    3292                  

Exceptions/Constraints:
  output_delay             200             picorv32.sdc_line_24_176_1 

#----------------------------------------------------------------------------------------------
#     Timing Point      Flags   Arc   Edge   Cell     Fanout Load Trans Delay Arrival Instance 
#                                                            (fF)  (ps)  (ps)   (ps)  Location 
#----------------------------------------------------------------------------------------------
  latched_branch_reg/CK -       -     R     (arrival)   1850    -     0     0       0    (-,-) 
  latched_branch_reg/Q  -       CK->Q R     DFFX4         33 52.5    95   104     104    (-,-) 
  g55738/Y              -       B->Y  F     NAND2X6       33 53.1   147   101     205    (-,-) 
  g55727/Y              -       A->Y  R     INVX1          3  6.2    70    71     276    (-,-) 
  g55720/Y              -       B->Y  R     AND2X4        30 51.4    98    98     374    (-,-) 
  g55510/Y              -       A1->Y R     AO21X4         2 53.9   103   114     488    (-,-) 
  mem_la_addr[27]       -       -     R     (port)         -    -     -     0     488    (-,-) 
#----------------------------------------------------------------------------------------------



Path 28: MET (3292 ps) Late External Delay Assertion at pin mem_la_addr[28]
          Group: C2O
     Startpoint: (R) latched_branch_reg/CK
          Clock: (R) myclock
       Endpoint: (R) mem_la_addr[28]
          Clock: (R) myclock

                     Capture       Launch     
        Clock Edge:+    4000            0     
       Src Latency:+       0            0     
       Net Latency:+       0 (I)        0 (I) 
           Arrival:=    4000            0     
                                              
      Output Delay:-     200                  
       Uncertainty:-      20                  
     Required Time:=    3780                  
      Launch Clock:-       0                  
         Data Path:-     488                  
             Slack:=    3292                  

Exceptions/Constraints:
  output_delay             200             picorv32.sdc_line_24_175_1 

#----------------------------------------------------------------------------------------------
#     Timing Point      Flags   Arc   Edge   Cell     Fanout Load Trans Delay Arrival Instance 
#                                                            (fF)  (ps)  (ps)   (ps)  Location 
#----------------------------------------------------------------------------------------------
  latched_branch_reg/CK -       -     R     (arrival)   1850    -     0     0       0    (-,-) 
  latched_branch_reg/Q  -       CK->Q R     DFFX4         33 52.5    95   104     104    (-,-) 
  g55738/Y              -       B->Y  F     NAND2X6       33 53.1   147   101     205    (-,-) 
  g55727/Y              -       A->Y  R     INVX1          3  6.2    70    71     276    (-,-) 
  g55720/Y              -       B->Y  R     AND2X4        30 51.4    98    98     374    (-,-) 
  g55499/Y              -       A1->Y R     AO21X4         2 53.9   103   114     488    (-,-) 
  mem_la_addr[28]       -       -     R     (port)         -    -     -     0     488    (-,-) 
#----------------------------------------------------------------------------------------------



Path 29: MET (3292 ps) Late External Delay Assertion at pin mem_la_addr[29]
          Group: C2O
     Startpoint: (R) latched_branch_reg/CK
          Clock: (R) myclock
       Endpoint: (R) mem_la_addr[29]
          Clock: (R) myclock

                     Capture       Launch     
        Clock Edge:+    4000            0     
       Src Latency:+       0            0     
       Net Latency:+       0 (I)        0 (I) 
           Arrival:=    4000            0     
                                              
      Output Delay:-     200                  
       Uncertainty:-      20                  
     Required Time:=    3780                  
      Launch Clock:-       0                  
         Data Path:-     488                  
             Slack:=    3292                  

Exceptions/Constraints:
  output_delay             200             picorv32.sdc_line_24_174_1 

#----------------------------------------------------------------------------------------------
#     Timing Point      Flags   Arc   Edge   Cell     Fanout Load Trans Delay Arrival Instance 
#                                                            (fF)  (ps)  (ps)   (ps)  Location 
#----------------------------------------------------------------------------------------------
  latched_branch_reg/CK -       -     R     (arrival)   1850    -     0     0       0    (-,-) 
  latched_branch_reg/Q  -       CK->Q R     DFFX4         33 52.5    95   104     104    (-,-) 
  g55738/Y              -       B->Y  F     NAND2X6       33 53.1   147   101     205    (-,-) 
  g55727/Y              -       A->Y  R     INVX1          3  6.2    70    71     276    (-,-) 
  g55720/Y              -       B->Y  R     AND2X4        30 51.4    98    98     374    (-,-) 
  g55494/Y              -       A1->Y R     AO21X4         2 53.9   103   114     488    (-,-) 
  mem_la_addr[29]       -       -     R     (port)         -    -     -     0     488    (-,-) 
#----------------------------------------------------------------------------------------------



Path 30: MET (3292 ps) Late External Delay Assertion at pin mem_la_addr[30]
          Group: C2O
     Startpoint: (R) latched_branch_reg/CK
          Clock: (R) myclock
       Endpoint: (R) mem_la_addr[30]
          Clock: (R) myclock

                     Capture       Launch     
        Clock Edge:+    4000            0     
       Src Latency:+       0            0     
       Net Latency:+       0 (I)        0 (I) 
           Arrival:=    4000            0     
                                              
      Output Delay:-     200                  
       Uncertainty:-      20                  
     Required Time:=    3780                  
      Launch Clock:-       0                  
         Data Path:-     488                  
             Slack:=    3292                  

Exceptions/Constraints:
  output_delay             200             picorv32.sdc_line_24_173_1 

#----------------------------------------------------------------------------------------------
#     Timing Point      Flags   Arc   Edge   Cell     Fanout Load Trans Delay Arrival Instance 
#                                                            (fF)  (ps)  (ps)   (ps)  Location 
#----------------------------------------------------------------------------------------------
  latched_branch_reg/CK -       -     R     (arrival)   1850    -     0     0       0    (-,-) 
  latched_branch_reg/Q  -       CK->Q R     DFFX4         33 52.5    95   104     104    (-,-) 
  g55738/Y              -       B->Y  F     NAND2X6       33 53.1   147   101     205    (-,-) 
  g55727/Y              -       A->Y  R     INVX1          3  6.2    70    71     276    (-,-) 
  g55720/Y              -       B->Y  R     AND2X4        30 51.4    98    98     374    (-,-) 
  g55509/Y              -       A1->Y R     AO21X4         2 53.9   103   114     488    (-,-) 
  mem_la_addr[30]       -       -     R     (port)         -    -     -     0     488    (-,-) 
#----------------------------------------------------------------------------------------------



Path 31: MET (3292 ps) Late External Delay Assertion at pin mem_la_addr[31]
          Group: C2O
     Startpoint: (R) latched_branch_reg/CK
          Clock: (R) myclock
       Endpoint: (R) mem_la_addr[31]
          Clock: (R) myclock

                     Capture       Launch     
        Clock Edge:+    4000            0     
       Src Latency:+       0            0     
       Net Latency:+       0 (I)        0 (I) 
           Arrival:=    4000            0     
                                              
      Output Delay:-     200                  
       Uncertainty:-      20                  
     Required Time:=    3780                  
      Launch Clock:-       0                  
         Data Path:-     488                  
             Slack:=    3292                  

Exceptions/Constraints:
  output_delay             200             picorv32.sdc_line_24_172_1 

#----------------------------------------------------------------------------------------------
#     Timing Point      Flags   Arc   Edge   Cell     Fanout Load Trans Delay Arrival Instance 
#                                                            (fF)  (ps)  (ps)   (ps)  Location 
#----------------------------------------------------------------------------------------------
  latched_branch_reg/CK -       -     R     (arrival)   1850    -     0     0       0    (-,-) 
  latched_branch_reg/Q  -       CK->Q R     DFFX4         33 52.5    95   104     104    (-,-) 
  g55738/Y              -       B->Y  F     NAND2X6       33 53.1   147   101     205    (-,-) 
  g55727/Y              -       A->Y  R     INVX1          3  6.2    70    71     276    (-,-) 
  g55720/Y              -       B->Y  R     AND2X4        30 51.4    98    98     374    (-,-) 
  g55508/Y              -       A1->Y R     AO21X4         2 53.9   103   114     488    (-,-) 
  mem_la_addr[31]       -       -     R     (port)         -    -     -     0     488    (-,-) 
#----------------------------------------------------------------------------------------------



Path 32: MET (3320 ps) Late External Delay Assertion at pin mem_la_wdata[8]
          Group: C2O
     Startpoint: (R) mem_wordsize_reg[1]/CK
          Clock: (R) myclock
       Endpoint: (R) mem_la_wdata[8]
          Clock: (R) myclock

                     Capture       Launch     
        Clock Edge:+    4000            0     
       Src Latency:+       0            0     
       Net Latency:+       0 (I)        0 (I) 
           Arrival:=    4000            0     
                                              
      Output Delay:-     200                  
       Uncertainty:-      20                  
     Required Time:=    3780                  
      Launch Clock:-       0                  
         Data Path:-     460                  
             Slack:=    3320                  

Exceptions/Constraints:
  output_delay             200             picorv32.sdc_line_24_227_1 

#------------------------------------------------------------------------------------------------
#     Timing Point       Flags    Arc   Edge   Cell     Fanout Load Trans Delay Arrival Instance 
#                                                              (fF)  (ps)  (ps)   (ps)  Location 
#------------------------------------------------------------------------------------------------
  mem_wordsize_reg[1]/CK -       -      R     (arrival)   1850    -     0     0       0    (-,-) 
  mem_wordsize_reg[1]/QN -       CK->QN F     EDFFX2         9 15.4    57    92      92    (-,-) 
  g55735/Y               -       B->Y   R     NOR2X1         5  9.8   137    95     187    (-,-) 
  g55724/Y               -       A->Y   F     INVX1          9 15.4   126   103     289    (-,-) 
  g55714/Y               -       B->Y   R     NOR2BX1        2  4.6    80    80     369    (-,-) 
  g55648/Y               -       B0->Y  R     AO21X4         2 53.9   103    91     460    (-,-) 
  mem_la_wdata[8]        -       -      R     (port)         -    -     -     0     460    (-,-) 
#------------------------------------------------------------------------------------------------



Path 33: MET (3320 ps) Late External Delay Assertion at pin mem_la_wdata[9]
          Group: C2O
     Startpoint: (R) mem_wordsize_reg[1]/CK
          Clock: (R) myclock
       Endpoint: (R) mem_la_wdata[9]
          Clock: (R) myclock

                     Capture       Launch     
        Clock Edge:+    4000            0     
       Src Latency:+       0            0     
       Net Latency:+       0 (I)        0 (I) 
           Arrival:=    4000            0     
                                              
      Output Delay:-     200                  
       Uncertainty:-      20                  
     Required Time:=    3780                  
      Launch Clock:-       0                  
         Data Path:-     460                  
             Slack:=    3320                  

Exceptions/Constraints:
  output_delay             200             picorv32.sdc_line_24_226_1 

#------------------------------------------------------------------------------------------------
#     Timing Point       Flags    Arc   Edge   Cell     Fanout Load Trans Delay Arrival Instance 
#                                                              (fF)  (ps)  (ps)   (ps)  Location 
#------------------------------------------------------------------------------------------------
  mem_wordsize_reg[1]/CK -       -      R     (arrival)   1850    -     0     0       0    (-,-) 
  mem_wordsize_reg[1]/QN -       CK->QN F     EDFFX2         9 15.4    57    92      92    (-,-) 
  g55735/Y               -       B->Y   R     NOR2X1         5  9.8   137    95     187    (-,-) 
  g55724/Y               -       A->Y   F     INVX1          9 15.4   126   103     289    (-,-) 
  g55710/Y               -       B->Y   R     NOR2BX1        2  4.6    80    80     369    (-,-) 
  g55647/Y               -       B0->Y  R     AO21X4         2 53.9   103    91     460    (-,-) 
  mem_la_wdata[9]        -       -      R     (port)         -    -     -     0     460    (-,-) 
#------------------------------------------------------------------------------------------------



Path 34: MET (3320 ps) Late External Delay Assertion at pin mem_la_wdata[10]
          Group: C2O
     Startpoint: (R) mem_wordsize_reg[1]/CK
          Clock: (R) myclock
       Endpoint: (R) mem_la_wdata[10]
          Clock: (R) myclock

                     Capture       Launch     
        Clock Edge:+    4000            0     
       Src Latency:+       0            0     
       Net Latency:+       0 (I)        0 (I) 
           Arrival:=    4000            0     
                                              
      Output Delay:-     200                  
       Uncertainty:-      20                  
     Required Time:=    3780                  
      Launch Clock:-       0                  
         Data Path:-     460                  
             Slack:=    3320                  

Exceptions/Constraints:
  output_delay             200             picorv32.sdc_line_24_225_1 

#------------------------------------------------------------------------------------------------
#     Timing Point       Flags    Arc   Edge   Cell     Fanout Load Trans Delay Arrival Instance 
#                                                              (fF)  (ps)  (ps)   (ps)  Location 
#------------------------------------------------------------------------------------------------
  mem_wordsize_reg[1]/CK -       -      R     (arrival)   1850    -     0     0       0    (-,-) 
  mem_wordsize_reg[1]/QN -       CK->QN F     EDFFX2         9 15.4    57    92      92    (-,-) 
  g55735/Y               -       B->Y   R     NOR2X1         5  9.8   137    95     187    (-,-) 
  g55724/Y               -       A->Y   F     INVX1          9 15.4   126   103     289    (-,-) 
  g55685/Y               -       B->Y   R     NOR2BX1        2  4.6    80    80     369    (-,-) 
  g55644/Y               -       B0->Y  R     AO21X4         2 53.9   103    91     460    (-,-) 
  mem_la_wdata[10]       -       -      R     (port)         -    -     -     0     460    (-,-) 
#------------------------------------------------------------------------------------------------



Path 35: MET (3320 ps) Late External Delay Assertion at pin mem_la_wdata[11]
          Group: C2O
     Startpoint: (R) mem_wordsize_reg[1]/CK
          Clock: (R) myclock
       Endpoint: (R) mem_la_wdata[11]
          Clock: (R) myclock

                     Capture       Launch     
        Clock Edge:+    4000            0     
       Src Latency:+       0            0     
       Net Latency:+       0 (I)        0 (I) 
           Arrival:=    4000            0     
                                              
      Output Delay:-     200                  
       Uncertainty:-      20                  
     Required Time:=    3780                  
      Launch Clock:-       0                  
         Data Path:-     460                  
             Slack:=    3320                  

Exceptions/Constraints:
  output_delay             200             picorv32.sdc_line_24_224_1 

#------------------------------------------------------------------------------------------------
#     Timing Point       Flags    Arc   Edge   Cell     Fanout Load Trans Delay Arrival Instance 
#                                                              (fF)  (ps)  (ps)   (ps)  Location 
#------------------------------------------------------------------------------------------------
  mem_wordsize_reg[1]/CK -       -      R     (arrival)   1850    -     0     0       0    (-,-) 
  mem_wordsize_reg[1]/QN -       CK->QN F     EDFFX2         9 15.4    57    92      92    (-,-) 
  g55735/Y               -       B->Y   R     NOR2X1         5  9.8   137    95     187    (-,-) 
  g55724/Y               -       A->Y   F     INVX1          9 15.4   126   103     289    (-,-) 
  g55684/Y               -       B->Y   R     NOR2BX1        2  4.6    80    80     369    (-,-) 
  g55646/Y               -       B0->Y  R     AO21X4         2 53.9   103    91     460    (-,-) 
  mem_la_wdata[11]       -       -      R     (port)         -    -     -     0     460    (-,-) 
#------------------------------------------------------------------------------------------------



Path 36: MET (3320 ps) Late External Delay Assertion at pin mem_la_wdata[12]
          Group: C2O
     Startpoint: (R) mem_wordsize_reg[1]/CK
          Clock: (R) myclock
       Endpoint: (R) mem_la_wdata[12]
          Clock: (R) myclock

                     Capture       Launch     
        Clock Edge:+    4000            0     
       Src Latency:+       0            0     
       Net Latency:+       0 (I)        0 (I) 
           Arrival:=    4000            0     
                                              
      Output Delay:-     200                  
       Uncertainty:-      20                  
     Required Time:=    3780                  
      Launch Clock:-       0                  
         Data Path:-     460                  
             Slack:=    3320                  

Exceptions/Constraints:
  output_delay             200             picorv32.sdc_line_24_223_1 

#------------------------------------------------------------------------------------------------
#     Timing Point       Flags    Arc   Edge   Cell     Fanout Load Trans Delay Arrival Instance 
#                                                              (fF)  (ps)  (ps)   (ps)  Location 
#------------------------------------------------------------------------------------------------
  mem_wordsize_reg[1]/CK -       -      R     (arrival)   1850    -     0     0       0    (-,-) 
  mem_wordsize_reg[1]/QN -       CK->QN F     EDFFX2         9 15.4    57    92      92    (-,-) 
  g55735/Y               -       B->Y   R     NOR2X1         5  9.8   137    95     187    (-,-) 
  g55724/Y               -       A->Y   F     INVX1          9 15.4   126   103     289    (-,-) 
  g55681/Y               -       B->Y   R     NOR2BX1        2  4.6    80    80     369    (-,-) 
  g55645/Y               -       B0->Y  R     AO21X4         2 53.9   103    91     460    (-,-) 
  mem_la_wdata[12]       -       -      R     (port)         -    -     -     0     460    (-,-) 
#------------------------------------------------------------------------------------------------



Path 37: MET (3320 ps) Late External Delay Assertion at pin mem_la_wdata[13]
          Group: C2O
     Startpoint: (R) mem_wordsize_reg[1]/CK
          Clock: (R) myclock
       Endpoint: (R) mem_la_wdata[13]
          Clock: (R) myclock

                     Capture       Launch     
        Clock Edge:+    4000            0     
       Src Latency:+       0            0     
       Net Latency:+       0 (I)        0 (I) 
           Arrival:=    4000            0     
                                              
      Output Delay:-     200                  
       Uncertainty:-      20                  
     Required Time:=    3780                  
      Launch Clock:-       0                  
         Data Path:-     460                  
             Slack:=    3320                  

Exceptions/Constraints:
  output_delay             200             picorv32.sdc_line_24_222_1 

#------------------------------------------------------------------------------------------------
#     Timing Point       Flags    Arc   Edge   Cell     Fanout Load Trans Delay Arrival Instance 
#                                                              (fF)  (ps)  (ps)   (ps)  Location 
#------------------------------------------------------------------------------------------------
  mem_wordsize_reg[1]/CK -       -      R     (arrival)   1850    -     0     0       0    (-,-) 
  mem_wordsize_reg[1]/QN -       CK->QN F     EDFFX2         9 15.4    57    92      92    (-,-) 
  g55735/Y               -       B->Y   R     NOR2X1         5  9.8   137    95     187    (-,-) 
  g55724/Y               -       A->Y   F     INVX1          9 15.4   126   103     289    (-,-) 
  g55682/Y               -       B->Y   R     NOR2BX1        2  4.6    80    80     369    (-,-) 
  g55649/Y               -       B0->Y  R     AO21X4         2 53.9   103    91     460    (-,-) 
  mem_la_wdata[13]       -       -      R     (port)         -    -     -     0     460    (-,-) 
#------------------------------------------------------------------------------------------------



Path 38: MET (3320 ps) Late External Delay Assertion at pin mem_la_wdata[14]
          Group: C2O
     Startpoint: (R) mem_wordsize_reg[1]/CK
          Clock: (R) myclock
       Endpoint: (R) mem_la_wdata[14]
          Clock: (R) myclock

                     Capture       Launch     
        Clock Edge:+    4000            0     
       Src Latency:+       0            0     
       Net Latency:+       0 (I)        0 (I) 
           Arrival:=    4000            0     
                                              
      Output Delay:-     200                  
       Uncertainty:-      20                  
     Required Time:=    3780                  
      Launch Clock:-       0                  
         Data Path:-     460                  
             Slack:=    3320                  

Exceptions/Constraints:
  output_delay             200             picorv32.sdc_line_24_221_1 

#------------------------------------------------------------------------------------------------
#     Timing Point       Flags    Arc   Edge   Cell     Fanout Load Trans Delay Arrival Instance 
#                                                              (fF)  (ps)  (ps)   (ps)  Location 
#------------------------------------------------------------------------------------------------
  mem_wordsize_reg[1]/CK -       -      R     (arrival)   1850    -     0     0       0    (-,-) 
  mem_wordsize_reg[1]/QN -       CK->QN F     EDFFX2         9 15.4    57    92      92    (-,-) 
  g55735/Y               -       B->Y   R     NOR2X1         5  9.8   137    95     187    (-,-) 
  g55724/Y               -       A->Y   F     INVX1          9 15.4   126   103     289    (-,-) 
  g55683/Y               -       B->Y   R     NOR2BX1        2  4.6    80    80     369    (-,-) 
  g55633/Y               -       B0->Y  R     AO21X4         2 53.9   103    91     460    (-,-) 
  mem_la_wdata[14]       -       -      R     (port)         -    -     -     0     460    (-,-) 
#------------------------------------------------------------------------------------------------



Path 39: MET (3320 ps) Late External Delay Assertion at pin mem_la_wdata[15]
          Group: C2O
     Startpoint: (R) mem_wordsize_reg[1]/CK
          Clock: (R) myclock
       Endpoint: (R) mem_la_wdata[15]
          Clock: (R) myclock

                     Capture       Launch     
        Clock Edge:+    4000            0     
       Src Latency:+       0            0     
       Net Latency:+       0 (I)        0 (I) 
           Arrival:=    4000            0     
                                              
      Output Delay:-     200                  
       Uncertainty:-      20                  
     Required Time:=    3780                  
      Launch Clock:-       0                  
         Data Path:-     460                  
             Slack:=    3320                  

Exceptions/Constraints:
  output_delay             200             picorv32.sdc_line_24_220_1 

#------------------------------------------------------------------------------------------------
#     Timing Point       Flags    Arc   Edge   Cell     Fanout Load Trans Delay Arrival Instance 
#                                                              (fF)  (ps)  (ps)   (ps)  Location 
#------------------------------------------------------------------------------------------------
  mem_wordsize_reg[1]/CK -       -      R     (arrival)   1850    -     0     0       0    (-,-) 
  mem_wordsize_reg[1]/QN -       CK->QN F     EDFFX2         9 15.4    57    92      92    (-,-) 
  g55735/Y               -       B->Y   R     NOR2X1         5  9.8   137    95     187    (-,-) 
  g55724/Y               -       A->Y   F     INVX1          9 15.4   126   103     289    (-,-) 
  g55680/Y               -       B->Y   R     NOR2BX1        2  4.6    80    80     369    (-,-) 
  g55638/Y               -       B0->Y  R     AO21X4         2 53.9   103    91     460    (-,-) 
  mem_la_wdata[15]       -       -      R     (port)         -    -     -     0     460    (-,-) 
#------------------------------------------------------------------------------------------------



Path 40: MET (3321 ps) Late External Delay Assertion at pin mem_la_wdata[24]
          Group: C2O
     Startpoint: (R) mem_wordsize_reg[1]/CK
          Clock: (R) myclock
       Endpoint: (R) mem_la_wdata[24]
          Clock: (R) myclock

                     Capture       Launch     
        Clock Edge:+    4000            0     
       Src Latency:+       0            0     
       Net Latency:+       0 (I)        0 (I) 
           Arrival:=    4000            0     
                                              
      Output Delay:-     200                  
       Uncertainty:-      20                  
     Required Time:=    3780                  
      Launch Clock:-       0                  
         Data Path:-     459                  
             Slack:=    3321                  

Exceptions/Constraints:
  output_delay             200             picorv32.sdc_line_24_211_1 

#------------------------------------------------------------------------------------------------
#     Timing Point       Flags    Arc   Edge   Cell     Fanout Load Trans Delay Arrival Instance 
#                                                              (fF)  (ps)  (ps)   (ps)  Location 
#------------------------------------------------------------------------------------------------
  mem_wordsize_reg[1]/CK -       -      R     (arrival)   1850    -     0     0       0    (-,-) 
  mem_wordsize_reg[1]/QN -       CK->QN F     EDFFX2         9 15.4    57    92      92    (-,-) 
  g55735/Y               -       B->Y   R     NOR2X1         5  9.8   137    95     187    (-,-) 
  g55724/Y               -       A->Y   F     INVX1          9 15.4   126   103     289    (-,-) 
  g55714/Y               -       B->Y   R     NOR2BX1        2  4.6    80    80     369    (-,-) 
  g55555/Y               -       C->Y   R     OR3X4          2 53.9    99    90     459    (-,-) 
  mem_la_wdata[24]       -       -      R     (port)         -    -     -     0     459    (-,-) 
#------------------------------------------------------------------------------------------------



Path 41: MET (3321 ps) Late External Delay Assertion at pin mem_la_wdata[25]
          Group: C2O
     Startpoint: (R) mem_wordsize_reg[1]/CK
          Clock: (R) myclock
       Endpoint: (R) mem_la_wdata[25]
          Clock: (R) myclock

                     Capture       Launch     
        Clock Edge:+    4000            0     
       Src Latency:+       0            0     
       Net Latency:+       0 (I)        0 (I) 
           Arrival:=    4000            0     
                                              
      Output Delay:-     200                  
       Uncertainty:-      20                  
     Required Time:=    3780                  
      Launch Clock:-       0                  
         Data Path:-     459                  
             Slack:=    3321                  

Exceptions/Constraints:
  output_delay             200             picorv32.sdc_line_24_210_1 

#------------------------------------------------------------------------------------------------
#     Timing Point       Flags    Arc   Edge   Cell     Fanout Load Trans Delay Arrival Instance 
#                                                              (fF)  (ps)  (ps)   (ps)  Location 
#------------------------------------------------------------------------------------------------
  mem_wordsize_reg[1]/CK -       -      R     (arrival)   1850    -     0     0       0    (-,-) 
  mem_wordsize_reg[1]/QN -       CK->QN F     EDFFX2         9 15.4    57    92      92    (-,-) 
  g55735/Y               -       B->Y   R     NOR2X1         5  9.8   137    95     187    (-,-) 
  g55724/Y               -       A->Y   F     INVX1          9 15.4   126   103     289    (-,-) 
  g55710/Y               -       B->Y   R     NOR2BX1        2  4.6    80    80     369    (-,-) 
  g55554/Y               -       C->Y   R     OR3X4          2 53.9    99    90     459    (-,-) 
  mem_la_wdata[25]       -       -      R     (port)         -    -     -     0     459    (-,-) 
#------------------------------------------------------------------------------------------------



Path 42: MET (3321 ps) Late External Delay Assertion at pin mem_la_wdata[26]
          Group: C2O
     Startpoint: (R) mem_wordsize_reg[1]/CK
          Clock: (R) myclock
       Endpoint: (R) mem_la_wdata[26]
          Clock: (R) myclock

                     Capture       Launch     
        Clock Edge:+    4000            0     
       Src Latency:+       0            0     
       Net Latency:+       0 (I)        0 (I) 
           Arrival:=    4000            0     
                                              
      Output Delay:-     200                  
       Uncertainty:-      20                  
     Required Time:=    3780                  
      Launch Clock:-       0                  
         Data Path:-     459                  
             Slack:=    3321                  

Exceptions/Constraints:
  output_delay             200             picorv32.sdc_line_24_209_1 

#------------------------------------------------------------------------------------------------
#     Timing Point       Flags    Arc   Edge   Cell     Fanout Load Trans Delay Arrival Instance 
#                                                              (fF)  (ps)  (ps)   (ps)  Location 
#------------------------------------------------------------------------------------------------
  mem_wordsize_reg[1]/CK -       -      R     (arrival)   1850    -     0     0       0    (-,-) 
  mem_wordsize_reg[1]/QN -       CK->QN F     EDFFX2         9 15.4    57    92      92    (-,-) 
  g55735/Y               -       B->Y   R     NOR2X1         5  9.8   137    95     187    (-,-) 
  g55724/Y               -       A->Y   F     INVX1          9 15.4   126   103     289    (-,-) 
  g55685/Y               -       B->Y   R     NOR2BX1        2  4.6    80    80     369    (-,-) 
  g55553/Y               -       C->Y   R     OR3X4          2 53.9    99    90     459    (-,-) 
  mem_la_wdata[26]       -       -      R     (port)         -    -     -     0     459    (-,-) 
#------------------------------------------------------------------------------------------------



Path 43: MET (3321 ps) Late External Delay Assertion at pin mem_la_wdata[27]
          Group: C2O
     Startpoint: (R) mem_wordsize_reg[1]/CK
          Clock: (R) myclock
       Endpoint: (R) mem_la_wdata[27]
          Clock: (R) myclock

                     Capture       Launch     
        Clock Edge:+    4000            0     
       Src Latency:+       0            0     
       Net Latency:+       0 (I)        0 (I) 
           Arrival:=    4000            0     
                                              
      Output Delay:-     200                  
       Uncertainty:-      20                  
     Required Time:=    3780                  
      Launch Clock:-       0                  
         Data Path:-     459                  
             Slack:=    3321                  

Exceptions/Constraints:
  output_delay             200             picorv32.sdc_line_24_208_1 

#------------------------------------------------------------------------------------------------
#     Timing Point       Flags    Arc   Edge   Cell     Fanout Load Trans Delay Arrival Instance 
#                                                              (fF)  (ps)  (ps)   (ps)  Location 
#------------------------------------------------------------------------------------------------
  mem_wordsize_reg[1]/CK -       -      R     (arrival)   1850    -     0     0       0    (-,-) 
  mem_wordsize_reg[1]/QN -       CK->QN F     EDFFX2         9 15.4    57    92      92    (-,-) 
  g55735/Y               -       B->Y   R     NOR2X1         5  9.8   137    95     187    (-,-) 
  g55724/Y               -       A->Y   F     INVX1          9 15.4   126   103     289    (-,-) 
  g55684/Y               -       B->Y   R     NOR2BX1        2  4.6    80    80     369    (-,-) 
  g55552/Y               -       C->Y   R     OR3X4          2 53.9    99    90     459    (-,-) 
  mem_la_wdata[27]       -       -      R     (port)         -    -     -     0     459    (-,-) 
#------------------------------------------------------------------------------------------------



Path 44: MET (3321 ps) Late External Delay Assertion at pin mem_la_wdata[28]
          Group: C2O
     Startpoint: (R) mem_wordsize_reg[1]/CK
          Clock: (R) myclock
       Endpoint: (R) mem_la_wdata[28]
          Clock: (R) myclock

                     Capture       Launch     
        Clock Edge:+    4000            0     
       Src Latency:+       0            0     
       Net Latency:+       0 (I)        0 (I) 
           Arrival:=    4000            0     
                                              
      Output Delay:-     200                  
       Uncertainty:-      20                  
     Required Time:=    3780                  
      Launch Clock:-       0                  
         Data Path:-     459                  
             Slack:=    3321                  

Exceptions/Constraints:
  output_delay             200             picorv32.sdc_line_24_207_1 

#------------------------------------------------------------------------------------------------
#     Timing Point       Flags    Arc   Edge   Cell     Fanout Load Trans Delay Arrival Instance 
#                                                              (fF)  (ps)  (ps)   (ps)  Location 
#------------------------------------------------------------------------------------------------
  mem_wordsize_reg[1]/CK -       -      R     (arrival)   1850    -     0     0       0    (-,-) 
  mem_wordsize_reg[1]/QN -       CK->QN F     EDFFX2         9 15.4    57    92      92    (-,-) 
  g55735/Y               -       B->Y   R     NOR2X1         5  9.8   137    95     187    (-,-) 
  g55724/Y               -       A->Y   F     INVX1          9 15.4   126   103     289    (-,-) 
  g55681/Y               -       B->Y   R     NOR2BX1        2  4.6    80    80     369    (-,-) 
  g55551/Y               -       C->Y   R     OR3X4          2 53.9    99    90     459    (-,-) 
  mem_la_wdata[28]       -       -      R     (port)         -    -     -     0     459    (-,-) 
#------------------------------------------------------------------------------------------------



Path 45: MET (3321 ps) Late External Delay Assertion at pin mem_la_wdata[29]
          Group: C2O
     Startpoint: (R) mem_wordsize_reg[1]/CK
          Clock: (R) myclock
       Endpoint: (R) mem_la_wdata[29]
          Clock: (R) myclock

                     Capture       Launch     
        Clock Edge:+    4000            0     
       Src Latency:+       0            0     
       Net Latency:+       0 (I)        0 (I) 
           Arrival:=    4000            0     
                                              
      Output Delay:-     200                  
       Uncertainty:-      20                  
     Required Time:=    3780                  
      Launch Clock:-       0                  
         Data Path:-     459                  
             Slack:=    3321                  

Exceptions/Constraints:
  output_delay             200             picorv32.sdc_line_24_206_1 

#------------------------------------------------------------------------------------------------
#     Timing Point       Flags    Arc   Edge   Cell     Fanout Load Trans Delay Arrival Instance 
#                                                              (fF)  (ps)  (ps)   (ps)  Location 
#------------------------------------------------------------------------------------------------
  mem_wordsize_reg[1]/CK -       -      R     (arrival)   1850    -     0     0       0    (-,-) 
  mem_wordsize_reg[1]/QN -       CK->QN F     EDFFX2         9 15.4    57    92      92    (-,-) 
  g55735/Y               -       B->Y   R     NOR2X1         5  9.8   137    95     187    (-,-) 
  g55724/Y               -       A->Y   F     INVX1          9 15.4   126   103     289    (-,-) 
  g55682/Y               -       B->Y   R     NOR2BX1        2  4.6    80    80     369    (-,-) 
  g55550/Y               -       C->Y   R     OR3X4          2 53.9    99    90     459    (-,-) 
  mem_la_wdata[29]       -       -      R     (port)         -    -     -     0     459    (-,-) 
#------------------------------------------------------------------------------------------------



Path 46: MET (3321 ps) Late External Delay Assertion at pin mem_la_wdata[30]
          Group: C2O
     Startpoint: (R) mem_wordsize_reg[1]/CK
          Clock: (R) myclock
       Endpoint: (R) mem_la_wdata[30]
          Clock: (R) myclock

                     Capture       Launch     
        Clock Edge:+    4000            0     
       Src Latency:+       0            0     
       Net Latency:+       0 (I)        0 (I) 
           Arrival:=    4000            0     
                                              
      Output Delay:-     200                  
       Uncertainty:-      20                  
     Required Time:=    3780                  
      Launch Clock:-       0                  
         Data Path:-     459                  
             Slack:=    3321                  

Exceptions/Constraints:
  output_delay             200             picorv32.sdc_line_24_205_1 

#------------------------------------------------------------------------------------------------
#     Timing Point       Flags    Arc   Edge   Cell     Fanout Load Trans Delay Arrival Instance 
#                                                              (fF)  (ps)  (ps)   (ps)  Location 
#------------------------------------------------------------------------------------------------
  mem_wordsize_reg[1]/CK -       -      R     (arrival)   1850    -     0     0       0    (-,-) 
  mem_wordsize_reg[1]/QN -       CK->QN F     EDFFX2         9 15.4    57    92      92    (-,-) 
  g55735/Y               -       B->Y   R     NOR2X1         5  9.8   137    95     187    (-,-) 
  g55724/Y               -       A->Y   F     INVX1          9 15.4   126   103     289    (-,-) 
  g55683/Y               -       B->Y   R     NOR2BX1        2  4.6    80    80     369    (-,-) 
  g55549/Y               -       C->Y   R     OR3X4          2 53.9    99    90     459    (-,-) 
  mem_la_wdata[30]       -       -      R     (port)         -    -     -     0     459    (-,-) 
#------------------------------------------------------------------------------------------------



Path 47: MET (3321 ps) Late External Delay Assertion at pin mem_la_wdata[31]
          Group: C2O
     Startpoint: (R) mem_wordsize_reg[1]/CK
          Clock: (R) myclock
       Endpoint: (R) mem_la_wdata[31]
          Clock: (R) myclock

                     Capture       Launch     
        Clock Edge:+    4000            0     
       Src Latency:+       0            0     
       Net Latency:+       0 (I)        0 (I) 
           Arrival:=    4000            0     
                                              
      Output Delay:-     200                  
       Uncertainty:-      20                  
     Required Time:=    3780                  
      Launch Clock:-       0                  
         Data Path:-     459                  
             Slack:=    3321                  

Exceptions/Constraints:
  output_delay             200             picorv32.sdc_line_24_204_1 

#------------------------------------------------------------------------------------------------
#     Timing Point       Flags    Arc   Edge   Cell     Fanout Load Trans Delay Arrival Instance 
#                                                              (fF)  (ps)  (ps)   (ps)  Location 
#------------------------------------------------------------------------------------------------
  mem_wordsize_reg[1]/CK -       -      R     (arrival)   1850    -     0     0       0    (-,-) 
  mem_wordsize_reg[1]/QN -       CK->QN F     EDFFX2         9 15.4    57    92      92    (-,-) 
  g55735/Y               -       B->Y   R     NOR2X1         5  9.8   137    95     187    (-,-) 
  g55724/Y               -       A->Y   F     INVX1          9 15.4   126   103     289    (-,-) 
  g55680/Y               -       B->Y   R     NOR2BX1        2  4.6    80    80     369    (-,-) 
  g55548/Y               -       C->Y   R     OR3X4          2 53.9    99    90     459    (-,-) 
  mem_la_wdata[31]       -       -      R     (port)         -    -     -     0     459    (-,-) 
#------------------------------------------------------------------------------------------------



Path 48: MET (3335 ps) Late External Delay Assertion at pin mem_la_wstrb[1]
          Group: C2O
     Startpoint: (R) mem_wordsize_reg[1]/CK
          Clock: (R) myclock
       Endpoint: (R) mem_la_wstrb[1]
          Clock: (R) myclock

                     Capture       Launch     
        Clock Edge:+    4000            0     
       Src Latency:+       0            0     
       Net Latency:+       0 (I)        0 (I) 
           Arrival:=    4000            0     
                                              
      Output Delay:-     200                  
       Uncertainty:-      20                  
     Required Time:=    3780                  
      Launch Clock:-       0                  
         Data Path:-     445                  
             Slack:=    3335                  

Exceptions/Constraints:
  output_delay             200             picorv32.sdc_line_24_238_1 

#------------------------------------------------------------------------------------------------
#     Timing Point       Flags    Arc   Edge   Cell     Fanout Load Trans Delay Arrival Instance 
#                                                              (fF)  (ps)  (ps)   (ps)  Location 
#------------------------------------------------------------------------------------------------
  mem_wordsize_reg[1]/CK -       -      R     (arrival)   1850    -     0     0       0    (-,-) 
  mem_wordsize_reg[1]/QN -       CK->QN F     EDFFX2         9 15.4    57    92      92    (-,-) 
  g55735/Y               -       B->Y   R     NOR2X1         5  9.8   137    95     187    (-,-) 
  g55715/Y               -       C->Y   F     NAND3X1        3  5.8   127   113     300    (-,-) 
  g55689/Y               -       A->Y   R     INVX1          2  4.6    55    59     359    (-,-) 
  g55545/Y               -       A->Y   R     OR2X4          2 53.9    99    86     445    (-,-) 
  mem_la_wstrb[1]        -       -      R     (port)         -    -     -     0     445    (-,-) 
#------------------------------------------------------------------------------------------------



Path 49: MET (3350 ps) Late External Delay Assertion at pin mem_la_wdata[16]
          Group: C2O
     Startpoint: (R) mem_wordsize_reg[0]/CK
          Clock: (R) myclock
       Endpoint: (R) mem_la_wdata[16]
          Clock: (R) myclock

                     Capture       Launch     
        Clock Edge:+    4000            0     
       Src Latency:+       0            0     
       Net Latency:+       0 (I)        0 (I) 
           Arrival:=    4000            0     
                                              
      Output Delay:-     200                  
       Uncertainty:-      20                  
     Required Time:=    3780                  
      Launch Clock:-       0                  
         Data Path:-     430                  
             Slack:=    3350                  

Exceptions/Constraints:
  output_delay             200             picorv32.sdc_line_24_219_1 

#-----------------------------------------------------------------------------------------------
#     Timing Point       Flags   Arc   Edge   Cell     Fanout Load Trans Delay Arrival Instance 
#                                                             (fF)  (ps)  (ps)   (ps)  Location 
#-----------------------------------------------------------------------------------------------
  mem_wordsize_reg[0]/CK -       -     R     (arrival)   1850    -     0     0       0    (-,-) 
  mem_wordsize_reg[0]/Q  -       CK->Q R     SDFFQX1        5  9.6    67    76      76    (-,-) 
  g2/Y                   -       B->Y  F     NAND2BX2      11 18.3   134    93     169    (-,-) 
  g55740/Y               -       A->Y  R     INVX1          2  4.2    54    59     228    (-,-) 
  g55718/Y               -       A->Y  R     OR2X1          8 14.6   101    79     307    (-,-) 
  g55594/Y               -       A1->Y R     AO22X4         2 53.9   106   122     430    (-,-) 
  mem_la_wdata[16]       -       -     R     (port)         -    -     -     0     430    (-,-) 
#-----------------------------------------------------------------------------------------------



Path 50: MET (3350 ps) Late External Delay Assertion at pin mem_la_wdata[17]
          Group: C2O
     Startpoint: (R) mem_wordsize_reg[0]/CK
          Clock: (R) myclock
       Endpoint: (R) mem_la_wdata[17]
          Clock: (R) myclock

                     Capture       Launch     
        Clock Edge:+    4000            0     
       Src Latency:+       0            0     
       Net Latency:+       0 (I)        0 (I) 
           Arrival:=    4000            0     
                                              
      Output Delay:-     200                  
       Uncertainty:-      20                  
     Required Time:=    3780                  
      Launch Clock:-       0                  
         Data Path:-     430                  
             Slack:=    3350                  

Exceptions/Constraints:
  output_delay             200             picorv32.sdc_line_24_218_1 

#-----------------------------------------------------------------------------------------------
#     Timing Point       Flags   Arc   Edge   Cell     Fanout Load Trans Delay Arrival Instance 
#                                                             (fF)  (ps)  (ps)   (ps)  Location 
#-----------------------------------------------------------------------------------------------
  mem_wordsize_reg[0]/CK -       -     R     (arrival)   1850    -     0     0       0    (-,-) 
  mem_wordsize_reg[0]/Q  -       CK->Q R     SDFFQX1        5  9.6    67    76      76    (-,-) 
  g2/Y                   -       B->Y  F     NAND2BX2      11 18.3   134    93     169    (-,-) 
  g55740/Y               -       A->Y  R     INVX1          2  4.2    54    59     228    (-,-) 
  g55718/Y               -       A->Y  R     OR2X1          8 14.6   101    79     307    (-,-) 
  g55592/Y               -       A1->Y R     AO22X4         2 53.9   106   122     430    (-,-) 
  mem_la_wdata[17]       -       -     R     (port)         -    -     -     0     430    (-,-) 
#-----------------------------------------------------------------------------------------------

