============================================================
  Generated by:           Genus(TM) Synthesis Solution 22.13-s093_1
  Generated on:           Apr 13 2026  07:19:57 pm
  Module:                 picorv32
  Operating conditions:   PVT_1P1V_0C 
  Interconnect mode:      global
  Area mode:              physical library
============================================================


Path 1: MET (1394 ps) Setup Check with Pin count_instr_reg[63]/CK->D
          Group: C2C
     Startpoint: (R) count_instr_reg[1]/CK
          Clock: (R) myclock
       Endpoint: (R) count_instr_reg[63]/D
          Clock: (R) myclock

                     Capture       Launch     
        Clock Edge:+    4000            0     
       Src Latency:+       0            0     
       Net Latency:+       0 (I)        0 (I) 
           Arrival:=    4000            0     
                                              
             Setup:-      29                  
       Uncertainty:-      20                  
     Required Time:=    3951                  
      Launch Clock:-       0                  
         Data Path:-    2557                  
             Slack:=    1394                  

#------------------------------------------------------------------------------------------------
#      Timing Point       Flags   Arc   Edge   Cell     Fanout Load Trans Delay Arrival Instance 
#                                                              (fF)  (ps)  (ps)   (ps)  Location 
#------------------------------------------------------------------------------------------------
  count_instr_reg[1]/CK   -       -     R     (arrival)   1850    -     0     0       0    (-,-) 
  count_instr_reg[1]/Q    -       CK->Q R     DFFHQX1        3  6.1    44    64      64    (-,-) 
  inc_add_1559_34_g920/CO -       A->CO R     ADDHX1         1  3.2    25    43     107    (-,-) 
  inc_add_1559_34_g919/CO -       B->CO R     ADDHX1         1  3.2    25    38     145    (-,-) 
  inc_add_1559_34_g918/CO -       B->CO R     ADDHX1         1  3.2    25    38     183    (-,-) 
  inc_add_1559_34_g917/CO -       B->CO R     ADDHX1         1  3.2    25    38     221    (-,-) 
  inc_add_1559_34_g916/CO -       B->CO R     ADDHX1         1  3.2    25    38     259    (-,-) 
  inc_add_1559_34_g915/CO -       B->CO R     ADDHX1         1  3.2    25    38     297    (-,-) 
  inc_add_1559_34_g914/CO -       B->CO R     ADDHX1         1  3.2    25    38     335    (-,-) 
  inc_add_1559_34_g913/CO -       B->CO R     ADDHX1         1  3.2    25    38     374    (-,-) 
  inc_add_1559_34_g912/CO -       B->CO R     ADDHX1         1  3.2    25    38     412    (-,-) 
  inc_add_1559_34_g911/CO -       B->CO R     ADDHX1         1  3.2    25    38     450    (-,-) 
  inc_add_1559_34_g910/CO -       B->CO R     ADDHX1         1  3.2    25    38     488    (-,-) 
  inc_add_1559_34_g909/CO -       B->CO R     ADDHX1         1  3.2    25    38     526    (-,-) 
  inc_add_1559_34_g908/CO -       B->CO R     ADDHX1         1  3.2    25    38     564    (-,-) 
  inc_add_1559_34_g907/CO -       B->CO R     ADDHX1         1  3.2    25    38     602    (-,-) 
  inc_add_1559_34_g906/CO -       B->CO R     ADDHX1         1  3.2    25    38     640    (-,-) 
  inc_add_1559_34_g905/CO -       B->CO R     ADDHX1         1  3.2    25    38     678    (-,-) 
  inc_add_1559_34_g904/CO -       B->CO R     ADDHX1         2  4.7    35    44     722    (-,-) 
  inc_add_1559_34_g903/Y  -       C->Y  R     AND3XL         1  3.2    40    54     776    (-,-) 
  inc_add_1559_34_g900/CO -       B->CO R     ADDHX1         1  3.2    25    41     816    (-,-) 
  inc_add_1559_34_g899/CO -       B->CO R     ADDHX1         1  3.2    25    38     854    (-,-) 
  inc_add_1559_34_g898/CO -       B->CO R     ADDHX1         1  3.2    25    38     893    (-,-) 
  inc_add_1559_34_g897/CO -       B->CO R     ADDHX1         1  3.2    25    38     931    (-,-) 
  inc_add_1559_34_g896/CO -       B->CO R     ADDHX1         1  3.2    25    38     969    (-,-) 
  inc_add_1559_34_g895/CO -       B->CO R     ADDHX1         1  3.2    25    38    1007    (-,-) 
  inc_add_1559_34_g894/CO -       B->CO R     ADDHX1         1  3.2    25    38    1045    (-,-) 
  inc_add_1559_34_g893/CO -       B->CO R     ADDHX1         1  3.2    25    38    1083    (-,-) 
  inc_add_1559_34_g892/CO -       B->CO R     ADDHX1         1  3.2    25    38    1121    (-,-) 
  inc_add_1559_34_g891/CO -       B->CO R     ADDHX1         1  3.2    25    38    1159    (-,-) 
  inc_add_1559_34_g890/CO -       B->CO R     ADDHX1         1  3.2    25    38    1197    (-,-) 
  inc_add_1559_34_g889/CO -       B->CO R     ADDHX1         1  3.2    25    38    1236    (-,-) 
  inc_add_1559_34_g888/CO -       B->CO R     ADDHX1         1  3.2    25    38    1274    (-,-) 
  inc_add_1559_34_g887/CO -       B->CO R     ADDHX1         1  3.2    25    38    1312    (-,-) 
  inc_add_1559_34_g886/CO -       B->CO R     ADDHX1         1  3.2    25    38    1350    (-,-) 
  inc_add_1559_34_g885/CO -       B->CO R     ADDHX1         1  3.2    25    38    1388    (-,-) 
  inc_add_1559_34_g884/CO -       B->CO R     ADDHX1         1  3.2    25    38    1426    (-,-) 
  inc_add_1559_34_g883/CO -       B->CO R     ADDHX1         1  3.2    25    38    1464    (-,-) 
  inc_add_1559_34_g882/CO -       B->CO R     ADDHX1         1  3.2    25    38    1502    (-,-) 
  inc_add_1559_34_g881/CO -       B->CO R     ADDHX1         1  3.2    25    38    1540    (-,-) 
  inc_add_1559_34_g880/CO -       B->CO R     ADDHX1         1  3.2    25    38    1578    (-,-) 
  inc_add_1559_34_g879/CO -       B->CO R     ADDHX1         1  3.2    25    38    1616    (-,-) 
  inc_add_1559_34_g878/CO -       B->CO R     ADDHX1         1  3.2    25    38    1655    (-,-) 
  inc_add_1559_34_g877/CO -       B->CO R     ADDHX1         1  3.2    25    38    1693    (-,-) 
  inc_add_1559_34_g876/CO -       B->CO R     ADDHX1         1  3.2    25    38    1731    (-,-) 
  inc_add_1559_34_g875/CO -       B->CO R     ADDHX1         1  3.2    25    38    1769    (-,-) 
  inc_add_1559_34_g874/CO -       B->CO R     ADDHX1         1  3.2    25    38    1807    (-,-) 
  inc_add_1559_34_g873/CO -       B->CO R     ADDHX1         1  3.2    25    38    1845    (-,-) 
  inc_add_1559_34_g872/CO -       B->CO R     ADDHX1         1  3.2    25    38    1883    (-,-) 
  inc_add_1559_34_g871/CO -       B->CO R     ADDHX1         1  3.2    25    38    1921    (-,-) 
  inc_add_1559_34_g870/CO -       B->CO R     ADDHX1         1  3.2    25    38    1959    (-,-) 
  inc_add_1559_34_g869/CO -       B->CO R     ADDHX1         1  3.2    25    38    1998    (-,-) 
  inc_add_1559_34_g868/CO -       B->CO R     ADDHX1         1  3.2    25    38    2036    (-,-) 
  inc_add_1559_34_g867/CO -       B->CO R     ADDHX1         1  3.2    25    38    2074    (-,-) 
  inc_add_1559_34_g866/CO -       B->CO R     ADDHX1         1  3.2    25    38    2112    (-,-) 
  inc_add_1559_34_g865/CO -       B->CO R     ADDHX1         1  3.2    25    38    2150    (-,-) 
  inc_add_1559_34_g864/CO -       B->CO R     ADDHX1         1  3.2    25    38    2188    (-,-) 
  inc_add_1559_34_g863/CO -       B->CO R     ADDHX1         1  3.2    25    38    2226    (-,-) 
  inc_add_1559_34_g862/CO -       B->CO R     ADDHX1         1  3.2    25    38    2264    (-,-) 
  inc_add_1559_34_g861/CO -       B->CO R     ADDHX1         1  3.2    25    38    2302    (-,-) 
  inc_add_1559_34_g860/CO -       B->CO R     ADDHX1         1  3.2    25    38    2340    (-,-) 
  inc_add_1559_34_g859/CO -       B->CO R     ADDHX1         1  3.2    25    38    2378    (-,-) 
  inc_add_1559_34_g858/CO -       B->CO R     ADDHX1         1  3.0    24    37    2416    (-,-) 
  inc_add_1559_34_g857/Y  -       B->Y  R     CLKXOR2X1      1  2.7    22    38    2454    (-,-) 
  g108472/Y               -       A->Y  F     MXI2XL         1  2.8    81    50    2505    (-,-) 
  g107823/Y               -       B->Y  R     NOR2X1         1  2.8    53    52    2557    (-,-) 
  count_instr_reg[63]/D   -       -     R     DFFHQX1        1    -     -     0    2557    (-,-) 
#------------------------------------------------------------------------------------------------



Path 2: MET (1431 ps) Setup Check with Pin count_instr_reg[62]/CK->D
          Group: C2C
     Startpoint: (R) count_instr_reg[1]/CK
          Clock: (R) myclock
       Endpoint: (R) count_instr_reg[62]/D
          Clock: (R) myclock

                     Capture       Launch     
        Clock Edge:+    4000            0     
       Src Latency:+       0            0     
       Net Latency:+       0 (I)        0 (I) 
           Arrival:=    4000            0     
                                              
             Setup:-      29                  
       Uncertainty:-      20                  
     Required Time:=    3951                  
      Launch Clock:-       0                  
         Data Path:-    2520                  
             Slack:=    1431                  

#------------------------------------------------------------------------------------------------
#      Timing Point       Flags   Arc   Edge   Cell     Fanout Load Trans Delay Arrival Instance 
#                                                              (fF)  (ps)  (ps)   (ps)  Location 
#------------------------------------------------------------------------------------------------
  count_instr_reg[1]/CK   -       -     R     (arrival)   1850    -     0     0       0    (-,-) 
  count_instr_reg[1]/Q    -       CK->Q R     DFFHQX1        3  6.1    44    64      64    (-,-) 
  inc_add_1559_34_g920/CO -       A->CO R     ADDHX1         1  3.2    25    43     107    (-,-) 
  inc_add_1559_34_g919/CO -       B->CO R     ADDHX1         1  3.2    25    38     145    (-,-) 
  inc_add_1559_34_g918/CO -       B->CO R     ADDHX1         1  3.2    25    38     183    (-,-) 
  inc_add_1559_34_g917/CO -       B->CO R     ADDHX1         1  3.2    25    38     221    (-,-) 
  inc_add_1559_34_g916/CO -       B->CO R     ADDHX1         1  3.2    25    38     259    (-,-) 
  inc_add_1559_34_g915/CO -       B->CO R     ADDHX1         1  3.2    25    38     297    (-,-) 
  inc_add_1559_34_g914/CO -       B->CO R     ADDHX1         1  3.2    25    38     335    (-,-) 
  inc_add_1559_34_g913/CO -       B->CO R     ADDHX1         1  3.2    25    38     374    (-,-) 
  inc_add_1559_34_g912/CO -       B->CO R     ADDHX1         1  3.2    25    38     412    (-,-) 
  inc_add_1559_34_g911/CO -       B->CO R     ADDHX1         1  3.2    25    38     450    (-,-) 
  inc_add_1559_34_g910/CO -       B->CO R     ADDHX1         1  3.2    25    38     488    (-,-) 
  inc_add_1559_34_g909/CO -       B->CO R     ADDHX1         1  3.2    25    38     526    (-,-) 
  inc_add_1559_34_g908/CO -       B->CO R     ADDHX1         1  3.2    25    38     564    (-,-) 
  inc_add_1559_34_g907/CO -       B->CO R     ADDHX1         1  3.2    25    38     602    (-,-) 
  inc_add_1559_34_g906/CO -       B->CO R     ADDHX1         1  3.2    25    38     640    (-,-) 
  inc_add_1559_34_g905/CO -       B->CO R     ADDHX1         1  3.2    25    38     678    (-,-) 
  inc_add_1559_34_g904/CO -       B->CO R     ADDHX1         2  4.7    35    44     722    (-,-) 
  inc_add_1559_34_g903/Y  -       C->Y  R     AND3XL         1  3.2    40    54     776    (-,-) 
  inc_add_1559_34_g900/CO -       B->CO R     ADDHX1         1  3.2    25    41     816    (-,-) 
  inc_add_1559_34_g899/CO -       B->CO R     ADDHX1         1  3.2    25    38     854    (-,-) 
  inc_add_1559_34_g898/CO -       B->CO R     ADDHX1         1  3.2    25    38     893    (-,-) 
  inc_add_1559_34_g897/CO -       B->CO R     ADDHX1         1  3.2    25    38     931    (-,-) 
  inc_add_1559_34_g896/CO -       B->CO R     ADDHX1         1  3.2    25    38     969    (-,-) 
  inc_add_1559_34_g895/CO -       B->CO R     ADDHX1         1  3.2    25    38    1007    (-,-) 
  inc_add_1559_34_g894/CO -       B->CO R     ADDHX1         1  3.2    25    38    1045    (-,-) 
  inc_add_1559_34_g893/CO -       B->CO R     ADDHX1         1  3.2    25    38    1083    (-,-) 
  inc_add_1559_34_g892/CO -       B->CO R     ADDHX1         1  3.2    25    38    1121    (-,-) 
  inc_add_1559_34_g891/CO -       B->CO R     ADDHX1         1  3.2    25    38    1159    (-,-) 
  inc_add_1559_34_g890/CO -       B->CO R     ADDHX1         1  3.2    25    38    1197    (-,-) 
  inc_add_1559_34_g889/CO -       B->CO R     ADDHX1         1  3.2    25    38    1236    (-,-) 
  inc_add_1559_34_g888/CO -       B->CO R     ADDHX1         1  3.2    25    38    1274    (-,-) 
  inc_add_1559_34_g887/CO -       B->CO R     ADDHX1         1  3.2    25    38    1312    (-,-) 
  inc_add_1559_34_g886/CO -       B->CO R     ADDHX1         1  3.2    25    38    1350    (-,-) 
  inc_add_1559_34_g885/CO -       B->CO R     ADDHX1         1  3.2    25    38    1388    (-,-) 
  inc_add_1559_34_g884/CO -       B->CO R     ADDHX1         1  3.2    25    38    1426    (-,-) 
  inc_add_1559_34_g883/CO -       B->CO R     ADDHX1         1  3.2    25    38    1464    (-,-) 
  inc_add_1559_34_g882/CO -       B->CO R     ADDHX1         1  3.2    25    38    1502    (-,-) 
  inc_add_1559_34_g881/CO -       B->CO R     ADDHX1         1  3.2    25    38    1540    (-,-) 
  inc_add_1559_34_g880/CO -       B->CO R     ADDHX1         1  3.2    25    38    1578    (-,-) 
  inc_add_1559_34_g879/CO -       B->CO R     ADDHX1         1  3.2    25    38    1616    (-,-) 
  inc_add_1559_34_g878/CO -       B->CO R     ADDHX1         1  3.2    25    38    1655    (-,-) 
  inc_add_1559_34_g877/CO -       B->CO R     ADDHX1         1  3.2    25    38    1693    (-,-) 
  inc_add_1559_34_g876/CO -       B->CO R     ADDHX1         1  3.2    25    38    1731    (-,-) 
  inc_add_1559_34_g875/CO -       B->CO R     ADDHX1         1  3.2    25    38    1769    (-,-) 
  inc_add_1559_34_g874/CO -       B->CO R     ADDHX1         1  3.2    25    38    1807    (-,-) 
  inc_add_1559_34_g873/CO -       B->CO R     ADDHX1         1  3.2    25    38    1845    (-,-) 
  inc_add_1559_34_g872/CO -       B->CO R     ADDHX1         1  3.2    25    38    1883    (-,-) 
  inc_add_1559_34_g871/CO -       B->CO R     ADDHX1         1  3.2    25    38    1921    (-,-) 
  inc_add_1559_34_g870/CO -       B->CO R     ADDHX1         1  3.2    25    38    1959    (-,-) 
  inc_add_1559_34_g869/CO -       B->CO R     ADDHX1         1  3.2    25    38    1998    (-,-) 
  inc_add_1559_34_g868/CO -       B->CO R     ADDHX1         1  3.2    25    38    2036    (-,-) 
  inc_add_1559_34_g867/CO -       B->CO R     ADDHX1         1  3.2    25    38    2074    (-,-) 
  inc_add_1559_34_g866/CO -       B->CO R     ADDHX1         1  3.2    25    38    2112    (-,-) 
  inc_add_1559_34_g865/CO -       B->CO R     ADDHX1         1  3.2    25    38    2150    (-,-) 
  inc_add_1559_34_g864/CO -       B->CO R     ADDHX1         1  3.2    25    38    2188    (-,-) 
  inc_add_1559_34_g863/CO -       B->CO R     ADDHX1         1  3.2    25    38    2226    (-,-) 
  inc_add_1559_34_g862/CO -       B->CO R     ADDHX1         1  3.2    25    38    2264    (-,-) 
  inc_add_1559_34_g861/CO -       B->CO R     ADDHX1         1  3.2    25    38    2302    (-,-) 
  inc_add_1559_34_g860/CO -       B->CO R     ADDHX1         1  3.2    25    38    2340    (-,-) 
  inc_add_1559_34_g859/CO -       B->CO R     ADDHX1         1  3.2    25    38    2378    (-,-) 
  inc_add_1559_34_g858/S  -       B->S  R     ADDHX1         1  2.7    22    39    2417    (-,-) 
  g108475/Y               -       A->Y  F     MXI2XL         1  2.8    81    50    2468    (-,-) 
  g107824/Y               -       B->Y  R     NOR2X1         1  2.8    53    52    2520    (-,-) 
  count_instr_reg[62]/D   -       -     R     DFFHQX1        1    -     -     0    2520    (-,-) 
#------------------------------------------------------------------------------------------------



Path 3: MET (1451 ps) Setup Check with Pin count_cycle_reg[63]/CK->D
          Group: C2C
     Startpoint: (R) count_cycle_reg[0]/CK
          Clock: (R) myclock
       Endpoint: (R) count_cycle_reg[63]/D
          Clock: (R) myclock

                     Capture       Launch     
        Clock Edge:+    4000            0     
       Src Latency:+       0            0     
       Net Latency:+       0 (I)        0 (I) 
           Arrival:=    4000            0     
                                              
             Setup:-      24                  
       Uncertainty:-      20                  
     Required Time:=    3956                  
      Launch Clock:-       0                  
         Data Path:-    2505                  
             Slack:=    1451                  

#------------------------------------------------------------------------------------------------
#      Timing Point       Flags   Arc   Edge   Cell     Fanout Load Trans Delay Arrival Instance 
#                                                              (fF)  (ps)  (ps)   (ps)  Location 
#------------------------------------------------------------------------------------------------
  count_cycle_reg[0]/CK   -       -     R     (arrival)   1850    -     0     0       0    (-,-) 
  count_cycle_reg[0]/Q    -       CK->Q R     DFFHQX1        3  6.5    46    66      66    (-,-) 
  inc_add_1428_40_g910/CO -       B->CO R     ADDHX1         1  3.2    25    42     107    (-,-) 
  inc_add_1428_40_g909/CO -       B->CO R     ADDHX1         1  3.2    25    38     146    (-,-) 
  inc_add_1428_40_g908/CO -       B->CO R     ADDHX1         1  3.2    25    38     184    (-,-) 
  inc_add_1428_40_g907/CO -       B->CO R     ADDHX1         1  3.2    25    38     222    (-,-) 
  inc_add_1428_40_g906/CO -       B->CO R     ADDHX1         1  3.2    25    38     260    (-,-) 
  inc_add_1428_40_g905/CO -       B->CO R     ADDHX1         1  3.2    25    38     298    (-,-) 
  inc_add_1428_40_g904/CO -       B->CO R     ADDHX1         1  3.2    25    38     336    (-,-) 
  inc_add_1428_40_g903/CO -       B->CO R     ADDHX1         1  3.2    25    38     374    (-,-) 
  inc_add_1428_40_g902/CO -       B->CO R     ADDHX1         1  3.2    25    38     412    (-,-) 
  inc_add_1428_40_g901/CO -       B->CO R     ADDHX1         1  3.2    25    38     450    (-,-) 
  inc_add_1428_40_g900/CO -       B->CO R     ADDHX1         1  3.2    25    38     488    (-,-) 
  inc_add_1428_40_g899/CO -       B->CO R     ADDHX1         1  3.2    25    38     526    (-,-) 
  inc_add_1428_40_g898/CO -       B->CO R     ADDHX1         1  3.2    25    38     565    (-,-) 
  inc_add_1428_40_g897/CO -       B->CO R     ADDHX1         1  3.2    25    38     603    (-,-) 
  inc_add_1428_40_g896/CO -       B->CO R     ADDHX1         1  3.2    25    38     641    (-,-) 
  inc_add_1428_40_g895/CO -       B->CO R     ADDHX1         1  3.2    25    38     679    (-,-) 
  inc_add_1428_40_g894/CO -       B->CO R     ADDHX1         1  3.2    25    38     717    (-,-) 
  inc_add_1428_40_g893/CO -       B->CO R     ADDHX1         1  3.2    25    38     755    (-,-) 
  inc_add_1428_40_g892/CO -       B->CO R     ADDHX1         1  3.2    25    38     793    (-,-) 
  inc_add_1428_40_g891/CO -       B->CO R     ADDHX1         1  3.2    25    38     831    (-,-) 
  inc_add_1428_40_g890/CO -       B->CO R     ADDHX1         1  3.2    25    38     869    (-,-) 
  inc_add_1428_40_g889/CO -       B->CO R     ADDHX1         1  3.2    25    38     908    (-,-) 
  inc_add_1428_40_g888/CO -       B->CO R     ADDHX1         1  3.2    25    38     946    (-,-) 
  inc_add_1428_40_g887/CO -       B->CO R     ADDHX1         1  3.2    25    38     984    (-,-) 
  inc_add_1428_40_g886/CO -       B->CO R     ADDHX1         1  3.2    25    38    1022    (-,-) 
  inc_add_1428_40_g885/CO -       B->CO R     ADDHX1         1  3.2    25    38    1060    (-,-) 
  inc_add_1428_40_g884/CO -       B->CO R     ADDHX1         1  3.2    25    38    1098    (-,-) 
  inc_add_1428_40_g883/CO -       B->CO R     ADDHX1         1  3.2    25    38    1136    (-,-) 
  inc_add_1428_40_g882/CO -       B->CO R     ADDHX1         1  3.2    25    38    1174    (-,-) 
  inc_add_1428_40_g881/CO -       B->CO R     ADDHX1         1  3.2    25    38    1212    (-,-) 
  inc_add_1428_40_g880/CO -       B->CO R     ADDHX1         1  3.2    25    38    1250    (-,-) 
  inc_add_1428_40_g879/CO -       B->CO R     ADDHX1         1  3.2    25    38    1288    (-,-) 
  inc_add_1428_40_g878/CO -       B->CO R     ADDHX1         1  3.2    25    38    1327    (-,-) 
  inc_add_1428_40_g877/CO -       B->CO R     ADDHX1         1  3.2    25    38    1365    (-,-) 
  inc_add_1428_40_g876/CO -       B->CO R     ADDHX1         1  3.2    25    38    1403    (-,-) 
  inc_add_1428_40_g875/CO -       B->CO R     ADDHX1         1  3.2    25    38    1441    (-,-) 
  inc_add_1428_40_g874/CO -       B->CO R     ADDHX1         1  3.2    25    38    1479    (-,-) 
  inc_add_1428_40_g873/CO -       B->CO R     ADDHX1         1  3.2    25    38    1517    (-,-) 
  inc_add_1428_40_g872/CO -       B->CO R     ADDHX1         1  3.2    25    38    1555    (-,-) 
  inc_add_1428_40_g871/CO -       B->CO R     ADDHX1         1  3.2    25    38    1593    (-,-) 
  inc_add_1428_40_g870/CO -       B->CO R     ADDHX1         1  3.2    25    38    1631    (-,-) 
  inc_add_1428_40_g869/CO -       B->CO R     ADDHX1         1  3.2    25    38    1670    (-,-) 
  inc_add_1428_40_g868/CO -       B->CO R     ADDHX1         1  3.2    25    38    1708    (-,-) 
  inc_add_1428_40_g867/CO -       B->CO R     ADDHX1         1  3.2    25    38    1746    (-,-) 
  inc_add_1428_40_g866/CO -       B->CO R     ADDHX1         1  3.2    25    38    1784    (-,-) 
  inc_add_1428_40_g865/CO -       B->CO R     ADDHX1         1  3.2    25    38    1822    (-,-) 
  inc_add_1428_40_g864/CO -       B->CO R     ADDHX1         1  3.2    25    38    1860    (-,-) 
  inc_add_1428_40_g863/CO -       B->CO R     ADDHX1         1  3.2    25    38    1898    (-,-) 
  inc_add_1428_40_g862/CO -       B->CO R     ADDHX1         1  3.2    25    38    1936    (-,-) 
  inc_add_1428_40_g861/CO -       B->CO R     ADDHX1         1  3.2    25    38    1974    (-,-) 
  inc_add_1428_40_g860/CO -       B->CO R     ADDHX1         1  3.2    25    38    2012    (-,-) 
  inc_add_1428_40_g859/CO -       B->CO R     ADDHX1         1  3.2    25    38    2050    (-,-) 
  inc_add_1428_40_g858/CO -       B->CO R     ADDHX1         1  3.2    25    38    2089    (-,-) 
  inc_add_1428_40_g857/CO -       B->CO R     ADDHX1         1  3.2    25    38    2127    (-,-) 
  inc_add_1428_40_g856/CO -       B->CO R     ADDHX1         1  3.2    25    38    2165    (-,-) 
  inc_add_1428_40_g855/CO -       B->CO R     ADDHX1         1  3.2    25    38    2203    (-,-) 
  inc_add_1428_40_g854/CO -       B->CO R     ADDHX1         1  3.2    25    38    2241    (-,-) 
  inc_add_1428_40_g853/CO -       B->CO R     ADDHX1         1  3.2    25    38    2279    (-,-) 
  inc_add_1428_40_g852/CO -       B->CO R     ADDHX1         1  3.2    25    38    2317    (-,-) 
  inc_add_1428_40_g851/CO -       B->CO R     ADDHX1         1  3.2    25    38    2355    (-,-) 
  inc_add_1428_40_g850/CO -       B->CO R     ADDHX1         1  3.2    25    38    2393    (-,-) 
  inc_add_1428_40_g849/CO -       B->CO R     ADDHX1         1  3.0    24    37    2431    (-,-) 
  inc_add_1428_40_g848/Y  -       B->Y  R     CLKXOR2X1      1  2.7    22    38    2469    (-,-) 
  g108880/Y               -       A->Y  R     AND2X1         1  2.8    23    36    2505    (-,-) 
  count_cycle_reg[63]/D   -       -     R     DFFHQX1        1    -     -     0    2505    (-,-) 
#------------------------------------------------------------------------------------------------



Path 4: MET (1469 ps) Setup Check with Pin count_instr_reg[61]/CK->D
          Group: C2C
     Startpoint: (R) count_instr_reg[1]/CK
          Clock: (R) myclock
       Endpoint: (R) count_instr_reg[61]/D
          Clock: (R) myclock

                     Capture       Launch     
        Clock Edge:+    4000            0     
       Src Latency:+       0            0     
       Net Latency:+       0 (I)        0 (I) 
           Arrival:=    4000            0     
                                              
             Setup:-      29                  
       Uncertainty:-      20                  
     Required Time:=    3951                  
      Launch Clock:-       0                  
         Data Path:-    2482                  
             Slack:=    1469                  

#------------------------------------------------------------------------------------------------
#      Timing Point       Flags   Arc   Edge   Cell     Fanout Load Trans Delay Arrival Instance 
#                                                              (fF)  (ps)  (ps)   (ps)  Location 
#------------------------------------------------------------------------------------------------
  count_instr_reg[1]/CK   -       -     R     (arrival)   1850    -     0     0       0    (-,-) 
  count_instr_reg[1]/Q    -       CK->Q R     DFFHQX1        3  6.1    44    64      64    (-,-) 
  inc_add_1559_34_g920/CO -       A->CO R     ADDHX1         1  3.2    25    43     107    (-,-) 
  inc_add_1559_34_g919/CO -       B->CO R     ADDHX1         1  3.2    25    38     145    (-,-) 
  inc_add_1559_34_g918/CO -       B->CO R     ADDHX1         1  3.2    25    38     183    (-,-) 
  inc_add_1559_34_g917/CO -       B->CO R     ADDHX1         1  3.2    25    38     221    (-,-) 
  inc_add_1559_34_g916/CO -       B->CO R     ADDHX1         1  3.2    25    38     259    (-,-) 
  inc_add_1559_34_g915/CO -       B->CO R     ADDHX1         1  3.2    25    38     297    (-,-) 
  inc_add_1559_34_g914/CO -       B->CO R     ADDHX1         1  3.2    25    38     335    (-,-) 
  inc_add_1559_34_g913/CO -       B->CO R     ADDHX1         1  3.2    25    38     374    (-,-) 
  inc_add_1559_34_g912/CO -       B->CO R     ADDHX1         1  3.2    25    38     412    (-,-) 
  inc_add_1559_34_g911/CO -       B->CO R     ADDHX1         1  3.2    25    38     450    (-,-) 
  inc_add_1559_34_g910/CO -       B->CO R     ADDHX1         1  3.2    25    38     488    (-,-) 
  inc_add_1559_34_g909/CO -       B->CO R     ADDHX1         1  3.2    25    38     526    (-,-) 
  inc_add_1559_34_g908/CO -       B->CO R     ADDHX1         1  3.2    25    38     564    (-,-) 
  inc_add_1559_34_g907/CO -       B->CO R     ADDHX1         1  3.2    25    38     602    (-,-) 
  inc_add_1559_34_g906/CO -       B->CO R     ADDHX1         1  3.2    25    38     640    (-,-) 
  inc_add_1559_34_g905/CO -       B->CO R     ADDHX1         1  3.2    25    38     678    (-,-) 
  inc_add_1559_34_g904/CO -       B->CO R     ADDHX1         2  4.7    35    44     722    (-,-) 
  inc_add_1559_34_g903/Y  -       C->Y  R     AND3XL         1  3.2    40    54     776    (-,-) 
  inc_add_1559_34_g900/CO -       B->CO R     ADDHX1         1  3.2    25    41     816    (-,-) 
  inc_add_1559_34_g899/CO -       B->CO R     ADDHX1         1  3.2    25    38     854    (-,-) 
  inc_add_1559_34_g898/CO -       B->CO R     ADDHX1         1  3.2    25    38     893    (-,-) 
  inc_add_1559_34_g897/CO -       B->CO R     ADDHX1         1  3.2    25    38     931    (-,-) 
  inc_add_1559_34_g896/CO -       B->CO R     ADDHX1         1  3.2    25    38     969    (-,-) 
  inc_add_1559_34_g895/CO -       B->CO R     ADDHX1         1  3.2    25    38    1007    (-,-) 
  inc_add_1559_34_g894/CO -       B->CO R     ADDHX1         1  3.2    25    38    1045    (-,-) 
  inc_add_1559_34_g893/CO -       B->CO R     ADDHX1         1  3.2    25    38    1083    (-,-) 
  inc_add_1559_34_g892/CO -       B->CO R     ADDHX1         1  3.2    25    38    1121    (-,-) 
  inc_add_1559_34_g891/CO -       B->CO R     ADDHX1         1  3.2    25    38    1159    (-,-) 
  inc_add_1559_34_g890/CO -       B->CO R     ADDHX1         1  3.2    25    38    1197    (-,-) 
  inc_add_1559_34_g889/CO -       B->CO R     ADDHX1         1  3.2    25    38    1236    (-,-) 
  inc_add_1559_34_g888/CO -       B->CO R     ADDHX1         1  3.2    25    38    1274    (-,-) 
  inc_add_1559_34_g887/CO -       B->CO R     ADDHX1         1  3.2    25    38    1312    (-,-) 
  inc_add_1559_34_g886/CO -       B->CO R     ADDHX1         1  3.2    25    38    1350    (-,-) 
  inc_add_1559_34_g885/CO -       B->CO R     ADDHX1         1  3.2    25    38    1388    (-,-) 
  inc_add_1559_34_g884/CO -       B->CO R     ADDHX1         1  3.2    25    38    1426    (-,-) 
  inc_add_1559_34_g883/CO -       B->CO R     ADDHX1         1  3.2    25    38    1464    (-,-) 
  inc_add_1559_34_g882/CO -       B->CO R     ADDHX1         1  3.2    25    38    1502    (-,-) 
  inc_add_1559_34_g881/CO -       B->CO R     ADDHX1         1  3.2    25    38    1540    (-,-) 
  inc_add_1559_34_g880/CO -       B->CO R     ADDHX1         1  3.2    25    38    1578    (-,-) 
  inc_add_1559_34_g879/CO -       B->CO R     ADDHX1         1  3.2    25    38    1616    (-,-) 
  inc_add_1559_34_g878/CO -       B->CO R     ADDHX1         1  3.2    25    38    1655    (-,-) 
  inc_add_1559_34_g877/CO -       B->CO R     ADDHX1         1  3.2    25    38    1693    (-,-) 
  inc_add_1559_34_g876/CO -       B->CO R     ADDHX1         1  3.2    25    38    1731    (-,-) 
  inc_add_1559_34_g875/CO -       B->CO R     ADDHX1         1  3.2    25    38    1769    (-,-) 
  inc_add_1559_34_g874/CO -       B->CO R     ADDHX1         1  3.2    25    38    1807    (-,-) 
  inc_add_1559_34_g873/CO -       B->CO R     ADDHX1         1  3.2    25    38    1845    (-,-) 
  inc_add_1559_34_g872/CO -       B->CO R     ADDHX1         1  3.2    25    38    1883    (-,-) 
  inc_add_1559_34_g871/CO -       B->CO R     ADDHX1         1  3.2    25    38    1921    (-,-) 
  inc_add_1559_34_g870/CO -       B->CO R     ADDHX1         1  3.2    25    38    1959    (-,-) 
  inc_add_1559_34_g869/CO -       B->CO R     ADDHX1         1  3.2    25    38    1998    (-,-) 
  inc_add_1559_34_g868/CO -       B->CO R     ADDHX1         1  3.2    25    38    2036    (-,-) 
  inc_add_1559_34_g867/CO -       B->CO R     ADDHX1         1  3.2    25    38    2074    (-,-) 
  inc_add_1559_34_g866/CO -       B->CO R     ADDHX1         1  3.2    25    38    2112    (-,-) 
  inc_add_1559_34_g865/CO -       B->CO R     ADDHX1         1  3.2    25    38    2150    (-,-) 
  inc_add_1559_34_g864/CO -       B->CO R     ADDHX1         1  3.2    25    38    2188    (-,-) 
  inc_add_1559_34_g863/CO -       B->CO R     ADDHX1         1  3.2    25    38    2226    (-,-) 
  inc_add_1559_34_g862/CO -       B->CO R     ADDHX1         1  3.2    25    38    2264    (-,-) 
  inc_add_1559_34_g861/CO -       B->CO R     ADDHX1         1  3.2    25    38    2302    (-,-) 
  inc_add_1559_34_g860/CO -       B->CO R     ADDHX1         1  3.2    25    38    2340    (-,-) 
  inc_add_1559_34_g859/S  -       B->S  R     ADDHX1         1  2.7    22    39    2379    (-,-) 
  g108497/Y               -       A->Y  F     MXI2XL         1  2.8    81    50    2430    (-,-) 
  g107825/Y               -       B->Y  R     NOR2X1         1  2.8    53    52    2482    (-,-) 
  count_instr_reg[61]/D   -       -     R     DFFHQX1        1    -     -     0    2482    (-,-) 
#------------------------------------------------------------------------------------------------



Path 5: MET (1488 ps) Setup Check with Pin count_cycle_reg[62]/CK->D
          Group: C2C
     Startpoint: (R) count_cycle_reg[0]/CK
          Clock: (R) myclock
       Endpoint: (R) count_cycle_reg[62]/D
          Clock: (R) myclock

                     Capture       Launch     
        Clock Edge:+    4000            0     
       Src Latency:+       0            0     
       Net Latency:+       0 (I)        0 (I) 
           Arrival:=    4000            0     
                                              
             Setup:-      24                  
       Uncertainty:-      20                  
     Required Time:=    3956                  
      Launch Clock:-       0                  
         Data Path:-    2468                  
             Slack:=    1488                  

#------------------------------------------------------------------------------------------------
#      Timing Point       Flags   Arc   Edge   Cell     Fanout Load Trans Delay Arrival Instance 
#                                                              (fF)  (ps)  (ps)   (ps)  Location 
#------------------------------------------------------------------------------------------------
  count_cycle_reg[0]/CK   -       -     R     (arrival)   1850    -     0     0       0    (-,-) 
  count_cycle_reg[0]/Q    -       CK->Q R     DFFHQX1        3  6.5    46    66      66    (-,-) 
  inc_add_1428_40_g910/CO -       B->CO R     ADDHX1         1  3.2    25    42     107    (-,-) 
  inc_add_1428_40_g909/CO -       B->CO R     ADDHX1         1  3.2    25    38     146    (-,-) 
  inc_add_1428_40_g908/CO -       B->CO R     ADDHX1         1  3.2    25    38     184    (-,-) 
  inc_add_1428_40_g907/CO -       B->CO R     ADDHX1         1  3.2    25    38     222    (-,-) 
  inc_add_1428_40_g906/CO -       B->CO R     ADDHX1         1  3.2    25    38     260    (-,-) 
  inc_add_1428_40_g905/CO -       B->CO R     ADDHX1         1  3.2    25    38     298    (-,-) 
  inc_add_1428_40_g904/CO -       B->CO R     ADDHX1         1  3.2    25    38     336    (-,-) 
  inc_add_1428_40_g903/CO -       B->CO R     ADDHX1         1  3.2    25    38     374    (-,-) 
  inc_add_1428_40_g902/CO -       B->CO R     ADDHX1         1  3.2    25    38     412    (-,-) 
  inc_add_1428_40_g901/CO -       B->CO R     ADDHX1         1  3.2    25    38     450    (-,-) 
  inc_add_1428_40_g900/CO -       B->CO R     ADDHX1         1  3.2    25    38     488    (-,-) 
  inc_add_1428_40_g899/CO -       B->CO R     ADDHX1         1  3.2    25    38     526    (-,-) 
  inc_add_1428_40_g898/CO -       B->CO R     ADDHX1         1  3.2    25    38     565    (-,-) 
  inc_add_1428_40_g897/CO -       B->CO R     ADDHX1         1  3.2    25    38     603    (-,-) 
  inc_add_1428_40_g896/CO -       B->CO R     ADDHX1         1  3.2    25    38     641    (-,-) 
  inc_add_1428_40_g895/CO -       B->CO R     ADDHX1         1  3.2    25    38     679    (-,-) 
  inc_add_1428_40_g894/CO -       B->CO R     ADDHX1         1  3.2    25    38     717    (-,-) 
  inc_add_1428_40_g893/CO -       B->CO R     ADDHX1         1  3.2    25    38     755    (-,-) 
  inc_add_1428_40_g892/CO -       B->CO R     ADDHX1         1  3.2    25    38     793    (-,-) 
  inc_add_1428_40_g891/CO -       B->CO R     ADDHX1         1  3.2    25    38     831    (-,-) 
  inc_add_1428_40_g890/CO -       B->CO R     ADDHX1         1  3.2    25    38     869    (-,-) 
  inc_add_1428_40_g889/CO -       B->CO R     ADDHX1         1  3.2    25    38     908    (-,-) 
  inc_add_1428_40_g888/CO -       B->CO R     ADDHX1         1  3.2    25    38     946    (-,-) 
  inc_add_1428_40_g887/CO -       B->CO R     ADDHX1         1  3.2    25    38     984    (-,-) 
  inc_add_1428_40_g886/CO -       B->CO R     ADDHX1         1  3.2    25    38    1022    (-,-) 
  inc_add_1428_40_g885/CO -       B->CO R     ADDHX1         1  3.2    25    38    1060    (-,-) 
  inc_add_1428_40_g884/CO -       B->CO R     ADDHX1         1  3.2    25    38    1098    (-,-) 
  inc_add_1428_40_g883/CO -       B->CO R     ADDHX1         1  3.2    25    38    1136    (-,-) 
  inc_add_1428_40_g882/CO -       B->CO R     ADDHX1         1  3.2    25    38    1174    (-,-) 
  inc_add_1428_40_g881/CO -       B->CO R     ADDHX1         1  3.2    25    38    1212    (-,-) 
  inc_add_1428_40_g880/CO -       B->CO R     ADDHX1         1  3.2    25    38    1250    (-,-) 
  inc_add_1428_40_g879/CO -       B->CO R     ADDHX1         1  3.2    25    38    1288    (-,-) 
  inc_add_1428_40_g878/CO -       B->CO R     ADDHX1         1  3.2    25    38    1327    (-,-) 
  inc_add_1428_40_g877/CO -       B->CO R     ADDHX1         1  3.2    25    38    1365    (-,-) 
  inc_add_1428_40_g876/CO -       B->CO R     ADDHX1         1  3.2    25    38    1403    (-,-) 
  inc_add_1428_40_g875/CO -       B->CO R     ADDHX1         1  3.2    25    38    1441    (-,-) 
  inc_add_1428_40_g874/CO -       B->CO R     ADDHX1         1  3.2    25    38    1479    (-,-) 
  inc_add_1428_40_g873/CO -       B->CO R     ADDHX1         1  3.2    25    38    1517    (-,-) 
  inc_add_1428_40_g872/CO -       B->CO R     ADDHX1         1  3.2    25    38    1555    (-,-) 
  inc_add_1428_40_g871/CO -       B->CO R     ADDHX1         1  3.2    25    38    1593    (-,-) 
  inc_add_1428_40_g870/CO -       B->CO R     ADDHX1         1  3.2    25    38    1631    (-,-) 
  inc_add_1428_40_g869/CO -       B->CO R     ADDHX1         1  3.2    25    38    1670    (-,-) 
  inc_add_1428_40_g868/CO -       B->CO R     ADDHX1         1  3.2    25    38    1708    (-,-) 
  inc_add_1428_40_g867/CO -       B->CO R     ADDHX1         1  3.2    25    38    1746    (-,-) 
  inc_add_1428_40_g866/CO -       B->CO R     ADDHX1         1  3.2    25    38    1784    (-,-) 
  inc_add_1428_40_g865/CO -       B->CO R     ADDHX1         1  3.2    25    38    1822    (-,-) 
  inc_add_1428_40_g864/CO -       B->CO R     ADDHX1         1  3.2    25    38    1860    (-,-) 
  inc_add_1428_40_g863/CO -       B->CO R     ADDHX1         1  3.2    25    38    1898    (-,-) 
  inc_add_1428_40_g862/CO -       B->CO R     ADDHX1         1  3.2    25    38    1936    (-,-) 
  inc_add_1428_40_g861/CO -       B->CO R     ADDHX1         1  3.2    25    38    1974    (-,-) 
  inc_add_1428_40_g860/CO -       B->CO R     ADDHX1         1  3.2    25    38    2012    (-,-) 
  inc_add_1428_40_g859/CO -       B->CO R     ADDHX1         1  3.2    25    38    2050    (-,-) 
  inc_add_1428_40_g858/CO -       B->CO R     ADDHX1         1  3.2    25    38    2089    (-,-) 
  inc_add_1428_40_g857/CO -       B->CO R     ADDHX1         1  3.2    25    38    2127    (-,-) 
  inc_add_1428_40_g856/CO -       B->CO R     ADDHX1         1  3.2    25    38    2165    (-,-) 
  inc_add_1428_40_g855/CO -       B->CO R     ADDHX1         1  3.2    25    38    2203    (-,-) 
  inc_add_1428_40_g854/CO -       B->CO R     ADDHX1         1  3.2    25    38    2241    (-,-) 
  inc_add_1428_40_g853/CO -       B->CO R     ADDHX1         1  3.2    25    38    2279    (-,-) 
  inc_add_1428_40_g852/CO -       B->CO R     ADDHX1         1  3.2    25    38    2317    (-,-) 
  inc_add_1428_40_g851/CO -       B->CO R     ADDHX1         1  3.2    25    38    2355    (-,-) 
  inc_add_1428_40_g850/CO -       B->CO R     ADDHX1         1  3.2    25    38    2393    (-,-) 
  inc_add_1428_40_g849/S  -       B->S  R     ADDHX1         1  2.7    22    39    2432    (-,-) 
  g109053/Y               -       A->Y  R     AND2X1         1  2.8    23    36    2468    (-,-) 
  count_cycle_reg[62]/D   -       -     R     DFFHQX1        1    -     -     0    2468    (-,-) 
#------------------------------------------------------------------------------------------------



Path 6: MET (1507 ps) Setup Check with Pin count_instr_reg[60]/CK->D
          Group: C2C
     Startpoint: (R) count_instr_reg[1]/CK
          Clock: (R) myclock
       Endpoint: (R) count_instr_reg[60]/D
          Clock: (R) myclock

                     Capture       Launch     
        Clock Edge:+    4000            0     
       Src Latency:+       0            0     
       Net Latency:+       0 (I)        0 (I) 
           Arrival:=    4000            0     
                                              
             Setup:-      29                  
       Uncertainty:-      20                  
     Required Time:=    3951                  
      Launch Clock:-       0                  
         Data Path:-    2444                  
             Slack:=    1507                  

#------------------------------------------------------------------------------------------------
#      Timing Point       Flags   Arc   Edge   Cell     Fanout Load Trans Delay Arrival Instance 
#                                                              (fF)  (ps)  (ps)   (ps)  Location 
#------------------------------------------------------------------------------------------------
  count_instr_reg[1]/CK   -       -     R     (arrival)   1850    -     0     0       0    (-,-) 
  count_instr_reg[1]/Q    -       CK->Q R     DFFHQX1        3  6.1    44    64      64    (-,-) 
  inc_add_1559_34_g920/CO -       A->CO R     ADDHX1         1  3.2    25    43     107    (-,-) 
  inc_add_1559_34_g919/CO -       B->CO R     ADDHX1         1  3.2    25    38     145    (-,-) 
  inc_add_1559_34_g918/CO -       B->CO R     ADDHX1         1  3.2    25    38     183    (-,-) 
  inc_add_1559_34_g917/CO -       B->CO R     ADDHX1         1  3.2    25    38     221    (-,-) 
  inc_add_1559_34_g916/CO -       B->CO R     ADDHX1         1  3.2    25    38     259    (-,-) 
  inc_add_1559_34_g915/CO -       B->CO R     ADDHX1         1  3.2    25    38     297    (-,-) 
  inc_add_1559_34_g914/CO -       B->CO R     ADDHX1         1  3.2    25    38     335    (-,-) 
  inc_add_1559_34_g913/CO -       B->CO R     ADDHX1         1  3.2    25    38     374    (-,-) 
  inc_add_1559_34_g912/CO -       B->CO R     ADDHX1         1  3.2    25    38     412    (-,-) 
  inc_add_1559_34_g911/CO -       B->CO R     ADDHX1         1  3.2    25    38     450    (-,-) 
  inc_add_1559_34_g910/CO -       B->CO R     ADDHX1         1  3.2    25    38     488    (-,-) 
  inc_add_1559_34_g909/CO -       B->CO R     ADDHX1         1  3.2    25    38     526    (-,-) 
  inc_add_1559_34_g908/CO -       B->CO R     ADDHX1         1  3.2    25    38     564    (-,-) 
  inc_add_1559_34_g907/CO -       B->CO R     ADDHX1         1  3.2    25    38     602    (-,-) 
  inc_add_1559_34_g906/CO -       B->CO R     ADDHX1         1  3.2    25    38     640    (-,-) 
  inc_add_1559_34_g905/CO -       B->CO R     ADDHX1         1  3.2    25    38     678    (-,-) 
  inc_add_1559_34_g904/CO -       B->CO R     ADDHX1         2  4.7    35    44     722    (-,-) 
  inc_add_1559_34_g903/Y  -       C->Y  R     AND3XL         1  3.2    40    54     776    (-,-) 
  inc_add_1559_34_g900/CO -       B->CO R     ADDHX1         1  3.2    25    41     816    (-,-) 
  inc_add_1559_34_g899/CO -       B->CO R     ADDHX1         1  3.2    25    38     854    (-,-) 
  inc_add_1559_34_g898/CO -       B->CO R     ADDHX1         1  3.2    25    38     893    (-,-) 
  inc_add_1559_34_g897/CO -       B->CO R     ADDHX1         1  3.2    25    38     931    (-,-) 
  inc_add_1559_34_g896/CO -       B->CO R     ADDHX1         1  3.2    25    38     969    (-,-) 
  inc_add_1559_34_g895/CO -       B->CO R     ADDHX1         1  3.2    25    38    1007    (-,-) 
  inc_add_1559_34_g894/CO -       B->CO R     ADDHX1         1  3.2    25    38    1045    (-,-) 
  inc_add_1559_34_g893/CO -       B->CO R     ADDHX1         1  3.2    25    38    1083    (-,-) 
  inc_add_1559_34_g892/CO -       B->CO R     ADDHX1         1  3.2    25    38    1121    (-,-) 
  inc_add_1559_34_g891/CO -       B->CO R     ADDHX1         1  3.2    25    38    1159    (-,-) 
  inc_add_1559_34_g890/CO -       B->CO R     ADDHX1         1  3.2    25    38    1197    (-,-) 
  inc_add_1559_34_g889/CO -       B->CO R     ADDHX1         1  3.2    25    38    1236    (-,-) 
  inc_add_1559_34_g888/CO -       B->CO R     ADDHX1         1  3.2    25    38    1274    (-,-) 
  inc_add_1559_34_g887/CO -       B->CO R     ADDHX1         1  3.2    25    38    1312    (-,-) 
  inc_add_1559_34_g886/CO -       B->CO R     ADDHX1         1  3.2    25    38    1350    (-,-) 
  inc_add_1559_34_g885/CO -       B->CO R     ADDHX1         1  3.2    25    38    1388    (-,-) 
  inc_add_1559_34_g884/CO -       B->CO R     ADDHX1         1  3.2    25    38    1426    (-,-) 
  inc_add_1559_34_g883/CO -       B->CO R     ADDHX1         1  3.2    25    38    1464    (-,-) 
  inc_add_1559_34_g882/CO -       B->CO R     ADDHX1         1  3.2    25    38    1502    (-,-) 
  inc_add_1559_34_g881/CO -       B->CO R     ADDHX1         1  3.2    25    38    1540    (-,-) 
  inc_add_1559_34_g880/CO -       B->CO R     ADDHX1         1  3.2    25    38    1578    (-,-) 
  inc_add_1559_34_g879/CO -       B->CO R     ADDHX1         1  3.2    25    38    1616    (-,-) 
  inc_add_1559_34_g878/CO -       B->CO R     ADDHX1         1  3.2    25    38    1655    (-,-) 
  inc_add_1559_34_g877/CO -       B->CO R     ADDHX1         1  3.2    25    38    1693    (-,-) 
  inc_add_1559_34_g876/CO -       B->CO R     ADDHX1         1  3.2    25    38    1731    (-,-) 
  inc_add_1559_34_g875/CO -       B->CO R     ADDHX1         1  3.2    25    38    1769    (-,-) 
  inc_add_1559_34_g874/CO -       B->CO R     ADDHX1         1  3.2    25    38    1807    (-,-) 
  inc_add_1559_34_g873/CO -       B->CO R     ADDHX1         1  3.2    25    38    1845    (-,-) 
  inc_add_1559_34_g872/CO -       B->CO R     ADDHX1         1  3.2    25    38    1883    (-,-) 
  inc_add_1559_34_g871/CO -       B->CO R     ADDHX1         1  3.2    25    38    1921    (-,-) 
  inc_add_1559_34_g870/CO -       B->CO R     ADDHX1         1  3.2    25    38    1959    (-,-) 
  inc_add_1559_34_g869/CO -       B->CO R     ADDHX1         1  3.2    25    38    1998    (-,-) 
  inc_add_1559_34_g868/CO -       B->CO R     ADDHX1         1  3.2    25    38    2036    (-,-) 
  inc_add_1559_34_g867/CO -       B->CO R     ADDHX1         1  3.2    25    38    2074    (-,-) 
  inc_add_1559_34_g866/CO -       B->CO R     ADDHX1         1  3.2    25    38    2112    (-,-) 
  inc_add_1559_34_g865/CO -       B->CO R     ADDHX1         1  3.2    25    38    2150    (-,-) 
  inc_add_1559_34_g864/CO -       B->CO R     ADDHX1         1  3.2    25    38    2188    (-,-) 
  inc_add_1559_34_g863/CO -       B->CO R     ADDHX1         1  3.2    25    38    2226    (-,-) 
  inc_add_1559_34_g862/CO -       B->CO R     ADDHX1         1  3.2    25    38    2264    (-,-) 
  inc_add_1559_34_g861/CO -       B->CO R     ADDHX1         1  3.2    25    38    2302    (-,-) 
  inc_add_1559_34_g860/S  -       B->S  R     ADDHX1         1  2.7    22    39    2341    (-,-) 
  g108490/Y               -       A->Y  F     MXI2XL         1  2.8    81    50    2391    (-,-) 
  g107911/Y               -       B->Y  R     NOR2X1         1  2.8    52    52    2444    (-,-) 
  count_instr_reg[60]/D   -       -     R     DFFHQX1        1    -     -     0    2444    (-,-) 
#------------------------------------------------------------------------------------------------



Path 7: MET (1526 ps) Setup Check with Pin count_cycle_reg[61]/CK->D
          Group: C2C
     Startpoint: (R) count_cycle_reg[0]/CK
          Clock: (R) myclock
       Endpoint: (R) count_cycle_reg[61]/D
          Clock: (R) myclock

                     Capture       Launch     
        Clock Edge:+    4000            0     
       Src Latency:+       0            0     
       Net Latency:+       0 (I)        0 (I) 
           Arrival:=    4000            0     
                                              
             Setup:-      24                  
       Uncertainty:-      20                  
     Required Time:=    3956                  
      Launch Clock:-       0                  
         Data Path:-    2430                  
             Slack:=    1526                  

#------------------------------------------------------------------------------------------------
#      Timing Point       Flags   Arc   Edge   Cell     Fanout Load Trans Delay Arrival Instance 
#                                                              (fF)  (ps)  (ps)   (ps)  Location 
#------------------------------------------------------------------------------------------------
  count_cycle_reg[0]/CK   -       -     R     (arrival)   1850    -     0     0       0    (-,-) 
  count_cycle_reg[0]/Q    -       CK->Q R     DFFHQX1        3  6.5    46    66      66    (-,-) 
  inc_add_1428_40_g910/CO -       B->CO R     ADDHX1         1  3.2    25    42     107    (-,-) 
  inc_add_1428_40_g909/CO -       B->CO R     ADDHX1         1  3.2    25    38     146    (-,-) 
  inc_add_1428_40_g908/CO -       B->CO R     ADDHX1         1  3.2    25    38     184    (-,-) 
  inc_add_1428_40_g907/CO -       B->CO R     ADDHX1         1  3.2    25    38     222    (-,-) 
  inc_add_1428_40_g906/CO -       B->CO R     ADDHX1         1  3.2    25    38     260    (-,-) 
  inc_add_1428_40_g905/CO -       B->CO R     ADDHX1         1  3.2    25    38     298    (-,-) 
  inc_add_1428_40_g904/CO -       B->CO R     ADDHX1         1  3.2    25    38     336    (-,-) 
  inc_add_1428_40_g903/CO -       B->CO R     ADDHX1         1  3.2    25    38     374    (-,-) 
  inc_add_1428_40_g902/CO -       B->CO R     ADDHX1         1  3.2    25    38     412    (-,-) 
  inc_add_1428_40_g901/CO -       B->CO R     ADDHX1         1  3.2    25    38     450    (-,-) 
  inc_add_1428_40_g900/CO -       B->CO R     ADDHX1         1  3.2    25    38     488    (-,-) 
  inc_add_1428_40_g899/CO -       B->CO R     ADDHX1         1  3.2    25    38     526    (-,-) 
  inc_add_1428_40_g898/CO -       B->CO R     ADDHX1         1  3.2    25    38     565    (-,-) 
  inc_add_1428_40_g897/CO -       B->CO R     ADDHX1         1  3.2    25    38     603    (-,-) 
  inc_add_1428_40_g896/CO -       B->CO R     ADDHX1         1  3.2    25    38     641    (-,-) 
  inc_add_1428_40_g895/CO -       B->CO R     ADDHX1         1  3.2    25    38     679    (-,-) 
  inc_add_1428_40_g894/CO -       B->CO R     ADDHX1         1  3.2    25    38     717    (-,-) 
  inc_add_1428_40_g893/CO -       B->CO R     ADDHX1         1  3.2    25    38     755    (-,-) 
  inc_add_1428_40_g892/CO -       B->CO R     ADDHX1         1  3.2    25    38     793    (-,-) 
  inc_add_1428_40_g891/CO -       B->CO R     ADDHX1         1  3.2    25    38     831    (-,-) 
  inc_add_1428_40_g890/CO -       B->CO R     ADDHX1         1  3.2    25    38     869    (-,-) 
  inc_add_1428_40_g889/CO -       B->CO R     ADDHX1         1  3.2    25    38     908    (-,-) 
  inc_add_1428_40_g888/CO -       B->CO R     ADDHX1         1  3.2    25    38     946    (-,-) 
  inc_add_1428_40_g887/CO -       B->CO R     ADDHX1         1  3.2    25    38     984    (-,-) 
  inc_add_1428_40_g886/CO -       B->CO R     ADDHX1         1  3.2    25    38    1022    (-,-) 
  inc_add_1428_40_g885/CO -       B->CO R     ADDHX1         1  3.2    25    38    1060    (-,-) 
  inc_add_1428_40_g884/CO -       B->CO R     ADDHX1         1  3.2    25    38    1098    (-,-) 
  inc_add_1428_40_g883/CO -       B->CO R     ADDHX1         1  3.2    25    38    1136    (-,-) 
  inc_add_1428_40_g882/CO -       B->CO R     ADDHX1         1  3.2    25    38    1174    (-,-) 
  inc_add_1428_40_g881/CO -       B->CO R     ADDHX1         1  3.2    25    38    1212    (-,-) 
  inc_add_1428_40_g880/CO -       B->CO R     ADDHX1         1  3.2    25    38    1250    (-,-) 
  inc_add_1428_40_g879/CO -       B->CO R     ADDHX1         1  3.2    25    38    1288    (-,-) 
  inc_add_1428_40_g878/CO -       B->CO R     ADDHX1         1  3.2    25    38    1327    (-,-) 
  inc_add_1428_40_g877/CO -       B->CO R     ADDHX1         1  3.2    25    38    1365    (-,-) 
  inc_add_1428_40_g876/CO -       B->CO R     ADDHX1         1  3.2    25    38    1403    (-,-) 
  inc_add_1428_40_g875/CO -       B->CO R     ADDHX1         1  3.2    25    38    1441    (-,-) 
  inc_add_1428_40_g874/CO -       B->CO R     ADDHX1         1  3.2    25    38    1479    (-,-) 
  inc_add_1428_40_g873/CO -       B->CO R     ADDHX1         1  3.2    25    38    1517    (-,-) 
  inc_add_1428_40_g872/CO -       B->CO R     ADDHX1         1  3.2    25    38    1555    (-,-) 
  inc_add_1428_40_g871/CO -       B->CO R     ADDHX1         1  3.2    25    38    1593    (-,-) 
  inc_add_1428_40_g870/CO -       B->CO R     ADDHX1         1  3.2    25    38    1631    (-,-) 
  inc_add_1428_40_g869/CO -       B->CO R     ADDHX1         1  3.2    25    38    1670    (-,-) 
  inc_add_1428_40_g868/CO -       B->CO R     ADDHX1         1  3.2    25    38    1708    (-,-) 
  inc_add_1428_40_g867/CO -       B->CO R     ADDHX1         1  3.2    25    38    1746    (-,-) 
  inc_add_1428_40_g866/CO -       B->CO R     ADDHX1         1  3.2    25    38    1784    (-,-) 
  inc_add_1428_40_g865/CO -       B->CO R     ADDHX1         1  3.2    25    38    1822    (-,-) 
  inc_add_1428_40_g864/CO -       B->CO R     ADDHX1         1  3.2    25    38    1860    (-,-) 
  inc_add_1428_40_g863/CO -       B->CO R     ADDHX1         1  3.2    25    38    1898    (-,-) 
  inc_add_1428_40_g862/CO -       B->CO R     ADDHX1         1  3.2    25    38    1936    (-,-) 
  inc_add_1428_40_g861/CO -       B->CO R     ADDHX1         1  3.2    25    38    1974    (-,-) 
  inc_add_1428_40_g860/CO -       B->CO R     ADDHX1         1  3.2    25    38    2012    (-,-) 
  inc_add_1428_40_g859/CO -       B->CO R     ADDHX1         1  3.2    25    38    2050    (-,-) 
  inc_add_1428_40_g858/CO -       B->CO R     ADDHX1         1  3.2    25    38    2089    (-,-) 
  inc_add_1428_40_g857/CO -       B->CO R     ADDHX1         1  3.2    25    38    2127    (-,-) 
  inc_add_1428_40_g856/CO -       B->CO R     ADDHX1         1  3.2    25    38    2165    (-,-) 
  inc_add_1428_40_g855/CO -       B->CO R     ADDHX1         1  3.2    25    38    2203    (-,-) 
  inc_add_1428_40_g854/CO -       B->CO R     ADDHX1         1  3.2    25    38    2241    (-,-) 
  inc_add_1428_40_g853/CO -       B->CO R     ADDHX1         1  3.2    25    38    2279    (-,-) 
  inc_add_1428_40_g852/CO -       B->CO R     ADDHX1         1  3.2    25    38    2317    (-,-) 
  inc_add_1428_40_g851/CO -       B->CO R     ADDHX1         1  3.2    25    38    2355    (-,-) 
  inc_add_1428_40_g850/S  -       B->S  R     ADDHX1         1  2.7    22    39    2394    (-,-) 
  g108881/Y               -       A->Y  R     AND2X1         1  2.8    23    36    2430    (-,-) 
  count_cycle_reg[61]/D   -       -     R     DFFHQX1        1    -     -     0    2430    (-,-) 
#------------------------------------------------------------------------------------------------



Path 8: MET (1545 ps) Setup Check with Pin count_instr_reg[59]/CK->D
          Group: C2C
     Startpoint: (R) count_instr_reg[1]/CK
          Clock: (R) myclock
       Endpoint: (R) count_instr_reg[59]/D
          Clock: (R) myclock

                     Capture       Launch     
        Clock Edge:+    4000            0     
       Src Latency:+       0            0     
       Net Latency:+       0 (I)        0 (I) 
           Arrival:=    4000            0     
                                              
             Setup:-      29                  
       Uncertainty:-      20                  
     Required Time:=    3951                  
      Launch Clock:-       0                  
         Data Path:-    2406                  
             Slack:=    1545                  

#------------------------------------------------------------------------------------------------
#      Timing Point       Flags   Arc   Edge   Cell     Fanout Load Trans Delay Arrival Instance 
#                                                              (fF)  (ps)  (ps)   (ps)  Location 
#------------------------------------------------------------------------------------------------
  count_instr_reg[1]/CK   -       -     R     (arrival)   1850    -     0     0       0    (-,-) 
  count_instr_reg[1]/Q    -       CK->Q R     DFFHQX1        3  6.1    44    64      64    (-,-) 
  inc_add_1559_34_g920/CO -       A->CO R     ADDHX1         1  3.2    25    43     107    (-,-) 
  inc_add_1559_34_g919/CO -       B->CO R     ADDHX1         1  3.2    25    38     145    (-,-) 
  inc_add_1559_34_g918/CO -       B->CO R     ADDHX1         1  3.2    25    38     183    (-,-) 
  inc_add_1559_34_g917/CO -       B->CO R     ADDHX1         1  3.2    25    38     221    (-,-) 
  inc_add_1559_34_g916/CO -       B->CO R     ADDHX1         1  3.2    25    38     259    (-,-) 
  inc_add_1559_34_g915/CO -       B->CO R     ADDHX1         1  3.2    25    38     297    (-,-) 
  inc_add_1559_34_g914/CO -       B->CO R     ADDHX1         1  3.2    25    38     335    (-,-) 
  inc_add_1559_34_g913/CO -       B->CO R     ADDHX1         1  3.2    25    38     374    (-,-) 
  inc_add_1559_34_g912/CO -       B->CO R     ADDHX1         1  3.2    25    38     412    (-,-) 
  inc_add_1559_34_g911/CO -       B->CO R     ADDHX1         1  3.2    25    38     450    (-,-) 
  inc_add_1559_34_g910/CO -       B->CO R     ADDHX1         1  3.2    25    38     488    (-,-) 
  inc_add_1559_34_g909/CO -       B->CO R     ADDHX1         1  3.2    25    38     526    (-,-) 
  inc_add_1559_34_g908/CO -       B->CO R     ADDHX1         1  3.2    25    38     564    (-,-) 
  inc_add_1559_34_g907/CO -       B->CO R     ADDHX1         1  3.2    25    38     602    (-,-) 
  inc_add_1559_34_g906/CO -       B->CO R     ADDHX1         1  3.2    25    38     640    (-,-) 
  inc_add_1559_34_g905/CO -       B->CO R     ADDHX1         1  3.2    25    38     678    (-,-) 
  inc_add_1559_34_g904/CO -       B->CO R     ADDHX1         2  4.7    35    44     722    (-,-) 
  inc_add_1559_34_g903/Y  -       C->Y  R     AND3XL         1  3.2    40    54     776    (-,-) 
  inc_add_1559_34_g900/CO -       B->CO R     ADDHX1         1  3.2    25    41     816    (-,-) 
  inc_add_1559_34_g899/CO -       B->CO R     ADDHX1         1  3.2    25    38     854    (-,-) 
  inc_add_1559_34_g898/CO -       B->CO R     ADDHX1         1  3.2    25    38     893    (-,-) 
  inc_add_1559_34_g897/CO -       B->CO R     ADDHX1         1  3.2    25    38     931    (-,-) 
  inc_add_1559_34_g896/CO -       B->CO R     ADDHX1         1  3.2    25    38     969    (-,-) 
  inc_add_1559_34_g895/CO -       B->CO R     ADDHX1         1  3.2    25    38    1007    (-,-) 
  inc_add_1559_34_g894/CO -       B->CO R     ADDHX1         1  3.2    25    38    1045    (-,-) 
  inc_add_1559_34_g893/CO -       B->CO R     ADDHX1         1  3.2    25    38    1083    (-,-) 
  inc_add_1559_34_g892/CO -       B->CO R     ADDHX1         1  3.2    25    38    1121    (-,-) 
  inc_add_1559_34_g891/CO -       B->CO R     ADDHX1         1  3.2    25    38    1159    (-,-) 
  inc_add_1559_34_g890/CO -       B->CO R     ADDHX1         1  3.2    25    38    1197    (-,-) 
  inc_add_1559_34_g889/CO -       B->CO R     ADDHX1         1  3.2    25    38    1236    (-,-) 
  inc_add_1559_34_g888/CO -       B->CO R     ADDHX1         1  3.2    25    38    1274    (-,-) 
  inc_add_1559_34_g887/CO -       B->CO R     ADDHX1         1  3.2    25    38    1312    (-,-) 
  inc_add_1559_34_g886/CO -       B->CO R     ADDHX1         1  3.2    25    38    1350    (-,-) 
  inc_add_1559_34_g885/CO -       B->CO R     ADDHX1         1  3.2    25    38    1388    (-,-) 
  inc_add_1559_34_g884/CO -       B->CO R     ADDHX1         1  3.2    25    38    1426    (-,-) 
  inc_add_1559_34_g883/CO -       B->CO R     ADDHX1         1  3.2    25    38    1464    (-,-) 
  inc_add_1559_34_g882/CO -       B->CO R     ADDHX1         1  3.2    25    38    1502    (-,-) 
  inc_add_1559_34_g881/CO -       B->CO R     ADDHX1         1  3.2    25    38    1540    (-,-) 
  inc_add_1559_34_g880/CO -       B->CO R     ADDHX1         1  3.2    25    38    1578    (-,-) 
  inc_add_1559_34_g879/CO -       B->CO R     ADDHX1         1  3.2    25    38    1616    (-,-) 
  inc_add_1559_34_g878/CO -       B->CO R     ADDHX1         1  3.2    25    38    1655    (-,-) 
  inc_add_1559_34_g877/CO -       B->CO R     ADDHX1         1  3.2    25    38    1693    (-,-) 
  inc_add_1559_34_g876/CO -       B->CO R     ADDHX1         1  3.2    25    38    1731    (-,-) 
  inc_add_1559_34_g875/CO -       B->CO R     ADDHX1         1  3.2    25    38    1769    (-,-) 
  inc_add_1559_34_g874/CO -       B->CO R     ADDHX1         1  3.2    25    38    1807    (-,-) 
  inc_add_1559_34_g873/CO -       B->CO R     ADDHX1         1  3.2    25    38    1845    (-,-) 
  inc_add_1559_34_g872/CO -       B->CO R     ADDHX1         1  3.2    25    38    1883    (-,-) 
  inc_add_1559_34_g871/CO -       B->CO R     ADDHX1         1  3.2    25    38    1921    (-,-) 
  inc_add_1559_34_g870/CO -       B->CO R     ADDHX1         1  3.2    25    38    1959    (-,-) 
  inc_add_1559_34_g869/CO -       B->CO R     ADDHX1         1  3.2    25    38    1998    (-,-) 
  inc_add_1559_34_g868/CO -       B->CO R     ADDHX1         1  3.2    25    38    2036    (-,-) 
  inc_add_1559_34_g867/CO -       B->CO R     ADDHX1         1  3.2    25    38    2074    (-,-) 
  inc_add_1559_34_g866/CO -       B->CO R     ADDHX1         1  3.2    25    38    2112    (-,-) 
  inc_add_1559_34_g865/CO -       B->CO R     ADDHX1         1  3.2    25    38    2150    (-,-) 
  inc_add_1559_34_g864/CO -       B->CO R     ADDHX1         1  3.2    25    38    2188    (-,-) 
  inc_add_1559_34_g863/CO -       B->CO R     ADDHX1         1  3.2    25    38    2226    (-,-) 
  inc_add_1559_34_g862/CO -       B->CO R     ADDHX1         1  3.2    25    38    2264    (-,-) 
  inc_add_1559_34_g861/S  -       B->S  R     ADDHX1         1  2.7    22    39    2303    (-,-) 
  g108520/Y               -       A->Y  F     MXI2XL         1  2.8    81    50    2353    (-,-) 
  g107899/Y               -       B->Y  R     NOR2X1         1  2.8    53    52    2406    (-,-) 
  count_instr_reg[59]/D   -       -     R     DFFHQX1        1    -     -     0    2406    (-,-) 
#------------------------------------------------------------------------------------------------



Path 9: MET (1564 ps) Setup Check with Pin count_cycle_reg[60]/CK->D
          Group: C2C
     Startpoint: (R) count_cycle_reg[0]/CK
          Clock: (R) myclock
       Endpoint: (R) count_cycle_reg[60]/D
          Clock: (R) myclock

                     Capture       Launch     
        Clock Edge:+    4000            0     
       Src Latency:+       0            0     
       Net Latency:+       0 (I)        0 (I) 
           Arrival:=    4000            0     
                                              
             Setup:-      24                  
       Uncertainty:-      20                  
     Required Time:=    3956                  
      Launch Clock:-       0                  
         Data Path:-    2392                  
             Slack:=    1564                  

#------------------------------------------------------------------------------------------------
#      Timing Point       Flags   Arc   Edge   Cell     Fanout Load Trans Delay Arrival Instance 
#                                                              (fF)  (ps)  (ps)   (ps)  Location 
#------------------------------------------------------------------------------------------------
  count_cycle_reg[0]/CK   -       -     R     (arrival)   1850    -     0     0       0    (-,-) 
  count_cycle_reg[0]/Q    -       CK->Q R     DFFHQX1        3  6.5    46    66      66    (-,-) 
  inc_add_1428_40_g910/CO -       B->CO R     ADDHX1         1  3.2    25    42     107    (-,-) 
  inc_add_1428_40_g909/CO -       B->CO R     ADDHX1         1  3.2    25    38     146    (-,-) 
  inc_add_1428_40_g908/CO -       B->CO R     ADDHX1         1  3.2    25    38     184    (-,-) 
  inc_add_1428_40_g907/CO -       B->CO R     ADDHX1         1  3.2    25    38     222    (-,-) 
  inc_add_1428_40_g906/CO -       B->CO R     ADDHX1         1  3.2    25    38     260    (-,-) 
  inc_add_1428_40_g905/CO -       B->CO R     ADDHX1         1  3.2    25    38     298    (-,-) 
  inc_add_1428_40_g904/CO -       B->CO R     ADDHX1         1  3.2    25    38     336    (-,-) 
  inc_add_1428_40_g903/CO -       B->CO R     ADDHX1         1  3.2    25    38     374    (-,-) 
  inc_add_1428_40_g902/CO -       B->CO R     ADDHX1         1  3.2    25    38     412    (-,-) 
  inc_add_1428_40_g901/CO -       B->CO R     ADDHX1         1  3.2    25    38     450    (-,-) 
  inc_add_1428_40_g900/CO -       B->CO R     ADDHX1         1  3.2    25    38     488    (-,-) 
  inc_add_1428_40_g899/CO -       B->CO R     ADDHX1         1  3.2    25    38     526    (-,-) 
  inc_add_1428_40_g898/CO -       B->CO R     ADDHX1         1  3.2    25    38     565    (-,-) 
  inc_add_1428_40_g897/CO -       B->CO R     ADDHX1         1  3.2    25    38     603    (-,-) 
  inc_add_1428_40_g896/CO -       B->CO R     ADDHX1         1  3.2    25    38     641    (-,-) 
  inc_add_1428_40_g895/CO -       B->CO R     ADDHX1         1  3.2    25    38     679    (-,-) 
  inc_add_1428_40_g894/CO -       B->CO R     ADDHX1         1  3.2    25    38     717    (-,-) 
  inc_add_1428_40_g893/CO -       B->CO R     ADDHX1         1  3.2    25    38     755    (-,-) 
  inc_add_1428_40_g892/CO -       B->CO R     ADDHX1         1  3.2    25    38     793    (-,-) 
  inc_add_1428_40_g891/CO -       B->CO R     ADDHX1         1  3.2    25    38     831    (-,-) 
  inc_add_1428_40_g890/CO -       B->CO R     ADDHX1         1  3.2    25    38     869    (-,-) 
  inc_add_1428_40_g889/CO -       B->CO R     ADDHX1         1  3.2    25    38     908    (-,-) 
  inc_add_1428_40_g888/CO -       B->CO R     ADDHX1         1  3.2    25    38     946    (-,-) 
  inc_add_1428_40_g887/CO -       B->CO R     ADDHX1         1  3.2    25    38     984    (-,-) 
  inc_add_1428_40_g886/CO -       B->CO R     ADDHX1         1  3.2    25    38    1022    (-,-) 
  inc_add_1428_40_g885/CO -       B->CO R     ADDHX1         1  3.2    25    38    1060    (-,-) 
  inc_add_1428_40_g884/CO -       B->CO R     ADDHX1         1  3.2    25    38    1098    (-,-) 
  inc_add_1428_40_g883/CO -       B->CO R     ADDHX1         1  3.2    25    38    1136    (-,-) 
  inc_add_1428_40_g882/CO -       B->CO R     ADDHX1         1  3.2    25    38    1174    (-,-) 
  inc_add_1428_40_g881/CO -       B->CO R     ADDHX1         1  3.2    25    38    1212    (-,-) 
  inc_add_1428_40_g880/CO -       B->CO R     ADDHX1         1  3.2    25    38    1250    (-,-) 
  inc_add_1428_40_g879/CO -       B->CO R     ADDHX1         1  3.2    25    38    1288    (-,-) 
  inc_add_1428_40_g878/CO -       B->CO R     ADDHX1         1  3.2    25    38    1327    (-,-) 
  inc_add_1428_40_g877/CO -       B->CO R     ADDHX1         1  3.2    25    38    1365    (-,-) 
  inc_add_1428_40_g876/CO -       B->CO R     ADDHX1         1  3.2    25    38    1403    (-,-) 
  inc_add_1428_40_g875/CO -       B->CO R     ADDHX1         1  3.2    25    38    1441    (-,-) 
  inc_add_1428_40_g874/CO -       B->CO R     ADDHX1         1  3.2    25    38    1479    (-,-) 
  inc_add_1428_40_g873/CO -       B->CO R     ADDHX1         1  3.2    25    38    1517    (-,-) 
  inc_add_1428_40_g872/CO -       B->CO R     ADDHX1         1  3.2    25    38    1555    (-,-) 
  inc_add_1428_40_g871/CO -       B->CO R     ADDHX1         1  3.2    25    38    1593    (-,-) 
  inc_add_1428_40_g870/CO -       B->CO R     ADDHX1         1  3.2    25    38    1631    (-,-) 
  inc_add_1428_40_g869/CO -       B->CO R     ADDHX1         1  3.2    25    38    1670    (-,-) 
  inc_add_1428_40_g868/CO -       B->CO R     ADDHX1         1  3.2    25    38    1708    (-,-) 
  inc_add_1428_40_g867/CO -       B->CO R     ADDHX1         1  3.2    25    38    1746    (-,-) 
  inc_add_1428_40_g866/CO -       B->CO R     ADDHX1         1  3.2    25    38    1784    (-,-) 
  inc_add_1428_40_g865/CO -       B->CO R     ADDHX1         1  3.2    25    38    1822    (-,-) 
  inc_add_1428_40_g864/CO -       B->CO R     ADDHX1         1  3.2    25    38    1860    (-,-) 
  inc_add_1428_40_g863/CO -       B->CO R     ADDHX1         1  3.2    25    38    1898    (-,-) 
  inc_add_1428_40_g862/CO -       B->CO R     ADDHX1         1  3.2    25    38    1936    (-,-) 
  inc_add_1428_40_g861/CO -       B->CO R     ADDHX1         1  3.2    25    38    1974    (-,-) 
  inc_add_1428_40_g860/CO -       B->CO R     ADDHX1         1  3.2    25    38    2012    (-,-) 
  inc_add_1428_40_g859/CO -       B->CO R     ADDHX1         1  3.2    25    38    2050    (-,-) 
  inc_add_1428_40_g858/CO -       B->CO R     ADDHX1         1  3.2    25    38    2089    (-,-) 
  inc_add_1428_40_g857/CO -       B->CO R     ADDHX1         1  3.2    25    38    2127    (-,-) 
  inc_add_1428_40_g856/CO -       B->CO R     ADDHX1         1  3.2    25    38    2165    (-,-) 
  inc_add_1428_40_g855/CO -       B->CO R     ADDHX1         1  3.2    25    38    2203    (-,-) 
  inc_add_1428_40_g854/CO -       B->CO R     ADDHX1         1  3.2    25    38    2241    (-,-) 
  inc_add_1428_40_g853/CO -       B->CO R     ADDHX1         1  3.2    25    38    2279    (-,-) 
  inc_add_1428_40_g852/CO -       B->CO R     ADDHX1         1  3.2    25    38    2317    (-,-) 
  inc_add_1428_40_g851/S  -       B->S  R     ADDHX1         1  2.7    22    39    2356    (-,-) 
  g109054/Y               -       A->Y  R     AND2X1         1  2.8    23    36    2392    (-,-) 
  count_cycle_reg[60]/D   -       -     R     DFFHQX1        1    -     -     0    2392    (-,-) 
#------------------------------------------------------------------------------------------------



Path 10: MET (1584 ps) Setup Check with Pin count_instr_reg[58]/CK->D
          Group: C2C
     Startpoint: (R) count_instr_reg[1]/CK
          Clock: (R) myclock
       Endpoint: (R) count_instr_reg[58]/D
          Clock: (R) myclock

                     Capture       Launch     
        Clock Edge:+    4000            0     
       Src Latency:+       0            0     
       Net Latency:+       0 (I)        0 (I) 
           Arrival:=    4000            0     
                                              
             Setup:-      29                  
       Uncertainty:-      20                  
     Required Time:=    3951                  
      Launch Clock:-       0                  
         Data Path:-    2367                  
             Slack:=    1584                  

#------------------------------------------------------------------------------------------------
#      Timing Point       Flags   Arc   Edge   Cell     Fanout Load Trans Delay Arrival Instance 
#                                                              (fF)  (ps)  (ps)   (ps)  Location 
#------------------------------------------------------------------------------------------------
  count_instr_reg[1]/CK   -       -     R     (arrival)   1850    -     0     0       0    (-,-) 
  count_instr_reg[1]/Q    -       CK->Q R     DFFHQX1        3  6.1    44    64      64    (-,-) 
  inc_add_1559_34_g920/CO -       A->CO R     ADDHX1         1  3.2    25    43     107    (-,-) 
  inc_add_1559_34_g919/CO -       B->CO R     ADDHX1         1  3.2    25    38     145    (-,-) 
  inc_add_1559_34_g918/CO -       B->CO R     ADDHX1         1  3.2    25    38     183    (-,-) 
  inc_add_1559_34_g917/CO -       B->CO R     ADDHX1         1  3.2    25    38     221    (-,-) 
  inc_add_1559_34_g916/CO -       B->CO R     ADDHX1         1  3.2    25    38     259    (-,-) 
  inc_add_1559_34_g915/CO -       B->CO R     ADDHX1         1  3.2    25    38     297    (-,-) 
  inc_add_1559_34_g914/CO -       B->CO R     ADDHX1         1  3.2    25    38     335    (-,-) 
  inc_add_1559_34_g913/CO -       B->CO R     ADDHX1         1  3.2    25    38     374    (-,-) 
  inc_add_1559_34_g912/CO -       B->CO R     ADDHX1         1  3.2    25    38     412    (-,-) 
  inc_add_1559_34_g911/CO -       B->CO R     ADDHX1         1  3.2    25    38     450    (-,-) 
  inc_add_1559_34_g910/CO -       B->CO R     ADDHX1         1  3.2    25    38     488    (-,-) 
  inc_add_1559_34_g909/CO -       B->CO R     ADDHX1         1  3.2    25    38     526    (-,-) 
  inc_add_1559_34_g908/CO -       B->CO R     ADDHX1         1  3.2    25    38     564    (-,-) 
  inc_add_1559_34_g907/CO -       B->CO R     ADDHX1         1  3.2    25    38     602    (-,-) 
  inc_add_1559_34_g906/CO -       B->CO R     ADDHX1         1  3.2    25    38     640    (-,-) 
  inc_add_1559_34_g905/CO -       B->CO R     ADDHX1         1  3.2    25    38     678    (-,-) 
  inc_add_1559_34_g904/CO -       B->CO R     ADDHX1         2  4.7    35    44     722    (-,-) 
  inc_add_1559_34_g903/Y  -       C->Y  R     AND3XL         1  3.2    40    54     776    (-,-) 
  inc_add_1559_34_g900/CO -       B->CO R     ADDHX1         1  3.2    25    41     816    (-,-) 
  inc_add_1559_34_g899/CO -       B->CO R     ADDHX1         1  3.2    25    38     854    (-,-) 
  inc_add_1559_34_g898/CO -       B->CO R     ADDHX1         1  3.2    25    38     893    (-,-) 
  inc_add_1559_34_g897/CO -       B->CO R     ADDHX1         1  3.2    25    38     931    (-,-) 
  inc_add_1559_34_g896/CO -       B->CO R     ADDHX1         1  3.2    25    38     969    (-,-) 
  inc_add_1559_34_g895/CO -       B->CO R     ADDHX1         1  3.2    25    38    1007    (-,-) 
  inc_add_1559_34_g894/CO -       B->CO R     ADDHX1         1  3.2    25    38    1045    (-,-) 
  inc_add_1559_34_g893/CO -       B->CO R     ADDHX1         1  3.2    25    38    1083    (-,-) 
  inc_add_1559_34_g892/CO -       B->CO R     ADDHX1         1  3.2    25    38    1121    (-,-) 
  inc_add_1559_34_g891/CO -       B->CO R     ADDHX1         1  3.2    25    38    1159    (-,-) 
  inc_add_1559_34_g890/CO -       B->CO R     ADDHX1         1  3.2    25    38    1197    (-,-) 
  inc_add_1559_34_g889/CO -       B->CO R     ADDHX1         1  3.2    25    38    1236    (-,-) 
  inc_add_1559_34_g888/CO -       B->CO R     ADDHX1         1  3.2    25    38    1274    (-,-) 
  inc_add_1559_34_g887/CO -       B->CO R     ADDHX1         1  3.2    25    38    1312    (-,-) 
  inc_add_1559_34_g886/CO -       B->CO R     ADDHX1         1  3.2    25    38    1350    (-,-) 
  inc_add_1559_34_g885/CO -       B->CO R     ADDHX1         1  3.2    25    38    1388    (-,-) 
  inc_add_1559_34_g884/CO -       B->CO R     ADDHX1         1  3.2    25    38    1426    (-,-) 
  inc_add_1559_34_g883/CO -       B->CO R     ADDHX1         1  3.2    25    38    1464    (-,-) 
  inc_add_1559_34_g882/CO -       B->CO R     ADDHX1         1  3.2    25    38    1502    (-,-) 
  inc_add_1559_34_g881/CO -       B->CO R     ADDHX1         1  3.2    25    38    1540    (-,-) 
  inc_add_1559_34_g880/CO -       B->CO R     ADDHX1         1  3.2    25    38    1578    (-,-) 
  inc_add_1559_34_g879/CO -       B->CO R     ADDHX1         1  3.2    25    38    1616    (-,-) 
  inc_add_1559_34_g878/CO -       B->CO R     ADDHX1         1  3.2    25    38    1655    (-,-) 
  inc_add_1559_34_g877/CO -       B->CO R     ADDHX1         1  3.2    25    38    1693    (-,-) 
  inc_add_1559_34_g876/CO -       B->CO R     ADDHX1         1  3.2    25    38    1731    (-,-) 
  inc_add_1559_34_g875/CO -       B->CO R     ADDHX1         1  3.2    25    38    1769    (-,-) 
  inc_add_1559_34_g874/CO -       B->CO R     ADDHX1         1  3.2    25    38    1807    (-,-) 
  inc_add_1559_34_g873/CO -       B->CO R     ADDHX1         1  3.2    25    38    1845    (-,-) 
  inc_add_1559_34_g872/CO -       B->CO R     ADDHX1         1  3.2    25    38    1883    (-,-) 
  inc_add_1559_34_g871/CO -       B->CO R     ADDHX1         1  3.2    25    38    1921    (-,-) 
  inc_add_1559_34_g870/CO -       B->CO R     ADDHX1         1  3.2    25    38    1959    (-,-) 
  inc_add_1559_34_g869/CO -       B->CO R     ADDHX1         1  3.2    25    38    1998    (-,-) 
  inc_add_1559_34_g868/CO -       B->CO R     ADDHX1         1  3.2    25    38    2036    (-,-) 
  inc_add_1559_34_g867/CO -       B->CO R     ADDHX1         1  3.2    25    38    2074    (-,-) 
  inc_add_1559_34_g866/CO -       B->CO R     ADDHX1         1  3.2    25    38    2112    (-,-) 
  inc_add_1559_34_g865/CO -       B->CO R     ADDHX1         1  3.2    25    38    2150    (-,-) 
  inc_add_1559_34_g864/CO -       B->CO R     ADDHX1         1  3.2    25    38    2188    (-,-) 
  inc_add_1559_34_g863/CO -       B->CO R     ADDHX1         1  3.2    25    38    2226    (-,-) 
  inc_add_1559_34_g862/S  -       B->S  R     ADDHX1         1  2.7    22    39    2265    (-,-) 
  g108518/Y               -       A->Y  F     MXI2XL         1  2.8    81    50    2315    (-,-) 
  g107826/Y               -       B->Y  R     NOR2X1         1  2.8    52    52    2367    (-,-) 
  count_instr_reg[58]/D   -       -     R     DFFHQX1        1    -     -     0    2367    (-,-) 
#------------------------------------------------------------------------------------------------



Path 11: MET (1603 ps) Setup Check with Pin count_cycle_reg[59]/CK->D
          Group: C2C
     Startpoint: (R) count_cycle_reg[0]/CK
          Clock: (R) myclock
       Endpoint: (R) count_cycle_reg[59]/D
          Clock: (R) myclock

                     Capture       Launch     
        Clock Edge:+    4000            0     
       Src Latency:+       0            0     
       Net Latency:+       0 (I)        0 (I) 
           Arrival:=    4000            0     
                                              
             Setup:-      24                  
       Uncertainty:-      20                  
     Required Time:=    3956                  
      Launch Clock:-       0                  
         Data Path:-    2354                  
             Slack:=    1603                  

#------------------------------------------------------------------------------------------------
#      Timing Point       Flags   Arc   Edge   Cell     Fanout Load Trans Delay Arrival Instance 
#                                                              (fF)  (ps)  (ps)   (ps)  Location 
#------------------------------------------------------------------------------------------------
  count_cycle_reg[0]/CK   -       -     R     (arrival)   1850    -     0     0       0    (-,-) 
  count_cycle_reg[0]/Q    -       CK->Q R     DFFHQX1        3  6.5    46    66      66    (-,-) 
  inc_add_1428_40_g910/CO -       B->CO R     ADDHX1         1  3.2    25    42     107    (-,-) 
  inc_add_1428_40_g909/CO -       B->CO R     ADDHX1         1  3.2    25    38     146    (-,-) 
  inc_add_1428_40_g908/CO -       B->CO R     ADDHX1         1  3.2    25    38     184    (-,-) 
  inc_add_1428_40_g907/CO -       B->CO R     ADDHX1         1  3.2    25    38     222    (-,-) 
  inc_add_1428_40_g906/CO -       B->CO R     ADDHX1         1  3.2    25    38     260    (-,-) 
  inc_add_1428_40_g905/CO -       B->CO R     ADDHX1         1  3.2    25    38     298    (-,-) 
  inc_add_1428_40_g904/CO -       B->CO R     ADDHX1         1  3.2    25    38     336    (-,-) 
  inc_add_1428_40_g903/CO -       B->CO R     ADDHX1         1  3.2    25    38     374    (-,-) 
  inc_add_1428_40_g902/CO -       B->CO R     ADDHX1         1  3.2    25    38     412    (-,-) 
  inc_add_1428_40_g901/CO -       B->CO R     ADDHX1         1  3.2    25    38     450    (-,-) 
  inc_add_1428_40_g900/CO -       B->CO R     ADDHX1         1  3.2    25    38     488    (-,-) 
  inc_add_1428_40_g899/CO -       B->CO R     ADDHX1         1  3.2    25    38     526    (-,-) 
  inc_add_1428_40_g898/CO -       B->CO R     ADDHX1         1  3.2    25    38     565    (-,-) 
  inc_add_1428_40_g897/CO -       B->CO R     ADDHX1         1  3.2    25    38     603    (-,-) 
  inc_add_1428_40_g896/CO -       B->CO R     ADDHX1         1  3.2    25    38     641    (-,-) 
  inc_add_1428_40_g895/CO -       B->CO R     ADDHX1         1  3.2    25    38     679    (-,-) 
  inc_add_1428_40_g894/CO -       B->CO R     ADDHX1         1  3.2    25    38     717    (-,-) 
  inc_add_1428_40_g893/CO -       B->CO R     ADDHX1         1  3.2    25    38     755    (-,-) 
  inc_add_1428_40_g892/CO -       B->CO R     ADDHX1         1  3.2    25    38     793    (-,-) 
  inc_add_1428_40_g891/CO -       B->CO R     ADDHX1         1  3.2    25    38     831    (-,-) 
  inc_add_1428_40_g890/CO -       B->CO R     ADDHX1         1  3.2    25    38     869    (-,-) 
  inc_add_1428_40_g889/CO -       B->CO R     ADDHX1         1  3.2    25    38     908    (-,-) 
  inc_add_1428_40_g888/CO -       B->CO R     ADDHX1         1  3.2    25    38     946    (-,-) 
  inc_add_1428_40_g887/CO -       B->CO R     ADDHX1         1  3.2    25    38     984    (-,-) 
  inc_add_1428_40_g886/CO -       B->CO R     ADDHX1         1  3.2    25    38    1022    (-,-) 
  inc_add_1428_40_g885/CO -       B->CO R     ADDHX1         1  3.2    25    38    1060    (-,-) 
  inc_add_1428_40_g884/CO -       B->CO R     ADDHX1         1  3.2    25    38    1098    (-,-) 
  inc_add_1428_40_g883/CO -       B->CO R     ADDHX1         1  3.2    25    38    1136    (-,-) 
  inc_add_1428_40_g882/CO -       B->CO R     ADDHX1         1  3.2    25    38    1174    (-,-) 
  inc_add_1428_40_g881/CO -       B->CO R     ADDHX1         1  3.2    25    38    1212    (-,-) 
  inc_add_1428_40_g880/CO -       B->CO R     ADDHX1         1  3.2    25    38    1250    (-,-) 
  inc_add_1428_40_g879/CO -       B->CO R     ADDHX1         1  3.2    25    38    1288    (-,-) 
  inc_add_1428_40_g878/CO -       B->CO R     ADDHX1         1  3.2    25    38    1327    (-,-) 
  inc_add_1428_40_g877/CO -       B->CO R     ADDHX1         1  3.2    25    38    1365    (-,-) 
  inc_add_1428_40_g876/CO -       B->CO R     ADDHX1         1  3.2    25    38    1403    (-,-) 
  inc_add_1428_40_g875/CO -       B->CO R     ADDHX1         1  3.2    25    38    1441    (-,-) 
  inc_add_1428_40_g874/CO -       B->CO R     ADDHX1         1  3.2    25    38    1479    (-,-) 
  inc_add_1428_40_g873/CO -       B->CO R     ADDHX1         1  3.2    25    38    1517    (-,-) 
  inc_add_1428_40_g872/CO -       B->CO R     ADDHX1         1  3.2    25    38    1555    (-,-) 
  inc_add_1428_40_g871/CO -       B->CO R     ADDHX1         1  3.2    25    38    1593    (-,-) 
  inc_add_1428_40_g870/CO -       B->CO R     ADDHX1         1  3.2    25    38    1631    (-,-) 
  inc_add_1428_40_g869/CO -       B->CO R     ADDHX1         1  3.2    25    38    1670    (-,-) 
  inc_add_1428_40_g868/CO -       B->CO R     ADDHX1         1  3.2    25    38    1708    (-,-) 
  inc_add_1428_40_g867/CO -       B->CO R     ADDHX1         1  3.2    25    38    1746    (-,-) 
  inc_add_1428_40_g866/CO -       B->CO R     ADDHX1         1  3.2    25    38    1784    (-,-) 
  inc_add_1428_40_g865/CO -       B->CO R     ADDHX1         1  3.2    25    38    1822    (-,-) 
  inc_add_1428_40_g864/CO -       B->CO R     ADDHX1         1  3.2    25    38    1860    (-,-) 
  inc_add_1428_40_g863/CO -       B->CO R     ADDHX1         1  3.2    25    38    1898    (-,-) 
  inc_add_1428_40_g862/CO -       B->CO R     ADDHX1         1  3.2    25    38    1936    (-,-) 
  inc_add_1428_40_g861/CO -       B->CO R     ADDHX1         1  3.2    25    38    1974    (-,-) 
  inc_add_1428_40_g860/CO -       B->CO R     ADDHX1         1  3.2    25    38    2012    (-,-) 
  inc_add_1428_40_g859/CO -       B->CO R     ADDHX1         1  3.2    25    38    2050    (-,-) 
  inc_add_1428_40_g858/CO -       B->CO R     ADDHX1         1  3.2    25    38    2089    (-,-) 
  inc_add_1428_40_g857/CO -       B->CO R     ADDHX1         1  3.2    25    38    2127    (-,-) 
  inc_add_1428_40_g856/CO -       B->CO R     ADDHX1         1  3.2    25    38    2165    (-,-) 
  inc_add_1428_40_g855/CO -       B->CO R     ADDHX1         1  3.2    25    38    2203    (-,-) 
  inc_add_1428_40_g854/CO -       B->CO R     ADDHX1         1  3.2    25    38    2241    (-,-) 
  inc_add_1428_40_g853/CO -       B->CO R     ADDHX1         1  3.2    25    38    2279    (-,-) 
  inc_add_1428_40_g852/S  -       B->S  R     ADDHX1         1  2.7    22    39    2318    (-,-) 
  g108885/Y               -       A->Y  R     AND2X1         1  2.8    23    36    2354    (-,-) 
  count_cycle_reg[59]/D   -       -     R     DFFHQX1        1    -     -     0    2354    (-,-) 
#------------------------------------------------------------------------------------------------



Path 12: MET (1622 ps) Setup Check with Pin count_instr_reg[57]/CK->D
          Group: C2C
     Startpoint: (R) count_instr_reg[1]/CK
          Clock: (R) myclock
       Endpoint: (R) count_instr_reg[57]/D
          Clock: (R) myclock

                     Capture       Launch     
        Clock Edge:+    4000            0     
       Src Latency:+       0            0     
       Net Latency:+       0 (I)        0 (I) 
           Arrival:=    4000            0     
                                              
             Setup:-      29                  
       Uncertainty:-      20                  
     Required Time:=    3951                  
      Launch Clock:-       0                  
         Data Path:-    2329                  
             Slack:=    1622                  

#------------------------------------------------------------------------------------------------
#      Timing Point       Flags   Arc   Edge   Cell     Fanout Load Trans Delay Arrival Instance 
#                                                              (fF)  (ps)  (ps)   (ps)  Location 
#------------------------------------------------------------------------------------------------
  count_instr_reg[1]/CK   -       -     R     (arrival)   1850    -     0     0       0    (-,-) 
  count_instr_reg[1]/Q    -       CK->Q R     DFFHQX1        3  6.1    44    64      64    (-,-) 
  inc_add_1559_34_g920/CO -       A->CO R     ADDHX1         1  3.2    25    43     107    (-,-) 
  inc_add_1559_34_g919/CO -       B->CO R     ADDHX1         1  3.2    25    38     145    (-,-) 
  inc_add_1559_34_g918/CO -       B->CO R     ADDHX1         1  3.2    25    38     183    (-,-) 
  inc_add_1559_34_g917/CO -       B->CO R     ADDHX1         1  3.2    25    38     221    (-,-) 
  inc_add_1559_34_g916/CO -       B->CO R     ADDHX1         1  3.2    25    38     259    (-,-) 
  inc_add_1559_34_g915/CO -       B->CO R     ADDHX1         1  3.2    25    38     297    (-,-) 
  inc_add_1559_34_g914/CO -       B->CO R     ADDHX1         1  3.2    25    38     335    (-,-) 
  inc_add_1559_34_g913/CO -       B->CO R     ADDHX1         1  3.2    25    38     374    (-,-) 
  inc_add_1559_34_g912/CO -       B->CO R     ADDHX1         1  3.2    25    38     412    (-,-) 
  inc_add_1559_34_g911/CO -       B->CO R     ADDHX1         1  3.2    25    38     450    (-,-) 
  inc_add_1559_34_g910/CO -       B->CO R     ADDHX1         1  3.2    25    38     488    (-,-) 
  inc_add_1559_34_g909/CO -       B->CO R     ADDHX1         1  3.2    25    38     526    (-,-) 
  inc_add_1559_34_g908/CO -       B->CO R     ADDHX1         1  3.2    25    38     564    (-,-) 
  inc_add_1559_34_g907/CO -       B->CO R     ADDHX1         1  3.2    25    38     602    (-,-) 
  inc_add_1559_34_g906/CO -       B->CO R     ADDHX1         1  3.2    25    38     640    (-,-) 
  inc_add_1559_34_g905/CO -       B->CO R     ADDHX1         1  3.2    25    38     678    (-,-) 
  inc_add_1559_34_g904/CO -       B->CO R     ADDHX1         2  4.7    35    44     722    (-,-) 
  inc_add_1559_34_g903/Y  -       C->Y  R     AND3XL         1  3.2    40    54     776    (-,-) 
  inc_add_1559_34_g900/CO -       B->CO R     ADDHX1         1  3.2    25    41     816    (-,-) 
  inc_add_1559_34_g899/CO -       B->CO R     ADDHX1         1  3.2    25    38     854    (-,-) 
  inc_add_1559_34_g898/CO -       B->CO R     ADDHX1         1  3.2    25    38     893    (-,-) 
  inc_add_1559_34_g897/CO -       B->CO R     ADDHX1         1  3.2    25    38     931    (-,-) 
  inc_add_1559_34_g896/CO -       B->CO R     ADDHX1         1  3.2    25    38     969    (-,-) 
  inc_add_1559_34_g895/CO -       B->CO R     ADDHX1         1  3.2    25    38    1007    (-,-) 
  inc_add_1559_34_g894/CO -       B->CO R     ADDHX1         1  3.2    25    38    1045    (-,-) 
  inc_add_1559_34_g893/CO -       B->CO R     ADDHX1         1  3.2    25    38    1083    (-,-) 
  inc_add_1559_34_g892/CO -       B->CO R     ADDHX1         1  3.2    25    38    1121    (-,-) 
  inc_add_1559_34_g891/CO -       B->CO R     ADDHX1         1  3.2    25    38    1159    (-,-) 
  inc_add_1559_34_g890/CO -       B->CO R     ADDHX1         1  3.2    25    38    1197    (-,-) 
  inc_add_1559_34_g889/CO -       B->CO R     ADDHX1         1  3.2    25    38    1236    (-,-) 
  inc_add_1559_34_g888/CO -       B->CO R     ADDHX1         1  3.2    25    38    1274    (-,-) 
  inc_add_1559_34_g887/CO -       B->CO R     ADDHX1         1  3.2    25    38    1312    (-,-) 
  inc_add_1559_34_g886/CO -       B->CO R     ADDHX1         1  3.2    25    38    1350    (-,-) 
  inc_add_1559_34_g885/CO -       B->CO R     ADDHX1         1  3.2    25    38    1388    (-,-) 
  inc_add_1559_34_g884/CO -       B->CO R     ADDHX1         1  3.2    25    38    1426    (-,-) 
  inc_add_1559_34_g883/CO -       B->CO R     ADDHX1         1  3.2    25    38    1464    (-,-) 
  inc_add_1559_34_g882/CO -       B->CO R     ADDHX1         1  3.2    25    38    1502    (-,-) 
  inc_add_1559_34_g881/CO -       B->CO R     ADDHX1         1  3.2    25    38    1540    (-,-) 
  inc_add_1559_34_g880/CO -       B->CO R     ADDHX1         1  3.2    25    38    1578    (-,-) 
  inc_add_1559_34_g879/CO -       B->CO R     ADDHX1         1  3.2    25    38    1616    (-,-) 
  inc_add_1559_34_g878/CO -       B->CO R     ADDHX1         1  3.2    25    38    1655    (-,-) 
  inc_add_1559_34_g877/CO -       B->CO R     ADDHX1         1  3.2    25    38    1693    (-,-) 
  inc_add_1559_34_g876/CO -       B->CO R     ADDHX1         1  3.2    25    38    1731    (-,-) 
  inc_add_1559_34_g875/CO -       B->CO R     ADDHX1         1  3.2    25    38    1769    (-,-) 
  inc_add_1559_34_g874/CO -       B->CO R     ADDHX1         1  3.2    25    38    1807    (-,-) 
  inc_add_1559_34_g873/CO -       B->CO R     ADDHX1         1  3.2    25    38    1845    (-,-) 
  inc_add_1559_34_g872/CO -       B->CO R     ADDHX1         1  3.2    25    38    1883    (-,-) 
  inc_add_1559_34_g871/CO -       B->CO R     ADDHX1         1  3.2    25    38    1921    (-,-) 
  inc_add_1559_34_g870/CO -       B->CO R     ADDHX1         1  3.2    25    38    1959    (-,-) 
  inc_add_1559_34_g869/CO -       B->CO R     ADDHX1         1  3.2    25    38    1998    (-,-) 
  inc_add_1559_34_g868/CO -       B->CO R     ADDHX1         1  3.2    25    38    2036    (-,-) 
  inc_add_1559_34_g867/CO -       B->CO R     ADDHX1         1  3.2    25    38    2074    (-,-) 
  inc_add_1559_34_g866/CO -       B->CO R     ADDHX1         1  3.2    25    38    2112    (-,-) 
  inc_add_1559_34_g865/CO -       B->CO R     ADDHX1         1  3.2    25    38    2150    (-,-) 
  inc_add_1559_34_g864/CO -       B->CO R     ADDHX1         1  3.2    25    38    2188    (-,-) 
  inc_add_1559_34_g863/S  -       B->S  R     ADDHX1         1  2.7    22    39    2227    (-,-) 
  g108517/Y               -       A->Y  F     MXI2XL         1  2.8    81    50    2277    (-,-) 
  g107827/Y               -       B->Y  R     NOR2X1         1  2.8    52    52    2329    (-,-) 
  count_instr_reg[57]/D   -       -     R     DFFHQX1        1    -     -     0    2329    (-,-) 
#------------------------------------------------------------------------------------------------



Path 13: MET (1641 ps) Setup Check with Pin count_cycle_reg[58]/CK->D
          Group: C2C
     Startpoint: (R) count_cycle_reg[0]/CK
          Clock: (R) myclock
       Endpoint: (R) count_cycle_reg[58]/D
          Clock: (R) myclock

                     Capture       Launch     
        Clock Edge:+    4000            0     
       Src Latency:+       0            0     
       Net Latency:+       0 (I)        0 (I) 
           Arrival:=    4000            0     
                                              
             Setup:-      23                  
       Uncertainty:-      20                  
     Required Time:=    3957                  
      Launch Clock:-       0                  
         Data Path:-    2316                  
             Slack:=    1641                  

#------------------------------------------------------------------------------------------------
#      Timing Point       Flags   Arc   Edge   Cell     Fanout Load Trans Delay Arrival Instance 
#                                                              (fF)  (ps)  (ps)   (ps)  Location 
#------------------------------------------------------------------------------------------------
  count_cycle_reg[0]/CK   -       -     R     (arrival)   1850    -     0     0       0    (-,-) 
  count_cycle_reg[0]/Q    -       CK->Q R     DFFHQX1        3  6.5    46    66      66    (-,-) 
  inc_add_1428_40_g910/CO -       B->CO R     ADDHX1         1  3.2    25    42     107    (-,-) 
  inc_add_1428_40_g909/CO -       B->CO R     ADDHX1         1  3.2    25    38     146    (-,-) 
  inc_add_1428_40_g908/CO -       B->CO R     ADDHX1         1  3.2    25    38     184    (-,-) 
  inc_add_1428_40_g907/CO -       B->CO R     ADDHX1         1  3.2    25    38     222    (-,-) 
  inc_add_1428_40_g906/CO -       B->CO R     ADDHX1         1  3.2    25    38     260    (-,-) 
  inc_add_1428_40_g905/CO -       B->CO R     ADDHX1         1  3.2    25    38     298    (-,-) 
  inc_add_1428_40_g904/CO -       B->CO R     ADDHX1         1  3.2    25    38     336    (-,-) 
  inc_add_1428_40_g903/CO -       B->CO R     ADDHX1         1  3.2    25    38     374    (-,-) 
  inc_add_1428_40_g902/CO -       B->CO R     ADDHX1         1  3.2    25    38     412    (-,-) 
  inc_add_1428_40_g901/CO -       B->CO R     ADDHX1         1  3.2    25    38     450    (-,-) 
  inc_add_1428_40_g900/CO -       B->CO R     ADDHX1         1  3.2    25    38     488    (-,-) 
  inc_add_1428_40_g899/CO -       B->CO R     ADDHX1         1  3.2    25    38     526    (-,-) 
  inc_add_1428_40_g898/CO -       B->CO R     ADDHX1         1  3.2    25    38     565    (-,-) 
  inc_add_1428_40_g897/CO -       B->CO R     ADDHX1         1  3.2    25    38     603    (-,-) 
  inc_add_1428_40_g896/CO -       B->CO R     ADDHX1         1  3.2    25    38     641    (-,-) 
  inc_add_1428_40_g895/CO -       B->CO R     ADDHX1         1  3.2    25    38     679    (-,-) 
  inc_add_1428_40_g894/CO -       B->CO R     ADDHX1         1  3.2    25    38     717    (-,-) 
  inc_add_1428_40_g893/CO -       B->CO R     ADDHX1         1  3.2    25    38     755    (-,-) 
  inc_add_1428_40_g892/CO -       B->CO R     ADDHX1         1  3.2    25    38     793    (-,-) 
  inc_add_1428_40_g891/CO -       B->CO R     ADDHX1         1  3.2    25    38     831    (-,-) 
  inc_add_1428_40_g890/CO -       B->CO R     ADDHX1         1  3.2    25    38     869    (-,-) 
  inc_add_1428_40_g889/CO -       B->CO R     ADDHX1         1  3.2    25    38     908    (-,-) 
  inc_add_1428_40_g888/CO -       B->CO R     ADDHX1         1  3.2    25    38     946    (-,-) 
  inc_add_1428_40_g887/CO -       B->CO R     ADDHX1         1  3.2    25    38     984    (-,-) 
  inc_add_1428_40_g886/CO -       B->CO R     ADDHX1         1  3.2    25    38    1022    (-,-) 
  inc_add_1428_40_g885/CO -       B->CO R     ADDHX1         1  3.2    25    38    1060    (-,-) 
  inc_add_1428_40_g884/CO -       B->CO R     ADDHX1         1  3.2    25    38    1098    (-,-) 
  inc_add_1428_40_g883/CO -       B->CO R     ADDHX1         1  3.2    25    38    1136    (-,-) 
  inc_add_1428_40_g882/CO -       B->CO R     ADDHX1         1  3.2    25    38    1174    (-,-) 
  inc_add_1428_40_g881/CO -       B->CO R     ADDHX1         1  3.2    25    38    1212    (-,-) 
  inc_add_1428_40_g880/CO -       B->CO R     ADDHX1         1  3.2    25    38    1250    (-,-) 
  inc_add_1428_40_g879/CO -       B->CO R     ADDHX1         1  3.2    25    38    1288    (-,-) 
  inc_add_1428_40_g878/CO -       B->CO R     ADDHX1         1  3.2    25    38    1327    (-,-) 
  inc_add_1428_40_g877/CO -       B->CO R     ADDHX1         1  3.2    25    38    1365    (-,-) 
  inc_add_1428_40_g876/CO -       B->CO R     ADDHX1         1  3.2    25    38    1403    (-,-) 
  inc_add_1428_40_g875/CO -       B->CO R     ADDHX1         1  3.2    25    38    1441    (-,-) 
  inc_add_1428_40_g874/CO -       B->CO R     ADDHX1         1  3.2    25    38    1479    (-,-) 
  inc_add_1428_40_g873/CO -       B->CO R     ADDHX1         1  3.2    25    38    1517    (-,-) 
  inc_add_1428_40_g872/CO -       B->CO R     ADDHX1         1  3.2    25    38    1555    (-,-) 
  inc_add_1428_40_g871/CO -       B->CO R     ADDHX1         1  3.2    25    38    1593    (-,-) 
  inc_add_1428_40_g870/CO -       B->CO R     ADDHX1         1  3.2    25    38    1631    (-,-) 
  inc_add_1428_40_g869/CO -       B->CO R     ADDHX1         1  3.2    25    38    1670    (-,-) 
  inc_add_1428_40_g868/CO -       B->CO R     ADDHX1         1  3.2    25    38    1708    (-,-) 
  inc_add_1428_40_g867/CO -       B->CO R     ADDHX1         1  3.2    25    38    1746    (-,-) 
  inc_add_1428_40_g866/CO -       B->CO R     ADDHX1         1  3.2    25    38    1784    (-,-) 
  inc_add_1428_40_g865/CO -       B->CO R     ADDHX1         1  3.2    25    38    1822    (-,-) 
  inc_add_1428_40_g864/CO -       B->CO R     ADDHX1         1  3.2    25    38    1860    (-,-) 
  inc_add_1428_40_g863/CO -       B->CO R     ADDHX1         1  3.2    25    38    1898    (-,-) 
  inc_add_1428_40_g862/CO -       B->CO R     ADDHX1         1  3.2    25    38    1936    (-,-) 
  inc_add_1428_40_g861/CO -       B->CO R     ADDHX1         1  3.2    25    38    1974    (-,-) 
  inc_add_1428_40_g860/CO -       B->CO R     ADDHX1         1  3.2    25    38    2012    (-,-) 
  inc_add_1428_40_g859/CO -       B->CO R     ADDHX1         1  3.2    25    38    2050    (-,-) 
  inc_add_1428_40_g858/CO -       B->CO R     ADDHX1         1  3.2    25    38    2089    (-,-) 
  inc_add_1428_40_g857/CO -       B->CO R     ADDHX1         1  3.2    25    38    2127    (-,-) 
  inc_add_1428_40_g856/CO -       B->CO R     ADDHX1         1  3.2    25    38    2165    (-,-) 
  inc_add_1428_40_g855/CO -       B->CO R     ADDHX1         1  3.2    25    38    2203    (-,-) 
  inc_add_1428_40_g854/CO -       B->CO R     ADDHX1         1  3.2    25    38    2241    (-,-) 
  inc_add_1428_40_g853/S  -       B->S  R     ADDHX1         1  2.7    22    39    2280    (-,-) 
  g108882/Y               -       A->Y  R     AND2X1         1  2.8    22    36    2316    (-,-) 
  count_cycle_reg[58]/D   -       -     R     DFFHQX1        1    -     -     0    2316    (-,-) 
#------------------------------------------------------------------------------------------------



Path 14: MET (1660 ps) Setup Check with Pin count_instr_reg[56]/CK->D
          Group: C2C
     Startpoint: (R) count_instr_reg[1]/CK
          Clock: (R) myclock
       Endpoint: (R) count_instr_reg[56]/D
          Clock: (R) myclock

                     Capture       Launch     
        Clock Edge:+    4000            0     
       Src Latency:+       0            0     
       Net Latency:+       0 (I)        0 (I) 
           Arrival:=    4000            0     
                                              
             Setup:-      29                  
       Uncertainty:-      20                  
     Required Time:=    3951                  
      Launch Clock:-       0                  
         Data Path:-    2291                  
             Slack:=    1660                  

#------------------------------------------------------------------------------------------------
#      Timing Point       Flags   Arc   Edge   Cell     Fanout Load Trans Delay Arrival Instance 
#                                                              (fF)  (ps)  (ps)   (ps)  Location 
#------------------------------------------------------------------------------------------------
  count_instr_reg[1]/CK   -       -     R     (arrival)   1850    -     0     0       0    (-,-) 
  count_instr_reg[1]/Q    -       CK->Q R     DFFHQX1        3  6.1    44    64      64    (-,-) 
  inc_add_1559_34_g920/CO -       A->CO R     ADDHX1         1  3.2    25    43     107    (-,-) 
  inc_add_1559_34_g919/CO -       B->CO R     ADDHX1         1  3.2    25    38     145    (-,-) 
  inc_add_1559_34_g918/CO -       B->CO R     ADDHX1         1  3.2    25    38     183    (-,-) 
  inc_add_1559_34_g917/CO -       B->CO R     ADDHX1         1  3.2    25    38     221    (-,-) 
  inc_add_1559_34_g916/CO -       B->CO R     ADDHX1         1  3.2    25    38     259    (-,-) 
  inc_add_1559_34_g915/CO -       B->CO R     ADDHX1         1  3.2    25    38     297    (-,-) 
  inc_add_1559_34_g914/CO -       B->CO R     ADDHX1         1  3.2    25    38     335    (-,-) 
  inc_add_1559_34_g913/CO -       B->CO R     ADDHX1         1  3.2    25    38     374    (-,-) 
  inc_add_1559_34_g912/CO -       B->CO R     ADDHX1         1  3.2    25    38     412    (-,-) 
  inc_add_1559_34_g911/CO -       B->CO R     ADDHX1         1  3.2    25    38     450    (-,-) 
  inc_add_1559_34_g910/CO -       B->CO R     ADDHX1         1  3.2    25    38     488    (-,-) 
  inc_add_1559_34_g909/CO -       B->CO R     ADDHX1         1  3.2    25    38     526    (-,-) 
  inc_add_1559_34_g908/CO -       B->CO R     ADDHX1         1  3.2    25    38     564    (-,-) 
  inc_add_1559_34_g907/CO -       B->CO R     ADDHX1         1  3.2    25    38     602    (-,-) 
  inc_add_1559_34_g906/CO -       B->CO R     ADDHX1         1  3.2    25    38     640    (-,-) 
  inc_add_1559_34_g905/CO -       B->CO R     ADDHX1         1  3.2    25    38     678    (-,-) 
  inc_add_1559_34_g904/CO -       B->CO R     ADDHX1         2  4.7    35    44     722    (-,-) 
  inc_add_1559_34_g903/Y  -       C->Y  R     AND3XL         1  3.2    40    54     776    (-,-) 
  inc_add_1559_34_g900/CO -       B->CO R     ADDHX1         1  3.2    25    41     816    (-,-) 
  inc_add_1559_34_g899/CO -       B->CO R     ADDHX1         1  3.2    25    38     854    (-,-) 
  inc_add_1559_34_g898/CO -       B->CO R     ADDHX1         1  3.2    25    38     893    (-,-) 
  inc_add_1559_34_g897/CO -       B->CO R     ADDHX1         1  3.2    25    38     931    (-,-) 
  inc_add_1559_34_g896/CO -       B->CO R     ADDHX1         1  3.2    25    38     969    (-,-) 
  inc_add_1559_34_g895/CO -       B->CO R     ADDHX1         1  3.2    25    38    1007    (-,-) 
  inc_add_1559_34_g894/CO -       B->CO R     ADDHX1         1  3.2    25    38    1045    (-,-) 
  inc_add_1559_34_g893/CO -       B->CO R     ADDHX1         1  3.2    25    38    1083    (-,-) 
  inc_add_1559_34_g892/CO -       B->CO R     ADDHX1         1  3.2    25    38    1121    (-,-) 
  inc_add_1559_34_g891/CO -       B->CO R     ADDHX1         1  3.2    25    38    1159    (-,-) 
  inc_add_1559_34_g890/CO -       B->CO R     ADDHX1         1  3.2    25    38    1197    (-,-) 
  inc_add_1559_34_g889/CO -       B->CO R     ADDHX1         1  3.2    25    38    1236    (-,-) 
  inc_add_1559_34_g888/CO -       B->CO R     ADDHX1         1  3.2    25    38    1274    (-,-) 
  inc_add_1559_34_g887/CO -       B->CO R     ADDHX1         1  3.2    25    38    1312    (-,-) 
  inc_add_1559_34_g886/CO -       B->CO R     ADDHX1         1  3.2    25    38    1350    (-,-) 
  inc_add_1559_34_g885/CO -       B->CO R     ADDHX1         1  3.2    25    38    1388    (-,-) 
  inc_add_1559_34_g884/CO -       B->CO R     ADDHX1         1  3.2    25    38    1426    (-,-) 
  inc_add_1559_34_g883/CO -       B->CO R     ADDHX1         1  3.2    25    38    1464    (-,-) 
  inc_add_1559_34_g882/CO -       B->CO R     ADDHX1         1  3.2    25    38    1502    (-,-) 
  inc_add_1559_34_g881/CO -       B->CO R     ADDHX1         1  3.2    25    38    1540    (-,-) 
  inc_add_1559_34_g880/CO -       B->CO R     ADDHX1         1  3.2    25    38    1578    (-,-) 
  inc_add_1559_34_g879/CO -       B->CO R     ADDHX1         1  3.2    25    38    1616    (-,-) 
  inc_add_1559_34_g878/CO -       B->CO R     ADDHX1         1  3.2    25    38    1655    (-,-) 
  inc_add_1559_34_g877/CO -       B->CO R     ADDHX1         1  3.2    25    38    1693    (-,-) 
  inc_add_1559_34_g876/CO -       B->CO R     ADDHX1         1  3.2    25    38    1731    (-,-) 
  inc_add_1559_34_g875/CO -       B->CO R     ADDHX1         1  3.2    25    38    1769    (-,-) 
  inc_add_1559_34_g874/CO -       B->CO R     ADDHX1         1  3.2    25    38    1807    (-,-) 
  inc_add_1559_34_g873/CO -       B->CO R     ADDHX1         1  3.2    25    38    1845    (-,-) 
  inc_add_1559_34_g872/CO -       B->CO R     ADDHX1         1  3.2    25    38    1883    (-,-) 
  inc_add_1559_34_g871/CO -       B->CO R     ADDHX1         1  3.2    25    38    1921    (-,-) 
  inc_add_1559_34_g870/CO -       B->CO R     ADDHX1         1  3.2    25    38    1959    (-,-) 
  inc_add_1559_34_g869/CO -       B->CO R     ADDHX1         1  3.2    25    38    1998    (-,-) 
  inc_add_1559_34_g868/CO -       B->CO R     ADDHX1         1  3.2    25    38    2036    (-,-) 
  inc_add_1559_34_g867/CO -       B->CO R     ADDHX1         1  3.2    25    38    2074    (-,-) 
  inc_add_1559_34_g866/CO -       B->CO R     ADDHX1         1  3.2    25    38    2112    (-,-) 
  inc_add_1559_34_g865/CO -       B->CO R     ADDHX1         1  3.2    25    38    2150    (-,-) 
  inc_add_1559_34_g864/S  -       B->S  R     ADDHX1         1  2.7    22    39    2189    (-,-) 
  g108516/Y               -       A->Y  F     MXI2XL         1  2.8    81    50    2239    (-,-) 
  g107828/Y               -       B->Y  R     NOR2X1         1  2.8    52    52    2291    (-,-) 
  count_instr_reg[56]/D   -       -     R     DFFHQX1        1    -     -     0    2291    (-,-) 
#------------------------------------------------------------------------------------------------



Path 15: MET (1679 ps) Setup Check with Pin count_cycle_reg[57]/CK->D
          Group: C2C
     Startpoint: (R) count_cycle_reg[0]/CK
          Clock: (R) myclock
       Endpoint: (R) count_cycle_reg[57]/D
          Clock: (R) myclock

                     Capture       Launch     
        Clock Edge:+    4000            0     
       Src Latency:+       0            0     
       Net Latency:+       0 (I)        0 (I) 
           Arrival:=    4000            0     
                                              
             Setup:-      24                  
       Uncertainty:-      20                  
     Required Time:=    3956                  
      Launch Clock:-       0                  
         Data Path:-    2278                  
             Slack:=    1679                  

#------------------------------------------------------------------------------------------------
#      Timing Point       Flags   Arc   Edge   Cell     Fanout Load Trans Delay Arrival Instance 
#                                                              (fF)  (ps)  (ps)   (ps)  Location 
#------------------------------------------------------------------------------------------------
  count_cycle_reg[0]/CK   -       -     R     (arrival)   1850    -     0     0       0    (-,-) 
  count_cycle_reg[0]/Q    -       CK->Q R     DFFHQX1        3  6.5    46    66      66    (-,-) 
  inc_add_1428_40_g910/CO -       B->CO R     ADDHX1         1  3.2    25    42     107    (-,-) 
  inc_add_1428_40_g909/CO -       B->CO R     ADDHX1         1  3.2    25    38     146    (-,-) 
  inc_add_1428_40_g908/CO -       B->CO R     ADDHX1         1  3.2    25    38     184    (-,-) 
  inc_add_1428_40_g907/CO -       B->CO R     ADDHX1         1  3.2    25    38     222    (-,-) 
  inc_add_1428_40_g906/CO -       B->CO R     ADDHX1         1  3.2    25    38     260    (-,-) 
  inc_add_1428_40_g905/CO -       B->CO R     ADDHX1         1  3.2    25    38     298    (-,-) 
  inc_add_1428_40_g904/CO -       B->CO R     ADDHX1         1  3.2    25    38     336    (-,-) 
  inc_add_1428_40_g903/CO -       B->CO R     ADDHX1         1  3.2    25    38     374    (-,-) 
  inc_add_1428_40_g902/CO -       B->CO R     ADDHX1         1  3.2    25    38     412    (-,-) 
  inc_add_1428_40_g901/CO -       B->CO R     ADDHX1         1  3.2    25    38     450    (-,-) 
  inc_add_1428_40_g900/CO -       B->CO R     ADDHX1         1  3.2    25    38     488    (-,-) 
  inc_add_1428_40_g899/CO -       B->CO R     ADDHX1         1  3.2    25    38     526    (-,-) 
  inc_add_1428_40_g898/CO -       B->CO R     ADDHX1         1  3.2    25    38     565    (-,-) 
  inc_add_1428_40_g897/CO -       B->CO R     ADDHX1         1  3.2    25    38     603    (-,-) 
  inc_add_1428_40_g896/CO -       B->CO R     ADDHX1         1  3.2    25    38     641    (-,-) 
  inc_add_1428_40_g895/CO -       B->CO R     ADDHX1         1  3.2    25    38     679    (-,-) 
  inc_add_1428_40_g894/CO -       B->CO R     ADDHX1         1  3.2    25    38     717    (-,-) 
  inc_add_1428_40_g893/CO -       B->CO R     ADDHX1         1  3.2    25    38     755    (-,-) 
  inc_add_1428_40_g892/CO -       B->CO R     ADDHX1         1  3.2    25    38     793    (-,-) 
  inc_add_1428_40_g891/CO -       B->CO R     ADDHX1         1  3.2    25    38     831    (-,-) 
  inc_add_1428_40_g890/CO -       B->CO R     ADDHX1         1  3.2    25    38     869    (-,-) 
  inc_add_1428_40_g889/CO -       B->CO R     ADDHX1         1  3.2    25    38     908    (-,-) 
  inc_add_1428_40_g888/CO -       B->CO R     ADDHX1         1  3.2    25    38     946    (-,-) 
  inc_add_1428_40_g887/CO -       B->CO R     ADDHX1         1  3.2    25    38     984    (-,-) 
  inc_add_1428_40_g886/CO -       B->CO R     ADDHX1         1  3.2    25    38    1022    (-,-) 
  inc_add_1428_40_g885/CO -       B->CO R     ADDHX1         1  3.2    25    38    1060    (-,-) 
  inc_add_1428_40_g884/CO -       B->CO R     ADDHX1         1  3.2    25    38    1098    (-,-) 
  inc_add_1428_40_g883/CO -       B->CO R     ADDHX1         1  3.2    25    38    1136    (-,-) 
  inc_add_1428_40_g882/CO -       B->CO R     ADDHX1         1  3.2    25    38    1174    (-,-) 
  inc_add_1428_40_g881/CO -       B->CO R     ADDHX1         1  3.2    25    38    1212    (-,-) 
  inc_add_1428_40_g880/CO -       B->CO R     ADDHX1         1  3.2    25    38    1250    (-,-) 
  inc_add_1428_40_g879/CO -       B->CO R     ADDHX1         1  3.2    25    38    1288    (-,-) 
  inc_add_1428_40_g878/CO -       B->CO R     ADDHX1         1  3.2    25    38    1327    (-,-) 
  inc_add_1428_40_g877/CO -       B->CO R     ADDHX1         1  3.2    25    38    1365    (-,-) 
  inc_add_1428_40_g876/CO -       B->CO R     ADDHX1         1  3.2    25    38    1403    (-,-) 
  inc_add_1428_40_g875/CO -       B->CO R     ADDHX1         1  3.2    25    38    1441    (-,-) 
  inc_add_1428_40_g874/CO -       B->CO R     ADDHX1         1  3.2    25    38    1479    (-,-) 
  inc_add_1428_40_g873/CO -       B->CO R     ADDHX1         1  3.2    25    38    1517    (-,-) 
  inc_add_1428_40_g872/CO -       B->CO R     ADDHX1         1  3.2    25    38    1555    (-,-) 
  inc_add_1428_40_g871/CO -       B->CO R     ADDHX1         1  3.2    25    38    1593    (-,-) 
  inc_add_1428_40_g870/CO -       B->CO R     ADDHX1         1  3.2    25    38    1631    (-,-) 
  inc_add_1428_40_g869/CO -       B->CO R     ADDHX1         1  3.2    25    38    1670    (-,-) 
  inc_add_1428_40_g868/CO -       B->CO R     ADDHX1         1  3.2    25    38    1708    (-,-) 
  inc_add_1428_40_g867/CO -       B->CO R     ADDHX1         1  3.2    25    38    1746    (-,-) 
  inc_add_1428_40_g866/CO -       B->CO R     ADDHX1         1  3.2    25    38    1784    (-,-) 
  inc_add_1428_40_g865/CO -       B->CO R     ADDHX1         1  3.2    25    38    1822    (-,-) 
  inc_add_1428_40_g864/CO -       B->CO R     ADDHX1         1  3.2    25    38    1860    (-,-) 
  inc_add_1428_40_g863/CO -       B->CO R     ADDHX1         1  3.2    25    38    1898    (-,-) 
  inc_add_1428_40_g862/CO -       B->CO R     ADDHX1         1  3.2    25    38    1936    (-,-) 
  inc_add_1428_40_g861/CO -       B->CO R     ADDHX1         1  3.2    25    38    1974    (-,-) 
  inc_add_1428_40_g860/CO -       B->CO R     ADDHX1         1  3.2    25    38    2012    (-,-) 
  inc_add_1428_40_g859/CO -       B->CO R     ADDHX1         1  3.2    25    38    2050    (-,-) 
  inc_add_1428_40_g858/CO -       B->CO R     ADDHX1         1  3.2    25    38    2089    (-,-) 
  inc_add_1428_40_g857/CO -       B->CO R     ADDHX1         1  3.2    25    38    2127    (-,-) 
  inc_add_1428_40_g856/CO -       B->CO R     ADDHX1         1  3.2    25    38    2165    (-,-) 
  inc_add_1428_40_g855/CO -       B->CO R     ADDHX1         1  3.2    25    38    2203    (-,-) 
  inc_add_1428_40_g854/S  -       B->S  R     ADDHX1         1  2.7    22    39    2242    (-,-) 
  g108906/Y               -       A->Y  R     AND2X1         1  2.8    23    36    2278    (-,-) 
  count_cycle_reg[57]/D   -       -     R     DFFHQX1        1    -     -     0    2278    (-,-) 
#------------------------------------------------------------------------------------------------



Path 16: MET (1698 ps) Setup Check with Pin count_instr_reg[55]/CK->D
          Group: C2C
     Startpoint: (R) count_instr_reg[1]/CK
          Clock: (R) myclock
       Endpoint: (R) count_instr_reg[55]/D
          Clock: (R) myclock

                     Capture       Launch     
        Clock Edge:+    4000            0     
       Src Latency:+       0            0     
       Net Latency:+       0 (I)        0 (I) 
           Arrival:=    4000            0     
                                              
             Setup:-      29                  
       Uncertainty:-      20                  
     Required Time:=    3951                  
      Launch Clock:-       0                  
         Data Path:-    2253                  
             Slack:=    1698                  

#------------------------------------------------------------------------------------------------
#      Timing Point       Flags   Arc   Edge   Cell     Fanout Load Trans Delay Arrival Instance 
#                                                              (fF)  (ps)  (ps)   (ps)  Location 
#------------------------------------------------------------------------------------------------
  count_instr_reg[1]/CK   -       -     R     (arrival)   1850    -     0     0       0    (-,-) 
  count_instr_reg[1]/Q    -       CK->Q R     DFFHQX1        3  6.1    44    64      64    (-,-) 
  inc_add_1559_34_g920/CO -       A->CO R     ADDHX1         1  3.2    25    43     107    (-,-) 
  inc_add_1559_34_g919/CO -       B->CO R     ADDHX1         1  3.2    25    38     145    (-,-) 
  inc_add_1559_34_g918/CO -       B->CO R     ADDHX1         1  3.2    25    38     183    (-,-) 
  inc_add_1559_34_g917/CO -       B->CO R     ADDHX1         1  3.2    25    38     221    (-,-) 
  inc_add_1559_34_g916/CO -       B->CO R     ADDHX1         1  3.2    25    38     259    (-,-) 
  inc_add_1559_34_g915/CO -       B->CO R     ADDHX1         1  3.2    25    38     297    (-,-) 
  inc_add_1559_34_g914/CO -       B->CO R     ADDHX1         1  3.2    25    38     335    (-,-) 
  inc_add_1559_34_g913/CO -       B->CO R     ADDHX1         1  3.2    25    38     374    (-,-) 
  inc_add_1559_34_g912/CO -       B->CO R     ADDHX1         1  3.2    25    38     412    (-,-) 
  inc_add_1559_34_g911/CO -       B->CO R     ADDHX1         1  3.2    25    38     450    (-,-) 
  inc_add_1559_34_g910/CO -       B->CO R     ADDHX1         1  3.2    25    38     488    (-,-) 
  inc_add_1559_34_g909/CO -       B->CO R     ADDHX1         1  3.2    25    38     526    (-,-) 
  inc_add_1559_34_g908/CO -       B->CO R     ADDHX1         1  3.2    25    38     564    (-,-) 
  inc_add_1559_34_g907/CO -       B->CO R     ADDHX1         1  3.2    25    38     602    (-,-) 
  inc_add_1559_34_g906/CO -       B->CO R     ADDHX1         1  3.2    25    38     640    (-,-) 
  inc_add_1559_34_g905/CO -       B->CO R     ADDHX1         1  3.2    25    38     678    (-,-) 
  inc_add_1559_34_g904/CO -       B->CO R     ADDHX1         2  4.7    35    44     722    (-,-) 
  inc_add_1559_34_g903/Y  -       C->Y  R     AND3XL         1  3.2    40    54     776    (-,-) 
  inc_add_1559_34_g900/CO -       B->CO R     ADDHX1         1  3.2    25    41     816    (-,-) 
  inc_add_1559_34_g899/CO -       B->CO R     ADDHX1         1  3.2    25    38     854    (-,-) 
  inc_add_1559_34_g898/CO -       B->CO R     ADDHX1         1  3.2    25    38     893    (-,-) 
  inc_add_1559_34_g897/CO -       B->CO R     ADDHX1         1  3.2    25    38     931    (-,-) 
  inc_add_1559_34_g896/CO -       B->CO R     ADDHX1         1  3.2    25    38     969    (-,-) 
  inc_add_1559_34_g895/CO -       B->CO R     ADDHX1         1  3.2    25    38    1007    (-,-) 
  inc_add_1559_34_g894/CO -       B->CO R     ADDHX1         1  3.2    25    38    1045    (-,-) 
  inc_add_1559_34_g893/CO -       B->CO R     ADDHX1         1  3.2    25    38    1083    (-,-) 
  inc_add_1559_34_g892/CO -       B->CO R     ADDHX1         1  3.2    25    38    1121    (-,-) 
  inc_add_1559_34_g891/CO -       B->CO R     ADDHX1         1  3.2    25    38    1159    (-,-) 
  inc_add_1559_34_g890/CO -       B->CO R     ADDHX1         1  3.2    25    38    1197    (-,-) 
  inc_add_1559_34_g889/CO -       B->CO R     ADDHX1         1  3.2    25    38    1236    (-,-) 
  inc_add_1559_34_g888/CO -       B->CO R     ADDHX1         1  3.2    25    38    1274    (-,-) 
  inc_add_1559_34_g887/CO -       B->CO R     ADDHX1         1  3.2    25    38    1312    (-,-) 
  inc_add_1559_34_g886/CO -       B->CO R     ADDHX1         1  3.2    25    38    1350    (-,-) 
  inc_add_1559_34_g885/CO -       B->CO R     ADDHX1         1  3.2    25    38    1388    (-,-) 
  inc_add_1559_34_g884/CO -       B->CO R     ADDHX1         1  3.2    25    38    1426    (-,-) 
  inc_add_1559_34_g883/CO -       B->CO R     ADDHX1         1  3.2    25    38    1464    (-,-) 
  inc_add_1559_34_g882/CO -       B->CO R     ADDHX1         1  3.2    25    38    1502    (-,-) 
  inc_add_1559_34_g881/CO -       B->CO R     ADDHX1         1  3.2    25    38    1540    (-,-) 
  inc_add_1559_34_g880/CO -       B->CO R     ADDHX1         1  3.2    25    38    1578    (-,-) 
  inc_add_1559_34_g879/CO -       B->CO R     ADDHX1         1  3.2    25    38    1616    (-,-) 
  inc_add_1559_34_g878/CO -       B->CO R     ADDHX1         1  3.2    25    38    1655    (-,-) 
  inc_add_1559_34_g877/CO -       B->CO R     ADDHX1         1  3.2    25    38    1693    (-,-) 
  inc_add_1559_34_g876/CO -       B->CO R     ADDHX1         1  3.2    25    38    1731    (-,-) 
  inc_add_1559_34_g875/CO -       B->CO R     ADDHX1         1  3.2    25    38    1769    (-,-) 
  inc_add_1559_34_g874/CO -       B->CO R     ADDHX1         1  3.2    25    38    1807    (-,-) 
  inc_add_1559_34_g873/CO -       B->CO R     ADDHX1         1  3.2    25    38    1845    (-,-) 
  inc_add_1559_34_g872/CO -       B->CO R     ADDHX1         1  3.2    25    38    1883    (-,-) 
  inc_add_1559_34_g871/CO -       B->CO R     ADDHX1         1  3.2    25    38    1921    (-,-) 
  inc_add_1559_34_g870/CO -       B->CO R     ADDHX1         1  3.2    25    38    1959    (-,-) 
  inc_add_1559_34_g869/CO -       B->CO R     ADDHX1         1  3.2    25    38    1998    (-,-) 
  inc_add_1559_34_g868/CO -       B->CO R     ADDHX1         1  3.2    25    38    2036    (-,-) 
  inc_add_1559_34_g867/CO -       B->CO R     ADDHX1         1  3.2    25    38    2074    (-,-) 
  inc_add_1559_34_g866/CO -       B->CO R     ADDHX1         1  3.2    25    38    2112    (-,-) 
  inc_add_1559_34_g865/S  -       B->S  R     ADDHX1         1  2.7    22    39    2151    (-,-) 
  g108493/Y               -       A->Y  F     MXI2XL         1  2.8    81    50    2201    (-,-) 
  g107829/Y               -       B->Y  R     NOR2X1         1  2.8    52    52    2253    (-,-) 
  count_instr_reg[55]/D   -       -     R     DFFHQX1        1    -     -     0    2253    (-,-) 
#------------------------------------------------------------------------------------------------



Path 17: MET (1717 ps) Setup Check with Pin count_cycle_reg[56]/CK->D
          Group: C2C
     Startpoint: (R) count_cycle_reg[0]/CK
          Clock: (R) myclock
       Endpoint: (R) count_cycle_reg[56]/D
          Clock: (R) myclock

                     Capture       Launch     
        Clock Edge:+    4000            0     
       Src Latency:+       0            0     
       Net Latency:+       0 (I)        0 (I) 
           Arrival:=    4000            0     
                                              
             Setup:-      24                  
       Uncertainty:-      20                  
     Required Time:=    3956                  
      Launch Clock:-       0                  
         Data Path:-    2240                  
             Slack:=    1717                  

#------------------------------------------------------------------------------------------------
#      Timing Point       Flags   Arc   Edge   Cell     Fanout Load Trans Delay Arrival Instance 
#                                                              (fF)  (ps)  (ps)   (ps)  Location 
#------------------------------------------------------------------------------------------------
  count_cycle_reg[0]/CK   -       -     R     (arrival)   1850    -     0     0       0    (-,-) 
  count_cycle_reg[0]/Q    -       CK->Q R     DFFHQX1        3  6.5    46    66      66    (-,-) 
  inc_add_1428_40_g910/CO -       B->CO R     ADDHX1         1  3.2    25    42     107    (-,-) 
  inc_add_1428_40_g909/CO -       B->CO R     ADDHX1         1  3.2    25    38     146    (-,-) 
  inc_add_1428_40_g908/CO -       B->CO R     ADDHX1         1  3.2    25    38     184    (-,-) 
  inc_add_1428_40_g907/CO -       B->CO R     ADDHX1         1  3.2    25    38     222    (-,-) 
  inc_add_1428_40_g906/CO -       B->CO R     ADDHX1         1  3.2    25    38     260    (-,-) 
  inc_add_1428_40_g905/CO -       B->CO R     ADDHX1         1  3.2    25    38     298    (-,-) 
  inc_add_1428_40_g904/CO -       B->CO R     ADDHX1         1  3.2    25    38     336    (-,-) 
  inc_add_1428_40_g903/CO -       B->CO R     ADDHX1         1  3.2    25    38     374    (-,-) 
  inc_add_1428_40_g902/CO -       B->CO R     ADDHX1         1  3.2    25    38     412    (-,-) 
  inc_add_1428_40_g901/CO -       B->CO R     ADDHX1         1  3.2    25    38     450    (-,-) 
  inc_add_1428_40_g900/CO -       B->CO R     ADDHX1         1  3.2    25    38     488    (-,-) 
  inc_add_1428_40_g899/CO -       B->CO R     ADDHX1         1  3.2    25    38     526    (-,-) 
  inc_add_1428_40_g898/CO -       B->CO R     ADDHX1         1  3.2    25    38     565    (-,-) 
  inc_add_1428_40_g897/CO -       B->CO R     ADDHX1         1  3.2    25    38     603    (-,-) 
  inc_add_1428_40_g896/CO -       B->CO R     ADDHX1         1  3.2    25    38     641    (-,-) 
  inc_add_1428_40_g895/CO -       B->CO R     ADDHX1         1  3.2    25    38     679    (-,-) 
  inc_add_1428_40_g894/CO -       B->CO R     ADDHX1         1  3.2    25    38     717    (-,-) 
  inc_add_1428_40_g893/CO -       B->CO R     ADDHX1         1  3.2    25    38     755    (-,-) 
  inc_add_1428_40_g892/CO -       B->CO R     ADDHX1         1  3.2    25    38     793    (-,-) 
  inc_add_1428_40_g891/CO -       B->CO R     ADDHX1         1  3.2    25    38     831    (-,-) 
  inc_add_1428_40_g890/CO -       B->CO R     ADDHX1         1  3.2    25    38     869    (-,-) 
  inc_add_1428_40_g889/CO -       B->CO R     ADDHX1         1  3.2    25    38     908    (-,-) 
  inc_add_1428_40_g888/CO -       B->CO R     ADDHX1         1  3.2    25    38     946    (-,-) 
  inc_add_1428_40_g887/CO -       B->CO R     ADDHX1         1  3.2    25    38     984    (-,-) 
  inc_add_1428_40_g886/CO -       B->CO R     ADDHX1         1  3.2    25    38    1022    (-,-) 
  inc_add_1428_40_g885/CO -       B->CO R     ADDHX1         1  3.2    25    38    1060    (-,-) 
  inc_add_1428_40_g884/CO -       B->CO R     ADDHX1         1  3.2    25    38    1098    (-,-) 
  inc_add_1428_40_g883/CO -       B->CO R     ADDHX1         1  3.2    25    38    1136    (-,-) 
  inc_add_1428_40_g882/CO -       B->CO R     ADDHX1         1  3.2    25    38    1174    (-,-) 
  inc_add_1428_40_g881/CO -       B->CO R     ADDHX1         1  3.2    25    38    1212    (-,-) 
  inc_add_1428_40_g880/CO -       B->CO R     ADDHX1         1  3.2    25    38    1250    (-,-) 
  inc_add_1428_40_g879/CO -       B->CO R     ADDHX1         1  3.2    25    38    1288    (-,-) 
  inc_add_1428_40_g878/CO -       B->CO R     ADDHX1         1  3.2    25    38    1327    (-,-) 
  inc_add_1428_40_g877/CO -       B->CO R     ADDHX1         1  3.2    25    38    1365    (-,-) 
  inc_add_1428_40_g876/CO -       B->CO R     ADDHX1         1  3.2    25    38    1403    (-,-) 
  inc_add_1428_40_g875/CO -       B->CO R     ADDHX1         1  3.2    25    38    1441    (-,-) 
  inc_add_1428_40_g874/CO -       B->CO R     ADDHX1         1  3.2    25    38    1479    (-,-) 
  inc_add_1428_40_g873/CO -       B->CO R     ADDHX1         1  3.2    25    38    1517    (-,-) 
  inc_add_1428_40_g872/CO -       B->CO R     ADDHX1         1  3.2    25    38    1555    (-,-) 
  inc_add_1428_40_g871/CO -       B->CO R     ADDHX1         1  3.2    25    38    1593    (-,-) 
  inc_add_1428_40_g870/CO -       B->CO R     ADDHX1         1  3.2    25    38    1631    (-,-) 
  inc_add_1428_40_g869/CO -       B->CO R     ADDHX1         1  3.2    25    38    1670    (-,-) 
  inc_add_1428_40_g868/CO -       B->CO R     ADDHX1         1  3.2    25    38    1708    (-,-) 
  inc_add_1428_40_g867/CO -       B->CO R     ADDHX1         1  3.2    25    38    1746    (-,-) 
  inc_add_1428_40_g866/CO -       B->CO R     ADDHX1         1  3.2    25    38    1784    (-,-) 
  inc_add_1428_40_g865/CO -       B->CO R     ADDHX1         1  3.2    25    38    1822    (-,-) 
  inc_add_1428_40_g864/CO -       B->CO R     ADDHX1         1  3.2    25    38    1860    (-,-) 
  inc_add_1428_40_g863/CO -       B->CO R     ADDHX1         1  3.2    25    38    1898    (-,-) 
  inc_add_1428_40_g862/CO -       B->CO R     ADDHX1         1  3.2    25    38    1936    (-,-) 
  inc_add_1428_40_g861/CO -       B->CO R     ADDHX1         1  3.2    25    38    1974    (-,-) 
  inc_add_1428_40_g860/CO -       B->CO R     ADDHX1         1  3.2    25    38    2012    (-,-) 
  inc_add_1428_40_g859/CO -       B->CO R     ADDHX1         1  3.2    25    38    2050    (-,-) 
  inc_add_1428_40_g858/CO -       B->CO R     ADDHX1         1  3.2    25    38    2089    (-,-) 
  inc_add_1428_40_g857/CO -       B->CO R     ADDHX1         1  3.2    25    38    2127    (-,-) 
  inc_add_1428_40_g856/CO -       B->CO R     ADDHX1         1  3.2    25    38    2165    (-,-) 
  inc_add_1428_40_g855/S  -       B->S  R     ADDHX1         1  2.7    22    39    2204    (-,-) 
  g108898/Y               -       A->Y  R     AND2X1         1  2.8    23    36    2240    (-,-) 
  count_cycle_reg[56]/D   -       -     R     DFFHQX1        1    -     -     0    2240    (-,-) 
#------------------------------------------------------------------------------------------------



Path 18: MET (1734 ps) Setup Check with Pin reg_next_pc_reg[31]/CK->D
          Group: C2C
     Startpoint: (R) latched_branch_reg/CK
          Clock: (R) myclock
       Endpoint: (R) reg_next_pc_reg[31]/D
          Clock: (R) myclock

                     Capture       Launch     
        Clock Edge:+    4000            0     
       Src Latency:+       0            0     
       Net Latency:+       0 (I)        0 (I) 
           Arrival:=    4000            0     
                                              
             Setup:-      29                  
       Uncertainty:-      20                  
     Required Time:=    3951                  
      Launch Clock:-       0                  
         Data Path:-    2217                  
             Slack:=    1734                  

#-----------------------------------------------------------------------------------------------
#     Timing Point      Flags    Arc   Edge   Cell     Fanout Load Trans Delay Arrival Instance 
#                                                             (fF)  (ps)  (ps)   (ps)  Location 
#-----------------------------------------------------------------------------------------------
  latched_branch_reg/CK -       -      R     (arrival)   1850    -     0     0       0    (-,-) 
  latched_branch_reg/Q  -       CK->Q  F     DFFX4         33 52.1   101   108     108    (-,-) 
  g55738/Y              -       B->Y   R     NAND2X6       33 56.4    84    61     169    (-,-) 
  g55727/Y              -       A->Y   F     INVX1          3  5.9    55    51     220    (-,-) 
  g55721/Y              -       B->Y   F     AND2X4        31 49.1    96    83     303    (-,-) 
  g55432/Y              -       A1->Y  R     AOI22X1        1  2.9    67    63     366    (-,-) 
  g55431/Y              -       B0->Y  F     OAI2BB1X1      2  4.5    66    60     426    (-,-) 
  ADD_UNS_OP_g756/CO    -       B->CO  F     ADDHX1         1  3.1    24    36     462    (-,-) 
  ADD_UNS_OP_g755/CO    -       CI->CO F     ADDFX1         1  3.1    28    54     516    (-,-) 
  ADD_UNS_OP_g754/CO    -       CI->CO F     ADDFX1         1  3.1    28    56     572    (-,-) 
  ADD_UNS_OP_g753/CO    -       CI->CO F     ADDFX1         1  3.1    28    56     627    (-,-) 
  ADD_UNS_OP_g752/CO    -       CI->CO F     ADDFX1         1  3.1    28    56     683    (-,-) 
  ADD_UNS_OP_g751/CO    -       CI->CO F     ADDFX1         1  3.1    28    56     738    (-,-) 
  ADD_UNS_OP_g750/CO    -       CI->CO F     ADDFX1         1  3.1    28    56     794    (-,-) 
  ADD_UNS_OP_g749/CO    -       CI->CO F     ADDFX1         1  3.1    28    56     849    (-,-) 
  ADD_UNS_OP_g748/CO    -       CI->CO F     ADDFX1         1  3.1    28    56     905    (-,-) 
  ADD_UNS_OP_g747/CO    -       CI->CO F     ADDFX1         1  3.1    28    56     960    (-,-) 
  ADD_UNS_OP_g746/CO    -       CI->CO F     ADDFX1         1  3.1    28    56    1016    (-,-) 
  ADD_UNS_OP_g745/CO    -       CI->CO F     ADDFX1         1  3.1    28    56    1071    (-,-) 
  ADD_UNS_OP_g744/CO    -       CI->CO F     ADDFX1         1  3.1    28    56    1127    (-,-) 
  ADD_UNS_OP_g743/CO    -       CI->CO F     ADDFX1         1  3.1    28    56    1182    (-,-) 
  ADD_UNS_OP_g742/CO    -       CI->CO F     ADDFX1         1  3.1    28    56    1238    (-,-) 
  ADD_UNS_OP_g741/CO    -       CI->CO F     ADDFX1         1  3.1    28    56    1293    (-,-) 
  ADD_UNS_OP_g740/CO    -       CI->CO F     ADDFX1         1  3.1    28    56    1349    (-,-) 
  ADD_UNS_OP_g739/CO    -       CI->CO F     ADDFX1         1  3.1    28    56    1404    (-,-) 
  ADD_UNS_OP_g738/CO    -       CI->CO F     ADDFX1         1  3.1    28    56    1460    (-,-) 
  ADD_UNS_OP_g737/CO    -       CI->CO F     ADDFX1         1  3.1    28    56    1515    (-,-) 
  ADD_UNS_OP_g736/CO    -       CI->CO F     ADDFX1         1  3.1    28    56    1571    (-,-) 
  ADD_UNS_OP_g735/CO    -       CI->CO F     ADDFX1         1  3.1    28    56    1626    (-,-) 
  ADD_UNS_OP_g734/CO    -       CI->CO F     ADDFX1         1  3.1    28    56    1682    (-,-) 
  ADD_UNS_OP_g733/CO    -       CI->CO F     ADDFX1         1  3.1    28    56    1737    (-,-) 
  ADD_UNS_OP_g732/CO    -       CI->CO F     ADDFX1         1  3.1    28    56    1793    (-,-) 
  ADD_UNS_OP_g731/CO    -       CI->CO F     ADDFX1         1  3.1    28    56    1848    (-,-) 
  ADD_UNS_OP_g730/CO    -       CI->CO F     ADDFX1         1  3.1    28    56    1904    (-,-) 
  ADD_UNS_OP_g729/CO    -       CI->CO F     ADDFX1         1  3.1    28    56    1959    (-,-) 
  ADD_UNS_OP_g728/CO    -       CI->CO F     ADDFX1         1  3.1    28    56    2015    (-,-) 
  ADD_UNS_OP_g727/CO    -       CI->CO F     ADDFX1         1  2.9    27    55    2070    (-,-) 
  ADD_UNS_OP_g726/Y     -       B->Y   R     XNOR2X1        1  2.7    22    45    2115    (-,-) 
  g108834/Y             -       B->Y   F     MXI2XL         1  2.8    80    50    2164    (-,-) 
  g108311/Y             -       B->Y   R     NOR2X1         1  2.8    52    52    2217    (-,-) 
  reg_next_pc_reg[31]/D -       -      R     DFFHQX1        1    -     -     0    2217    (-,-) 
#-----------------------------------------------------------------------------------------------



Path 19: MET (1736 ps) Setup Check with Pin count_instr_reg[54]/CK->D
          Group: C2C
     Startpoint: (R) count_instr_reg[1]/CK
          Clock: (R) myclock
       Endpoint: (R) count_instr_reg[54]/D
          Clock: (R) myclock

                     Capture       Launch     
        Clock Edge:+    4000            0     
       Src Latency:+       0            0     
       Net Latency:+       0 (I)        0 (I) 
           Arrival:=    4000            0     
                                              
             Setup:-      29                  
       Uncertainty:-      20                  
     Required Time:=    3951                  
      Launch Clock:-       0                  
         Data Path:-    2215                  
             Slack:=    1736                  

#------------------------------------------------------------------------------------------------
#      Timing Point       Flags   Arc   Edge   Cell     Fanout Load Trans Delay Arrival Instance 
#                                                              (fF)  (ps)  (ps)   (ps)  Location 
#------------------------------------------------------------------------------------------------
  count_instr_reg[1]/CK   -       -     R     (arrival)   1850    -     0     0       0    (-,-) 
  count_instr_reg[1]/Q    -       CK->Q R     DFFHQX1        3  6.1    44    64      64    (-,-) 
  inc_add_1559_34_g920/CO -       A->CO R     ADDHX1         1  3.2    25    43     107    (-,-) 
  inc_add_1559_34_g919/CO -       B->CO R     ADDHX1         1  3.2    25    38     145    (-,-) 
  inc_add_1559_34_g918/CO -       B->CO R     ADDHX1         1  3.2    25    38     183    (-,-) 
  inc_add_1559_34_g917/CO -       B->CO R     ADDHX1         1  3.2    25    38     221    (-,-) 
  inc_add_1559_34_g916/CO -       B->CO R     ADDHX1         1  3.2    25    38     259    (-,-) 
  inc_add_1559_34_g915/CO -       B->CO R     ADDHX1         1  3.2    25    38     297    (-,-) 
  inc_add_1559_34_g914/CO -       B->CO R     ADDHX1         1  3.2    25    38     335    (-,-) 
  inc_add_1559_34_g913/CO -       B->CO R     ADDHX1         1  3.2    25    38     374    (-,-) 
  inc_add_1559_34_g912/CO -       B->CO R     ADDHX1         1  3.2    25    38     412    (-,-) 
  inc_add_1559_34_g911/CO -       B->CO R     ADDHX1         1  3.2    25    38     450    (-,-) 
  inc_add_1559_34_g910/CO -       B->CO R     ADDHX1         1  3.2    25    38     488    (-,-) 
  inc_add_1559_34_g909/CO -       B->CO R     ADDHX1         1  3.2    25    38     526    (-,-) 
  inc_add_1559_34_g908/CO -       B->CO R     ADDHX1         1  3.2    25    38     564    (-,-) 
  inc_add_1559_34_g907/CO -       B->CO R     ADDHX1         1  3.2    25    38     602    (-,-) 
  inc_add_1559_34_g906/CO -       B->CO R     ADDHX1         1  3.2    25    38     640    (-,-) 
  inc_add_1559_34_g905/CO -       B->CO R     ADDHX1         1  3.2    25    38     678    (-,-) 
  inc_add_1559_34_g904/CO -       B->CO R     ADDHX1         2  4.7    35    44     722    (-,-) 
  inc_add_1559_34_g903/Y  -       C->Y  R     AND3XL         1  3.2    40    54     776    (-,-) 
  inc_add_1559_34_g900/CO -       B->CO R     ADDHX1         1  3.2    25    41     816    (-,-) 
  inc_add_1559_34_g899/CO -       B->CO R     ADDHX1         1  3.2    25    38     854    (-,-) 
  inc_add_1559_34_g898/CO -       B->CO R     ADDHX1         1  3.2    25    38     893    (-,-) 
  inc_add_1559_34_g897/CO -       B->CO R     ADDHX1         1  3.2    25    38     931    (-,-) 
  inc_add_1559_34_g896/CO -       B->CO R     ADDHX1         1  3.2    25    38     969    (-,-) 
  inc_add_1559_34_g895/CO -       B->CO R     ADDHX1         1  3.2    25    38    1007    (-,-) 
  inc_add_1559_34_g894/CO -       B->CO R     ADDHX1         1  3.2    25    38    1045    (-,-) 
  inc_add_1559_34_g893/CO -       B->CO R     ADDHX1         1  3.2    25    38    1083    (-,-) 
  inc_add_1559_34_g892/CO -       B->CO R     ADDHX1         1  3.2    25    38    1121    (-,-) 
  inc_add_1559_34_g891/CO -       B->CO R     ADDHX1         1  3.2    25    38    1159    (-,-) 
  inc_add_1559_34_g890/CO -       B->CO R     ADDHX1         1  3.2    25    38    1197    (-,-) 
  inc_add_1559_34_g889/CO -       B->CO R     ADDHX1         1  3.2    25    38    1236    (-,-) 
  inc_add_1559_34_g888/CO -       B->CO R     ADDHX1         1  3.2    25    38    1274    (-,-) 
  inc_add_1559_34_g887/CO -       B->CO R     ADDHX1         1  3.2    25    38    1312    (-,-) 
  inc_add_1559_34_g886/CO -       B->CO R     ADDHX1         1  3.2    25    38    1350    (-,-) 
  inc_add_1559_34_g885/CO -       B->CO R     ADDHX1         1  3.2    25    38    1388    (-,-) 
  inc_add_1559_34_g884/CO -       B->CO R     ADDHX1         1  3.2    25    38    1426    (-,-) 
  inc_add_1559_34_g883/CO -       B->CO R     ADDHX1         1  3.2    25    38    1464    (-,-) 
  inc_add_1559_34_g882/CO -       B->CO R     ADDHX1         1  3.2    25    38    1502    (-,-) 
  inc_add_1559_34_g881/CO -       B->CO R     ADDHX1         1  3.2    25    38    1540    (-,-) 
  inc_add_1559_34_g880/CO -       B->CO R     ADDHX1         1  3.2    25    38    1578    (-,-) 
  inc_add_1559_34_g879/CO -       B->CO R     ADDHX1         1  3.2    25    38    1616    (-,-) 
  inc_add_1559_34_g878/CO -       B->CO R     ADDHX1         1  3.2    25    38    1655    (-,-) 
  inc_add_1559_34_g877/CO -       B->CO R     ADDHX1         1  3.2    25    38    1693    (-,-) 
  inc_add_1559_34_g876/CO -       B->CO R     ADDHX1         1  3.2    25    38    1731    (-,-) 
  inc_add_1559_34_g875/CO -       B->CO R     ADDHX1         1  3.2    25    38    1769    (-,-) 
  inc_add_1559_34_g874/CO -       B->CO R     ADDHX1         1  3.2    25    38    1807    (-,-) 
  inc_add_1559_34_g873/CO -       B->CO R     ADDHX1         1  3.2    25    38    1845    (-,-) 
  inc_add_1559_34_g872/CO -       B->CO R     ADDHX1         1  3.2    25    38    1883    (-,-) 
  inc_add_1559_34_g871/CO -       B->CO R     ADDHX1         1  3.2    25    38    1921    (-,-) 
  inc_add_1559_34_g870/CO -       B->CO R     ADDHX1         1  3.2    25    38    1959    (-,-) 
  inc_add_1559_34_g869/CO -       B->CO R     ADDHX1         1  3.2    25    38    1998    (-,-) 
  inc_add_1559_34_g868/CO -       B->CO R     ADDHX1         1  3.2    25    38    2036    (-,-) 
  inc_add_1559_34_g867/CO -       B->CO R     ADDHX1         1  3.2    25    38    2074    (-,-) 
  inc_add_1559_34_g866/S  -       B->S  R     ADDHX1         1  2.7    22    39    2112    (-,-) 
  g108502/Y               -       A->Y  F     MXI2XL         1  2.8    81    50    2163    (-,-) 
  g107830/Y               -       B->Y  R     NOR2X1         1  2.8    52    52    2215    (-,-) 
  count_instr_reg[54]/D   -       -     R     DFFHQX1        1    -     -     0    2215    (-,-) 
#------------------------------------------------------------------------------------------------



Path 20: MET (1755 ps) Setup Check with Pin count_cycle_reg[55]/CK->D
          Group: C2C
     Startpoint: (R) count_cycle_reg[0]/CK
          Clock: (R) myclock
       Endpoint: (R) count_cycle_reg[55]/D
          Clock: (R) myclock

                     Capture       Launch     
        Clock Edge:+    4000            0     
       Src Latency:+       0            0     
       Net Latency:+       0 (I)        0 (I) 
           Arrival:=    4000            0     
                                              
             Setup:-      24                  
       Uncertainty:-      20                  
     Required Time:=    3956                  
      Launch Clock:-       0                  
         Data Path:-    2202                  
             Slack:=    1755                  

#------------------------------------------------------------------------------------------------
#      Timing Point       Flags   Arc   Edge   Cell     Fanout Load Trans Delay Arrival Instance 
#                                                              (fF)  (ps)  (ps)   (ps)  Location 
#------------------------------------------------------------------------------------------------
  count_cycle_reg[0]/CK   -       -     R     (arrival)   1850    -     0     0       0    (-,-) 
  count_cycle_reg[0]/Q    -       CK->Q R     DFFHQX1        3  6.5    46    66      66    (-,-) 
  inc_add_1428_40_g910/CO -       B->CO R     ADDHX1         1  3.2    25    42     107    (-,-) 
  inc_add_1428_40_g909/CO -       B->CO R     ADDHX1         1  3.2    25    38     146    (-,-) 
  inc_add_1428_40_g908/CO -       B->CO R     ADDHX1         1  3.2    25    38     184    (-,-) 
  inc_add_1428_40_g907/CO -       B->CO R     ADDHX1         1  3.2    25    38     222    (-,-) 
  inc_add_1428_40_g906/CO -       B->CO R     ADDHX1         1  3.2    25    38     260    (-,-) 
  inc_add_1428_40_g905/CO -       B->CO R     ADDHX1         1  3.2    25    38     298    (-,-) 
  inc_add_1428_40_g904/CO -       B->CO R     ADDHX1         1  3.2    25    38     336    (-,-) 
  inc_add_1428_40_g903/CO -       B->CO R     ADDHX1         1  3.2    25    38     374    (-,-) 
  inc_add_1428_40_g902/CO -       B->CO R     ADDHX1         1  3.2    25    38     412    (-,-) 
  inc_add_1428_40_g901/CO -       B->CO R     ADDHX1         1  3.2    25    38     450    (-,-) 
  inc_add_1428_40_g900/CO -       B->CO R     ADDHX1         1  3.2    25    38     488    (-,-) 
  inc_add_1428_40_g899/CO -       B->CO R     ADDHX1         1  3.2    25    38     526    (-,-) 
  inc_add_1428_40_g898/CO -       B->CO R     ADDHX1         1  3.2    25    38     565    (-,-) 
  inc_add_1428_40_g897/CO -       B->CO R     ADDHX1         1  3.2    25    38     603    (-,-) 
  inc_add_1428_40_g896/CO -       B->CO R     ADDHX1         1  3.2    25    38     641    (-,-) 
  inc_add_1428_40_g895/CO -       B->CO R     ADDHX1         1  3.2    25    38     679    (-,-) 
  inc_add_1428_40_g894/CO -       B->CO R     ADDHX1         1  3.2    25    38     717    (-,-) 
  inc_add_1428_40_g893/CO -       B->CO R     ADDHX1         1  3.2    25    38     755    (-,-) 
  inc_add_1428_40_g892/CO -       B->CO R     ADDHX1         1  3.2    25    38     793    (-,-) 
  inc_add_1428_40_g891/CO -       B->CO R     ADDHX1         1  3.2    25    38     831    (-,-) 
  inc_add_1428_40_g890/CO -       B->CO R     ADDHX1         1  3.2    25    38     869    (-,-) 
  inc_add_1428_40_g889/CO -       B->CO R     ADDHX1         1  3.2    25    38     908    (-,-) 
  inc_add_1428_40_g888/CO -       B->CO R     ADDHX1         1  3.2    25    38     946    (-,-) 
  inc_add_1428_40_g887/CO -       B->CO R     ADDHX1         1  3.2    25    38     984    (-,-) 
  inc_add_1428_40_g886/CO -       B->CO R     ADDHX1         1  3.2    25    38    1022    (-,-) 
  inc_add_1428_40_g885/CO -       B->CO R     ADDHX1         1  3.2    25    38    1060    (-,-) 
  inc_add_1428_40_g884/CO -       B->CO R     ADDHX1         1  3.2    25    38    1098    (-,-) 
  inc_add_1428_40_g883/CO -       B->CO R     ADDHX1         1  3.2    25    38    1136    (-,-) 
  inc_add_1428_40_g882/CO -       B->CO R     ADDHX1         1  3.2    25    38    1174    (-,-) 
  inc_add_1428_40_g881/CO -       B->CO R     ADDHX1         1  3.2    25    38    1212    (-,-) 
  inc_add_1428_40_g880/CO -       B->CO R     ADDHX1         1  3.2    25    38    1250    (-,-) 
  inc_add_1428_40_g879/CO -       B->CO R     ADDHX1         1  3.2    25    38    1288    (-,-) 
  inc_add_1428_40_g878/CO -       B->CO R     ADDHX1         1  3.2    25    38    1327    (-,-) 
  inc_add_1428_40_g877/CO -       B->CO R     ADDHX1         1  3.2    25    38    1365    (-,-) 
  inc_add_1428_40_g876/CO -       B->CO R     ADDHX1         1  3.2    25    38    1403    (-,-) 
  inc_add_1428_40_g875/CO -       B->CO R     ADDHX1         1  3.2    25    38    1441    (-,-) 
  inc_add_1428_40_g874/CO -       B->CO R     ADDHX1         1  3.2    25    38    1479    (-,-) 
  inc_add_1428_40_g873/CO -       B->CO R     ADDHX1         1  3.2    25    38    1517    (-,-) 
  inc_add_1428_40_g872/CO -       B->CO R     ADDHX1         1  3.2    25    38    1555    (-,-) 
  inc_add_1428_40_g871/CO -       B->CO R     ADDHX1         1  3.2    25    38    1593    (-,-) 
  inc_add_1428_40_g870/CO -       B->CO R     ADDHX1         1  3.2    25    38    1631    (-,-) 
  inc_add_1428_40_g869/CO -       B->CO R     ADDHX1         1  3.2    25    38    1670    (-,-) 
  inc_add_1428_40_g868/CO -       B->CO R     ADDHX1         1  3.2    25    38    1708    (-,-) 
  inc_add_1428_40_g867/CO -       B->CO R     ADDHX1         1  3.2    25    38    1746    (-,-) 
  inc_add_1428_40_g866/CO -       B->CO R     ADDHX1         1  3.2    25    38    1784    (-,-) 
  inc_add_1428_40_g865/CO -       B->CO R     ADDHX1         1  3.2    25    38    1822    (-,-) 
  inc_add_1428_40_g864/CO -       B->CO R     ADDHX1         1  3.2    25    38    1860    (-,-) 
  inc_add_1428_40_g863/CO -       B->CO R     ADDHX1         1  3.2    25    38    1898    (-,-) 
  inc_add_1428_40_g862/CO -       B->CO R     ADDHX1         1  3.2    25    38    1936    (-,-) 
  inc_add_1428_40_g861/CO -       B->CO R     ADDHX1         1  3.2    25    38    1974    (-,-) 
  inc_add_1428_40_g860/CO -       B->CO R     ADDHX1         1  3.2    25    38    2012    (-,-) 
  inc_add_1428_40_g859/CO -       B->CO R     ADDHX1         1  3.2    25    38    2050    (-,-) 
  inc_add_1428_40_g858/CO -       B->CO R     ADDHX1         1  3.2    25    38    2089    (-,-) 
  inc_add_1428_40_g857/CO -       B->CO R     ADDHX1         1  3.2    25    38    2127    (-,-) 
  inc_add_1428_40_g856/S  -       B->S  R     ADDHX1         1  2.7    22    39    2166    (-,-) 
  g109052/Y               -       A->Y  R     AND2X1         1  2.8    23    36    2202    (-,-) 
  count_cycle_reg[55]/D   -       -     R     DFFHQX1        1    -     -     0    2202    (-,-) 
#------------------------------------------------------------------------------------------------



Path 21: MET (1760 ps) Setup Check with Pin reg_next_pc_reg[30]/CK->D
          Group: C2C
     Startpoint: (R) latched_branch_reg/CK
          Clock: (R) myclock
       Endpoint: (R) reg_next_pc_reg[30]/D
          Clock: (R) myclock

                     Capture       Launch     
        Clock Edge:+    4000            0     
       Src Latency:+       0            0     
       Net Latency:+       0 (I)        0 (I) 
           Arrival:=    4000            0     
                                              
             Setup:-      29                  
       Uncertainty:-      20                  
     Required Time:=    3951                  
      Launch Clock:-       0                  
         Data Path:-    2191                  
             Slack:=    1760                  

#-----------------------------------------------------------------------------------------------
#     Timing Point      Flags    Arc   Edge   Cell     Fanout Load Trans Delay Arrival Instance 
#                                                             (fF)  (ps)  (ps)   (ps)  Location 
#-----------------------------------------------------------------------------------------------
  latched_branch_reg/CK -       -      R     (arrival)   1850    -     0     0       0    (-,-) 
  latched_branch_reg/Q  -       CK->Q  F     DFFX4         33 52.1   101   108     108    (-,-) 
  g55738/Y              -       B->Y   R     NAND2X6       33 56.4    84    61     169    (-,-) 
  g55727/Y              -       A->Y   F     INVX1          3  5.9    55    51     220    (-,-) 
  g55721/Y              -       B->Y   F     AND2X4        31 49.1    96    83     303    (-,-) 
  g55432/Y              -       A1->Y  R     AOI22X1        1  2.9    67    63     366    (-,-) 
  g55431/Y              -       B0->Y  F     OAI2BB1X1      2  4.5    66    60     426    (-,-) 
  ADD_UNS_OP_g756/CO    -       B->CO  F     ADDHX1         1  3.1    24    36     462    (-,-) 
  ADD_UNS_OP_g755/CO    -       CI->CO F     ADDFX1         1  3.1    28    54     516    (-,-) 
  ADD_UNS_OP_g754/CO    -       CI->CO F     ADDFX1         1  3.1    28    56     572    (-,-) 
  ADD_UNS_OP_g753/CO    -       CI->CO F     ADDFX1         1  3.1    28    56     627    (-,-) 
  ADD_UNS_OP_g752/CO    -       CI->CO F     ADDFX1         1  3.1    28    56     683    (-,-) 
  ADD_UNS_OP_g751/CO    -       CI->CO F     ADDFX1         1  3.1    28    56     738    (-,-) 
  ADD_UNS_OP_g750/CO    -       CI->CO F     ADDFX1         1  3.1    28    56     794    (-,-) 
  ADD_UNS_OP_g749/CO    -       CI->CO F     ADDFX1         1  3.1    28    56     849    (-,-) 
  ADD_UNS_OP_g748/CO    -       CI->CO F     ADDFX1         1  3.1    28    56     905    (-,-) 
  ADD_UNS_OP_g747/CO    -       CI->CO F     ADDFX1         1  3.1    28    56     960    (-,-) 
  ADD_UNS_OP_g746/CO    -       CI->CO F     ADDFX1         1  3.1    28    56    1016    (-,-) 
  ADD_UNS_OP_g745/CO    -       CI->CO F     ADDFX1         1  3.1    28    56    1071    (-,-) 
  ADD_UNS_OP_g744/CO    -       CI->CO F     ADDFX1         1  3.1    28    56    1127    (-,-) 
  ADD_UNS_OP_g743/CO    -       CI->CO F     ADDFX1         1  3.1    28    56    1182    (-,-) 
  ADD_UNS_OP_g742/CO    -       CI->CO F     ADDFX1         1  3.1    28    56    1238    (-,-) 
  ADD_UNS_OP_g741/CO    -       CI->CO F     ADDFX1         1  3.1    28    56    1293    (-,-) 
  ADD_UNS_OP_g740/CO    -       CI->CO F     ADDFX1         1  3.1    28    56    1349    (-,-) 
  ADD_UNS_OP_g739/CO    -       CI->CO F     ADDFX1         1  3.1    28    56    1404    (-,-) 
  ADD_UNS_OP_g738/CO    -       CI->CO F     ADDFX1         1  3.1    28    56    1460    (-,-) 
  ADD_UNS_OP_g737/CO    -       CI->CO F     ADDFX1         1  3.1    28    56    1515    (-,-) 
  ADD_UNS_OP_g736/CO    -       CI->CO F     ADDFX1         1  3.1    28    56    1571    (-,-) 
  ADD_UNS_OP_g735/CO    -       CI->CO F     ADDFX1         1  3.1    28    56    1626    (-,-) 
  ADD_UNS_OP_g734/CO    -       CI->CO F     ADDFX1         1  3.1    28    56    1682    (-,-) 
  ADD_UNS_OP_g733/CO    -       CI->CO F     ADDFX1         1  3.1    28    56    1737    (-,-) 
  ADD_UNS_OP_g732/CO    -       CI->CO F     ADDFX1         1  3.1    28    56    1793    (-,-) 
  ADD_UNS_OP_g731/CO    -       CI->CO F     ADDFX1         1  3.1    28    56    1848    (-,-) 
  ADD_UNS_OP_g730/CO    -       CI->CO F     ADDFX1         1  3.1    28    56    1904    (-,-) 
  ADD_UNS_OP_g729/CO    -       CI->CO F     ADDFX1         1  3.1    28    56    1959    (-,-) 
  ADD_UNS_OP_g728/CO    -       CI->CO F     ADDFX1         1  3.1    28    56    2015    (-,-) 
  ADD_UNS_OP_g727/S     -       CI->S  R     ADDFX1         1  2.7    24    74    2088    (-,-) 
  g108846/Y             -       B->Y   F     MXI2XL         1  2.8    80    50    2139    (-,-) 
  g108312/Y             -       B->Y   R     NOR2X1         1  2.8    53    52    2191    (-,-) 
  reg_next_pc_reg[30]/D -       -      R     DFFHQX1        1    -     -     0    2191    (-,-) 
#-----------------------------------------------------------------------------------------------



Path 22: MET (1774 ps) Setup Check with Pin count_instr_reg[53]/CK->D
          Group: C2C
     Startpoint: (R) count_instr_reg[1]/CK
          Clock: (R) myclock
       Endpoint: (R) count_instr_reg[53]/D
          Clock: (R) myclock

                     Capture       Launch     
        Clock Edge:+    4000            0     
       Src Latency:+       0            0     
       Net Latency:+       0 (I)        0 (I) 
           Arrival:=    4000            0     
                                              
             Setup:-      29                  
       Uncertainty:-      20                  
     Required Time:=    3951                  
      Launch Clock:-       0                  
         Data Path:-    2177                  
             Slack:=    1774                  

#------------------------------------------------------------------------------------------------
#      Timing Point       Flags   Arc   Edge   Cell     Fanout Load Trans Delay Arrival Instance 
#                                                              (fF)  (ps)  (ps)   (ps)  Location 
#------------------------------------------------------------------------------------------------
  count_instr_reg[1]/CK   -       -     R     (arrival)   1850    -     0     0       0    (-,-) 
  count_instr_reg[1]/Q    -       CK->Q R     DFFHQX1        3  6.1    44    64      64    (-,-) 
  inc_add_1559_34_g920/CO -       A->CO R     ADDHX1         1  3.2    25    43     107    (-,-) 
  inc_add_1559_34_g919/CO -       B->CO R     ADDHX1         1  3.2    25    38     145    (-,-) 
  inc_add_1559_34_g918/CO -       B->CO R     ADDHX1         1  3.2    25    38     183    (-,-) 
  inc_add_1559_34_g917/CO -       B->CO R     ADDHX1         1  3.2    25    38     221    (-,-) 
  inc_add_1559_34_g916/CO -       B->CO R     ADDHX1         1  3.2    25    38     259    (-,-) 
  inc_add_1559_34_g915/CO -       B->CO R     ADDHX1         1  3.2    25    38     297    (-,-) 
  inc_add_1559_34_g914/CO -       B->CO R     ADDHX1         1  3.2    25    38     335    (-,-) 
  inc_add_1559_34_g913/CO -       B->CO R     ADDHX1         1  3.2    25    38     374    (-,-) 
  inc_add_1559_34_g912/CO -       B->CO R     ADDHX1         1  3.2    25    38     412    (-,-) 
  inc_add_1559_34_g911/CO -       B->CO R     ADDHX1         1  3.2    25    38     450    (-,-) 
  inc_add_1559_34_g910/CO -       B->CO R     ADDHX1         1  3.2    25    38     488    (-,-) 
  inc_add_1559_34_g909/CO -       B->CO R     ADDHX1         1  3.2    25    38     526    (-,-) 
  inc_add_1559_34_g908/CO -       B->CO R     ADDHX1         1  3.2    25    38     564    (-,-) 
  inc_add_1559_34_g907/CO -       B->CO R     ADDHX1         1  3.2    25    38     602    (-,-) 
  inc_add_1559_34_g906/CO -       B->CO R     ADDHX1         1  3.2    25    38     640    (-,-) 
  inc_add_1559_34_g905/CO -       B->CO R     ADDHX1         1  3.2    25    38     678    (-,-) 
  inc_add_1559_34_g904/CO -       B->CO R     ADDHX1         2  4.7    35    44     722    (-,-) 
  inc_add_1559_34_g903/Y  -       C->Y  R     AND3XL         1  3.2    40    54     776    (-,-) 
  inc_add_1559_34_g900/CO -       B->CO R     ADDHX1         1  3.2    25    41     816    (-,-) 
  inc_add_1559_34_g899/CO -       B->CO R     ADDHX1         1  3.2    25    38     854    (-,-) 
  inc_add_1559_34_g898/CO -       B->CO R     ADDHX1         1  3.2    25    38     893    (-,-) 
  inc_add_1559_34_g897/CO -       B->CO R     ADDHX1         1  3.2    25    38     931    (-,-) 
  inc_add_1559_34_g896/CO -       B->CO R     ADDHX1         1  3.2    25    38     969    (-,-) 
  inc_add_1559_34_g895/CO -       B->CO R     ADDHX1         1  3.2    25    38    1007    (-,-) 
  inc_add_1559_34_g894/CO -       B->CO R     ADDHX1         1  3.2    25    38    1045    (-,-) 
  inc_add_1559_34_g893/CO -       B->CO R     ADDHX1         1  3.2    25    38    1083    (-,-) 
  inc_add_1559_34_g892/CO -       B->CO R     ADDHX1         1  3.2    25    38    1121    (-,-) 
  inc_add_1559_34_g891/CO -       B->CO R     ADDHX1         1  3.2    25    38    1159    (-,-) 
  inc_add_1559_34_g890/CO -       B->CO R     ADDHX1         1  3.2    25    38    1197    (-,-) 
  inc_add_1559_34_g889/CO -       B->CO R     ADDHX1         1  3.2    25    38    1236    (-,-) 
  inc_add_1559_34_g888/CO -       B->CO R     ADDHX1         1  3.2    25    38    1274    (-,-) 
  inc_add_1559_34_g887/CO -       B->CO R     ADDHX1         1  3.2    25    38    1312    (-,-) 
  inc_add_1559_34_g886/CO -       B->CO R     ADDHX1         1  3.2    25    38    1350    (-,-) 
  inc_add_1559_34_g885/CO -       B->CO R     ADDHX1         1  3.2    25    38    1388    (-,-) 
  inc_add_1559_34_g884/CO -       B->CO R     ADDHX1         1  3.2    25    38    1426    (-,-) 
  inc_add_1559_34_g883/CO -       B->CO R     ADDHX1         1  3.2    25    38    1464    (-,-) 
  inc_add_1559_34_g882/CO -       B->CO R     ADDHX1         1  3.2    25    38    1502    (-,-) 
  inc_add_1559_34_g881/CO -       B->CO R     ADDHX1         1  3.2    25    38    1540    (-,-) 
  inc_add_1559_34_g880/CO -       B->CO R     ADDHX1         1  3.2    25    38    1578    (-,-) 
  inc_add_1559_34_g879/CO -       B->CO R     ADDHX1         1  3.2    25    38    1616    (-,-) 
  inc_add_1559_34_g878/CO -       B->CO R     ADDHX1         1  3.2    25    38    1655    (-,-) 
  inc_add_1559_34_g877/CO -       B->CO R     ADDHX1         1  3.2    25    38    1693    (-,-) 
  inc_add_1559_34_g876/CO -       B->CO R     ADDHX1         1  3.2    25    38    1731    (-,-) 
  inc_add_1559_34_g875/CO -       B->CO R     ADDHX1         1  3.2    25    38    1769    (-,-) 
  inc_add_1559_34_g874/CO -       B->CO R     ADDHX1         1  3.2    25    38    1807    (-,-) 
  inc_add_1559_34_g873/CO -       B->CO R     ADDHX1         1  3.2    25    38    1845    (-,-) 
  inc_add_1559_34_g872/CO -       B->CO R     ADDHX1         1  3.2    25    38    1883    (-,-) 
  inc_add_1559_34_g871/CO -       B->CO R     ADDHX1         1  3.2    25    38    1921    (-,-) 
  inc_add_1559_34_g870/CO -       B->CO R     ADDHX1         1  3.2    25    38    1959    (-,-) 
  inc_add_1559_34_g869/CO -       B->CO R     ADDHX1         1  3.2    25    38    1998    (-,-) 
  inc_add_1559_34_g868/CO -       B->CO R     ADDHX1         1  3.2    25    38    2036    (-,-) 
  inc_add_1559_34_g867/S  -       B->S  R     ADDHX1         1  2.7    22    39    2074    (-,-) 
  g108515/Y               -       A->Y  F     MXI2XL         1  2.8    81    50    2125    (-,-) 
  g107914/Y               -       B->Y  R     NOR2X1         1  2.8    52    52    2177    (-,-) 
  count_instr_reg[53]/D   -       -     R     DFFHQX1        1    -     -     0    2177    (-,-) 
#------------------------------------------------------------------------------------------------



Path 23: MET (1793 ps) Setup Check with Pin count_cycle_reg[54]/CK->D
          Group: C2C
     Startpoint: (R) count_cycle_reg[0]/CK
          Clock: (R) myclock
       Endpoint: (R) count_cycle_reg[54]/D
          Clock: (R) myclock

                     Capture       Launch     
        Clock Edge:+    4000            0     
       Src Latency:+       0            0     
       Net Latency:+       0 (I)        0 (I) 
           Arrival:=    4000            0     
                                              
             Setup:-      24                  
       Uncertainty:-      20                  
     Required Time:=    3956                  
      Launch Clock:-       0                  
         Data Path:-    2163                  
             Slack:=    1793                  

#------------------------------------------------------------------------------------------------
#      Timing Point       Flags   Arc   Edge   Cell     Fanout Load Trans Delay Arrival Instance 
#                                                              (fF)  (ps)  (ps)   (ps)  Location 
#------------------------------------------------------------------------------------------------
  count_cycle_reg[0]/CK   -       -     R     (arrival)   1850    -     0     0       0    (-,-) 
  count_cycle_reg[0]/Q    -       CK->Q R     DFFHQX1        3  6.5    46    66      66    (-,-) 
  inc_add_1428_40_g910/CO -       B->CO R     ADDHX1         1  3.2    25    42     107    (-,-) 
  inc_add_1428_40_g909/CO -       B->CO R     ADDHX1         1  3.2    25    38     146    (-,-) 
  inc_add_1428_40_g908/CO -       B->CO R     ADDHX1         1  3.2    25    38     184    (-,-) 
  inc_add_1428_40_g907/CO -       B->CO R     ADDHX1         1  3.2    25    38     222    (-,-) 
  inc_add_1428_40_g906/CO -       B->CO R     ADDHX1         1  3.2    25    38     260    (-,-) 
  inc_add_1428_40_g905/CO -       B->CO R     ADDHX1         1  3.2    25    38     298    (-,-) 
  inc_add_1428_40_g904/CO -       B->CO R     ADDHX1         1  3.2    25    38     336    (-,-) 
  inc_add_1428_40_g903/CO -       B->CO R     ADDHX1         1  3.2    25    38     374    (-,-) 
  inc_add_1428_40_g902/CO -       B->CO R     ADDHX1         1  3.2    25    38     412    (-,-) 
  inc_add_1428_40_g901/CO -       B->CO R     ADDHX1         1  3.2    25    38     450    (-,-) 
  inc_add_1428_40_g900/CO -       B->CO R     ADDHX1         1  3.2    25    38     488    (-,-) 
  inc_add_1428_40_g899/CO -       B->CO R     ADDHX1         1  3.2    25    38     526    (-,-) 
  inc_add_1428_40_g898/CO -       B->CO R     ADDHX1         1  3.2    25    38     565    (-,-) 
  inc_add_1428_40_g897/CO -       B->CO R     ADDHX1         1  3.2    25    38     603    (-,-) 
  inc_add_1428_40_g896/CO -       B->CO R     ADDHX1         1  3.2    25    38     641    (-,-) 
  inc_add_1428_40_g895/CO -       B->CO R     ADDHX1         1  3.2    25    38     679    (-,-) 
  inc_add_1428_40_g894/CO -       B->CO R     ADDHX1         1  3.2    25    38     717    (-,-) 
  inc_add_1428_40_g893/CO -       B->CO R     ADDHX1         1  3.2    25    38     755    (-,-) 
  inc_add_1428_40_g892/CO -       B->CO R     ADDHX1         1  3.2    25    38     793    (-,-) 
  inc_add_1428_40_g891/CO -       B->CO R     ADDHX1         1  3.2    25    38     831    (-,-) 
  inc_add_1428_40_g890/CO -       B->CO R     ADDHX1         1  3.2    25    38     869    (-,-) 
  inc_add_1428_40_g889/CO -       B->CO R     ADDHX1         1  3.2    25    38     908    (-,-) 
  inc_add_1428_40_g888/CO -       B->CO R     ADDHX1         1  3.2    25    38     946    (-,-) 
  inc_add_1428_40_g887/CO -       B->CO R     ADDHX1         1  3.2    25    38     984    (-,-) 
  inc_add_1428_40_g886/CO -       B->CO R     ADDHX1         1  3.2    25    38    1022    (-,-) 
  inc_add_1428_40_g885/CO -       B->CO R     ADDHX1         1  3.2    25    38    1060    (-,-) 
  inc_add_1428_40_g884/CO -       B->CO R     ADDHX1         1  3.2    25    38    1098    (-,-) 
  inc_add_1428_40_g883/CO -       B->CO R     ADDHX1         1  3.2    25    38    1136    (-,-) 
  inc_add_1428_40_g882/CO -       B->CO R     ADDHX1         1  3.2    25    38    1174    (-,-) 
  inc_add_1428_40_g881/CO -       B->CO R     ADDHX1         1  3.2    25    38    1212    (-,-) 
  inc_add_1428_40_g880/CO -       B->CO R     ADDHX1         1  3.2    25    38    1250    (-,-) 
  inc_add_1428_40_g879/CO -       B->CO R     ADDHX1         1  3.2    25    38    1288    (-,-) 
  inc_add_1428_40_g878/CO -       B->CO R     ADDHX1         1  3.2    25    38    1327    (-,-) 
  inc_add_1428_40_g877/CO -       B->CO R     ADDHX1         1  3.2    25    38    1365    (-,-) 
  inc_add_1428_40_g876/CO -       B->CO R     ADDHX1         1  3.2    25    38    1403    (-,-) 
  inc_add_1428_40_g875/CO -       B->CO R     ADDHX1         1  3.2    25    38    1441    (-,-) 
  inc_add_1428_40_g874/CO -       B->CO R     ADDHX1         1  3.2    25    38    1479    (-,-) 
  inc_add_1428_40_g873/CO -       B->CO R     ADDHX1         1  3.2    25    38    1517    (-,-) 
  inc_add_1428_40_g872/CO -       B->CO R     ADDHX1         1  3.2    25    38    1555    (-,-) 
  inc_add_1428_40_g871/CO -       B->CO R     ADDHX1         1  3.2    25    38    1593    (-,-) 
  inc_add_1428_40_g870/CO -       B->CO R     ADDHX1         1  3.2    25    38    1631    (-,-) 
  inc_add_1428_40_g869/CO -       B->CO R     ADDHX1         1  3.2    25    38    1670    (-,-) 
  inc_add_1428_40_g868/CO -       B->CO R     ADDHX1         1  3.2    25    38    1708    (-,-) 
  inc_add_1428_40_g867/CO -       B->CO R     ADDHX1         1  3.2    25    38    1746    (-,-) 
  inc_add_1428_40_g866/CO -       B->CO R     ADDHX1         1  3.2    25    38    1784    (-,-) 
  inc_add_1428_40_g865/CO -       B->CO R     ADDHX1         1  3.2    25    38    1822    (-,-) 
  inc_add_1428_40_g864/CO -       B->CO R     ADDHX1         1  3.2    25    38    1860    (-,-) 
  inc_add_1428_40_g863/CO -       B->CO R     ADDHX1         1  3.2    25    38    1898    (-,-) 
  inc_add_1428_40_g862/CO -       B->CO R     ADDHX1         1  3.2    25    38    1936    (-,-) 
  inc_add_1428_40_g861/CO -       B->CO R     ADDHX1         1  3.2    25    38    1974    (-,-) 
  inc_add_1428_40_g860/CO -       B->CO R     ADDHX1         1  3.2    25    38    2012    (-,-) 
  inc_add_1428_40_g859/CO -       B->CO R     ADDHX1         1  3.2    25    38    2050    (-,-) 
  inc_add_1428_40_g858/CO -       B->CO R     ADDHX1         1  3.2    25    38    2089    (-,-) 
  inc_add_1428_40_g857/S  -       B->S  R     ADDHX1         1  2.7    22    39    2127    (-,-) 
  g108914/Y               -       A->Y  R     AND2X1         1  2.8    23    36    2163    (-,-) 
  count_cycle_reg[54]/D   -       -     R     DFFHQX1        1    -     -     0    2163    (-,-) 
#------------------------------------------------------------------------------------------------



Path 24: MET (1812 ps) Setup Check with Pin count_instr_reg[52]/CK->D
          Group: C2C
     Startpoint: (R) count_instr_reg[1]/CK
          Clock: (R) myclock
       Endpoint: (R) count_instr_reg[52]/D
          Clock: (R) myclock

                     Capture       Launch     
        Clock Edge:+    4000            0     
       Src Latency:+       0            0     
       Net Latency:+       0 (I)        0 (I) 
           Arrival:=    4000            0     
                                              
             Setup:-      29                  
       Uncertainty:-      20                  
     Required Time:=    3951                  
      Launch Clock:-       0                  
         Data Path:-    2139                  
             Slack:=    1812                  

#------------------------------------------------------------------------------------------------
#      Timing Point       Flags   Arc   Edge   Cell     Fanout Load Trans Delay Arrival Instance 
#                                                              (fF)  (ps)  (ps)   (ps)  Location 
#------------------------------------------------------------------------------------------------
  count_instr_reg[1]/CK   -       -     R     (arrival)   1850    -     0     0       0    (-,-) 
  count_instr_reg[1]/Q    -       CK->Q R     DFFHQX1        3  6.1    44    64      64    (-,-) 
  inc_add_1559_34_g920/CO -       A->CO R     ADDHX1         1  3.2    25    43     107    (-,-) 
  inc_add_1559_34_g919/CO -       B->CO R     ADDHX1         1  3.2    25    38     145    (-,-) 
  inc_add_1559_34_g918/CO -       B->CO R     ADDHX1         1  3.2    25    38     183    (-,-) 
  inc_add_1559_34_g917/CO -       B->CO R     ADDHX1         1  3.2    25    38     221    (-,-) 
  inc_add_1559_34_g916/CO -       B->CO R     ADDHX1         1  3.2    25    38     259    (-,-) 
  inc_add_1559_34_g915/CO -       B->CO R     ADDHX1         1  3.2    25    38     297    (-,-) 
  inc_add_1559_34_g914/CO -       B->CO R     ADDHX1         1  3.2    25    38     335    (-,-) 
  inc_add_1559_34_g913/CO -       B->CO R     ADDHX1         1  3.2    25    38     374    (-,-) 
  inc_add_1559_34_g912/CO -       B->CO R     ADDHX1         1  3.2    25    38     412    (-,-) 
  inc_add_1559_34_g911/CO -       B->CO R     ADDHX1         1  3.2    25    38     450    (-,-) 
  inc_add_1559_34_g910/CO -       B->CO R     ADDHX1         1  3.2    25    38     488    (-,-) 
  inc_add_1559_34_g909/CO -       B->CO R     ADDHX1         1  3.2    25    38     526    (-,-) 
  inc_add_1559_34_g908/CO -       B->CO R     ADDHX1         1  3.2    25    38     564    (-,-) 
  inc_add_1559_34_g907/CO -       B->CO R     ADDHX1         1  3.2    25    38     602    (-,-) 
  inc_add_1559_34_g906/CO -       B->CO R     ADDHX1         1  3.2    25    38     640    (-,-) 
  inc_add_1559_34_g905/CO -       B->CO R     ADDHX1         1  3.2    25    38     678    (-,-) 
  inc_add_1559_34_g904/CO -       B->CO R     ADDHX1         2  4.7    35    44     722    (-,-) 
  inc_add_1559_34_g903/Y  -       C->Y  R     AND3XL         1  3.2    40    54     776    (-,-) 
  inc_add_1559_34_g900/CO -       B->CO R     ADDHX1         1  3.2    25    41     816    (-,-) 
  inc_add_1559_34_g899/CO -       B->CO R     ADDHX1         1  3.2    25    38     854    (-,-) 
  inc_add_1559_34_g898/CO -       B->CO R     ADDHX1         1  3.2    25    38     893    (-,-) 
  inc_add_1559_34_g897/CO -       B->CO R     ADDHX1         1  3.2    25    38     931    (-,-) 
  inc_add_1559_34_g896/CO -       B->CO R     ADDHX1         1  3.2    25    38     969    (-,-) 
  inc_add_1559_34_g895/CO -       B->CO R     ADDHX1         1  3.2    25    38    1007    (-,-) 
  inc_add_1559_34_g894/CO -       B->CO R     ADDHX1         1  3.2    25    38    1045    (-,-) 
  inc_add_1559_34_g893/CO -       B->CO R     ADDHX1         1  3.2    25    38    1083    (-,-) 
  inc_add_1559_34_g892/CO -       B->CO R     ADDHX1         1  3.2    25    38    1121    (-,-) 
  inc_add_1559_34_g891/CO -       B->CO R     ADDHX1         1  3.2    25    38    1159    (-,-) 
  inc_add_1559_34_g890/CO -       B->CO R     ADDHX1         1  3.2    25    38    1197    (-,-) 
  inc_add_1559_34_g889/CO -       B->CO R     ADDHX1         1  3.2    25    38    1236    (-,-) 
  inc_add_1559_34_g888/CO -       B->CO R     ADDHX1         1  3.2    25    38    1274    (-,-) 
  inc_add_1559_34_g887/CO -       B->CO R     ADDHX1         1  3.2    25    38    1312    (-,-) 
  inc_add_1559_34_g886/CO -       B->CO R     ADDHX1         1  3.2    25    38    1350    (-,-) 
  inc_add_1559_34_g885/CO -       B->CO R     ADDHX1         1  3.2    25    38    1388    (-,-) 
  inc_add_1559_34_g884/CO -       B->CO R     ADDHX1         1  3.2    25    38    1426    (-,-) 
  inc_add_1559_34_g883/CO -       B->CO R     ADDHX1         1  3.2    25    38    1464    (-,-) 
  inc_add_1559_34_g882/CO -       B->CO R     ADDHX1         1  3.2    25    38    1502    (-,-) 
  inc_add_1559_34_g881/CO -       B->CO R     ADDHX1         1  3.2    25    38    1540    (-,-) 
  inc_add_1559_34_g880/CO -       B->CO R     ADDHX1         1  3.2    25    38    1578    (-,-) 
  inc_add_1559_34_g879/CO -       B->CO R     ADDHX1         1  3.2    25    38    1616    (-,-) 
  inc_add_1559_34_g878/CO -       B->CO R     ADDHX1         1  3.2    25    38    1655    (-,-) 
  inc_add_1559_34_g877/CO -       B->CO R     ADDHX1         1  3.2    25    38    1693    (-,-) 
  inc_add_1559_34_g876/CO -       B->CO R     ADDHX1         1  3.2    25    38    1731    (-,-) 
  inc_add_1559_34_g875/CO -       B->CO R     ADDHX1         1  3.2    25    38    1769    (-,-) 
  inc_add_1559_34_g874/CO -       B->CO R     ADDHX1         1  3.2    25    38    1807    (-,-) 
  inc_add_1559_34_g873/CO -       B->CO R     ADDHX1         1  3.2    25    38    1845    (-,-) 
  inc_add_1559_34_g872/CO -       B->CO R     ADDHX1         1  3.2    25    38    1883    (-,-) 
  inc_add_1559_34_g871/CO -       B->CO R     ADDHX1         1  3.2    25    38    1921    (-,-) 
  inc_add_1559_34_g870/CO -       B->CO R     ADDHX1         1  3.2    25    38    1959    (-,-) 
  inc_add_1559_34_g869/CO -       B->CO R     ADDHX1         1  3.2    25    38    1998    (-,-) 
  inc_add_1559_34_g868/S  -       B->S  R     ADDHX1         1  2.7    22    39    2036    (-,-) 
  g108513/Y               -       A->Y  F     MXI2XL         1  2.8    81    50    2087    (-,-) 
  g107882/Y               -       B->Y  R     NOR2X1         1  2.8    52    52    2139    (-,-) 
  count_instr_reg[52]/D   -       -     R     DFFHQX1        1    -     -     0    2139    (-,-) 
#------------------------------------------------------------------------------------------------



Path 25: MET (1815 ps) Setup Check with Pin reg_next_pc_reg[29]/CK->D
          Group: C2C
     Startpoint: (R) latched_branch_reg/CK
          Clock: (R) myclock
       Endpoint: (R) reg_next_pc_reg[29]/D
          Clock: (R) myclock

                     Capture       Launch     
        Clock Edge:+    4000            0     
       Src Latency:+       0            0     
       Net Latency:+       0 (I)        0 (I) 
           Arrival:=    4000            0     
                                              
             Setup:-      29                  
       Uncertainty:-      20                  
     Required Time:=    3951                  
      Launch Clock:-       0                  
         Data Path:-    2136                  
             Slack:=    1815                  

#-----------------------------------------------------------------------------------------------
#     Timing Point      Flags    Arc   Edge   Cell     Fanout Load Trans Delay Arrival Instance 
#                                                             (fF)  (ps)  (ps)   (ps)  Location 
#-----------------------------------------------------------------------------------------------
  latched_branch_reg/CK -       -      R     (arrival)   1850    -     0     0       0    (-,-) 
  latched_branch_reg/Q  -       CK->Q  F     DFFX4         33 52.1   101   108     108    (-,-) 
  g55738/Y              -       B->Y   R     NAND2X6       33 56.4    84    61     169    (-,-) 
  g55727/Y              -       A->Y   F     INVX1          3  5.9    55    51     220    (-,-) 
  g55721/Y              -       B->Y   F     AND2X4        31 49.1    96    83     303    (-,-) 
  g55432/Y              -       A1->Y  R     AOI22X1        1  2.9    67    63     366    (-,-) 
  g55431/Y              -       B0->Y  F     OAI2BB1X1      2  4.5    66    60     426    (-,-) 
  ADD_UNS_OP_g756/CO    -       B->CO  F     ADDHX1         1  3.1    24    36     462    (-,-) 
  ADD_UNS_OP_g755/CO    -       CI->CO F     ADDFX1         1  3.1    28    54     516    (-,-) 
  ADD_UNS_OP_g754/CO    -       CI->CO F     ADDFX1         1  3.1    28    56     572    (-,-) 
  ADD_UNS_OP_g753/CO    -       CI->CO F     ADDFX1         1  3.1    28    56     627    (-,-) 
  ADD_UNS_OP_g752/CO    -       CI->CO F     ADDFX1         1  3.1    28    56     683    (-,-) 
  ADD_UNS_OP_g751/CO    -       CI->CO F     ADDFX1         1  3.1    28    56     738    (-,-) 
  ADD_UNS_OP_g750/CO    -       CI->CO F     ADDFX1         1  3.1    28    56     794    (-,-) 
  ADD_UNS_OP_g749/CO    -       CI->CO F     ADDFX1         1  3.1    28    56     849    (-,-) 
  ADD_UNS_OP_g748/CO    -       CI->CO F     ADDFX1         1  3.1    28    56     905    (-,-) 
  ADD_UNS_OP_g747/CO    -       CI->CO F     ADDFX1         1  3.1    28    56     960    (-,-) 
  ADD_UNS_OP_g746/CO    -       CI->CO F     ADDFX1         1  3.1    28    56    1016    (-,-) 
  ADD_UNS_OP_g745/CO    -       CI->CO F     ADDFX1         1  3.1    28    56    1071    (-,-) 
  ADD_UNS_OP_g744/CO    -       CI->CO F     ADDFX1         1  3.1    28    56    1127    (-,-) 
  ADD_UNS_OP_g743/CO    -       CI->CO F     ADDFX1         1  3.1    28    56    1182    (-,-) 
  ADD_UNS_OP_g742/CO    -       CI->CO F     ADDFX1         1  3.1    28    56    1238    (-,-) 
  ADD_UNS_OP_g741/CO    -       CI->CO F     ADDFX1         1  3.1    28    56    1293    (-,-) 
  ADD_UNS_OP_g740/CO    -       CI->CO F     ADDFX1         1  3.1    28    56    1349    (-,-) 
  ADD_UNS_OP_g739/CO    -       CI->CO F     ADDFX1         1  3.1    28    56    1404    (-,-) 
  ADD_UNS_OP_g738/CO    -       CI->CO F     ADDFX1         1  3.1    28    56    1460    (-,-) 
  ADD_UNS_OP_g737/CO    -       CI->CO F     ADDFX1         1  3.1    28    56    1515    (-,-) 
  ADD_UNS_OP_g736/CO    -       CI->CO F     ADDFX1         1  3.1    28    56    1571    (-,-) 
  ADD_UNS_OP_g735/CO    -       CI->CO F     ADDFX1         1  3.1    28    56    1626    (-,-) 
  ADD_UNS_OP_g734/CO    -       CI->CO F     ADDFX1         1  3.1    28    56    1682    (-,-) 
  ADD_UNS_OP_g733/CO    -       CI->CO F     ADDFX1         1  3.1    28    56    1737    (-,-) 
  ADD_UNS_OP_g732/CO    -       CI->CO F     ADDFX1         1  3.1    28    56    1793    (-,-) 
  ADD_UNS_OP_g731/CO    -       CI->CO F     ADDFX1         1  3.1    28    56    1848    (-,-) 
  ADD_UNS_OP_g730/CO    -       CI->CO F     ADDFX1         1  3.1    28    56    1904    (-,-) 
  ADD_UNS_OP_g729/CO    -       CI->CO F     ADDFX1         1  3.1    28    56    1959    (-,-) 
  ADD_UNS_OP_g728/S     -       CI->S  R     ADDFX1         1  2.7    24    74    2033    (-,-) 
  g108833/Y             -       B->Y   F     MXI2XL         1  2.8    80    50    2084    (-,-) 
  g108313/Y             -       B->Y   R     NOR2X1         1  2.8    53    52    2136    (-,-) 
  reg_next_pc_reg[29]/D -       -      R     DFFHQX1        1    -     -     0    2136    (-,-) 
#-----------------------------------------------------------------------------------------------



Path 26: MET (1831 ps) Setup Check with Pin count_cycle_reg[53]/CK->D
          Group: C2C
     Startpoint: (R) count_cycle_reg[0]/CK
          Clock: (R) myclock
       Endpoint: (R) count_cycle_reg[53]/D
          Clock: (R) myclock

                     Capture       Launch     
        Clock Edge:+    4000            0     
       Src Latency:+       0            0     
       Net Latency:+       0 (I)        0 (I) 
           Arrival:=    4000            0     
                                              
             Setup:-      23                  
       Uncertainty:-      20                  
     Required Time:=    3957                  
      Launch Clock:-       0                  
         Data Path:-    2125                  
             Slack:=    1831                  

#------------------------------------------------------------------------------------------------
#      Timing Point       Flags   Arc   Edge   Cell     Fanout Load Trans Delay Arrival Instance 
#                                                              (fF)  (ps)  (ps)   (ps)  Location 
#------------------------------------------------------------------------------------------------
  count_cycle_reg[0]/CK   -       -     R     (arrival)   1850    -     0     0       0    (-,-) 
  count_cycle_reg[0]/Q    -       CK->Q R     DFFHQX1        3  6.5    46    66      66    (-,-) 
  inc_add_1428_40_g910/CO -       B->CO R     ADDHX1         1  3.2    25    42     107    (-,-) 
  inc_add_1428_40_g909/CO -       B->CO R     ADDHX1         1  3.2    25    38     146    (-,-) 
  inc_add_1428_40_g908/CO -       B->CO R     ADDHX1         1  3.2    25    38     184    (-,-) 
  inc_add_1428_40_g907/CO -       B->CO R     ADDHX1         1  3.2    25    38     222    (-,-) 
  inc_add_1428_40_g906/CO -       B->CO R     ADDHX1         1  3.2    25    38     260    (-,-) 
  inc_add_1428_40_g905/CO -       B->CO R     ADDHX1         1  3.2    25    38     298    (-,-) 
  inc_add_1428_40_g904/CO -       B->CO R     ADDHX1         1  3.2    25    38     336    (-,-) 
  inc_add_1428_40_g903/CO -       B->CO R     ADDHX1         1  3.2    25    38     374    (-,-) 
  inc_add_1428_40_g902/CO -       B->CO R     ADDHX1         1  3.2    25    38     412    (-,-) 
  inc_add_1428_40_g901/CO -       B->CO R     ADDHX1         1  3.2    25    38     450    (-,-) 
  inc_add_1428_40_g900/CO -       B->CO R     ADDHX1         1  3.2    25    38     488    (-,-) 
  inc_add_1428_40_g899/CO -       B->CO R     ADDHX1         1  3.2    25    38     526    (-,-) 
  inc_add_1428_40_g898/CO -       B->CO R     ADDHX1         1  3.2    25    38     565    (-,-) 
  inc_add_1428_40_g897/CO -       B->CO R     ADDHX1         1  3.2    25    38     603    (-,-) 
  inc_add_1428_40_g896/CO -       B->CO R     ADDHX1         1  3.2    25    38     641    (-,-) 
  inc_add_1428_40_g895/CO -       B->CO R     ADDHX1         1  3.2    25    38     679    (-,-) 
  inc_add_1428_40_g894/CO -       B->CO R     ADDHX1         1  3.2    25    38     717    (-,-) 
  inc_add_1428_40_g893/CO -       B->CO R     ADDHX1         1  3.2    25    38     755    (-,-) 
  inc_add_1428_40_g892/CO -       B->CO R     ADDHX1         1  3.2    25    38     793    (-,-) 
  inc_add_1428_40_g891/CO -       B->CO R     ADDHX1         1  3.2    25    38     831    (-,-) 
  inc_add_1428_40_g890/CO -       B->CO R     ADDHX1         1  3.2    25    38     869    (-,-) 
  inc_add_1428_40_g889/CO -       B->CO R     ADDHX1         1  3.2    25    38     908    (-,-) 
  inc_add_1428_40_g888/CO -       B->CO R     ADDHX1         1  3.2    25    38     946    (-,-) 
  inc_add_1428_40_g887/CO -       B->CO R     ADDHX1         1  3.2    25    38     984    (-,-) 
  inc_add_1428_40_g886/CO -       B->CO R     ADDHX1         1  3.2    25    38    1022    (-,-) 
  inc_add_1428_40_g885/CO -       B->CO R     ADDHX1         1  3.2    25    38    1060    (-,-) 
  inc_add_1428_40_g884/CO -       B->CO R     ADDHX1         1  3.2    25    38    1098    (-,-) 
  inc_add_1428_40_g883/CO -       B->CO R     ADDHX1         1  3.2    25    38    1136    (-,-) 
  inc_add_1428_40_g882/CO -       B->CO R     ADDHX1         1  3.2    25    38    1174    (-,-) 
  inc_add_1428_40_g881/CO -       B->CO R     ADDHX1         1  3.2    25    38    1212    (-,-) 
  inc_add_1428_40_g880/CO -       B->CO R     ADDHX1         1  3.2    25    38    1250    (-,-) 
  inc_add_1428_40_g879/CO -       B->CO R     ADDHX1         1  3.2    25    38    1288    (-,-) 
  inc_add_1428_40_g878/CO -       B->CO R     ADDHX1         1  3.2    25    38    1327    (-,-) 
  inc_add_1428_40_g877/CO -       B->CO R     ADDHX1         1  3.2    25    38    1365    (-,-) 
  inc_add_1428_40_g876/CO -       B->CO R     ADDHX1         1  3.2    25    38    1403    (-,-) 
  inc_add_1428_40_g875/CO -       B->CO R     ADDHX1         1  3.2    25    38    1441    (-,-) 
  inc_add_1428_40_g874/CO -       B->CO R     ADDHX1         1  3.2    25    38    1479    (-,-) 
  inc_add_1428_40_g873/CO -       B->CO R     ADDHX1         1  3.2    25    38    1517    (-,-) 
  inc_add_1428_40_g872/CO -       B->CO R     ADDHX1         1  3.2    25    38    1555    (-,-) 
  inc_add_1428_40_g871/CO -       B->CO R     ADDHX1         1  3.2    25    38    1593    (-,-) 
  inc_add_1428_40_g870/CO -       B->CO R     ADDHX1         1  3.2    25    38    1631    (-,-) 
  inc_add_1428_40_g869/CO -       B->CO R     ADDHX1         1  3.2    25    38    1670    (-,-) 
  inc_add_1428_40_g868/CO -       B->CO R     ADDHX1         1  3.2    25    38    1708    (-,-) 
  inc_add_1428_40_g867/CO -       B->CO R     ADDHX1         1  3.2    25    38    1746    (-,-) 
  inc_add_1428_40_g866/CO -       B->CO R     ADDHX1         1  3.2    25    38    1784    (-,-) 
  inc_add_1428_40_g865/CO -       B->CO R     ADDHX1         1  3.2    25    38    1822    (-,-) 
  inc_add_1428_40_g864/CO -       B->CO R     ADDHX1         1  3.2    25    38    1860    (-,-) 
  inc_add_1428_40_g863/CO -       B->CO R     ADDHX1         1  3.2    25    38    1898    (-,-) 
  inc_add_1428_40_g862/CO -       B->CO R     ADDHX1         1  3.2    25    38    1936    (-,-) 
  inc_add_1428_40_g861/CO -       B->CO R     ADDHX1         1  3.2    25    38    1974    (-,-) 
  inc_add_1428_40_g860/CO -       B->CO R     ADDHX1         1  3.2    25    38    2012    (-,-) 
  inc_add_1428_40_g859/CO -       B->CO R     ADDHX1         1  3.2    25    38    2050    (-,-) 
  inc_add_1428_40_g858/S  -       B->S  R     ADDHX1         1  2.7    22    39    2089    (-,-) 
  g108948/Y               -       A->Y  R     AND2X1         1  2.8    22    36    2125    (-,-) 
  count_cycle_reg[53]/D   -       -     R     DFFHQX1        1    -     -     0    2125    (-,-) 
#------------------------------------------------------------------------------------------------



Path 27: MET (1850 ps) Setup Check with Pin count_instr_reg[51]/CK->D
          Group: C2C
     Startpoint: (R) count_instr_reg[1]/CK
          Clock: (R) myclock
       Endpoint: (R) count_instr_reg[51]/D
          Clock: (R) myclock

                     Capture       Launch     
        Clock Edge:+    4000            0     
       Src Latency:+       0            0     
       Net Latency:+       0 (I)        0 (I) 
           Arrival:=    4000            0     
                                              
             Setup:-      29                  
       Uncertainty:-      20                  
     Required Time:=    3951                  
      Launch Clock:-       0                  
         Data Path:-    2101                  
             Slack:=    1850                  

#------------------------------------------------------------------------------------------------
#      Timing Point       Flags   Arc   Edge   Cell     Fanout Load Trans Delay Arrival Instance 
#                                                              (fF)  (ps)  (ps)   (ps)  Location 
#------------------------------------------------------------------------------------------------
  count_instr_reg[1]/CK   -       -     R     (arrival)   1850    -     0     0       0    (-,-) 
  count_instr_reg[1]/Q    -       CK->Q R     DFFHQX1        3  6.1    44    64      64    (-,-) 
  inc_add_1559_34_g920/CO -       A->CO R     ADDHX1         1  3.2    25    43     107    (-,-) 
  inc_add_1559_34_g919/CO -       B->CO R     ADDHX1         1  3.2    25    38     145    (-,-) 
  inc_add_1559_34_g918/CO -       B->CO R     ADDHX1         1  3.2    25    38     183    (-,-) 
  inc_add_1559_34_g917/CO -       B->CO R     ADDHX1         1  3.2    25    38     221    (-,-) 
  inc_add_1559_34_g916/CO -       B->CO R     ADDHX1         1  3.2    25    38     259    (-,-) 
  inc_add_1559_34_g915/CO -       B->CO R     ADDHX1         1  3.2    25    38     297    (-,-) 
  inc_add_1559_34_g914/CO -       B->CO R     ADDHX1         1  3.2    25    38     335    (-,-) 
  inc_add_1559_34_g913/CO -       B->CO R     ADDHX1         1  3.2    25    38     374    (-,-) 
  inc_add_1559_34_g912/CO -       B->CO R     ADDHX1         1  3.2    25    38     412    (-,-) 
  inc_add_1559_34_g911/CO -       B->CO R     ADDHX1         1  3.2    25    38     450    (-,-) 
  inc_add_1559_34_g910/CO -       B->CO R     ADDHX1         1  3.2    25    38     488    (-,-) 
  inc_add_1559_34_g909/CO -       B->CO R     ADDHX1         1  3.2    25    38     526    (-,-) 
  inc_add_1559_34_g908/CO -       B->CO R     ADDHX1         1  3.2    25    38     564    (-,-) 
  inc_add_1559_34_g907/CO -       B->CO R     ADDHX1         1  3.2    25    38     602    (-,-) 
  inc_add_1559_34_g906/CO -       B->CO R     ADDHX1         1  3.2    25    38     640    (-,-) 
  inc_add_1559_34_g905/CO -       B->CO R     ADDHX1         1  3.2    25    38     678    (-,-) 
  inc_add_1559_34_g904/CO -       B->CO R     ADDHX1         2  4.7    35    44     722    (-,-) 
  inc_add_1559_34_g903/Y  -       C->Y  R     AND3XL         1  3.2    40    54     776    (-,-) 
  inc_add_1559_34_g900/CO -       B->CO R     ADDHX1         1  3.2    25    41     816    (-,-) 
  inc_add_1559_34_g899/CO -       B->CO R     ADDHX1         1  3.2    25    38     854    (-,-) 
  inc_add_1559_34_g898/CO -       B->CO R     ADDHX1         1  3.2    25    38     893    (-,-) 
  inc_add_1559_34_g897/CO -       B->CO R     ADDHX1         1  3.2    25    38     931    (-,-) 
  inc_add_1559_34_g896/CO -       B->CO R     ADDHX1         1  3.2    25    38     969    (-,-) 
  inc_add_1559_34_g895/CO -       B->CO R     ADDHX1         1  3.2    25    38    1007    (-,-) 
  inc_add_1559_34_g894/CO -       B->CO R     ADDHX1         1  3.2    25    38    1045    (-,-) 
  inc_add_1559_34_g893/CO -       B->CO R     ADDHX1         1  3.2    25    38    1083    (-,-) 
  inc_add_1559_34_g892/CO -       B->CO R     ADDHX1         1  3.2    25    38    1121    (-,-) 
  inc_add_1559_34_g891/CO -       B->CO R     ADDHX1         1  3.2    25    38    1159    (-,-) 
  inc_add_1559_34_g890/CO -       B->CO R     ADDHX1         1  3.2    25    38    1197    (-,-) 
  inc_add_1559_34_g889/CO -       B->CO R     ADDHX1         1  3.2    25    38    1236    (-,-) 
  inc_add_1559_34_g888/CO -       B->CO R     ADDHX1         1  3.2    25    38    1274    (-,-) 
  inc_add_1559_34_g887/CO -       B->CO R     ADDHX1         1  3.2    25    38    1312    (-,-) 
  inc_add_1559_34_g886/CO -       B->CO R     ADDHX1         1  3.2    25    38    1350    (-,-) 
  inc_add_1559_34_g885/CO -       B->CO R     ADDHX1         1  3.2    25    38    1388    (-,-) 
  inc_add_1559_34_g884/CO -       B->CO R     ADDHX1         1  3.2    25    38    1426    (-,-) 
  inc_add_1559_34_g883/CO -       B->CO R     ADDHX1         1  3.2    25    38    1464    (-,-) 
  inc_add_1559_34_g882/CO -       B->CO R     ADDHX1         1  3.2    25    38    1502    (-,-) 
  inc_add_1559_34_g881/CO -       B->CO R     ADDHX1         1  3.2    25    38    1540    (-,-) 
  inc_add_1559_34_g880/CO -       B->CO R     ADDHX1         1  3.2    25    38    1578    (-,-) 
  inc_add_1559_34_g879/CO -       B->CO R     ADDHX1         1  3.2    25    38    1616    (-,-) 
  inc_add_1559_34_g878/CO -       B->CO R     ADDHX1         1  3.2    25    38    1655    (-,-) 
  inc_add_1559_34_g877/CO -       B->CO R     ADDHX1         1  3.2    25    38    1693    (-,-) 
  inc_add_1559_34_g876/CO -       B->CO R     ADDHX1         1  3.2    25    38    1731    (-,-) 
  inc_add_1559_34_g875/CO -       B->CO R     ADDHX1         1  3.2    25    38    1769    (-,-) 
  inc_add_1559_34_g874/CO -       B->CO R     ADDHX1         1  3.2    25    38    1807    (-,-) 
  inc_add_1559_34_g873/CO -       B->CO R     ADDHX1         1  3.2    25    38    1845    (-,-) 
  inc_add_1559_34_g872/CO -       B->CO R     ADDHX1         1  3.2    25    38    1883    (-,-) 
  inc_add_1559_34_g871/CO -       B->CO R     ADDHX1         1  3.2    25    38    1921    (-,-) 
  inc_add_1559_34_g870/CO -       B->CO R     ADDHX1         1  3.2    25    38    1959    (-,-) 
  inc_add_1559_34_g869/S  -       B->S  R     ADDHX1         1  2.7    22    39    1998    (-,-) 
  g108512/Y               -       A->Y  F     MXI2XL         1  2.8    81    50    2048    (-,-) 
  g107822/Y               -       B->Y  R     NOR2X1         1  2.8    53    52    2101    (-,-) 
  count_instr_reg[51]/D   -       -     R     DFFHQX1        1    -     -     0    2101    (-,-) 
#------------------------------------------------------------------------------------------------



Path 28: MET (1869 ps) Setup Check with Pin count_cycle_reg[52]/CK->D
          Group: C2C
     Startpoint: (R) count_cycle_reg[0]/CK
          Clock: (R) myclock
       Endpoint: (R) count_cycle_reg[52]/D
          Clock: (R) myclock

                     Capture       Launch     
        Clock Edge:+    4000            0     
       Src Latency:+       0            0     
       Net Latency:+       0 (I)        0 (I) 
           Arrival:=    4000            0     
                                              
             Setup:-      23                  
       Uncertainty:-      20                  
     Required Time:=    3957                  
      Launch Clock:-       0                  
         Data Path:-    2087                  
             Slack:=    1869                  

#------------------------------------------------------------------------------------------------
#      Timing Point       Flags   Arc   Edge   Cell     Fanout Load Trans Delay Arrival Instance 
#                                                              (fF)  (ps)  (ps)   (ps)  Location 
#------------------------------------------------------------------------------------------------
  count_cycle_reg[0]/CK   -       -     R     (arrival)   1850    -     0     0       0    (-,-) 
  count_cycle_reg[0]/Q    -       CK->Q R     DFFHQX1        3  6.5    46    66      66    (-,-) 
  inc_add_1428_40_g910/CO -       B->CO R     ADDHX1         1  3.2    25    42     107    (-,-) 
  inc_add_1428_40_g909/CO -       B->CO R     ADDHX1         1  3.2    25    38     146    (-,-) 
  inc_add_1428_40_g908/CO -       B->CO R     ADDHX1         1  3.2    25    38     184    (-,-) 
  inc_add_1428_40_g907/CO -       B->CO R     ADDHX1         1  3.2    25    38     222    (-,-) 
  inc_add_1428_40_g906/CO -       B->CO R     ADDHX1         1  3.2    25    38     260    (-,-) 
  inc_add_1428_40_g905/CO -       B->CO R     ADDHX1         1  3.2    25    38     298    (-,-) 
  inc_add_1428_40_g904/CO -       B->CO R     ADDHX1         1  3.2    25    38     336    (-,-) 
  inc_add_1428_40_g903/CO -       B->CO R     ADDHX1         1  3.2    25    38     374    (-,-) 
  inc_add_1428_40_g902/CO -       B->CO R     ADDHX1         1  3.2    25    38     412    (-,-) 
  inc_add_1428_40_g901/CO -       B->CO R     ADDHX1         1  3.2    25    38     450    (-,-) 
  inc_add_1428_40_g900/CO -       B->CO R     ADDHX1         1  3.2    25    38     488    (-,-) 
  inc_add_1428_40_g899/CO -       B->CO R     ADDHX1         1  3.2    25    38     526    (-,-) 
  inc_add_1428_40_g898/CO -       B->CO R     ADDHX1         1  3.2    25    38     565    (-,-) 
  inc_add_1428_40_g897/CO -       B->CO R     ADDHX1         1  3.2    25    38     603    (-,-) 
  inc_add_1428_40_g896/CO -       B->CO R     ADDHX1         1  3.2    25    38     641    (-,-) 
  inc_add_1428_40_g895/CO -       B->CO R     ADDHX1         1  3.2    25    38     679    (-,-) 
  inc_add_1428_40_g894/CO -       B->CO R     ADDHX1         1  3.2    25    38     717    (-,-) 
  inc_add_1428_40_g893/CO -       B->CO R     ADDHX1         1  3.2    25    38     755    (-,-) 
  inc_add_1428_40_g892/CO -       B->CO R     ADDHX1         1  3.2    25    38     793    (-,-) 
  inc_add_1428_40_g891/CO -       B->CO R     ADDHX1         1  3.2    25    38     831    (-,-) 
  inc_add_1428_40_g890/CO -       B->CO R     ADDHX1         1  3.2    25    38     869    (-,-) 
  inc_add_1428_40_g889/CO -       B->CO R     ADDHX1         1  3.2    25    38     908    (-,-) 
  inc_add_1428_40_g888/CO -       B->CO R     ADDHX1         1  3.2    25    38     946    (-,-) 
  inc_add_1428_40_g887/CO -       B->CO R     ADDHX1         1  3.2    25    38     984    (-,-) 
  inc_add_1428_40_g886/CO -       B->CO R     ADDHX1         1  3.2    25    38    1022    (-,-) 
  inc_add_1428_40_g885/CO -       B->CO R     ADDHX1         1  3.2    25    38    1060    (-,-) 
  inc_add_1428_40_g884/CO -       B->CO R     ADDHX1         1  3.2    25    38    1098    (-,-) 
  inc_add_1428_40_g883/CO -       B->CO R     ADDHX1         1  3.2    25    38    1136    (-,-) 
  inc_add_1428_40_g882/CO -       B->CO R     ADDHX1         1  3.2    25    38    1174    (-,-) 
  inc_add_1428_40_g881/CO -       B->CO R     ADDHX1         1  3.2    25    38    1212    (-,-) 
  inc_add_1428_40_g880/CO -       B->CO R     ADDHX1         1  3.2    25    38    1250    (-,-) 
  inc_add_1428_40_g879/CO -       B->CO R     ADDHX1         1  3.2    25    38    1288    (-,-) 
  inc_add_1428_40_g878/CO -       B->CO R     ADDHX1         1  3.2    25    38    1327    (-,-) 
  inc_add_1428_40_g877/CO -       B->CO R     ADDHX1         1  3.2    25    38    1365    (-,-) 
  inc_add_1428_40_g876/CO -       B->CO R     ADDHX1         1  3.2    25    38    1403    (-,-) 
  inc_add_1428_40_g875/CO -       B->CO R     ADDHX1         1  3.2    25    38    1441    (-,-) 
  inc_add_1428_40_g874/CO -       B->CO R     ADDHX1         1  3.2    25    38    1479    (-,-) 
  inc_add_1428_40_g873/CO -       B->CO R     ADDHX1         1  3.2    25    38    1517    (-,-) 
  inc_add_1428_40_g872/CO -       B->CO R     ADDHX1         1  3.2    25    38    1555    (-,-) 
  inc_add_1428_40_g871/CO -       B->CO R     ADDHX1         1  3.2    25    38    1593    (-,-) 
  inc_add_1428_40_g870/CO -       B->CO R     ADDHX1         1  3.2    25    38    1631    (-,-) 
  inc_add_1428_40_g869/CO -       B->CO R     ADDHX1         1  3.2    25    38    1670    (-,-) 
  inc_add_1428_40_g868/CO -       B->CO R     ADDHX1         1  3.2    25    38    1708    (-,-) 
  inc_add_1428_40_g867/CO -       B->CO R     ADDHX1         1  3.2    25    38    1746    (-,-) 
  inc_add_1428_40_g866/CO -       B->CO R     ADDHX1         1  3.2    25    38    1784    (-,-) 
  inc_add_1428_40_g865/CO -       B->CO R     ADDHX1         1  3.2    25    38    1822    (-,-) 
  inc_add_1428_40_g864/CO -       B->CO R     ADDHX1         1  3.2    25    38    1860    (-,-) 
  inc_add_1428_40_g863/CO -       B->CO R     ADDHX1         1  3.2    25    38    1898    (-,-) 
  inc_add_1428_40_g862/CO -       B->CO R     ADDHX1         1  3.2    25    38    1936    (-,-) 
  inc_add_1428_40_g861/CO -       B->CO R     ADDHX1         1  3.2    25    38    1974    (-,-) 
  inc_add_1428_40_g860/CO -       B->CO R     ADDHX1         1  3.2    25    38    2012    (-,-) 
  inc_add_1428_40_g859/S  -       B->S  R     ADDHX1         1  2.7    22    39    2051    (-,-) 
  g109098/Y               -       A->Y  R     AND2X1         1  2.8    22    36    2087    (-,-) 
  count_cycle_reg[52]/D   -       -     R     DFFHQX1        1    -     -     0    2087    (-,-) 
#------------------------------------------------------------------------------------------------



Path 29: MET (1871 ps) Setup Check with Pin reg_next_pc_reg[28]/CK->D
          Group: C2C
     Startpoint: (R) latched_branch_reg/CK
          Clock: (R) myclock
       Endpoint: (R) reg_next_pc_reg[28]/D
          Clock: (R) myclock

                     Capture       Launch     
        Clock Edge:+    4000            0     
       Src Latency:+       0            0     
       Net Latency:+       0 (I)        0 (I) 
           Arrival:=    4000            0     
                                              
             Setup:-      29                  
       Uncertainty:-      20                  
     Required Time:=    3951                  
      Launch Clock:-       0                  
         Data Path:-    2080                  
             Slack:=    1871                  

#-----------------------------------------------------------------------------------------------
#     Timing Point      Flags    Arc   Edge   Cell     Fanout Load Trans Delay Arrival Instance 
#                                                             (fF)  (ps)  (ps)   (ps)  Location 
#-----------------------------------------------------------------------------------------------
  latched_branch_reg/CK -       -      R     (arrival)   1850    -     0     0       0    (-,-) 
  latched_branch_reg/Q  -       CK->Q  F     DFFX4         33 52.1   101   108     108    (-,-) 
  g55738/Y              -       B->Y   R     NAND2X6       33 56.4    84    61     169    (-,-) 
  g55727/Y              -       A->Y   F     INVX1          3  5.9    55    51     220    (-,-) 
  g55721/Y              -       B->Y   F     AND2X4        31 49.1    96    83     303    (-,-) 
  g55432/Y              -       A1->Y  R     AOI22X1        1  2.9    67    63     366    (-,-) 
  g55431/Y              -       B0->Y  F     OAI2BB1X1      2  4.5    66    60     426    (-,-) 
  ADD_UNS_OP_g756/CO    -       B->CO  F     ADDHX1         1  3.1    24    36     462    (-,-) 
  ADD_UNS_OP_g755/CO    -       CI->CO F     ADDFX1         1  3.1    28    54     516    (-,-) 
  ADD_UNS_OP_g754/CO    -       CI->CO F     ADDFX1         1  3.1    28    56     572    (-,-) 
  ADD_UNS_OP_g753/CO    -       CI->CO F     ADDFX1         1  3.1    28    56     627    (-,-) 
  ADD_UNS_OP_g752/CO    -       CI->CO F     ADDFX1         1  3.1    28    56     683    (-,-) 
  ADD_UNS_OP_g751/CO    -       CI->CO F     ADDFX1         1  3.1    28    56     738    (-,-) 
  ADD_UNS_OP_g750/CO    -       CI->CO F     ADDFX1         1  3.1    28    56     794    (-,-) 
  ADD_UNS_OP_g749/CO    -       CI->CO F     ADDFX1         1  3.1    28    56     849    (-,-) 
  ADD_UNS_OP_g748/CO    -       CI->CO F     ADDFX1         1  3.1    28    56     905    (-,-) 
  ADD_UNS_OP_g747/CO    -       CI->CO F     ADDFX1         1  3.1    28    56     960    (-,-) 
  ADD_UNS_OP_g746/CO    -       CI->CO F     ADDFX1         1  3.1    28    56    1016    (-,-) 
  ADD_UNS_OP_g745/CO    -       CI->CO F     ADDFX1         1  3.1    28    56    1071    (-,-) 
  ADD_UNS_OP_g744/CO    -       CI->CO F     ADDFX1         1  3.1    28    56    1127    (-,-) 
  ADD_UNS_OP_g743/CO    -       CI->CO F     ADDFX1         1  3.1    28    56    1182    (-,-) 
  ADD_UNS_OP_g742/CO    -       CI->CO F     ADDFX1         1  3.1    28    56    1238    (-,-) 
  ADD_UNS_OP_g741/CO    -       CI->CO F     ADDFX1         1  3.1    28    56    1293    (-,-) 
  ADD_UNS_OP_g740/CO    -       CI->CO F     ADDFX1         1  3.1    28    56    1349    (-,-) 
  ADD_UNS_OP_g739/CO    -       CI->CO F     ADDFX1         1  3.1    28    56    1404    (-,-) 
  ADD_UNS_OP_g738/CO    -       CI->CO F     ADDFX1         1  3.1    28    56    1460    (-,-) 
  ADD_UNS_OP_g737/CO    -       CI->CO F     ADDFX1         1  3.1    28    56    1515    (-,-) 
  ADD_UNS_OP_g736/CO    -       CI->CO F     ADDFX1         1  3.1    28    56    1571    (-,-) 
  ADD_UNS_OP_g735/CO    -       CI->CO F     ADDFX1         1  3.1    28    56    1626    (-,-) 
  ADD_UNS_OP_g734/CO    -       CI->CO F     ADDFX1         1  3.1    28    56    1682    (-,-) 
  ADD_UNS_OP_g733/CO    -       CI->CO F     ADDFX1         1  3.1    28    56    1737    (-,-) 
  ADD_UNS_OP_g732/CO    -       CI->CO F     ADDFX1         1  3.1    28    56    1793    (-,-) 
  ADD_UNS_OP_g731/CO    -       CI->CO F     ADDFX1         1  3.1    28    56    1848    (-,-) 
  ADD_UNS_OP_g730/CO    -       CI->CO F     ADDFX1         1  3.1    28    56    1904    (-,-) 
  ADD_UNS_OP_g729/S     -       CI->S  R     ADDFX1         1  2.7    24    74    1978    (-,-) 
  g108847/Y             -       B->Y   F     MXI2XL         1  2.8    80    50    2028    (-,-) 
  g108305/Y             -       B->Y   R     NOR2X1         1  2.8    52    52    2080    (-,-) 
  reg_next_pc_reg[28]/D -       -      R     DFFHQX1        1    -     -     0    2080    (-,-) 
#-----------------------------------------------------------------------------------------------



Path 30: MET (1875 ps) Setup Check with Pin alu_out_q_reg[31]/CK->D
          Group: C2C
     Startpoint: (R) instr_sub_reg/CK
          Clock: (R) myclock
       Endpoint: (F) alu_out_q_reg[31]/D
          Clock: (R) myclock

                     Capture       Launch     
        Clock Edge:+    4000            0     
       Src Latency:+       0            0     
       Net Latency:+       0 (I)        0 (I) 
           Arrival:=    4000            0     
                                              
             Setup:-      20                  
       Uncertainty:-      20                  
     Required Time:=    3960                  
      Launch Clock:-       0                  
         Data Path:-    2084                  
             Slack:=    1875                  

#-----------------------------------------------------------------------------------------------------------
#           Timing Point            Flags    Arc   Edge   Cell     Fanout Load Trans Delay Arrival Instance 
#                                                                         (fF)  (ps)  (ps)   (ps)  Location 
#-----------------------------------------------------------------------------------------------------------
  instr_sub_reg/CK                  -       -      R     (arrival)   1850    -     0     0       0    (-,-) 
  instr_sub_reg/Q                   -       CK->Q  R     DFFHQX1        5 10.9    76    82      82    (-,-) 
  sub_1235_38_Y_add_1235_58_g1019/Y -       A->Y   F     INVX3         32 54.7   146    96     178    (-,-) 
  sub_1235_38_Y_add_1235_58_g987/Y  -       B->Y   F     XNOR2X1        1  3.1    25    64     242    (-,-) 
  sub_1235_38_Y_add_1235_58_g985/CO -       CI->CO F     ADDFX1         1  3.1    28    55     297    (-,-) 
  sub_1235_38_Y_add_1235_58_g984/CO -       CI->CO F     ADDFX1         1  3.1    28    56     352    (-,-) 
  sub_1235_38_Y_add_1235_58_g983/CO -       CI->CO F     ADDFX1         1  3.1    28    55     408    (-,-) 
  sub_1235_38_Y_add_1235_58_g982/CO -       CI->CO F     ADDFX1         1  3.1    28    55     463    (-,-) 
  sub_1235_38_Y_add_1235_58_g981/CO -       CI->CO F     ADDFX1         1  3.1    28    55     518    (-,-) 
  sub_1235_38_Y_add_1235_58_g980/CO -       CI->CO F     ADDFX1         1  3.1    28    55     574    (-,-) 
  sub_1235_38_Y_add_1235_58_g979/CO -       CI->CO F     ADDFX1         1  3.1    28    55     629    (-,-) 
  sub_1235_38_Y_add_1235_58_g978/CO -       CI->CO F     ADDFX1         1  3.1    28    55     684    (-,-) 
  sub_1235_38_Y_add_1235_58_g977/CO -       CI->CO F     ADDFX1         1  3.1    28    55     740    (-,-) 
  sub_1235_38_Y_add_1235_58_g976/CO -       CI->CO F     ADDFX1         1  3.1    28    55     795    (-,-) 
  sub_1235_38_Y_add_1235_58_g975/CO -       CI->CO F     ADDFX1         1  3.1    28    55     850    (-,-) 
  sub_1235_38_Y_add_1235_58_g974/CO -       CI->CO F     ADDFX1         1  3.1    28    55     906    (-,-) 
  sub_1235_38_Y_add_1235_58_g973/CO -       CI->CO F     ADDFX1         1  3.1    28    55     961    (-,-) 
  sub_1235_38_Y_add_1235_58_g972/CO -       CI->CO F     ADDFX1         1  3.1    28    55    1016    (-,-) 
  sub_1235_38_Y_add_1235_58_g971/CO -       CI->CO F     ADDFX1         1  3.1    28    55    1071    (-,-) 
  sub_1235_38_Y_add_1235_58_g970/CO -       CI->CO F     ADDFX1         1  3.1    28    55    1127    (-,-) 
  sub_1235_38_Y_add_1235_58_g969/CO -       CI->CO F     ADDFX1         1  3.1    28    55    1182    (-,-) 
  sub_1235_38_Y_add_1235_58_g968/CO -       CI->CO F     ADDFX1         1  3.1    28    55    1237    (-,-) 
  sub_1235_38_Y_add_1235_58_g967/CO -       CI->CO F     ADDFX1         1  3.1    28    55    1293    (-,-) 
  sub_1235_38_Y_add_1235_58_g966/CO -       CI->CO F     ADDFX1         1  3.1    28    55    1348    (-,-) 
  sub_1235_38_Y_add_1235_58_g965/CO -       CI->CO F     ADDFX1         1  3.1    28    55    1403    (-,-) 
  sub_1235_38_Y_add_1235_58_g964/CO -       CI->CO F     ADDFX1         1  3.1    28    55    1458    (-,-) 
  sub_1235_38_Y_add_1235_58_g963/CO -       CI->CO F     ADDFX1         1  3.1    28    55    1514    (-,-) 
  sub_1235_38_Y_add_1235_58_g962/CO -       CI->CO F     ADDFX1         1  3.1    28    55    1569    (-,-) 
  sub_1235_38_Y_add_1235_58_g961/CO -       CI->CO F     ADDFX1         1  3.1    28    55    1624    (-,-) 
  sub_1235_38_Y_add_1235_58_g960/CO -       CI->CO F     ADDFX1         1  3.1    28    55    1680    (-,-) 
  sub_1235_38_Y_add_1235_58_g959/CO -       CI->CO F     ADDFX1         1  3.1    28    55    1735    (-,-) 
  sub_1235_38_Y_add_1235_58_g958/CO -       CI->CO F     ADDFX1         1  3.1    28    55    1790    (-,-) 
  sub_1235_38_Y_add_1235_58_g957/CO -       CI->CO F     ADDFX1         1  3.1    28    55    1846    (-,-) 
  sub_1235_38_Y_add_1235_58_g956/CO -       CI->CO F     ADDFX1         1  3.1    28    55    1901    (-,-) 
  sub_1235_38_Y_add_1235_58_g955/CO -       CI->CO F     ADDFX1         1  2.9    26    55    1956    (-,-) 
  sub_1235_38_Y_add_1235_58_g954/Y  -       B->Y   F     XNOR2X1        1  2.8    23    42    1997    (-,-) 
  g55561/Y                          -       B1->Y  R     AOI32X1        1  2.9    66    41    2038    (-,-) 
  g55480/Y                          -       B->Y   F     NAND2BX1       1  2.7    47    47    2084    (-,-) 
  alu_out_q_reg[31]/D               -       -      F     DFFQXL         1    -     -     0    2084    (-,-) 
#-----------------------------------------------------------------------------------------------------------



Path 31: MET (1888 ps) Setup Check with Pin count_instr_reg[50]/CK->D
          Group: C2C
     Startpoint: (R) count_instr_reg[1]/CK
          Clock: (R) myclock
       Endpoint: (R) count_instr_reg[50]/D
          Clock: (R) myclock

                     Capture       Launch     
        Clock Edge:+    4000            0     
       Src Latency:+       0            0     
       Net Latency:+       0 (I)        0 (I) 
           Arrival:=    4000            0     
                                              
             Setup:-      29                  
       Uncertainty:-      20                  
     Required Time:=    3951                  
      Launch Clock:-       0                  
         Data Path:-    2063                  
             Slack:=    1888                  

#------------------------------------------------------------------------------------------------
#      Timing Point       Flags   Arc   Edge   Cell     Fanout Load Trans Delay Arrival Instance 
#                                                              (fF)  (ps)  (ps)   (ps)  Location 
#------------------------------------------------------------------------------------------------
  count_instr_reg[1]/CK   -       -     R     (arrival)   1850    -     0     0       0    (-,-) 
  count_instr_reg[1]/Q    -       CK->Q R     DFFHQX1        3  6.1    44    64      64    (-,-) 
  inc_add_1559_34_g920/CO -       A->CO R     ADDHX1         1  3.2    25    43     107    (-,-) 
  inc_add_1559_34_g919/CO -       B->CO R     ADDHX1         1  3.2    25    38     145    (-,-) 
  inc_add_1559_34_g918/CO -       B->CO R     ADDHX1         1  3.2    25    38     183    (-,-) 
  inc_add_1559_34_g917/CO -       B->CO R     ADDHX1         1  3.2    25    38     221    (-,-) 
  inc_add_1559_34_g916/CO -       B->CO R     ADDHX1         1  3.2    25    38     259    (-,-) 
  inc_add_1559_34_g915/CO -       B->CO R     ADDHX1         1  3.2    25    38     297    (-,-) 
  inc_add_1559_34_g914/CO -       B->CO R     ADDHX1         1  3.2    25    38     335    (-,-) 
  inc_add_1559_34_g913/CO -       B->CO R     ADDHX1         1  3.2    25    38     374    (-,-) 
  inc_add_1559_34_g912/CO -       B->CO R     ADDHX1         1  3.2    25    38     412    (-,-) 
  inc_add_1559_34_g911/CO -       B->CO R     ADDHX1         1  3.2    25    38     450    (-,-) 
  inc_add_1559_34_g910/CO -       B->CO R     ADDHX1         1  3.2    25    38     488    (-,-) 
  inc_add_1559_34_g909/CO -       B->CO R     ADDHX1         1  3.2    25    38     526    (-,-) 
  inc_add_1559_34_g908/CO -       B->CO R     ADDHX1         1  3.2    25    38     564    (-,-) 
  inc_add_1559_34_g907/CO -       B->CO R     ADDHX1         1  3.2    25    38     602    (-,-) 
  inc_add_1559_34_g906/CO -       B->CO R     ADDHX1         1  3.2    25    38     640    (-,-) 
  inc_add_1559_34_g905/CO -       B->CO R     ADDHX1         1  3.2    25    38     678    (-,-) 
  inc_add_1559_34_g904/CO -       B->CO R     ADDHX1         2  4.7    35    44     722    (-,-) 
  inc_add_1559_34_g903/Y  -       C->Y  R     AND3XL         1  3.2    40    54     776    (-,-) 
  inc_add_1559_34_g900/CO -       B->CO R     ADDHX1         1  3.2    25    41     816    (-,-) 
  inc_add_1559_34_g899/CO -       B->CO R     ADDHX1         1  3.2    25    38     854    (-,-) 
  inc_add_1559_34_g898/CO -       B->CO R     ADDHX1         1  3.2    25    38     893    (-,-) 
  inc_add_1559_34_g897/CO -       B->CO R     ADDHX1         1  3.2    25    38     931    (-,-) 
  inc_add_1559_34_g896/CO -       B->CO R     ADDHX1         1  3.2    25    38     969    (-,-) 
  inc_add_1559_34_g895/CO -       B->CO R     ADDHX1         1  3.2    25    38    1007    (-,-) 
  inc_add_1559_34_g894/CO -       B->CO R     ADDHX1         1  3.2    25    38    1045    (-,-) 
  inc_add_1559_34_g893/CO -       B->CO R     ADDHX1         1  3.2    25    38    1083    (-,-) 
  inc_add_1559_34_g892/CO -       B->CO R     ADDHX1         1  3.2    25    38    1121    (-,-) 
  inc_add_1559_34_g891/CO -       B->CO R     ADDHX1         1  3.2    25    38    1159    (-,-) 
  inc_add_1559_34_g890/CO -       B->CO R     ADDHX1         1  3.2    25    38    1197    (-,-) 
  inc_add_1559_34_g889/CO -       B->CO R     ADDHX1         1  3.2    25    38    1236    (-,-) 
  inc_add_1559_34_g888/CO -       B->CO R     ADDHX1         1  3.2    25    38    1274    (-,-) 
  inc_add_1559_34_g887/CO -       B->CO R     ADDHX1         1  3.2    25    38    1312    (-,-) 
  inc_add_1559_34_g886/CO -       B->CO R     ADDHX1         1  3.2    25    38    1350    (-,-) 
  inc_add_1559_34_g885/CO -       B->CO R     ADDHX1         1  3.2    25    38    1388    (-,-) 
  inc_add_1559_34_g884/CO -       B->CO R     ADDHX1         1  3.2    25    38    1426    (-,-) 
  inc_add_1559_34_g883/CO -       B->CO R     ADDHX1         1  3.2    25    38    1464    (-,-) 
  inc_add_1559_34_g882/CO -       B->CO R     ADDHX1         1  3.2    25    38    1502    (-,-) 
  inc_add_1559_34_g881/CO -       B->CO R     ADDHX1         1  3.2    25    38    1540    (-,-) 
  inc_add_1559_34_g880/CO -       B->CO R     ADDHX1         1  3.2    25    38    1578    (-,-) 
  inc_add_1559_34_g879/CO -       B->CO R     ADDHX1         1  3.2    25    38    1616    (-,-) 
  inc_add_1559_34_g878/CO -       B->CO R     ADDHX1         1  3.2    25    38    1655    (-,-) 
  inc_add_1559_34_g877/CO -       B->CO R     ADDHX1         1  3.2    25    38    1693    (-,-) 
  inc_add_1559_34_g876/CO -       B->CO R     ADDHX1         1  3.2    25    38    1731    (-,-) 
  inc_add_1559_34_g875/CO -       B->CO R     ADDHX1         1  3.2    25    38    1769    (-,-) 
  inc_add_1559_34_g874/CO -       B->CO R     ADDHX1         1  3.2    25    38    1807    (-,-) 
  inc_add_1559_34_g873/CO -       B->CO R     ADDHX1         1  3.2    25    38    1845    (-,-) 
  inc_add_1559_34_g872/CO -       B->CO R     ADDHX1         1  3.2    25    38    1883    (-,-) 
  inc_add_1559_34_g871/CO -       B->CO R     ADDHX1         1  3.2    25    38    1921    (-,-) 
  inc_add_1559_34_g870/S  -       B->S  R     ADDHX1         1  2.7    22    39    1960    (-,-) 
  g108511/Y               -       A->Y  F     MXI2XL         1  2.8    81    50    2010    (-,-) 
  g107831/Y               -       B->Y  R     NOR2X1         1  2.8    52    52    2063    (-,-) 
  count_instr_reg[50]/D   -       -     R     DFFHQX1        1    -     -     0    2063    (-,-) 
#------------------------------------------------------------------------------------------------



Path 32: MET (1902 ps) Setup Check with Pin reg_op1_reg[31]/CK->D
          Group: C2C
     Startpoint: (R) reg_op1_reg[0]/CK
          Clock: (R) myclock
       Endpoint: (F) reg_op1_reg[31]/D
          Clock: (R) myclock

                     Capture       Launch     
        Clock Edge:+    4000            0     
       Src Latency:+       0            0     
       Net Latency:+       0 (I)        0 (I) 
           Arrival:=    4000            0     
                                              
             Setup:-      36                  
       Uncertainty:-      20                  
     Required Time:=    3944                  
      Launch Clock:-       0                  
         Data Path:-    2042                  
             Slack:=    1902                  

#---------------------------------------------------------------------------------------------
#    Timing Point     Flags    Arc   Edge   Cell     Fanout Load Trans Delay Arrival Instance 
#                                                           (fF)  (ps)  (ps)   (ps)  Location 
#---------------------------------------------------------------------------------------------
  reg_op1_reg[0]/CK   -       -      R     (arrival)   1850    -     0     0       0    (-,-) 
  reg_op1_reg[0]/Q    -       CK->Q  F     DFFX4         14 74.2   141   130     130    (-,-) 
  add_1864_26_g781/CO -       B->CO  F     ADDHX1         1  3.1    24    48     178    (-,-) 
  add_1864_26_g780/CO -       CI->CO F     ADDFX1         1  3.1    29    54     232    (-,-) 
  add_1864_26_g779/CO -       CI->CO F     ADDFX1         1  3.1    29    56     288    (-,-) 
  add_1864_26_g778/CO -       CI->CO F     ADDFX1         1  3.1    29    56     344    (-,-) 
  add_1864_26_g777/CO -       CI->CO F     ADDFX1         1  3.1    29    56     399    (-,-) 
  add_1864_26_g776/CO -       CI->CO F     ADDFX1         1  3.1    29    56     455    (-,-) 
  add_1864_26_g775/CO -       CI->CO F     ADDFX1         1  3.1    29    56     510    (-,-) 
  add_1864_26_g774/CO -       CI->CO F     ADDFX1         1  3.1    29    56     566    (-,-) 
  add_1864_26_g773/CO -       CI->CO F     ADDFX1         1  3.1    29    56     622    (-,-) 
  add_1864_26_g772/CO -       CI->CO F     ADDFX1         1  3.1    29    56     677    (-,-) 
  add_1864_26_g771/CO -       CI->CO F     ADDFX1         1  3.1    29    56     733    (-,-) 
  add_1864_26_g770/CO -       CI->CO F     ADDFX1         1  3.1    29    56     788    (-,-) 
  add_1864_26_g769/CO -       CI->CO F     ADDFX1         1  3.1    29    56     844    (-,-) 
  add_1864_26_g768/CO -       CI->CO F     ADDFX1         1  3.1    29    56     900    (-,-) 
  add_1864_26_g767/CO -       CI->CO F     ADDFX1         1  3.1    29    56     955    (-,-) 
  add_1864_26_g766/CO -       CI->CO F     ADDFX1         1  3.1    29    56    1011    (-,-) 
  add_1864_26_g765/CO -       CI->CO F     ADDFX1         1  3.1    29    56    1066    (-,-) 
  add_1864_26_g764/CO -       CI->CO F     ADDFX1         1  3.1    29    56    1122    (-,-) 
  add_1864_26_g763/CO -       CI->CO F     ADDFX1         1  3.1    29    56    1178    (-,-) 
  add_1864_26_g762/CO -       CI->CO F     ADDFX1         1  3.1    29    56    1233    (-,-) 
  add_1864_26_g761/CO -       CI->CO F     ADDFX1         1  3.1    29    56    1289    (-,-) 
  add_1864_26_g760/CO -       CI->CO F     ADDFX1         1  3.1    29    56    1344    (-,-) 
  add_1864_26_g759/CO -       CI->CO F     ADDFX1         1  3.1    29    56    1400    (-,-) 
  add_1864_26_g758/CO -       CI->CO F     ADDFX1         1  3.1    29    56    1456    (-,-) 
  add_1864_26_g757/CO -       CI->CO F     ADDFX1         1  3.1    29    56    1511    (-,-) 
  add_1864_26_g756/CO -       CI->CO F     ADDFX1         1  3.1    29    56    1567    (-,-) 
  add_1864_26_g755/CO -       CI->CO F     ADDFX1         1  3.1    29    56    1622    (-,-) 
  add_1864_26_g754/CO -       CI->CO F     ADDFX1         1  3.1    29    56    1678    (-,-) 
  add_1864_26_g753/CO -       CI->CO F     ADDFX1         1  3.1    29    56    1734    (-,-) 
  add_1864_26_g752/CO -       CI->CO F     ADDFX1         1  3.1    29    56    1789    (-,-) 
  add_1864_26_g751/CO -       CI->CO F     ADDFX1         1  2.9    28    55    1844    (-,-) 
  add_1864_26_g750/Y  -       B->Y   F     XNOR2X1        1  2.8    23    42    1886    (-,-) 
  g105363/Y           -       C1->Y  R     AOI222X1       1  2.7    90    55    1941    (-,-) 
  g105282/Y           -       D->Y   F     NAND4XL        1  2.7   128   102    2042    (-,-) 
  reg_op1_reg[31]/D   -       -      F     DFFQX4         1    -     -     0    2042    (-,-) 
#---------------------------------------------------------------------------------------------



Path 33: MET (1907 ps) Setup Check with Pin count_cycle_reg[51]/CK->D
          Group: C2C
     Startpoint: (R) count_cycle_reg[0]/CK
          Clock: (R) myclock
       Endpoint: (R) count_cycle_reg[51]/D
          Clock: (R) myclock

                     Capture       Launch     
        Clock Edge:+    4000            0     
       Src Latency:+       0            0     
       Net Latency:+       0 (I)        0 (I) 
           Arrival:=    4000            0     
                                              
             Setup:-      24                  
       Uncertainty:-      20                  
     Required Time:=    3956                  
      Launch Clock:-       0                  
         Data Path:-    2049                  
             Slack:=    1907                  

#------------------------------------------------------------------------------------------------
#      Timing Point       Flags   Arc   Edge   Cell     Fanout Load Trans Delay Arrival Instance 
#                                                              (fF)  (ps)  (ps)   (ps)  Location 
#------------------------------------------------------------------------------------------------
  count_cycle_reg[0]/CK   -       -     R     (arrival)   1850    -     0     0       0    (-,-) 
  count_cycle_reg[0]/Q    -       CK->Q R     DFFHQX1        3  6.5    46    66      66    (-,-) 
  inc_add_1428_40_g910/CO -       B->CO R     ADDHX1         1  3.2    25    42     107    (-,-) 
  inc_add_1428_40_g909/CO -       B->CO R     ADDHX1         1  3.2    25    38     146    (-,-) 
  inc_add_1428_40_g908/CO -       B->CO R     ADDHX1         1  3.2    25    38     184    (-,-) 
  inc_add_1428_40_g907/CO -       B->CO R     ADDHX1         1  3.2    25    38     222    (-,-) 
  inc_add_1428_40_g906/CO -       B->CO R     ADDHX1         1  3.2    25    38     260    (-,-) 
  inc_add_1428_40_g905/CO -       B->CO R     ADDHX1         1  3.2    25    38     298    (-,-) 
  inc_add_1428_40_g904/CO -       B->CO R     ADDHX1         1  3.2    25    38     336    (-,-) 
  inc_add_1428_40_g903/CO -       B->CO R     ADDHX1         1  3.2    25    38     374    (-,-) 
  inc_add_1428_40_g902/CO -       B->CO R     ADDHX1         1  3.2    25    38     412    (-,-) 
  inc_add_1428_40_g901/CO -       B->CO R     ADDHX1         1  3.2    25    38     450    (-,-) 
  inc_add_1428_40_g900/CO -       B->CO R     ADDHX1         1  3.2    25    38     488    (-,-) 
  inc_add_1428_40_g899/CO -       B->CO R     ADDHX1         1  3.2    25    38     526    (-,-) 
  inc_add_1428_40_g898/CO -       B->CO R     ADDHX1         1  3.2    25    38     565    (-,-) 
  inc_add_1428_40_g897/CO -       B->CO R     ADDHX1         1  3.2    25    38     603    (-,-) 
  inc_add_1428_40_g896/CO -       B->CO R     ADDHX1         1  3.2    25    38     641    (-,-) 
  inc_add_1428_40_g895/CO -       B->CO R     ADDHX1         1  3.2    25    38     679    (-,-) 
  inc_add_1428_40_g894/CO -       B->CO R     ADDHX1         1  3.2    25    38     717    (-,-) 
  inc_add_1428_40_g893/CO -       B->CO R     ADDHX1         1  3.2    25    38     755    (-,-) 
  inc_add_1428_40_g892/CO -       B->CO R     ADDHX1         1  3.2    25    38     793    (-,-) 
  inc_add_1428_40_g891/CO -       B->CO R     ADDHX1         1  3.2    25    38     831    (-,-) 
  inc_add_1428_40_g890/CO -       B->CO R     ADDHX1         1  3.2    25    38     869    (-,-) 
  inc_add_1428_40_g889/CO -       B->CO R     ADDHX1         1  3.2    25    38     908    (-,-) 
  inc_add_1428_40_g888/CO -       B->CO R     ADDHX1         1  3.2    25    38     946    (-,-) 
  inc_add_1428_40_g887/CO -       B->CO R     ADDHX1         1  3.2    25    38     984    (-,-) 
  inc_add_1428_40_g886/CO -       B->CO R     ADDHX1         1  3.2    25    38    1022    (-,-) 
  inc_add_1428_40_g885/CO -       B->CO R     ADDHX1         1  3.2    25    38    1060    (-,-) 
  inc_add_1428_40_g884/CO -       B->CO R     ADDHX1         1  3.2    25    38    1098    (-,-) 
  inc_add_1428_40_g883/CO -       B->CO R     ADDHX1         1  3.2    25    38    1136    (-,-) 
  inc_add_1428_40_g882/CO -       B->CO R     ADDHX1         1  3.2    25    38    1174    (-,-) 
  inc_add_1428_40_g881/CO -       B->CO R     ADDHX1         1  3.2    25    38    1212    (-,-) 
  inc_add_1428_40_g880/CO -       B->CO R     ADDHX1         1  3.2    25    38    1250    (-,-) 
  inc_add_1428_40_g879/CO -       B->CO R     ADDHX1         1  3.2    25    38    1288    (-,-) 
  inc_add_1428_40_g878/CO -       B->CO R     ADDHX1         1  3.2    25    38    1327    (-,-) 
  inc_add_1428_40_g877/CO -       B->CO R     ADDHX1         1  3.2    25    38    1365    (-,-) 
  inc_add_1428_40_g876/CO -       B->CO R     ADDHX1         1  3.2    25    38    1403    (-,-) 
  inc_add_1428_40_g875/CO -       B->CO R     ADDHX1         1  3.2    25    38    1441    (-,-) 
  inc_add_1428_40_g874/CO -       B->CO R     ADDHX1         1  3.2    25    38    1479    (-,-) 
  inc_add_1428_40_g873/CO -       B->CO R     ADDHX1         1  3.2    25    38    1517    (-,-) 
  inc_add_1428_40_g872/CO -       B->CO R     ADDHX1         1  3.2    25    38    1555    (-,-) 
  inc_add_1428_40_g871/CO -       B->CO R     ADDHX1         1  3.2    25    38    1593    (-,-) 
  inc_add_1428_40_g870/CO -       B->CO R     ADDHX1         1  3.2    25    38    1631    (-,-) 
  inc_add_1428_40_g869/CO -       B->CO R     ADDHX1         1  3.2    25    38    1670    (-,-) 
  inc_add_1428_40_g868/CO -       B->CO R     ADDHX1         1  3.2    25    38    1708    (-,-) 
  inc_add_1428_40_g867/CO -       B->CO R     ADDHX1         1  3.2    25    38    1746    (-,-) 
  inc_add_1428_40_g866/CO -       B->CO R     ADDHX1         1  3.2    25    38    1784    (-,-) 
  inc_add_1428_40_g865/CO -       B->CO R     ADDHX1         1  3.2    25    38    1822    (-,-) 
  inc_add_1428_40_g864/CO -       B->CO R     ADDHX1         1  3.2    25    38    1860    (-,-) 
  inc_add_1428_40_g863/CO -       B->CO R     ADDHX1         1  3.2    25    38    1898    (-,-) 
  inc_add_1428_40_g862/CO -       B->CO R     ADDHX1         1  3.2    25    38    1936    (-,-) 
  inc_add_1428_40_g861/CO -       B->CO R     ADDHX1         1  3.2    25    38    1974    (-,-) 
  inc_add_1428_40_g860/S  -       B->S  R     ADDHX1         1  2.7    22    39    2013    (-,-) 
  g108919/Y               -       A->Y  R     AND2X1         1  2.8    23    36    2049    (-,-) 
  count_cycle_reg[51]/D   -       -     R     DFFHQX1        1    -     -     0    2049    (-,-) 
#------------------------------------------------------------------------------------------------



Path 34: MET (1909 ps) Setup Check with Pin alu_out_q_reg[30]/CK->D
          Group: C2C
     Startpoint: (R) instr_sub_reg/CK
          Clock: (R) myclock
       Endpoint: (R) alu_out_q_reg[30]/D
          Clock: (R) myclock

                     Capture       Launch     
        Clock Edge:+    4000            0     
       Src Latency:+       0            0     
       Net Latency:+       0 (I)        0 (I) 
           Arrival:=    4000            0     
                                              
             Setup:-      32                  
       Uncertainty:-      20                  
     Required Time:=    3948                  
      Launch Clock:-       0                  
         Data Path:-    2040                  
             Slack:=    1909                  

#-----------------------------------------------------------------------------------------------------------
#           Timing Point            Flags    Arc   Edge   Cell     Fanout Load Trans Delay Arrival Instance 
#                                                                         (fF)  (ps)  (ps)   (ps)  Location 
#-----------------------------------------------------------------------------------------------------------
  instr_sub_reg/CK                  -       -      R     (arrival)   1850    -     0     0       0    (-,-) 
  instr_sub_reg/Q                   -       CK->Q  R     DFFHQX1        5 10.9    76    82      82    (-,-) 
  sub_1235_38_Y_add_1235_58_g1019/Y -       A->Y   F     INVX3         32 54.7   146    96     178    (-,-) 
  sub_1235_38_Y_add_1235_58_g987/Y  -       B->Y   F     XNOR2X1        1  3.1    25    64     242    (-,-) 
  sub_1235_38_Y_add_1235_58_g985/CO -       CI->CO F     ADDFX1         1  3.1    28    55     297    (-,-) 
  sub_1235_38_Y_add_1235_58_g984/CO -       CI->CO F     ADDFX1         1  3.1    28    56     352    (-,-) 
  sub_1235_38_Y_add_1235_58_g983/CO -       CI->CO F     ADDFX1         1  3.1    28    55     408    (-,-) 
  sub_1235_38_Y_add_1235_58_g982/CO -       CI->CO F     ADDFX1         1  3.1    28    55     463    (-,-) 
  sub_1235_38_Y_add_1235_58_g981/CO -       CI->CO F     ADDFX1         1  3.1    28    55     518    (-,-) 
  sub_1235_38_Y_add_1235_58_g980/CO -       CI->CO F     ADDFX1         1  3.1    28    55     574    (-,-) 
  sub_1235_38_Y_add_1235_58_g979/CO -       CI->CO F     ADDFX1         1  3.1    28    55     629    (-,-) 
  sub_1235_38_Y_add_1235_58_g978/CO -       CI->CO F     ADDFX1         1  3.1    28    55     684    (-,-) 
  sub_1235_38_Y_add_1235_58_g977/CO -       CI->CO F     ADDFX1         1  3.1    28    55     740    (-,-) 
  sub_1235_38_Y_add_1235_58_g976/CO -       CI->CO F     ADDFX1         1  3.1    28    55     795    (-,-) 
  sub_1235_38_Y_add_1235_58_g975/CO -       CI->CO F     ADDFX1         1  3.1    28    55     850    (-,-) 
  sub_1235_38_Y_add_1235_58_g974/CO -       CI->CO F     ADDFX1         1  3.1    28    55     906    (-,-) 
  sub_1235_38_Y_add_1235_58_g973/CO -       CI->CO F     ADDFX1         1  3.1    28    55     961    (-,-) 
  sub_1235_38_Y_add_1235_58_g972/CO -       CI->CO F     ADDFX1         1  3.1    28    55    1016    (-,-) 
  sub_1235_38_Y_add_1235_58_g971/CO -       CI->CO F     ADDFX1         1  3.1    28    55    1071    (-,-) 
  sub_1235_38_Y_add_1235_58_g970/CO -       CI->CO F     ADDFX1         1  3.1    28    55    1127    (-,-) 
  sub_1235_38_Y_add_1235_58_g969/CO -       CI->CO F     ADDFX1         1  3.1    28    55    1182    (-,-) 
  sub_1235_38_Y_add_1235_58_g968/CO -       CI->CO F     ADDFX1         1  3.1    28    55    1237    (-,-) 
  sub_1235_38_Y_add_1235_58_g967/CO -       CI->CO F     ADDFX1         1  3.1    28    55    1293    (-,-) 
  sub_1235_38_Y_add_1235_58_g966/CO -       CI->CO F     ADDFX1         1  3.1    28    55    1348    (-,-) 
  sub_1235_38_Y_add_1235_58_g965/CO -       CI->CO F     ADDFX1         1  3.1    28    55    1403    (-,-) 
  sub_1235_38_Y_add_1235_58_g964/CO -       CI->CO F     ADDFX1         1  3.1    28    55    1458    (-,-) 
  sub_1235_38_Y_add_1235_58_g963/CO -       CI->CO F     ADDFX1         1  3.1    28    55    1514    (-,-) 
  sub_1235_38_Y_add_1235_58_g962/CO -       CI->CO F     ADDFX1         1  3.1    28    55    1569    (-,-) 
  sub_1235_38_Y_add_1235_58_g961/CO -       CI->CO F     ADDFX1         1  3.1    28    55    1624    (-,-) 
  sub_1235_38_Y_add_1235_58_g960/CO -       CI->CO F     ADDFX1         1  3.1    28    55    1680    (-,-) 
  sub_1235_38_Y_add_1235_58_g959/CO -       CI->CO F     ADDFX1         1  3.1    28    55    1735    (-,-) 
  sub_1235_38_Y_add_1235_58_g958/CO -       CI->CO F     ADDFX1         1  3.1    28    55    1790    (-,-) 
  sub_1235_38_Y_add_1235_58_g957/CO -       CI->CO F     ADDFX1         1  3.1    28    55    1846    (-,-) 
  sub_1235_38_Y_add_1235_58_g956/CO -       CI->CO F     ADDFX1         1  3.1    28    55    1901    (-,-) 
  sub_1235_38_Y_add_1235_58_g955/S  -       CI->S  R     ADDFX1         1  2.9    26    74    1975    (-,-) 
  g108873/Y                         -       B->Y   F     NAND2X1        1  2.8    48    34    2009    (-,-) 
  g107693/Y                         -       C0->Y  R     OAI211X1       1  2.8    66    30    2040    (-,-) 
  alu_out_q_reg[30]/D               -       -      R     DFFHQX1        1    -     -     0    2040    (-,-) 
#-----------------------------------------------------------------------------------------------------------



Path 35: MET (1926 ps) Setup Check with Pin reg_next_pc_reg[27]/CK->D
          Group: C2C
     Startpoint: (R) latched_branch_reg/CK
          Clock: (R) myclock
       Endpoint: (R) reg_next_pc_reg[27]/D
          Clock: (R) myclock

                     Capture       Launch     
        Clock Edge:+    4000            0     
       Src Latency:+       0            0     
       Net Latency:+       0 (I)        0 (I) 
           Arrival:=    4000            0     
                                              
             Setup:-      29                  
       Uncertainty:-      20                  
     Required Time:=    3951                  
      Launch Clock:-       0                  
         Data Path:-    2025                  
             Slack:=    1926                  

#-----------------------------------------------------------------------------------------------
#     Timing Point      Flags    Arc   Edge   Cell     Fanout Load Trans Delay Arrival Instance 
#                                                             (fF)  (ps)  (ps)   (ps)  Location 
#-----------------------------------------------------------------------------------------------
  latched_branch_reg/CK -       -      R     (arrival)   1850    -     0     0       0    (-,-) 
  latched_branch_reg/Q  -       CK->Q  F     DFFX4         33 52.1   101   108     108    (-,-) 
  g55738/Y              -       B->Y   R     NAND2X6       33 56.4    84    61     169    (-,-) 
  g55727/Y              -       A->Y   F     INVX1          3  5.9    55    51     220    (-,-) 
  g55721/Y              -       B->Y   F     AND2X4        31 49.1    96    83     303    (-,-) 
  g55432/Y              -       A1->Y  R     AOI22X1        1  2.9    67    63     366    (-,-) 
  g55431/Y              -       B0->Y  F     OAI2BB1X1      2  4.5    66    60     426    (-,-) 
  ADD_UNS_OP_g756/CO    -       B->CO  F     ADDHX1         1  3.1    24    36     462    (-,-) 
  ADD_UNS_OP_g755/CO    -       CI->CO F     ADDFX1         1  3.1    28    54     516    (-,-) 
  ADD_UNS_OP_g754/CO    -       CI->CO F     ADDFX1         1  3.1    28    56     572    (-,-) 
  ADD_UNS_OP_g753/CO    -       CI->CO F     ADDFX1         1  3.1    28    56     627    (-,-) 
  ADD_UNS_OP_g752/CO    -       CI->CO F     ADDFX1         1  3.1    28    56     683    (-,-) 
  ADD_UNS_OP_g751/CO    -       CI->CO F     ADDFX1         1  3.1    28    56     738    (-,-) 
  ADD_UNS_OP_g750/CO    -       CI->CO F     ADDFX1         1  3.1    28    56     794    (-,-) 
  ADD_UNS_OP_g749/CO    -       CI->CO F     ADDFX1         1  3.1    28    56     849    (-,-) 
  ADD_UNS_OP_g748/CO    -       CI->CO F     ADDFX1         1  3.1    28    56     905    (-,-) 
  ADD_UNS_OP_g747/CO    -       CI->CO F     ADDFX1         1  3.1    28    56     960    (-,-) 
  ADD_UNS_OP_g746/CO    -       CI->CO F     ADDFX1         1  3.1    28    56    1016    (-,-) 
  ADD_UNS_OP_g745/CO    -       CI->CO F     ADDFX1         1  3.1    28    56    1071    (-,-) 
  ADD_UNS_OP_g744/CO    -       CI->CO F     ADDFX1         1  3.1    28    56    1127    (-,-) 
  ADD_UNS_OP_g743/CO    -       CI->CO F     ADDFX1         1  3.1    28    56    1182    (-,-) 
  ADD_UNS_OP_g742/CO    -       CI->CO F     ADDFX1         1  3.1    28    56    1238    (-,-) 
  ADD_UNS_OP_g741/CO    -       CI->CO F     ADDFX1         1  3.1    28    56    1293    (-,-) 
  ADD_UNS_OP_g740/CO    -       CI->CO F     ADDFX1         1  3.1    28    56    1349    (-,-) 
  ADD_UNS_OP_g739/CO    -       CI->CO F     ADDFX1         1  3.1    28    56    1404    (-,-) 
  ADD_UNS_OP_g738/CO    -       CI->CO F     ADDFX1         1  3.1    28    56    1460    (-,-) 
  ADD_UNS_OP_g737/CO    -       CI->CO F     ADDFX1         1  3.1    28    56    1515    (-,-) 
  ADD_UNS_OP_g736/CO    -       CI->CO F     ADDFX1         1  3.1    28    56    1571    (-,-) 
  ADD_UNS_OP_g735/CO    -       CI->CO F     ADDFX1         1  3.1    28    56    1626    (-,-) 
  ADD_UNS_OP_g734/CO    -       CI->CO F     ADDFX1         1  3.1    28    56    1682    (-,-) 
  ADD_UNS_OP_g733/CO    -       CI->CO F     ADDFX1         1  3.1    28    56    1737    (-,-) 
  ADD_UNS_OP_g732/CO    -       CI->CO F     ADDFX1         1  3.1    28    56    1793    (-,-) 
  ADD_UNS_OP_g731/CO    -       CI->CO F     ADDFX1         1  3.1    28    56    1848    (-,-) 
  ADD_UNS_OP_g730/S     -       CI->S  R     ADDFX1         1  2.7    24    74    1922    (-,-) 
  g108843/Y             -       B->Y   F     MXI2XL         1  2.8    80    50    1972    (-,-) 
  g108309/Y             -       B->Y   R     NOR2X1         1  2.8    52    52    2025    (-,-) 
  reg_next_pc_reg[27]/D -       -      R     DFFHQX1        1    -     -     0    2025    (-,-) 
#-----------------------------------------------------------------------------------------------



Path 36: MET (1926 ps) Setup Check with Pin count_instr_reg[49]/CK->D
          Group: C2C
     Startpoint: (R) count_instr_reg[1]/CK
          Clock: (R) myclock
       Endpoint: (R) count_instr_reg[49]/D
          Clock: (R) myclock

                     Capture       Launch     
        Clock Edge:+    4000            0     
       Src Latency:+       0            0     
       Net Latency:+       0 (I)        0 (I) 
           Arrival:=    4000            0     
                                              
             Setup:-      29                  
       Uncertainty:-      20                  
     Required Time:=    3951                  
      Launch Clock:-       0                  
         Data Path:-    2024                  
             Slack:=    1926                  

#------------------------------------------------------------------------------------------------
#      Timing Point       Flags   Arc   Edge   Cell     Fanout Load Trans Delay Arrival Instance 
#                                                              (fF)  (ps)  (ps)   (ps)  Location 
#------------------------------------------------------------------------------------------------
  count_instr_reg[1]/CK   -       -     R     (arrival)   1850    -     0     0       0    (-,-) 
  count_instr_reg[1]/Q    -       CK->Q R     DFFHQX1        3  6.1    44    64      64    (-,-) 
  inc_add_1559_34_g920/CO -       A->CO R     ADDHX1         1  3.2    25    43     107    (-,-) 
  inc_add_1559_34_g919/CO -       B->CO R     ADDHX1         1  3.2    25    38     145    (-,-) 
  inc_add_1559_34_g918/CO -       B->CO R     ADDHX1         1  3.2    25    38     183    (-,-) 
  inc_add_1559_34_g917/CO -       B->CO R     ADDHX1         1  3.2    25    38     221    (-,-) 
  inc_add_1559_34_g916/CO -       B->CO R     ADDHX1         1  3.2    25    38     259    (-,-) 
  inc_add_1559_34_g915/CO -       B->CO R     ADDHX1         1  3.2    25    38     297    (-,-) 
  inc_add_1559_34_g914/CO -       B->CO R     ADDHX1         1  3.2    25    38     335    (-,-) 
  inc_add_1559_34_g913/CO -       B->CO R     ADDHX1         1  3.2    25    38     374    (-,-) 
  inc_add_1559_34_g912/CO -       B->CO R     ADDHX1         1  3.2    25    38     412    (-,-) 
  inc_add_1559_34_g911/CO -       B->CO R     ADDHX1         1  3.2    25    38     450    (-,-) 
  inc_add_1559_34_g910/CO -       B->CO R     ADDHX1         1  3.2    25    38     488    (-,-) 
  inc_add_1559_34_g909/CO -       B->CO R     ADDHX1         1  3.2    25    38     526    (-,-) 
  inc_add_1559_34_g908/CO -       B->CO R     ADDHX1         1  3.2    25    38     564    (-,-) 
  inc_add_1559_34_g907/CO -       B->CO R     ADDHX1         1  3.2    25    38     602    (-,-) 
  inc_add_1559_34_g906/CO -       B->CO R     ADDHX1         1  3.2    25    38     640    (-,-) 
  inc_add_1559_34_g905/CO -       B->CO R     ADDHX1         1  3.2    25    38     678    (-,-) 
  inc_add_1559_34_g904/CO -       B->CO R     ADDHX1         2  4.7    35    44     722    (-,-) 
  inc_add_1559_34_g903/Y  -       C->Y  R     AND3XL         1  3.2    40    54     776    (-,-) 
  inc_add_1559_34_g900/CO -       B->CO R     ADDHX1         1  3.2    25    41     816    (-,-) 
  inc_add_1559_34_g899/CO -       B->CO R     ADDHX1         1  3.2    25    38     854    (-,-) 
  inc_add_1559_34_g898/CO -       B->CO R     ADDHX1         1  3.2    25    38     893    (-,-) 
  inc_add_1559_34_g897/CO -       B->CO R     ADDHX1         1  3.2    25    38     931    (-,-) 
  inc_add_1559_34_g896/CO -       B->CO R     ADDHX1         1  3.2    25    38     969    (-,-) 
  inc_add_1559_34_g895/CO -       B->CO R     ADDHX1         1  3.2    25    38    1007    (-,-) 
  inc_add_1559_34_g894/CO -       B->CO R     ADDHX1         1  3.2    25    38    1045    (-,-) 
  inc_add_1559_34_g893/CO -       B->CO R     ADDHX1         1  3.2    25    38    1083    (-,-) 
  inc_add_1559_34_g892/CO -       B->CO R     ADDHX1         1  3.2    25    38    1121    (-,-) 
  inc_add_1559_34_g891/CO -       B->CO R     ADDHX1         1  3.2    25    38    1159    (-,-) 
  inc_add_1559_34_g890/CO -       B->CO R     ADDHX1         1  3.2    25    38    1197    (-,-) 
  inc_add_1559_34_g889/CO -       B->CO R     ADDHX1         1  3.2    25    38    1236    (-,-) 
  inc_add_1559_34_g888/CO -       B->CO R     ADDHX1         1  3.2    25    38    1274    (-,-) 
  inc_add_1559_34_g887/CO -       B->CO R     ADDHX1         1  3.2    25    38    1312    (-,-) 
  inc_add_1559_34_g886/CO -       B->CO R     ADDHX1         1  3.2    25    38    1350    (-,-) 
  inc_add_1559_34_g885/CO -       B->CO R     ADDHX1         1  3.2    25    38    1388    (-,-) 
  inc_add_1559_34_g884/CO -       B->CO R     ADDHX1         1  3.2    25    38    1426    (-,-) 
  inc_add_1559_34_g883/CO -       B->CO R     ADDHX1         1  3.2    25    38    1464    (-,-) 
  inc_add_1559_34_g882/CO -       B->CO R     ADDHX1         1  3.2    25    38    1502    (-,-) 
  inc_add_1559_34_g881/CO -       B->CO R     ADDHX1         1  3.2    25    38    1540    (-,-) 
  inc_add_1559_34_g880/CO -       B->CO R     ADDHX1         1  3.2    25    38    1578    (-,-) 
  inc_add_1559_34_g879/CO -       B->CO R     ADDHX1         1  3.2    25    38    1616    (-,-) 
  inc_add_1559_34_g878/CO -       B->CO R     ADDHX1         1  3.2    25    38    1655    (-,-) 
  inc_add_1559_34_g877/CO -       B->CO R     ADDHX1         1  3.2    25    38    1693    (-,-) 
  inc_add_1559_34_g876/CO -       B->CO R     ADDHX1         1  3.2    25    38    1731    (-,-) 
  inc_add_1559_34_g875/CO -       B->CO R     ADDHX1         1  3.2    25    38    1769    (-,-) 
  inc_add_1559_34_g874/CO -       B->CO R     ADDHX1         1  3.2    25    38    1807    (-,-) 
  inc_add_1559_34_g873/CO -       B->CO R     ADDHX1         1  3.2    25    38    1845    (-,-) 
  inc_add_1559_34_g872/CO -       B->CO R     ADDHX1         1  3.2    25    38    1883    (-,-) 
  inc_add_1559_34_g871/S  -       B->S  R     ADDHX1         1  2.7    22    39    1922    (-,-) 
  g108473/Y               -       A->Y  F     MXI2XL         1  2.8    81    50    1972    (-,-) 
  g107879/Y               -       B->Y  R     NOR2X1         1  2.8    52    52    2024    (-,-) 
  count_instr_reg[49]/D   -       -     R     DFFHQX1        1    -     -     0    2024    (-,-) 
#------------------------------------------------------------------------------------------------



Path 37: MET (1946 ps) Setup Check with Pin count_cycle_reg[50]/CK->D
          Group: C2C
     Startpoint: (R) count_cycle_reg[0]/CK
          Clock: (R) myclock
       Endpoint: (R) count_cycle_reg[50]/D
          Clock: (R) myclock

                     Capture       Launch     
        Clock Edge:+    4000            0     
       Src Latency:+       0            0     
       Net Latency:+       0 (I)        0 (I) 
           Arrival:=    4000            0     
                                              
             Setup:-      24                  
       Uncertainty:-      20                  
     Required Time:=    3956                  
      Launch Clock:-       0                  
         Data Path:-    2011                  
             Slack:=    1946                  

#------------------------------------------------------------------------------------------------
#      Timing Point       Flags   Arc   Edge   Cell     Fanout Load Trans Delay Arrival Instance 
#                                                              (fF)  (ps)  (ps)   (ps)  Location 
#------------------------------------------------------------------------------------------------
  count_cycle_reg[0]/CK   -       -     R     (arrival)   1850    -     0     0       0    (-,-) 
  count_cycle_reg[0]/Q    -       CK->Q R     DFFHQX1        3  6.5    46    66      66    (-,-) 
  inc_add_1428_40_g910/CO -       B->CO R     ADDHX1         1  3.2    25    42     107    (-,-) 
  inc_add_1428_40_g909/CO -       B->CO R     ADDHX1         1  3.2    25    38     146    (-,-) 
  inc_add_1428_40_g908/CO -       B->CO R     ADDHX1         1  3.2    25    38     184    (-,-) 
  inc_add_1428_40_g907/CO -       B->CO R     ADDHX1         1  3.2    25    38     222    (-,-) 
  inc_add_1428_40_g906/CO -       B->CO R     ADDHX1         1  3.2    25    38     260    (-,-) 
  inc_add_1428_40_g905/CO -       B->CO R     ADDHX1         1  3.2    25    38     298    (-,-) 
  inc_add_1428_40_g904/CO -       B->CO R     ADDHX1         1  3.2    25    38     336    (-,-) 
  inc_add_1428_40_g903/CO -       B->CO R     ADDHX1         1  3.2    25    38     374    (-,-) 
  inc_add_1428_40_g902/CO -       B->CO R     ADDHX1         1  3.2    25    38     412    (-,-) 
  inc_add_1428_40_g901/CO -       B->CO R     ADDHX1         1  3.2    25    38     450    (-,-) 
  inc_add_1428_40_g900/CO -       B->CO R     ADDHX1         1  3.2    25    38     488    (-,-) 
  inc_add_1428_40_g899/CO -       B->CO R     ADDHX1         1  3.2    25    38     526    (-,-) 
  inc_add_1428_40_g898/CO -       B->CO R     ADDHX1         1  3.2    25    38     565    (-,-) 
  inc_add_1428_40_g897/CO -       B->CO R     ADDHX1         1  3.2    25    38     603    (-,-) 
  inc_add_1428_40_g896/CO -       B->CO R     ADDHX1         1  3.2    25    38     641    (-,-) 
  inc_add_1428_40_g895/CO -       B->CO R     ADDHX1         1  3.2    25    38     679    (-,-) 
  inc_add_1428_40_g894/CO -       B->CO R     ADDHX1         1  3.2    25    38     717    (-,-) 
  inc_add_1428_40_g893/CO -       B->CO R     ADDHX1         1  3.2    25    38     755    (-,-) 
  inc_add_1428_40_g892/CO -       B->CO R     ADDHX1         1  3.2    25    38     793    (-,-) 
  inc_add_1428_40_g891/CO -       B->CO R     ADDHX1         1  3.2    25    38     831    (-,-) 
  inc_add_1428_40_g890/CO -       B->CO R     ADDHX1         1  3.2    25    38     869    (-,-) 
  inc_add_1428_40_g889/CO -       B->CO R     ADDHX1         1  3.2    25    38     908    (-,-) 
  inc_add_1428_40_g888/CO -       B->CO R     ADDHX1         1  3.2    25    38     946    (-,-) 
  inc_add_1428_40_g887/CO -       B->CO R     ADDHX1         1  3.2    25    38     984    (-,-) 
  inc_add_1428_40_g886/CO -       B->CO R     ADDHX1         1  3.2    25    38    1022    (-,-) 
  inc_add_1428_40_g885/CO -       B->CO R     ADDHX1         1  3.2    25    38    1060    (-,-) 
  inc_add_1428_40_g884/CO -       B->CO R     ADDHX1         1  3.2    25    38    1098    (-,-) 
  inc_add_1428_40_g883/CO -       B->CO R     ADDHX1         1  3.2    25    38    1136    (-,-) 
  inc_add_1428_40_g882/CO -       B->CO R     ADDHX1         1  3.2    25    38    1174    (-,-) 
  inc_add_1428_40_g881/CO -       B->CO R     ADDHX1         1  3.2    25    38    1212    (-,-) 
  inc_add_1428_40_g880/CO -       B->CO R     ADDHX1         1  3.2    25    38    1250    (-,-) 
  inc_add_1428_40_g879/CO -       B->CO R     ADDHX1         1  3.2    25    38    1288    (-,-) 
  inc_add_1428_40_g878/CO -       B->CO R     ADDHX1         1  3.2    25    38    1327    (-,-) 
  inc_add_1428_40_g877/CO -       B->CO R     ADDHX1         1  3.2    25    38    1365    (-,-) 
  inc_add_1428_40_g876/CO -       B->CO R     ADDHX1         1  3.2    25    38    1403    (-,-) 
  inc_add_1428_40_g875/CO -       B->CO R     ADDHX1         1  3.2    25    38    1441    (-,-) 
  inc_add_1428_40_g874/CO -       B->CO R     ADDHX1         1  3.2    25    38    1479    (-,-) 
  inc_add_1428_40_g873/CO -       B->CO R     ADDHX1         1  3.2    25    38    1517    (-,-) 
  inc_add_1428_40_g872/CO -       B->CO R     ADDHX1         1  3.2    25    38    1555    (-,-) 
  inc_add_1428_40_g871/CO -       B->CO R     ADDHX1         1  3.2    25    38    1593    (-,-) 
  inc_add_1428_40_g870/CO -       B->CO R     ADDHX1         1  3.2    25    38    1631    (-,-) 
  inc_add_1428_40_g869/CO -       B->CO R     ADDHX1         1  3.2    25    38    1670    (-,-) 
  inc_add_1428_40_g868/CO -       B->CO R     ADDHX1         1  3.2    25    38    1708    (-,-) 
  inc_add_1428_40_g867/CO -       B->CO R     ADDHX1         1  3.2    25    38    1746    (-,-) 
  inc_add_1428_40_g866/CO -       B->CO R     ADDHX1         1  3.2    25    38    1784    (-,-) 
  inc_add_1428_40_g865/CO -       B->CO R     ADDHX1         1  3.2    25    38    1822    (-,-) 
  inc_add_1428_40_g864/CO -       B->CO R     ADDHX1         1  3.2    25    38    1860    (-,-) 
  inc_add_1428_40_g863/CO -       B->CO R     ADDHX1         1  3.2    25    38    1898    (-,-) 
  inc_add_1428_40_g862/CO -       B->CO R     ADDHX1         1  3.2    25    38    1936    (-,-) 
  inc_add_1428_40_g861/S  -       B->S  R     ADDHX1         1  2.7    22    39    1975    (-,-) 
  g108896/Y               -       A->Y  R     AND2X1         1  2.8    23    36    2011    (-,-) 
  count_cycle_reg[50]/D   -       -     R     DFFHQX1        1    -     -     0    2011    (-,-) 
#------------------------------------------------------------------------------------------------



Path 38: MET (1964 ps) Setup Check with Pin alu_out_q_reg[29]/CK->D
          Group: C2C
     Startpoint: (R) instr_sub_reg/CK
          Clock: (R) myclock
       Endpoint: (R) alu_out_q_reg[29]/D
          Clock: (R) myclock

                     Capture       Launch     
        Clock Edge:+    4000            0     
       Src Latency:+       0            0     
       Net Latency:+       0 (I)        0 (I) 
           Arrival:=    4000            0     
                                              
             Setup:-      32                  
       Uncertainty:-      20                  
     Required Time:=    3948                  
      Launch Clock:-       0                  
         Data Path:-    1984                  
             Slack:=    1964                  

#-----------------------------------------------------------------------------------------------------------
#           Timing Point            Flags    Arc   Edge   Cell     Fanout Load Trans Delay Arrival Instance 
#                                                                         (fF)  (ps)  (ps)   (ps)  Location 
#-----------------------------------------------------------------------------------------------------------
  instr_sub_reg/CK                  -       -      R     (arrival)   1850    -     0     0       0    (-,-) 
  instr_sub_reg/Q                   -       CK->Q  R     DFFHQX1        5 10.9    76    82      82    (-,-) 
  sub_1235_38_Y_add_1235_58_g1019/Y -       A->Y   F     INVX3         32 54.7   146    96     178    (-,-) 
  sub_1235_38_Y_add_1235_58_g987/Y  -       B->Y   F     XNOR2X1        1  3.1    25    64     242    (-,-) 
  sub_1235_38_Y_add_1235_58_g985/CO -       CI->CO F     ADDFX1         1  3.1    28    55     297    (-,-) 
  sub_1235_38_Y_add_1235_58_g984/CO -       CI->CO F     ADDFX1         1  3.1    28    56     352    (-,-) 
  sub_1235_38_Y_add_1235_58_g983/CO -       CI->CO F     ADDFX1         1  3.1    28    55     408    (-,-) 
  sub_1235_38_Y_add_1235_58_g982/CO -       CI->CO F     ADDFX1         1  3.1    28    55     463    (-,-) 
  sub_1235_38_Y_add_1235_58_g981/CO -       CI->CO F     ADDFX1         1  3.1    28    55     518    (-,-) 
  sub_1235_38_Y_add_1235_58_g980/CO -       CI->CO F     ADDFX1         1  3.1    28    55     574    (-,-) 
  sub_1235_38_Y_add_1235_58_g979/CO -       CI->CO F     ADDFX1         1  3.1    28    55     629    (-,-) 
  sub_1235_38_Y_add_1235_58_g978/CO -       CI->CO F     ADDFX1         1  3.1    28    55     684    (-,-) 
  sub_1235_38_Y_add_1235_58_g977/CO -       CI->CO F     ADDFX1         1  3.1    28    55     740    (-,-) 
  sub_1235_38_Y_add_1235_58_g976/CO -       CI->CO F     ADDFX1         1  3.1    28    55     795    (-,-) 
  sub_1235_38_Y_add_1235_58_g975/CO -       CI->CO F     ADDFX1         1  3.1    28    55     850    (-,-) 
  sub_1235_38_Y_add_1235_58_g974/CO -       CI->CO F     ADDFX1         1  3.1    28    55     906    (-,-) 
  sub_1235_38_Y_add_1235_58_g973/CO -       CI->CO F     ADDFX1         1  3.1    28    55     961    (-,-) 
  sub_1235_38_Y_add_1235_58_g972/CO -       CI->CO F     ADDFX1         1  3.1    28    55    1016    (-,-) 
  sub_1235_38_Y_add_1235_58_g971/CO -       CI->CO F     ADDFX1         1  3.1    28    55    1071    (-,-) 
  sub_1235_38_Y_add_1235_58_g970/CO -       CI->CO F     ADDFX1         1  3.1    28    55    1127    (-,-) 
  sub_1235_38_Y_add_1235_58_g969/CO -       CI->CO F     ADDFX1         1  3.1    28    55    1182    (-,-) 
  sub_1235_38_Y_add_1235_58_g968/CO -       CI->CO F     ADDFX1         1  3.1    28    55    1237    (-,-) 
  sub_1235_38_Y_add_1235_58_g967/CO -       CI->CO F     ADDFX1         1  3.1    28    55    1293    (-,-) 
  sub_1235_38_Y_add_1235_58_g966/CO -       CI->CO F     ADDFX1         1  3.1    28    55    1348    (-,-) 
  sub_1235_38_Y_add_1235_58_g965/CO -       CI->CO F     ADDFX1         1  3.1    28    55    1403    (-,-) 
  sub_1235_38_Y_add_1235_58_g964/CO -       CI->CO F     ADDFX1         1  3.1    28    55    1458    (-,-) 
  sub_1235_38_Y_add_1235_58_g963/CO -       CI->CO F     ADDFX1         1  3.1    28    55    1514    (-,-) 
  sub_1235_38_Y_add_1235_58_g962/CO -       CI->CO F     ADDFX1         1  3.1    28    55    1569    (-,-) 
  sub_1235_38_Y_add_1235_58_g961/CO -       CI->CO F     ADDFX1         1  3.1    28    55    1624    (-,-) 
  sub_1235_38_Y_add_1235_58_g960/CO -       CI->CO F     ADDFX1         1  3.1    28    55    1680    (-,-) 
  sub_1235_38_Y_add_1235_58_g959/CO -       CI->CO F     ADDFX1         1  3.1    28    55    1735    (-,-) 
  sub_1235_38_Y_add_1235_58_g958/CO -       CI->CO F     ADDFX1         1  3.1    28    55    1790    (-,-) 
  sub_1235_38_Y_add_1235_58_g957/CO -       CI->CO F     ADDFX1         1  3.1    28    55    1846    (-,-) 
  sub_1235_38_Y_add_1235_58_g956/S  -       CI->S  R     ADDFX1         1  2.9    26    74    1920    (-,-) 
  g109064/Y                         -       B->Y   F     NAND2X1        1  2.8    48    34    1954    (-,-) 
  g107692/Y                         -       C0->Y  R     OAI211X1       1  2.8    66    30    1984    (-,-) 
  alu_out_q_reg[29]/D               -       -      R     DFFHQX1        1    -     -     0    1984    (-,-) 
#-----------------------------------------------------------------------------------------------------------



Path 39: MET (1965 ps) Setup Check with Pin count_instr_reg[48]/CK->D
          Group: C2C
     Startpoint: (R) count_instr_reg[1]/CK
          Clock: (R) myclock
       Endpoint: (R) count_instr_reg[48]/D
          Clock: (R) myclock

                     Capture       Launch     
        Clock Edge:+    4000            0     
       Src Latency:+       0            0     
       Net Latency:+       0 (I)        0 (I) 
           Arrival:=    4000            0     
                                              
             Setup:-      29                  
       Uncertainty:-      20                  
     Required Time:=    3951                  
      Launch Clock:-       0                  
         Data Path:-    1986                  
             Slack:=    1965                  

#------------------------------------------------------------------------------------------------
#      Timing Point       Flags   Arc   Edge   Cell     Fanout Load Trans Delay Arrival Instance 
#                                                              (fF)  (ps)  (ps)   (ps)  Location 
#------------------------------------------------------------------------------------------------
  count_instr_reg[1]/CK   -       -     R     (arrival)   1850    -     0     0       0    (-,-) 
  count_instr_reg[1]/Q    -       CK->Q R     DFFHQX1        3  6.1    44    64      64    (-,-) 
  inc_add_1559_34_g920/CO -       A->CO R     ADDHX1         1  3.2    25    43     107    (-,-) 
  inc_add_1559_34_g919/CO -       B->CO R     ADDHX1         1  3.2    25    38     145    (-,-) 
  inc_add_1559_34_g918/CO -       B->CO R     ADDHX1         1  3.2    25    38     183    (-,-) 
  inc_add_1559_34_g917/CO -       B->CO R     ADDHX1         1  3.2    25    38     221    (-,-) 
  inc_add_1559_34_g916/CO -       B->CO R     ADDHX1         1  3.2    25    38     259    (-,-) 
  inc_add_1559_34_g915/CO -       B->CO R     ADDHX1         1  3.2    25    38     297    (-,-) 
  inc_add_1559_34_g914/CO -       B->CO R     ADDHX1         1  3.2    25    38     335    (-,-) 
  inc_add_1559_34_g913/CO -       B->CO R     ADDHX1         1  3.2    25    38     374    (-,-) 
  inc_add_1559_34_g912/CO -       B->CO R     ADDHX1         1  3.2    25    38     412    (-,-) 
  inc_add_1559_34_g911/CO -       B->CO R     ADDHX1         1  3.2    25    38     450    (-,-) 
  inc_add_1559_34_g910/CO -       B->CO R     ADDHX1         1  3.2    25    38     488    (-,-) 
  inc_add_1559_34_g909/CO -       B->CO R     ADDHX1         1  3.2    25    38     526    (-,-) 
  inc_add_1559_34_g908/CO -       B->CO R     ADDHX1         1  3.2    25    38     564    (-,-) 
  inc_add_1559_34_g907/CO -       B->CO R     ADDHX1         1  3.2    25    38     602    (-,-) 
  inc_add_1559_34_g906/CO -       B->CO R     ADDHX1         1  3.2    25    38     640    (-,-) 
  inc_add_1559_34_g905/CO -       B->CO R     ADDHX1         1  3.2    25    38     678    (-,-) 
  inc_add_1559_34_g904/CO -       B->CO R     ADDHX1         2  4.7    35    44     722    (-,-) 
  inc_add_1559_34_g903/Y  -       C->Y  R     AND3XL         1  3.2    40    54     776    (-,-) 
  inc_add_1559_34_g900/CO -       B->CO R     ADDHX1         1  3.2    25    41     816    (-,-) 
  inc_add_1559_34_g899/CO -       B->CO R     ADDHX1         1  3.2    25    38     854    (-,-) 
  inc_add_1559_34_g898/CO -       B->CO R     ADDHX1         1  3.2    25    38     893    (-,-) 
  inc_add_1559_34_g897/CO -       B->CO R     ADDHX1         1  3.2    25    38     931    (-,-) 
  inc_add_1559_34_g896/CO -       B->CO R     ADDHX1         1  3.2    25    38     969    (-,-) 
  inc_add_1559_34_g895/CO -       B->CO R     ADDHX1         1  3.2    25    38    1007    (-,-) 
  inc_add_1559_34_g894/CO -       B->CO R     ADDHX1         1  3.2    25    38    1045    (-,-) 
  inc_add_1559_34_g893/CO -       B->CO R     ADDHX1         1  3.2    25    38    1083    (-,-) 
  inc_add_1559_34_g892/CO -       B->CO R     ADDHX1         1  3.2    25    38    1121    (-,-) 
  inc_add_1559_34_g891/CO -       B->CO R     ADDHX1         1  3.2    25    38    1159    (-,-) 
  inc_add_1559_34_g890/CO -       B->CO R     ADDHX1         1  3.2    25    38    1197    (-,-) 
  inc_add_1559_34_g889/CO -       B->CO R     ADDHX1         1  3.2    25    38    1236    (-,-) 
  inc_add_1559_34_g888/CO -       B->CO R     ADDHX1         1  3.2    25    38    1274    (-,-) 
  inc_add_1559_34_g887/CO -       B->CO R     ADDHX1         1  3.2    25    38    1312    (-,-) 
  inc_add_1559_34_g886/CO -       B->CO R     ADDHX1         1  3.2    25    38    1350    (-,-) 
  inc_add_1559_34_g885/CO -       B->CO R     ADDHX1         1  3.2    25    38    1388    (-,-) 
  inc_add_1559_34_g884/CO -       B->CO R     ADDHX1         1  3.2    25    38    1426    (-,-) 
  inc_add_1559_34_g883/CO -       B->CO R     ADDHX1         1  3.2    25    38    1464    (-,-) 
  inc_add_1559_34_g882/CO -       B->CO R     ADDHX1         1  3.2    25    38    1502    (-,-) 
  inc_add_1559_34_g881/CO -       B->CO R     ADDHX1         1  3.2    25    38    1540    (-,-) 
  inc_add_1559_34_g880/CO -       B->CO R     ADDHX1         1  3.2    25    38    1578    (-,-) 
  inc_add_1559_34_g879/CO -       B->CO R     ADDHX1         1  3.2    25    38    1616    (-,-) 
  inc_add_1559_34_g878/CO -       B->CO R     ADDHX1         1  3.2    25    38    1655    (-,-) 
  inc_add_1559_34_g877/CO -       B->CO R     ADDHX1         1  3.2    25    38    1693    (-,-) 
  inc_add_1559_34_g876/CO -       B->CO R     ADDHX1         1  3.2    25    38    1731    (-,-) 
  inc_add_1559_34_g875/CO -       B->CO R     ADDHX1         1  3.2    25    38    1769    (-,-) 
  inc_add_1559_34_g874/CO -       B->CO R     ADDHX1         1  3.2    25    38    1807    (-,-) 
  inc_add_1559_34_g873/CO -       B->CO R     ADDHX1         1  3.2    25    38    1845    (-,-) 
  inc_add_1559_34_g872/S  -       B->S  R     ADDHX1         1  2.7    22    39    1884    (-,-) 
  g108474/Y               -       A->Y  F     MXI2XL         1  2.8    81    50    1934    (-,-) 
  g107880/Y               -       B->Y  R     NOR2X1         1  2.8    52    52    1986    (-,-) 
  count_instr_reg[48]/D   -       -     R     DFFHQX1        1    -     -     0    1986    (-,-) 
#------------------------------------------------------------------------------------------------



Path 40: MET (1982 ps) Setup Check with Pin reg_next_pc_reg[26]/CK->D
          Group: C2C
     Startpoint: (R) latched_branch_reg/CK
          Clock: (R) myclock
       Endpoint: (R) reg_next_pc_reg[26]/D
          Clock: (R) myclock

                     Capture       Launch     
        Clock Edge:+    4000            0     
       Src Latency:+       0            0     
       Net Latency:+       0 (I)        0 (I) 
           Arrival:=    4000            0     
                                              
             Setup:-      29                  
       Uncertainty:-      20                  
     Required Time:=    3951                  
      Launch Clock:-       0                  
         Data Path:-    1969                  
             Slack:=    1982                  

#-----------------------------------------------------------------------------------------------
#     Timing Point      Flags    Arc   Edge   Cell     Fanout Load Trans Delay Arrival Instance 
#                                                             (fF)  (ps)  (ps)   (ps)  Location 
#-----------------------------------------------------------------------------------------------
  latched_branch_reg/CK -       -      R     (arrival)   1850    -     0     0       0    (-,-) 
  latched_branch_reg/Q  -       CK->Q  F     DFFX4         33 52.1   101   108     108    (-,-) 
  g55738/Y              -       B->Y   R     NAND2X6       33 56.4    84    61     169    (-,-) 
  g55727/Y              -       A->Y   F     INVX1          3  5.9    55    51     220    (-,-) 
  g55721/Y              -       B->Y   F     AND2X4        31 49.1    96    83     303    (-,-) 
  g55432/Y              -       A1->Y  R     AOI22X1        1  2.9    67    63     366    (-,-) 
  g55431/Y              -       B0->Y  F     OAI2BB1X1      2  4.5    66    60     426    (-,-) 
  ADD_UNS_OP_g756/CO    -       B->CO  F     ADDHX1         1  3.1    24    36     462    (-,-) 
  ADD_UNS_OP_g755/CO    -       CI->CO F     ADDFX1         1  3.1    28    54     516    (-,-) 
  ADD_UNS_OP_g754/CO    -       CI->CO F     ADDFX1         1  3.1    28    56     572    (-,-) 
  ADD_UNS_OP_g753/CO    -       CI->CO F     ADDFX1         1  3.1    28    56     627    (-,-) 
  ADD_UNS_OP_g752/CO    -       CI->CO F     ADDFX1         1  3.1    28    56     683    (-,-) 
  ADD_UNS_OP_g751/CO    -       CI->CO F     ADDFX1         1  3.1    28    56     738    (-,-) 
  ADD_UNS_OP_g750/CO    -       CI->CO F     ADDFX1         1  3.1    28    56     794    (-,-) 
  ADD_UNS_OP_g749/CO    -       CI->CO F     ADDFX1         1  3.1    28    56     849    (-,-) 
  ADD_UNS_OP_g748/CO    -       CI->CO F     ADDFX1         1  3.1    28    56     905    (-,-) 
  ADD_UNS_OP_g747/CO    -       CI->CO F     ADDFX1         1  3.1    28    56     960    (-,-) 
  ADD_UNS_OP_g746/CO    -       CI->CO F     ADDFX1         1  3.1    28    56    1016    (-,-) 
  ADD_UNS_OP_g745/CO    -       CI->CO F     ADDFX1         1  3.1    28    56    1071    (-,-) 
  ADD_UNS_OP_g744/CO    -       CI->CO F     ADDFX1         1  3.1    28    56    1127    (-,-) 
  ADD_UNS_OP_g743/CO    -       CI->CO F     ADDFX1         1  3.1    28    56    1182    (-,-) 
  ADD_UNS_OP_g742/CO    -       CI->CO F     ADDFX1         1  3.1    28    56    1238    (-,-) 
  ADD_UNS_OP_g741/CO    -       CI->CO F     ADDFX1         1  3.1    28    56    1293    (-,-) 
  ADD_UNS_OP_g740/CO    -       CI->CO F     ADDFX1         1  3.1    28    56    1349    (-,-) 
  ADD_UNS_OP_g739/CO    -       CI->CO F     ADDFX1         1  3.1    28    56    1404    (-,-) 
  ADD_UNS_OP_g738/CO    -       CI->CO F     ADDFX1         1  3.1    28    56    1460    (-,-) 
  ADD_UNS_OP_g737/CO    -       CI->CO F     ADDFX1         1  3.1    28    56    1515    (-,-) 
  ADD_UNS_OP_g736/CO    -       CI->CO F     ADDFX1         1  3.1    28    56    1571    (-,-) 
  ADD_UNS_OP_g735/CO    -       CI->CO F     ADDFX1         1  3.1    28    56    1626    (-,-) 
  ADD_UNS_OP_g734/CO    -       CI->CO F     ADDFX1         1  3.1    28    56    1682    (-,-) 
  ADD_UNS_OP_g733/CO    -       CI->CO F     ADDFX1         1  3.1    28    56    1737    (-,-) 
  ADD_UNS_OP_g732/CO    -       CI->CO F     ADDFX1         1  3.1    28    56    1793    (-,-) 
  ADD_UNS_OP_g731/S     -       CI->S  R     ADDFX1         1  2.7    24    74    1866    (-,-) 
  g108849/Y             -       B->Y   F     MXI2XL         1  2.8    80    50    1917    (-,-) 
  g108314/Y             -       B->Y   R     NOR2X1         1  2.8    53    52    1969    (-,-) 
  reg_next_pc_reg[26]/D -       -      R     DFFHQX1        1    -     -     0    1969    (-,-) 
#-----------------------------------------------------------------------------------------------



Path 41: MET (1984 ps) Setup Check with Pin count_cycle_reg[49]/CK->D
          Group: C2C
     Startpoint: (R) count_cycle_reg[0]/CK
          Clock: (R) myclock
       Endpoint: (R) count_cycle_reg[49]/D
          Clock: (R) myclock

                     Capture       Launch     
        Clock Edge:+    4000            0     
       Src Latency:+       0            0     
       Net Latency:+       0 (I)        0 (I) 
           Arrival:=    4000            0     
                                              
             Setup:-      24                  
       Uncertainty:-      20                  
     Required Time:=    3956                  
      Launch Clock:-       0                  
         Data Path:-    1973                  
             Slack:=    1984                  

#------------------------------------------------------------------------------------------------
#      Timing Point       Flags   Arc   Edge   Cell     Fanout Load Trans Delay Arrival Instance 
#                                                              (fF)  (ps)  (ps)   (ps)  Location 
#------------------------------------------------------------------------------------------------
  count_cycle_reg[0]/CK   -       -     R     (arrival)   1850    -     0     0       0    (-,-) 
  count_cycle_reg[0]/Q    -       CK->Q R     DFFHQX1        3  6.5    46    66      66    (-,-) 
  inc_add_1428_40_g910/CO -       B->CO R     ADDHX1         1  3.2    25    42     107    (-,-) 
  inc_add_1428_40_g909/CO -       B->CO R     ADDHX1         1  3.2    25    38     146    (-,-) 
  inc_add_1428_40_g908/CO -       B->CO R     ADDHX1         1  3.2    25    38     184    (-,-) 
  inc_add_1428_40_g907/CO -       B->CO R     ADDHX1         1  3.2    25    38     222    (-,-) 
  inc_add_1428_40_g906/CO -       B->CO R     ADDHX1         1  3.2    25    38     260    (-,-) 
  inc_add_1428_40_g905/CO -       B->CO R     ADDHX1         1  3.2    25    38     298    (-,-) 
  inc_add_1428_40_g904/CO -       B->CO R     ADDHX1         1  3.2    25    38     336    (-,-) 
  inc_add_1428_40_g903/CO -       B->CO R     ADDHX1         1  3.2    25    38     374    (-,-) 
  inc_add_1428_40_g902/CO -       B->CO R     ADDHX1         1  3.2    25    38     412    (-,-) 
  inc_add_1428_40_g901/CO -       B->CO R     ADDHX1         1  3.2    25    38     450    (-,-) 
  inc_add_1428_40_g900/CO -       B->CO R     ADDHX1         1  3.2    25    38     488    (-,-) 
  inc_add_1428_40_g899/CO -       B->CO R     ADDHX1         1  3.2    25    38     526    (-,-) 
  inc_add_1428_40_g898/CO -       B->CO R     ADDHX1         1  3.2    25    38     565    (-,-) 
  inc_add_1428_40_g897/CO -       B->CO R     ADDHX1         1  3.2    25    38     603    (-,-) 
  inc_add_1428_40_g896/CO -       B->CO R     ADDHX1         1  3.2    25    38     641    (-,-) 
  inc_add_1428_40_g895/CO -       B->CO R     ADDHX1         1  3.2    25    38     679    (-,-) 
  inc_add_1428_40_g894/CO -       B->CO R     ADDHX1         1  3.2    25    38     717    (-,-) 
  inc_add_1428_40_g893/CO -       B->CO R     ADDHX1         1  3.2    25    38     755    (-,-) 
  inc_add_1428_40_g892/CO -       B->CO R     ADDHX1         1  3.2    25    38     793    (-,-) 
  inc_add_1428_40_g891/CO -       B->CO R     ADDHX1         1  3.2    25    38     831    (-,-) 
  inc_add_1428_40_g890/CO -       B->CO R     ADDHX1         1  3.2    25    38     869    (-,-) 
  inc_add_1428_40_g889/CO -       B->CO R     ADDHX1         1  3.2    25    38     908    (-,-) 
  inc_add_1428_40_g888/CO -       B->CO R     ADDHX1         1  3.2    25    38     946    (-,-) 
  inc_add_1428_40_g887/CO -       B->CO R     ADDHX1         1  3.2    25    38     984    (-,-) 
  inc_add_1428_40_g886/CO -       B->CO R     ADDHX1         1  3.2    25    38    1022    (-,-) 
  inc_add_1428_40_g885/CO -       B->CO R     ADDHX1         1  3.2    25    38    1060    (-,-) 
  inc_add_1428_40_g884/CO -       B->CO R     ADDHX1         1  3.2    25    38    1098    (-,-) 
  inc_add_1428_40_g883/CO -       B->CO R     ADDHX1         1  3.2    25    38    1136    (-,-) 
  inc_add_1428_40_g882/CO -       B->CO R     ADDHX1         1  3.2    25    38    1174    (-,-) 
  inc_add_1428_40_g881/CO -       B->CO R     ADDHX1         1  3.2    25    38    1212    (-,-) 
  inc_add_1428_40_g880/CO -       B->CO R     ADDHX1         1  3.2    25    38    1250    (-,-) 
  inc_add_1428_40_g879/CO -       B->CO R     ADDHX1         1  3.2    25    38    1288    (-,-) 
  inc_add_1428_40_g878/CO -       B->CO R     ADDHX1         1  3.2    25    38    1327    (-,-) 
  inc_add_1428_40_g877/CO -       B->CO R     ADDHX1         1  3.2    25    38    1365    (-,-) 
  inc_add_1428_40_g876/CO -       B->CO R     ADDHX1         1  3.2    25    38    1403    (-,-) 
  inc_add_1428_40_g875/CO -       B->CO R     ADDHX1         1  3.2    25    38    1441    (-,-) 
  inc_add_1428_40_g874/CO -       B->CO R     ADDHX1         1  3.2    25    38    1479    (-,-) 
  inc_add_1428_40_g873/CO -       B->CO R     ADDHX1         1  3.2    25    38    1517    (-,-) 
  inc_add_1428_40_g872/CO -       B->CO R     ADDHX1         1  3.2    25    38    1555    (-,-) 
  inc_add_1428_40_g871/CO -       B->CO R     ADDHX1         1  3.2    25    38    1593    (-,-) 
  inc_add_1428_40_g870/CO -       B->CO R     ADDHX1         1  3.2    25    38    1631    (-,-) 
  inc_add_1428_40_g869/CO -       B->CO R     ADDHX1         1  3.2    25    38    1670    (-,-) 
  inc_add_1428_40_g868/CO -       B->CO R     ADDHX1         1  3.2    25    38    1708    (-,-) 
  inc_add_1428_40_g867/CO -       B->CO R     ADDHX1         1  3.2    25    38    1746    (-,-) 
  inc_add_1428_40_g866/CO -       B->CO R     ADDHX1         1  3.2    25    38    1784    (-,-) 
  inc_add_1428_40_g865/CO -       B->CO R     ADDHX1         1  3.2    25    38    1822    (-,-) 
  inc_add_1428_40_g864/CO -       B->CO R     ADDHX1         1  3.2    25    38    1860    (-,-) 
  inc_add_1428_40_g863/CO -       B->CO R     ADDHX1         1  3.2    25    38    1898    (-,-) 
  inc_add_1428_40_g862/S  -       B->S  R     ADDHX1         1  2.7    22    39    1937    (-,-) 
  g108863/Y               -       A->Y  R     AND2X1         1  2.8    23    36    1973    (-,-) 
  count_cycle_reg[49]/D   -       -     R     DFFHQX1        1    -     -     0    1973    (-,-) 
#------------------------------------------------------------------------------------------------



Path 42: MET (1993 ps) Setup Check with Pin reg_op1_reg[30]/CK->D
          Group: C2C
     Startpoint: (R) reg_op1_reg[0]/CK
          Clock: (R) myclock
       Endpoint: (F) reg_op1_reg[30]/D
          Clock: (R) myclock

                     Capture       Launch     
        Clock Edge:+    4000            0     
       Src Latency:+       0            0     
       Net Latency:+       0 (I)        0 (I) 
           Arrival:=    4000            0     
                                              
             Setup:-      23                  
       Uncertainty:-      20                  
     Required Time:=    3957                  
      Launch Clock:-       0                  
         Data Path:-    1964                  
             Slack:=    1993                  

#---------------------------------------------------------------------------------------------
#    Timing Point     Flags    Arc   Edge   Cell     Fanout Load Trans Delay Arrival Instance 
#                                                           (fF)  (ps)  (ps)   (ps)  Location 
#---------------------------------------------------------------------------------------------
  reg_op1_reg[0]/CK   -       -      R     (arrival)   1850    -     0     0       0    (-,-) 
  reg_op1_reg[0]/Q    -       CK->Q  F     DFFX4         14 74.2   141   130     130    (-,-) 
  add_1864_26_g781/CO -       B->CO  F     ADDHX1         1  3.1    24    48     178    (-,-) 
  add_1864_26_g780/CO -       CI->CO F     ADDFX1         1  3.1    29    54     232    (-,-) 
  add_1864_26_g779/CO -       CI->CO F     ADDFX1         1  3.1    29    56     288    (-,-) 
  add_1864_26_g778/CO -       CI->CO F     ADDFX1         1  3.1    29    56     344    (-,-) 
  add_1864_26_g777/CO -       CI->CO F     ADDFX1         1  3.1    29    56     399    (-,-) 
  add_1864_26_g776/CO -       CI->CO F     ADDFX1         1  3.1    29    56     455    (-,-) 
  add_1864_26_g775/CO -       CI->CO F     ADDFX1         1  3.1    29    56     510    (-,-) 
  add_1864_26_g774/CO -       CI->CO F     ADDFX1         1  3.1    29    56     566    (-,-) 
  add_1864_26_g773/CO -       CI->CO F     ADDFX1         1  3.1    29    56     622    (-,-) 
  add_1864_26_g772/CO -       CI->CO F     ADDFX1         1  3.1    29    56     677    (-,-) 
  add_1864_26_g771/CO -       CI->CO F     ADDFX1         1  3.1    29    56     733    (-,-) 
  add_1864_26_g770/CO -       CI->CO F     ADDFX1         1  3.1    29    56     788    (-,-) 
  add_1864_26_g769/CO -       CI->CO F     ADDFX1         1  3.1    29    56     844    (-,-) 
  add_1864_26_g768/CO -       CI->CO F     ADDFX1         1  3.1    29    56     900    (-,-) 
  add_1864_26_g767/CO -       CI->CO F     ADDFX1         1  3.1    29    56     955    (-,-) 
  add_1864_26_g766/CO -       CI->CO F     ADDFX1         1  3.1    29    56    1011    (-,-) 
  add_1864_26_g765/CO -       CI->CO F     ADDFX1         1  3.1    29    56    1066    (-,-) 
  add_1864_26_g764/CO -       CI->CO F     ADDFX1         1  3.1    29    56    1122    (-,-) 
  add_1864_26_g763/CO -       CI->CO F     ADDFX1         1  3.1    29    56    1178    (-,-) 
  add_1864_26_g762/CO -       CI->CO F     ADDFX1         1  3.1    29    56    1233    (-,-) 
  add_1864_26_g761/CO -       CI->CO F     ADDFX1         1  3.1    29    56    1289    (-,-) 
  add_1864_26_g760/CO -       CI->CO F     ADDFX1         1  3.1    29    56    1344    (-,-) 
  add_1864_26_g759/CO -       CI->CO F     ADDFX1         1  3.1    29    56    1400    (-,-) 
  add_1864_26_g758/CO -       CI->CO F     ADDFX1         1  3.1    29    56    1456    (-,-) 
  add_1864_26_g757/CO -       CI->CO F     ADDFX1         1  3.1    29    56    1511    (-,-) 
  add_1864_26_g756/CO -       CI->CO F     ADDFX1         1  3.1    29    56    1567    (-,-) 
  add_1864_26_g755/CO -       CI->CO F     ADDFX1         1  3.1    29    56    1622    (-,-) 
  add_1864_26_g754/CO -       CI->CO F     ADDFX1         1  3.1    29    56    1678    (-,-) 
  add_1864_26_g753/CO -       CI->CO F     ADDFX1         1  3.1    29    56    1734    (-,-) 
  add_1864_26_g752/CO -       CI->CO F     ADDFX1         1  3.1    29    56    1789    (-,-) 
  add_1864_26_g751/S  -       CI->S  F     ADDFX1         1  2.8    26    63    1852    (-,-) 
  g105355/Y           -       B1->Y  R     AOI221X1       1  2.9    84    60    1912    (-,-) 
  g105309/Y           -       B->Y   F     NAND2X1        1  2.7    50    52    1964    (-,-) 
  reg_op1_reg[30]/D   -       -      F     DFFQX4         1    -     -     0    1964    (-,-) 
#---------------------------------------------------------------------------------------------



Path 43: MET (2002 ps) Setup Check with Pin count_instr_reg[47]/CK->D
          Group: C2C
     Startpoint: (R) count_instr_reg[1]/CK
          Clock: (R) myclock
       Endpoint: (R) count_instr_reg[47]/D
          Clock: (R) myclock

                     Capture       Launch     
        Clock Edge:+    4000            0     
       Src Latency:+       0            0     
       Net Latency:+       0 (I)        0 (I) 
           Arrival:=    4000            0     
                                              
             Setup:-      29                  
       Uncertainty:-      20                  
     Required Time:=    3951                  
      Launch Clock:-       0                  
         Data Path:-    1948                  
             Slack:=    2002                  

#------------------------------------------------------------------------------------------------
#      Timing Point       Flags   Arc   Edge   Cell     Fanout Load Trans Delay Arrival Instance 
#                                                              (fF)  (ps)  (ps)   (ps)  Location 
#------------------------------------------------------------------------------------------------
  count_instr_reg[1]/CK   -       -     R     (arrival)   1850    -     0     0       0    (-,-) 
  count_instr_reg[1]/Q    -       CK->Q R     DFFHQX1        3  6.1    44    64      64    (-,-) 
  inc_add_1559_34_g920/CO -       A->CO R     ADDHX1         1  3.2    25    43     107    (-,-) 
  inc_add_1559_34_g919/CO -       B->CO R     ADDHX1         1  3.2    25    38     145    (-,-) 
  inc_add_1559_34_g918/CO -       B->CO R     ADDHX1         1  3.2    25    38     183    (-,-) 
  inc_add_1559_34_g917/CO -       B->CO R     ADDHX1         1  3.2    25    38     221    (-,-) 
  inc_add_1559_34_g916/CO -       B->CO R     ADDHX1         1  3.2    25    38     259    (-,-) 
  inc_add_1559_34_g915/CO -       B->CO R     ADDHX1         1  3.2    25    38     297    (-,-) 
  inc_add_1559_34_g914/CO -       B->CO R     ADDHX1         1  3.2    25    38     335    (-,-) 
  inc_add_1559_34_g913/CO -       B->CO R     ADDHX1         1  3.2    25    38     374    (-,-) 
  inc_add_1559_34_g912/CO -       B->CO R     ADDHX1         1  3.2    25    38     412    (-,-) 
  inc_add_1559_34_g911/CO -       B->CO R     ADDHX1         1  3.2    25    38     450    (-,-) 
  inc_add_1559_34_g910/CO -       B->CO R     ADDHX1         1  3.2    25    38     488    (-,-) 
  inc_add_1559_34_g909/CO -       B->CO R     ADDHX1         1  3.2    25    38     526    (-,-) 
  inc_add_1559_34_g908/CO -       B->CO R     ADDHX1         1  3.2    25    38     564    (-,-) 
  inc_add_1559_34_g907/CO -       B->CO R     ADDHX1         1  3.2    25    38     602    (-,-) 
  inc_add_1559_34_g906/CO -       B->CO R     ADDHX1         1  3.2    25    38     640    (-,-) 
  inc_add_1559_34_g905/CO -       B->CO R     ADDHX1         1  3.2    25    38     678    (-,-) 
  inc_add_1559_34_g904/CO -       B->CO R     ADDHX1         2  4.7    35    44     722    (-,-) 
  inc_add_1559_34_g903/Y  -       C->Y  R     AND3XL         1  3.2    40    54     776    (-,-) 
  inc_add_1559_34_g900/CO -       B->CO R     ADDHX1         1  3.2    25    41     816    (-,-) 
  inc_add_1559_34_g899/CO -       B->CO R     ADDHX1         1  3.2    25    38     854    (-,-) 
  inc_add_1559_34_g898/CO -       B->CO R     ADDHX1         1  3.2    25    38     893    (-,-) 
  inc_add_1559_34_g897/CO -       B->CO R     ADDHX1         1  3.2    25    38     931    (-,-) 
  inc_add_1559_34_g896/CO -       B->CO R     ADDHX1         1  3.2    25    38     969    (-,-) 
  inc_add_1559_34_g895/CO -       B->CO R     ADDHX1         1  3.2    25    38    1007    (-,-) 
  inc_add_1559_34_g894/CO -       B->CO R     ADDHX1         1  3.2    25    38    1045    (-,-) 
  inc_add_1559_34_g893/CO -       B->CO R     ADDHX1         1  3.2    25    38    1083    (-,-) 
  inc_add_1559_34_g892/CO -       B->CO R     ADDHX1         1  3.2    25    38    1121    (-,-) 
  inc_add_1559_34_g891/CO -       B->CO R     ADDHX1         1  3.2    25    38    1159    (-,-) 
  inc_add_1559_34_g890/CO -       B->CO R     ADDHX1         1  3.2    25    38    1197    (-,-) 
  inc_add_1559_34_g889/CO -       B->CO R     ADDHX1         1  3.2    25    38    1236    (-,-) 
  inc_add_1559_34_g888/CO -       B->CO R     ADDHX1         1  3.2    25    38    1274    (-,-) 
  inc_add_1559_34_g887/CO -       B->CO R     ADDHX1         1  3.2    25    38    1312    (-,-) 
  inc_add_1559_34_g886/CO -       B->CO R     ADDHX1         1  3.2    25    38    1350    (-,-) 
  inc_add_1559_34_g885/CO -       B->CO R     ADDHX1         1  3.2    25    38    1388    (-,-) 
  inc_add_1559_34_g884/CO -       B->CO R     ADDHX1         1  3.2    25    38    1426    (-,-) 
  inc_add_1559_34_g883/CO -       B->CO R     ADDHX1         1  3.2    25    38    1464    (-,-) 
  inc_add_1559_34_g882/CO -       B->CO R     ADDHX1         1  3.2    25    38    1502    (-,-) 
  inc_add_1559_34_g881/CO -       B->CO R     ADDHX1         1  3.2    25    38    1540    (-,-) 
  inc_add_1559_34_g880/CO -       B->CO R     ADDHX1         1  3.2    25    38    1578    (-,-) 
  inc_add_1559_34_g879/CO -       B->CO R     ADDHX1         1  3.2    25    38    1616    (-,-) 
  inc_add_1559_34_g878/CO -       B->CO R     ADDHX1         1  3.2    25    38    1655    (-,-) 
  inc_add_1559_34_g877/CO -       B->CO R     ADDHX1         1  3.2    25    38    1693    (-,-) 
  inc_add_1559_34_g876/CO -       B->CO R     ADDHX1         1  3.2    25    38    1731    (-,-) 
  inc_add_1559_34_g875/CO -       B->CO R     ADDHX1         1  3.2    25    38    1769    (-,-) 
  inc_add_1559_34_g874/CO -       B->CO R     ADDHX1         1  3.2    25    38    1807    (-,-) 
  inc_add_1559_34_g873/S  -       B->S  R     ADDHX1         1  2.7    22    39    1846    (-,-) 
  g108470/Y               -       A->Y  F     MXI2XL         1  2.8    81    50    1896    (-,-) 
  g107833/Y               -       B->Y  R     NOR2X1         1  2.8    53    52    1948    (-,-) 
  count_instr_reg[47]/D   -       -     R     DFFHQX1        1    -     -     0    1948    (-,-) 
#------------------------------------------------------------------------------------------------



Path 44: MET (2019 ps) Setup Check with Pin alu_out_q_reg[28]/CK->D
          Group: C2C
     Startpoint: (R) instr_sub_reg/CK
          Clock: (R) myclock
       Endpoint: (R) alu_out_q_reg[28]/D
          Clock: (R) myclock

                     Capture       Launch     
        Clock Edge:+    4000            0     
       Src Latency:+       0            0     
       Net Latency:+       0 (I)        0 (I) 
           Arrival:=    4000            0     
                                              
             Setup:-      32                  
       Uncertainty:-      20                  
     Required Time:=    3948                  
      Launch Clock:-       0                  
         Data Path:-    1929                  
             Slack:=    2019                  

#-----------------------------------------------------------------------------------------------------------
#           Timing Point            Flags    Arc   Edge   Cell     Fanout Load Trans Delay Arrival Instance 
#                                                                         (fF)  (ps)  (ps)   (ps)  Location 
#-----------------------------------------------------------------------------------------------------------
  instr_sub_reg/CK                  -       -      R     (arrival)   1850    -     0     0       0    (-,-) 
  instr_sub_reg/Q                   -       CK->Q  R     DFFHQX1        5 10.9    76    82      82    (-,-) 
  sub_1235_38_Y_add_1235_58_g1019/Y -       A->Y   F     INVX3         32 54.7   146    96     178    (-,-) 
  sub_1235_38_Y_add_1235_58_g987/Y  -       B->Y   F     XNOR2X1        1  3.1    25    64     242    (-,-) 
  sub_1235_38_Y_add_1235_58_g985/CO -       CI->CO F     ADDFX1         1  3.1    28    55     297    (-,-) 
  sub_1235_38_Y_add_1235_58_g984/CO -       CI->CO F     ADDFX1         1  3.1    28    56     352    (-,-) 
  sub_1235_38_Y_add_1235_58_g983/CO -       CI->CO F     ADDFX1         1  3.1    28    55     408    (-,-) 
  sub_1235_38_Y_add_1235_58_g982/CO -       CI->CO F     ADDFX1         1  3.1    28    55     463    (-,-) 
  sub_1235_38_Y_add_1235_58_g981/CO -       CI->CO F     ADDFX1         1  3.1    28    55     518    (-,-) 
  sub_1235_38_Y_add_1235_58_g980/CO -       CI->CO F     ADDFX1         1  3.1    28    55     574    (-,-) 
  sub_1235_38_Y_add_1235_58_g979/CO -       CI->CO F     ADDFX1         1  3.1    28    55     629    (-,-) 
  sub_1235_38_Y_add_1235_58_g978/CO -       CI->CO F     ADDFX1         1  3.1    28    55     684    (-,-) 
  sub_1235_38_Y_add_1235_58_g977/CO -       CI->CO F     ADDFX1         1  3.1    28    55     740    (-,-) 
  sub_1235_38_Y_add_1235_58_g976/CO -       CI->CO F     ADDFX1         1  3.1    28    55     795    (-,-) 
  sub_1235_38_Y_add_1235_58_g975/CO -       CI->CO F     ADDFX1         1  3.1    28    55     850    (-,-) 
  sub_1235_38_Y_add_1235_58_g974/CO -       CI->CO F     ADDFX1         1  3.1    28    55     906    (-,-) 
  sub_1235_38_Y_add_1235_58_g973/CO -       CI->CO F     ADDFX1         1  3.1    28    55     961    (-,-) 
  sub_1235_38_Y_add_1235_58_g972/CO -       CI->CO F     ADDFX1         1  3.1    28    55    1016    (-,-) 
  sub_1235_38_Y_add_1235_58_g971/CO -       CI->CO F     ADDFX1         1  3.1    28    55    1071    (-,-) 
  sub_1235_38_Y_add_1235_58_g970/CO -       CI->CO F     ADDFX1         1  3.1    28    55    1127    (-,-) 
  sub_1235_38_Y_add_1235_58_g969/CO -       CI->CO F     ADDFX1         1  3.1    28    55    1182    (-,-) 
  sub_1235_38_Y_add_1235_58_g968/CO -       CI->CO F     ADDFX1         1  3.1    28    55    1237    (-,-) 
  sub_1235_38_Y_add_1235_58_g967/CO -       CI->CO F     ADDFX1         1  3.1    28    55    1293    (-,-) 
  sub_1235_38_Y_add_1235_58_g966/CO -       CI->CO F     ADDFX1         1  3.1    28    55    1348    (-,-) 
  sub_1235_38_Y_add_1235_58_g965/CO -       CI->CO F     ADDFX1         1  3.1    28    55    1403    (-,-) 
  sub_1235_38_Y_add_1235_58_g964/CO -       CI->CO F     ADDFX1         1  3.1    28    55    1458    (-,-) 
  sub_1235_38_Y_add_1235_58_g963/CO -       CI->CO F     ADDFX1         1  3.1    28    55    1514    (-,-) 
  sub_1235_38_Y_add_1235_58_g962/CO -       CI->CO F     ADDFX1         1  3.1    28    55    1569    (-,-) 
  sub_1235_38_Y_add_1235_58_g961/CO -       CI->CO F     ADDFX1         1  3.1    28    55    1624    (-,-) 
  sub_1235_38_Y_add_1235_58_g960/CO -       CI->CO F     ADDFX1         1  3.1    28    55    1680    (-,-) 
  sub_1235_38_Y_add_1235_58_g959/CO -       CI->CO F     ADDFX1         1  3.1    28    55    1735    (-,-) 
  sub_1235_38_Y_add_1235_58_g958/CO -       CI->CO F     ADDFX1         1  3.1    28    55    1790    (-,-) 
  sub_1235_38_Y_add_1235_58_g957/S  -       CI->S  R     ADDFX1         1  2.9    26    74    1865    (-,-) 
  g108913/Y                         -       B->Y   F     NAND2X1        1  2.8    48    34    1899    (-,-) 
  g107691/Y                         -       C0->Y  R     OAI211X1       1  2.8    66    30    1929    (-,-) 
  alu_out_q_reg[28]/D               -       -      R     DFFHQX1        1    -     -     0    1929    (-,-) 
#-----------------------------------------------------------------------------------------------------------



Path 45: MET (2022 ps) Setup Check with Pin count_cycle_reg[48]/CK->D
          Group: C2C
     Startpoint: (R) count_cycle_reg[0]/CK
          Clock: (R) myclock
       Endpoint: (R) count_cycle_reg[48]/D
          Clock: (R) myclock

                     Capture       Launch     
        Clock Edge:+    4000            0     
       Src Latency:+       0            0     
       Net Latency:+       0 (I)        0 (I) 
           Arrival:=    4000            0     
                                              
             Setup:-      24                  
       Uncertainty:-      20                  
     Required Time:=    3956                  
      Launch Clock:-       0                  
         Data Path:-    1935                  
             Slack:=    2022                  

#------------------------------------------------------------------------------------------------
#      Timing Point       Flags   Arc   Edge   Cell     Fanout Load Trans Delay Arrival Instance 
#                                                              (fF)  (ps)  (ps)   (ps)  Location 
#------------------------------------------------------------------------------------------------
  count_cycle_reg[0]/CK   -       -     R     (arrival)   1850    -     0     0       0    (-,-) 
  count_cycle_reg[0]/Q    -       CK->Q R     DFFHQX1        3  6.5    46    66      66    (-,-) 
  inc_add_1428_40_g910/CO -       B->CO R     ADDHX1         1  3.2    25    42     107    (-,-) 
  inc_add_1428_40_g909/CO -       B->CO R     ADDHX1         1  3.2    25    38     146    (-,-) 
  inc_add_1428_40_g908/CO -       B->CO R     ADDHX1         1  3.2    25    38     184    (-,-) 
  inc_add_1428_40_g907/CO -       B->CO R     ADDHX1         1  3.2    25    38     222    (-,-) 
  inc_add_1428_40_g906/CO -       B->CO R     ADDHX1         1  3.2    25    38     260    (-,-) 
  inc_add_1428_40_g905/CO -       B->CO R     ADDHX1         1  3.2    25    38     298    (-,-) 
  inc_add_1428_40_g904/CO -       B->CO R     ADDHX1         1  3.2    25    38     336    (-,-) 
  inc_add_1428_40_g903/CO -       B->CO R     ADDHX1         1  3.2    25    38     374    (-,-) 
  inc_add_1428_40_g902/CO -       B->CO R     ADDHX1         1  3.2    25    38     412    (-,-) 
  inc_add_1428_40_g901/CO -       B->CO R     ADDHX1         1  3.2    25    38     450    (-,-) 
  inc_add_1428_40_g900/CO -       B->CO R     ADDHX1         1  3.2    25    38     488    (-,-) 
  inc_add_1428_40_g899/CO -       B->CO R     ADDHX1         1  3.2    25    38     526    (-,-) 
  inc_add_1428_40_g898/CO -       B->CO R     ADDHX1         1  3.2    25    38     565    (-,-) 
  inc_add_1428_40_g897/CO -       B->CO R     ADDHX1         1  3.2    25    38     603    (-,-) 
  inc_add_1428_40_g896/CO -       B->CO R     ADDHX1         1  3.2    25    38     641    (-,-) 
  inc_add_1428_40_g895/CO -       B->CO R     ADDHX1         1  3.2    25    38     679    (-,-) 
  inc_add_1428_40_g894/CO -       B->CO R     ADDHX1         1  3.2    25    38     717    (-,-) 
  inc_add_1428_40_g893/CO -       B->CO R     ADDHX1         1  3.2    25    38     755    (-,-) 
  inc_add_1428_40_g892/CO -       B->CO R     ADDHX1         1  3.2    25    38     793    (-,-) 
  inc_add_1428_40_g891/CO -       B->CO R     ADDHX1         1  3.2    25    38     831    (-,-) 
  inc_add_1428_40_g890/CO -       B->CO R     ADDHX1         1  3.2    25    38     869    (-,-) 
  inc_add_1428_40_g889/CO -       B->CO R     ADDHX1         1  3.2    25    38     908    (-,-) 
  inc_add_1428_40_g888/CO -       B->CO R     ADDHX1         1  3.2    25    38     946    (-,-) 
  inc_add_1428_40_g887/CO -       B->CO R     ADDHX1         1  3.2    25    38     984    (-,-) 
  inc_add_1428_40_g886/CO -       B->CO R     ADDHX1         1  3.2    25    38    1022    (-,-) 
  inc_add_1428_40_g885/CO -       B->CO R     ADDHX1         1  3.2    25    38    1060    (-,-) 
  inc_add_1428_40_g884/CO -       B->CO R     ADDHX1         1  3.2    25    38    1098    (-,-) 
  inc_add_1428_40_g883/CO -       B->CO R     ADDHX1         1  3.2    25    38    1136    (-,-) 
  inc_add_1428_40_g882/CO -       B->CO R     ADDHX1         1  3.2    25    38    1174    (-,-) 
  inc_add_1428_40_g881/CO -       B->CO R     ADDHX1         1  3.2    25    38    1212    (-,-) 
  inc_add_1428_40_g880/CO -       B->CO R     ADDHX1         1  3.2    25    38    1250    (-,-) 
  inc_add_1428_40_g879/CO -       B->CO R     ADDHX1         1  3.2    25    38    1288    (-,-) 
  inc_add_1428_40_g878/CO -       B->CO R     ADDHX1         1  3.2    25    38    1327    (-,-) 
  inc_add_1428_40_g877/CO -       B->CO R     ADDHX1         1  3.2    25    38    1365    (-,-) 
  inc_add_1428_40_g876/CO -       B->CO R     ADDHX1         1  3.2    25    38    1403    (-,-) 
  inc_add_1428_40_g875/CO -       B->CO R     ADDHX1         1  3.2    25    38    1441    (-,-) 
  inc_add_1428_40_g874/CO -       B->CO R     ADDHX1         1  3.2    25    38    1479    (-,-) 
  inc_add_1428_40_g873/CO -       B->CO R     ADDHX1         1  3.2    25    38    1517    (-,-) 
  inc_add_1428_40_g872/CO -       B->CO R     ADDHX1         1  3.2    25    38    1555    (-,-) 
  inc_add_1428_40_g871/CO -       B->CO R     ADDHX1         1  3.2    25    38    1593    (-,-) 
  inc_add_1428_40_g870/CO -       B->CO R     ADDHX1         1  3.2    25    38    1631    (-,-) 
  inc_add_1428_40_g869/CO -       B->CO R     ADDHX1         1  3.2    25    38    1670    (-,-) 
  inc_add_1428_40_g868/CO -       B->CO R     ADDHX1         1  3.2    25    38    1708    (-,-) 
  inc_add_1428_40_g867/CO -       B->CO R     ADDHX1         1  3.2    25    38    1746    (-,-) 
  inc_add_1428_40_g866/CO -       B->CO R     ADDHX1         1  3.2    25    38    1784    (-,-) 
  inc_add_1428_40_g865/CO -       B->CO R     ADDHX1         1  3.2    25    38    1822    (-,-) 
  inc_add_1428_40_g864/CO -       B->CO R     ADDHX1         1  3.2    25    38    1860    (-,-) 
  inc_add_1428_40_g863/S  -       B->S  R     ADDHX1         1  2.7    22    39    1899    (-,-) 
  g108867/Y               -       A->Y  R     AND2X1         1  2.8    23    36    1935    (-,-) 
  count_cycle_reg[48]/D   -       -     R     DFFHQX1        1    -     -     0    1935    (-,-) 
#------------------------------------------------------------------------------------------------



Path 46: MET (2037 ps) Setup Check with Pin reg_next_pc_reg[25]/CK->D
          Group: C2C
     Startpoint: (R) latched_branch_reg/CK
          Clock: (R) myclock
       Endpoint: (R) reg_next_pc_reg[25]/D
          Clock: (R) myclock

                     Capture       Launch     
        Clock Edge:+    4000            0     
       Src Latency:+       0            0     
       Net Latency:+       0 (I)        0 (I) 
           Arrival:=    4000            0     
                                              
             Setup:-      29                  
       Uncertainty:-      20                  
     Required Time:=    3951                  
      Launch Clock:-       0                  
         Data Path:-    1914                  
             Slack:=    2037                  

#-----------------------------------------------------------------------------------------------
#     Timing Point      Flags    Arc   Edge   Cell     Fanout Load Trans Delay Arrival Instance 
#                                                             (fF)  (ps)  (ps)   (ps)  Location 
#-----------------------------------------------------------------------------------------------
  latched_branch_reg/CK -       -      R     (arrival)   1850    -     0     0       0    (-,-) 
  latched_branch_reg/Q  -       CK->Q  F     DFFX4         33 52.1   101   108     108    (-,-) 
  g55738/Y              -       B->Y   R     NAND2X6       33 56.4    84    61     169    (-,-) 
  g55727/Y              -       A->Y   F     INVX1          3  5.9    55    51     220    (-,-) 
  g55721/Y              -       B->Y   F     AND2X4        31 49.1    96    83     303    (-,-) 
  g55432/Y              -       A1->Y  R     AOI22X1        1  2.9    67    63     366    (-,-) 
  g55431/Y              -       B0->Y  F     OAI2BB1X1      2  4.5    66    60     426    (-,-) 
  ADD_UNS_OP_g756/CO    -       B->CO  F     ADDHX1         1  3.1    24    36     462    (-,-) 
  ADD_UNS_OP_g755/CO    -       CI->CO F     ADDFX1         1  3.1    28    54     516    (-,-) 
  ADD_UNS_OP_g754/CO    -       CI->CO F     ADDFX1         1  3.1    28    56     572    (-,-) 
  ADD_UNS_OP_g753/CO    -       CI->CO F     ADDFX1         1  3.1    28    56     627    (-,-) 
  ADD_UNS_OP_g752/CO    -       CI->CO F     ADDFX1         1  3.1    28    56     683    (-,-) 
  ADD_UNS_OP_g751/CO    -       CI->CO F     ADDFX1         1  3.1    28    56     738    (-,-) 
  ADD_UNS_OP_g750/CO    -       CI->CO F     ADDFX1         1  3.1    28    56     794    (-,-) 
  ADD_UNS_OP_g749/CO    -       CI->CO F     ADDFX1         1  3.1    28    56     849    (-,-) 
  ADD_UNS_OP_g748/CO    -       CI->CO F     ADDFX1         1  3.1    28    56     905    (-,-) 
  ADD_UNS_OP_g747/CO    -       CI->CO F     ADDFX1         1  3.1    28    56     960    (-,-) 
  ADD_UNS_OP_g746/CO    -       CI->CO F     ADDFX1         1  3.1    28    56    1016    (-,-) 
  ADD_UNS_OP_g745/CO    -       CI->CO F     ADDFX1         1  3.1    28    56    1071    (-,-) 
  ADD_UNS_OP_g744/CO    -       CI->CO F     ADDFX1         1  3.1    28    56    1127    (-,-) 
  ADD_UNS_OP_g743/CO    -       CI->CO F     ADDFX1         1  3.1    28    56    1182    (-,-) 
  ADD_UNS_OP_g742/CO    -       CI->CO F     ADDFX1         1  3.1    28    56    1238    (-,-) 
  ADD_UNS_OP_g741/CO    -       CI->CO F     ADDFX1         1  3.1    28    56    1293    (-,-) 
  ADD_UNS_OP_g740/CO    -       CI->CO F     ADDFX1         1  3.1    28    56    1349    (-,-) 
  ADD_UNS_OP_g739/CO    -       CI->CO F     ADDFX1         1  3.1    28    56    1404    (-,-) 
  ADD_UNS_OP_g738/CO    -       CI->CO F     ADDFX1         1  3.1    28    56    1460    (-,-) 
  ADD_UNS_OP_g737/CO    -       CI->CO F     ADDFX1         1  3.1    28    56    1515    (-,-) 
  ADD_UNS_OP_g736/CO    -       CI->CO F     ADDFX1         1  3.1    28    56    1571    (-,-) 
  ADD_UNS_OP_g735/CO    -       CI->CO F     ADDFX1         1  3.1    28    56    1626    (-,-) 
  ADD_UNS_OP_g734/CO    -       CI->CO F     ADDFX1         1  3.1    28    56    1682    (-,-) 
  ADD_UNS_OP_g733/CO    -       CI->CO F     ADDFX1         1  3.1    28    56    1737    (-,-) 
  ADD_UNS_OP_g732/S     -       CI->S  R     ADDFX1         1  2.7    24    74    1811    (-,-) 
  g108832/Y             -       B->Y   F     MXI2XL         1  2.8    80    50    1862    (-,-) 
  g108315/Y             -       B->Y   R     NOR2X1         1  2.8    52    52    1914    (-,-) 
  reg_next_pc_reg[25]/D -       -      R     DFFHQX1        1    -     -     0    1914    (-,-) 
#-----------------------------------------------------------------------------------------------



Path 47: MET (2041 ps) Setup Check with Pin count_instr_reg[46]/CK->D
          Group: C2C
     Startpoint: (R) count_instr_reg[1]/CK
          Clock: (R) myclock
       Endpoint: (R) count_instr_reg[46]/D
          Clock: (R) myclock

                     Capture       Launch     
        Clock Edge:+    4000            0     
       Src Latency:+       0            0     
       Net Latency:+       0 (I)        0 (I) 
           Arrival:=    4000            0     
                                              
             Setup:-      29                  
       Uncertainty:-      20                  
     Required Time:=    3951                  
      Launch Clock:-       0                  
         Data Path:-    1910                  
             Slack:=    2041                  

#------------------------------------------------------------------------------------------------
#      Timing Point       Flags   Arc   Edge   Cell     Fanout Load Trans Delay Arrival Instance 
#                                                              (fF)  (ps)  (ps)   (ps)  Location 
#------------------------------------------------------------------------------------------------
  count_instr_reg[1]/CK   -       -     R     (arrival)   1850    -     0     0       0    (-,-) 
  count_instr_reg[1]/Q    -       CK->Q R     DFFHQX1        3  6.1    44    64      64    (-,-) 
  inc_add_1559_34_g920/CO -       A->CO R     ADDHX1         1  3.2    25    43     107    (-,-) 
  inc_add_1559_34_g919/CO -       B->CO R     ADDHX1         1  3.2    25    38     145    (-,-) 
  inc_add_1559_34_g918/CO -       B->CO R     ADDHX1         1  3.2    25    38     183    (-,-) 
  inc_add_1559_34_g917/CO -       B->CO R     ADDHX1         1  3.2    25    38     221    (-,-) 
  inc_add_1559_34_g916/CO -       B->CO R     ADDHX1         1  3.2    25    38     259    (-,-) 
  inc_add_1559_34_g915/CO -       B->CO R     ADDHX1         1  3.2    25    38     297    (-,-) 
  inc_add_1559_34_g914/CO -       B->CO R     ADDHX1         1  3.2    25    38     335    (-,-) 
  inc_add_1559_34_g913/CO -       B->CO R     ADDHX1         1  3.2    25    38     374    (-,-) 
  inc_add_1559_34_g912/CO -       B->CO R     ADDHX1         1  3.2    25    38     412    (-,-) 
  inc_add_1559_34_g911/CO -       B->CO R     ADDHX1         1  3.2    25    38     450    (-,-) 
  inc_add_1559_34_g910/CO -       B->CO R     ADDHX1         1  3.2    25    38     488    (-,-) 
  inc_add_1559_34_g909/CO -       B->CO R     ADDHX1         1  3.2    25    38     526    (-,-) 
  inc_add_1559_34_g908/CO -       B->CO R     ADDHX1         1  3.2    25    38     564    (-,-) 
  inc_add_1559_34_g907/CO -       B->CO R     ADDHX1         1  3.2    25    38     602    (-,-) 
  inc_add_1559_34_g906/CO -       B->CO R     ADDHX1         1  3.2    25    38     640    (-,-) 
  inc_add_1559_34_g905/CO -       B->CO R     ADDHX1         1  3.2    25    38     678    (-,-) 
  inc_add_1559_34_g904/CO -       B->CO R     ADDHX1         2  4.7    35    44     722    (-,-) 
  inc_add_1559_34_g903/Y  -       C->Y  R     AND3XL         1  3.2    40    54     776    (-,-) 
  inc_add_1559_34_g900/CO -       B->CO R     ADDHX1         1  3.2    25    41     816    (-,-) 
  inc_add_1559_34_g899/CO -       B->CO R     ADDHX1         1  3.2    25    38     854    (-,-) 
  inc_add_1559_34_g898/CO -       B->CO R     ADDHX1         1  3.2    25    38     893    (-,-) 
  inc_add_1559_34_g897/CO -       B->CO R     ADDHX1         1  3.2    25    38     931    (-,-) 
  inc_add_1559_34_g896/CO -       B->CO R     ADDHX1         1  3.2    25    38     969    (-,-) 
  inc_add_1559_34_g895/CO -       B->CO R     ADDHX1         1  3.2    25    38    1007    (-,-) 
  inc_add_1559_34_g894/CO -       B->CO R     ADDHX1         1  3.2    25    38    1045    (-,-) 
  inc_add_1559_34_g893/CO -       B->CO R     ADDHX1         1  3.2    25    38    1083    (-,-) 
  inc_add_1559_34_g892/CO -       B->CO R     ADDHX1         1  3.2    25    38    1121    (-,-) 
  inc_add_1559_34_g891/CO -       B->CO R     ADDHX1         1  3.2    25    38    1159    (-,-) 
  inc_add_1559_34_g890/CO -       B->CO R     ADDHX1         1  3.2    25    38    1197    (-,-) 
  inc_add_1559_34_g889/CO -       B->CO R     ADDHX1         1  3.2    25    38    1236    (-,-) 
  inc_add_1559_34_g888/CO -       B->CO R     ADDHX1         1  3.2    25    38    1274    (-,-) 
  inc_add_1559_34_g887/CO -       B->CO R     ADDHX1         1  3.2    25    38    1312    (-,-) 
  inc_add_1559_34_g886/CO -       B->CO R     ADDHX1         1  3.2    25    38    1350    (-,-) 
  inc_add_1559_34_g885/CO -       B->CO R     ADDHX1         1  3.2    25    38    1388    (-,-) 
  inc_add_1559_34_g884/CO -       B->CO R     ADDHX1         1  3.2    25    38    1426    (-,-) 
  inc_add_1559_34_g883/CO -       B->CO R     ADDHX1         1  3.2    25    38    1464    (-,-) 
  inc_add_1559_34_g882/CO -       B->CO R     ADDHX1         1  3.2    25    38    1502    (-,-) 
  inc_add_1559_34_g881/CO -       B->CO R     ADDHX1         1  3.2    25    38    1540    (-,-) 
  inc_add_1559_34_g880/CO -       B->CO R     ADDHX1         1  3.2    25    38    1578    (-,-) 
  inc_add_1559_34_g879/CO -       B->CO R     ADDHX1         1  3.2    25    38    1616    (-,-) 
  inc_add_1559_34_g878/CO -       B->CO R     ADDHX1         1  3.2    25    38    1655    (-,-) 
  inc_add_1559_34_g877/CO -       B->CO R     ADDHX1         1  3.2    25    38    1693    (-,-) 
  inc_add_1559_34_g876/CO -       B->CO R     ADDHX1         1  3.2    25    38    1731    (-,-) 
  inc_add_1559_34_g875/CO -       B->CO R     ADDHX1         1  3.2    25    38    1769    (-,-) 
  inc_add_1559_34_g874/S  -       B->S  R     ADDHX1         1  2.7    22    39    1808    (-,-) 
  g108523/Y               -       A->Y  F     MXI2XL         1  2.8    81    50    1858    (-,-) 
  g107832/Y               -       B->Y  R     NOR2X1         1  2.8    53    52    1910    (-,-) 
  count_instr_reg[46]/D   -       -     R     DFFHQX1        1    -     -     0    1910    (-,-) 
#------------------------------------------------------------------------------------------------



Path 48: MET (2045 ps) Setup Check with Pin reg_out_reg[31]/CK->D
          Group: C2C
     Startpoint: (R) reg_pc_reg[1]/CK
          Clock: (R) myclock
       Endpoint: (F) reg_out_reg[31]/D
          Clock: (R) myclock

                     Capture       Launch     
        Clock Edge:+    4000            0     
       Src Latency:+       0            0     
       Net Latency:+       0 (I)        0 (I) 
           Arrival:=    4000            0     
                                              
             Setup:-      34                  
       Uncertainty:-      20                  
     Required Time:=    3946                  
      Launch Clock:-       0                  
         Data Path:-    1901                  
             Slack:=    2045                  

#---------------------------------------------------------------------------------------------
#    Timing Point     Flags    Arc   Edge   Cell     Fanout Load Trans Delay Arrival Instance 
#                                                           (fF)  (ps)  (ps)   (ps)  Location 
#---------------------------------------------------------------------------------------------
  reg_pc_reg[1]/CK    -       -      R     (arrival)   1850    -     0     0       0    (-,-) 
  reg_pc_reg[1]/Q     -       CK->Q  F     DFFHQX1        5  9.0    61    80      80    (-,-) 
  add_1801_23_g756/CO -       A->CO  F     ADDHX1         1  3.1    23    38     118    (-,-) 
  add_1801_23_g755/CO -       CI->CO F     ADDFX1         1  3.1    28    54     172    (-,-) 
  add_1801_23_g754/CO -       CI->CO F     ADDFX1         1  3.1    28    55     228    (-,-) 
  add_1801_23_g753/CO -       CI->CO F     ADDFX1         1  3.1    28    55     283    (-,-) 
  add_1801_23_g752/CO -       CI->CO F     ADDFX1         1  3.1    28    55     338    (-,-) 
  add_1801_23_g751/CO -       CI->CO F     ADDFX1         1  3.1    28    55     394    (-,-) 
  add_1801_23_g750/CO -       CI->CO F     ADDFX1         1  3.1    28    55     449    (-,-) 
  add_1801_23_g749/CO -       CI->CO F     ADDFX1         1  3.1    28    55     504    (-,-) 
  add_1801_23_g748/CO -       CI->CO F     ADDFX1         1  3.1    28    55     560    (-,-) 
  add_1801_23_g747/CO -       CI->CO F     ADDFX1         1  3.1    28    55     615    (-,-) 
  add_1801_23_g746/CO -       CI->CO F     ADDFX1         1  3.1    28    55     671    (-,-) 
  add_1801_23_g745/CO -       CI->CO F     ADDFX1         1  3.1    28    55     726    (-,-) 
  add_1801_23_g744/CO -       CI->CO F     ADDFX1         1  3.1    28    55     782    (-,-) 
  add_1801_23_g743/CO -       CI->CO F     ADDFX1         1  3.1    28    55     837    (-,-) 
  add_1801_23_g742/CO -       CI->CO F     ADDFX1         1  3.1    28    55     892    (-,-) 
  add_1801_23_g741/CO -       CI->CO F     ADDFX1         1  3.1    28    55     948    (-,-) 
  add_1801_23_g740/CO -       CI->CO F     ADDFX1         1  3.1    28    55    1003    (-,-) 
  add_1801_23_g739/CO -       CI->CO F     ADDFX1         1  3.1    28    55    1058    (-,-) 
  add_1801_23_g738/CO -       CI->CO F     ADDFX1         1  3.1    28    55    1114    (-,-) 
  add_1801_23_g737/CO -       CI->CO F     ADDFX1         1  3.1    28    55    1169    (-,-) 
  add_1801_23_g736/CO -       CI->CO F     ADDFX1         1  3.1    28    55    1225    (-,-) 
  add_1801_23_g735/CO -       CI->CO F     ADDFX1         1  3.1    28    55    1280    (-,-) 
  add_1801_23_g734/CO -       CI->CO F     ADDFX1         1  3.1    28    55    1336    (-,-) 
  add_1801_23_g733/CO -       CI->CO F     ADDFX1         1  3.1    28    55    1391    (-,-) 
  add_1801_23_g732/CO -       CI->CO F     ADDFX1         1  3.1    28    55    1446    (-,-) 
  add_1801_23_g731/CO -       CI->CO F     ADDFX1         1  3.1    28    55    1502    (-,-) 
  add_1801_23_g730/CO -       CI->CO F     ADDFX1         1  3.1    28    55    1557    (-,-) 
  add_1801_23_g729/CO -       CI->CO F     ADDFX1         1  3.1    28    55    1612    (-,-) 
  add_1801_23_g728/CO -       CI->CO F     ADDFX1         1  3.1    28    55    1668    (-,-) 
  add_1801_23_g727/CO -       CI->CO F     ADDFX1         1  2.9    26    55    1723    (-,-) 
  add_1801_23_g726/Y  -       B->Y   F     XNOR2X1        1  2.8    23    42    1764    (-,-) 
  g108809/Y           -       A1->Y  R     AOI22X1        1  2.7    66    41    1805    (-,-) 
  g106821/Y           -       D->Y   F     NAND4XL        1  2.8   129    96    1901    (-,-) 
  reg_out_reg[31]/D   -       -      F     DFFHQX1        1    -     -     0    1901    (-,-) 
#---------------------------------------------------------------------------------------------



Path 49: MET (2049 ps) Setup Check with Pin reg_op1_reg[29]/CK->D
          Group: C2C
     Startpoint: (R) reg_op1_reg[0]/CK
          Clock: (R) myclock
       Endpoint: (F) reg_op1_reg[29]/D
          Clock: (R) myclock

                     Capture       Launch     
        Clock Edge:+    4000            0     
       Src Latency:+       0            0     
       Net Latency:+       0 (I)        0 (I) 
           Arrival:=    4000            0     
                                              
             Setup:-      23                  
       Uncertainty:-      20                  
     Required Time:=    3957                  
      Launch Clock:-       0                  
         Data Path:-    1908                  
             Slack:=    2049                  

#---------------------------------------------------------------------------------------------
#    Timing Point     Flags    Arc   Edge   Cell     Fanout Load Trans Delay Arrival Instance 
#                                                           (fF)  (ps)  (ps)   (ps)  Location 
#---------------------------------------------------------------------------------------------
  reg_op1_reg[0]/CK   -       -      R     (arrival)   1850    -     0     0       0    (-,-) 
  reg_op1_reg[0]/Q    -       CK->Q  F     DFFX4         14 74.2   141   130     130    (-,-) 
  add_1864_26_g781/CO -       B->CO  F     ADDHX1         1  3.1    24    48     178    (-,-) 
  add_1864_26_g780/CO -       CI->CO F     ADDFX1         1  3.1    29    54     232    (-,-) 
  add_1864_26_g779/CO -       CI->CO F     ADDFX1         1  3.1    29    56     288    (-,-) 
  add_1864_26_g778/CO -       CI->CO F     ADDFX1         1  3.1    29    56     344    (-,-) 
  add_1864_26_g777/CO -       CI->CO F     ADDFX1         1  3.1    29    56     399    (-,-) 
  add_1864_26_g776/CO -       CI->CO F     ADDFX1         1  3.1    29    56     455    (-,-) 
  add_1864_26_g775/CO -       CI->CO F     ADDFX1         1  3.1    29    56     510    (-,-) 
  add_1864_26_g774/CO -       CI->CO F     ADDFX1         1  3.1    29    56     566    (-,-) 
  add_1864_26_g773/CO -       CI->CO F     ADDFX1         1  3.1    29    56     622    (-,-) 
  add_1864_26_g772/CO -       CI->CO F     ADDFX1         1  3.1    29    56     677    (-,-) 
  add_1864_26_g771/CO -       CI->CO F     ADDFX1         1  3.1    29    56     733    (-,-) 
  add_1864_26_g770/CO -       CI->CO F     ADDFX1         1  3.1    29    56     788    (-,-) 
  add_1864_26_g769/CO -       CI->CO F     ADDFX1         1  3.1    29    56     844    (-,-) 
  add_1864_26_g768/CO -       CI->CO F     ADDFX1         1  3.1    29    56     900    (-,-) 
  add_1864_26_g767/CO -       CI->CO F     ADDFX1         1  3.1    29    56     955    (-,-) 
  add_1864_26_g766/CO -       CI->CO F     ADDFX1         1  3.1    29    56    1011    (-,-) 
  add_1864_26_g765/CO -       CI->CO F     ADDFX1         1  3.1    29    56    1066    (-,-) 
  add_1864_26_g764/CO -       CI->CO F     ADDFX1         1  3.1    29    56    1122    (-,-) 
  add_1864_26_g763/CO -       CI->CO F     ADDFX1         1  3.1    29    56    1178    (-,-) 
  add_1864_26_g762/CO -       CI->CO F     ADDFX1         1  3.1    29    56    1233    (-,-) 
  add_1864_26_g761/CO -       CI->CO F     ADDFX1         1  3.1    29    56    1289    (-,-) 
  add_1864_26_g760/CO -       CI->CO F     ADDFX1         1  3.1    29    56    1344    (-,-) 
  add_1864_26_g759/CO -       CI->CO F     ADDFX1         1  3.1    29    56    1400    (-,-) 
  add_1864_26_g758/CO -       CI->CO F     ADDFX1         1  3.1    29    56    1456    (-,-) 
  add_1864_26_g757/CO -       CI->CO F     ADDFX1         1  3.1    29    56    1511    (-,-) 
  add_1864_26_g756/CO -       CI->CO F     ADDFX1         1  3.1    29    56    1567    (-,-) 
  add_1864_26_g755/CO -       CI->CO F     ADDFX1         1  3.1    29    56    1622    (-,-) 
  add_1864_26_g754/CO -       CI->CO F     ADDFX1         1  3.1    29    56    1678    (-,-) 
  add_1864_26_g753/CO -       CI->CO F     ADDFX1         1  3.1    29    56    1734    (-,-) 
  add_1864_26_g752/S  -       CI->S  F     ADDFX1         1  2.8    26    63    1796    (-,-) 
  g105354/Y           -       B1->Y  R     AOI221X1       1  2.9    84    60    1856    (-,-) 
  g105308/Y           -       B->Y   F     NAND2X1        1  2.7    50    52    1908    (-,-) 
  reg_op1_reg[29]/D   -       -      F     DFFX4          1    -     -     0    1908    (-,-) 
#---------------------------------------------------------------------------------------------



Path 50: MET (2060 ps) Setup Check with Pin count_cycle_reg[47]/CK->D
          Group: C2C
     Startpoint: (R) count_cycle_reg[0]/CK
          Clock: (R) myclock
       Endpoint: (R) count_cycle_reg[47]/D
          Clock: (R) myclock

                     Capture       Launch     
        Clock Edge:+    4000            0     
       Src Latency:+       0            0     
       Net Latency:+       0 (I)        0 (I) 
           Arrival:=    4000            0     
                                              
             Setup:-      24                  
       Uncertainty:-      20                  
     Required Time:=    3956                  
      Launch Clock:-       0                  
         Data Path:-    1897                  
             Slack:=    2060                  

#------------------------------------------------------------------------------------------------
#      Timing Point       Flags   Arc   Edge   Cell     Fanout Load Trans Delay Arrival Instance 
#                                                              (fF)  (ps)  (ps)   (ps)  Location 
#------------------------------------------------------------------------------------------------
  count_cycle_reg[0]/CK   -       -     R     (arrival)   1850    -     0     0       0    (-,-) 
  count_cycle_reg[0]/Q    -       CK->Q R     DFFHQX1        3  6.5    46    66      66    (-,-) 
  inc_add_1428_40_g910/CO -       B->CO R     ADDHX1         1  3.2    25    42     107    (-,-) 
  inc_add_1428_40_g909/CO -       B->CO R     ADDHX1         1  3.2    25    38     146    (-,-) 
  inc_add_1428_40_g908/CO -       B->CO R     ADDHX1         1  3.2    25    38     184    (-,-) 
  inc_add_1428_40_g907/CO -       B->CO R     ADDHX1         1  3.2    25    38     222    (-,-) 
  inc_add_1428_40_g906/CO -       B->CO R     ADDHX1         1  3.2    25    38     260    (-,-) 
  inc_add_1428_40_g905/CO -       B->CO R     ADDHX1         1  3.2    25    38     298    (-,-) 
  inc_add_1428_40_g904/CO -       B->CO R     ADDHX1         1  3.2    25    38     336    (-,-) 
  inc_add_1428_40_g903/CO -       B->CO R     ADDHX1         1  3.2    25    38     374    (-,-) 
  inc_add_1428_40_g902/CO -       B->CO R     ADDHX1         1  3.2    25    38     412    (-,-) 
  inc_add_1428_40_g901/CO -       B->CO R     ADDHX1         1  3.2    25    38     450    (-,-) 
  inc_add_1428_40_g900/CO -       B->CO R     ADDHX1         1  3.2    25    38     488    (-,-) 
  inc_add_1428_40_g899/CO -       B->CO R     ADDHX1         1  3.2    25    38     526    (-,-) 
  inc_add_1428_40_g898/CO -       B->CO R     ADDHX1         1  3.2    25    38     565    (-,-) 
  inc_add_1428_40_g897/CO -       B->CO R     ADDHX1         1  3.2    25    38     603    (-,-) 
  inc_add_1428_40_g896/CO -       B->CO R     ADDHX1         1  3.2    25    38     641    (-,-) 
  inc_add_1428_40_g895/CO -       B->CO R     ADDHX1         1  3.2    25    38     679    (-,-) 
  inc_add_1428_40_g894/CO -       B->CO R     ADDHX1         1  3.2    25    38     717    (-,-) 
  inc_add_1428_40_g893/CO -       B->CO R     ADDHX1         1  3.2    25    38     755    (-,-) 
  inc_add_1428_40_g892/CO -       B->CO R     ADDHX1         1  3.2    25    38     793    (-,-) 
  inc_add_1428_40_g891/CO -       B->CO R     ADDHX1         1  3.2    25    38     831    (-,-) 
  inc_add_1428_40_g890/CO -       B->CO R     ADDHX1         1  3.2    25    38     869    (-,-) 
  inc_add_1428_40_g889/CO -       B->CO R     ADDHX1         1  3.2    25    38     908    (-,-) 
  inc_add_1428_40_g888/CO -       B->CO R     ADDHX1         1  3.2    25    38     946    (-,-) 
  inc_add_1428_40_g887/CO -       B->CO R     ADDHX1         1  3.2    25    38     984    (-,-) 
  inc_add_1428_40_g886/CO -       B->CO R     ADDHX1         1  3.2    25    38    1022    (-,-) 
  inc_add_1428_40_g885/CO -       B->CO R     ADDHX1         1  3.2    25    38    1060    (-,-) 
  inc_add_1428_40_g884/CO -       B->CO R     ADDHX1         1  3.2    25    38    1098    (-,-) 
  inc_add_1428_40_g883/CO -       B->CO R     ADDHX1         1  3.2    25    38    1136    (-,-) 
  inc_add_1428_40_g882/CO -       B->CO R     ADDHX1         1  3.2    25    38    1174    (-,-) 
  inc_add_1428_40_g881/CO -       B->CO R     ADDHX1         1  3.2    25    38    1212    (-,-) 
  inc_add_1428_40_g880/CO -       B->CO R     ADDHX1         1  3.2    25    38    1250    (-,-) 
  inc_add_1428_40_g879/CO -       B->CO R     ADDHX1         1  3.2    25    38    1288    (-,-) 
  inc_add_1428_40_g878/CO -       B->CO R     ADDHX1         1  3.2    25    38    1327    (-,-) 
  inc_add_1428_40_g877/CO -       B->CO R     ADDHX1         1  3.2    25    38    1365    (-,-) 
  inc_add_1428_40_g876/CO -       B->CO R     ADDHX1         1  3.2    25    38    1403    (-,-) 
  inc_add_1428_40_g875/CO -       B->CO R     ADDHX1         1  3.2    25    38    1441    (-,-) 
  inc_add_1428_40_g874/CO -       B->CO R     ADDHX1         1  3.2    25    38    1479    (-,-) 
  inc_add_1428_40_g873/CO -       B->CO R     ADDHX1         1  3.2    25    38    1517    (-,-) 
  inc_add_1428_40_g872/CO -       B->CO R     ADDHX1         1  3.2    25    38    1555    (-,-) 
  inc_add_1428_40_g871/CO -       B->CO R     ADDHX1         1  3.2    25    38    1593    (-,-) 
  inc_add_1428_40_g870/CO -       B->CO R     ADDHX1         1  3.2    25    38    1631    (-,-) 
  inc_add_1428_40_g869/CO -       B->CO R     ADDHX1         1  3.2    25    38    1670    (-,-) 
  inc_add_1428_40_g868/CO -       B->CO R     ADDHX1         1  3.2    25    38    1708    (-,-) 
  inc_add_1428_40_g867/CO -       B->CO R     ADDHX1         1  3.2    25    38    1746    (-,-) 
  inc_add_1428_40_g866/CO -       B->CO R     ADDHX1         1  3.2    25    38    1784    (-,-) 
  inc_add_1428_40_g865/CO -       B->CO R     ADDHX1         1  3.2    25    38    1822    (-,-) 
  inc_add_1428_40_g864/S  -       B->S  R     ADDHX1         1  2.7    22    39    1861    (-,-) 
  g108883/Y               -       A->Y  R     AND2X1         1  2.8    23    36    1897    (-,-) 
  count_cycle_reg[47]/D   -       -     R     DFFHQX1        1    -     -     0    1897    (-,-) 
#------------------------------------------------------------------------------------------------

