============================================================
  Generated by:           Genus(TM) Synthesis Solution 22.13-s093_1
  Generated on:           Apr 13 2026  07:19:57 pm
  Module:                 picorv32
  Operating conditions:   PVT_1P1V_0C 
  Interconnect mode:      global
  Area mode:              physical library
============================================================


Path 1: MET (2726 ps) Setup Check with Pin reg_op1_reg[30]/CK->D
          Group: I2C
     Startpoint: (R) mem_ready
          Clock: (R) myclock
       Endpoint: (R) reg_op1_reg[30]/D
          Clock: (R) myclock

                     Capture       Launch     
        Clock Edge:+    4000            0     
        Drv Adjust:+       0            0     
       Src Latency:+       0            0     
       Net Latency:+       0 (I)        0 (I) 
           Arrival:=    4000            0     
                                              
             Setup:-      27                  
       Uncertainty:-      20                  
     Required Time:=    3953                  
      Launch Clock:-       0                  
       Input Delay:-     100                  
         Data Path:-    1127                  
             Slack:=    2726                  

Exceptions/Constraints:
  input_delay             100             picorv32.sdc_line_18_1_1 

#------------------------------------------------------------------------------------------
#   Timing Point    Flags   Arc   Edge   Cell     Fanout Load Trans Delay Arrival Instance 
#                                                        (fF)  (ps)  (ps)   (ps)  Location 
#------------------------------------------------------------------------------------------
  mem_ready         -       -     R     (arrival)      2  7.8    15     0     100    (-,-) 
  g109191/Y         -       A->Y  F     NAND2X8       37 62.8   136    77     177    (-,-) 
  g109032/Y         -       A->Y  R     INVX1          9 16.9   138   108     285    (-,-) 
  g108043/Y         -       B0->Y F     OAI211X1       1  2.8    76    91     377    (-,-) 
  g107464/Y         -       A1->Y R     AOI21X1        6 10.5   144   106     483    (-,-) 
  g107161/Y         -       AN->Y R     NAND2BX1       2  4.4    45    52     535    (-,-) 
  g107108/Y         -       B->Y  F     NAND2X1        2  4.4    64    51     586    (-,-) 
  g106983/Y         -       C->Y  R     NOR3X1         3  5.8   126    92     678    (-,-) 
  g106931/Y         -       A->Y  F     INVX1          2  4.4    54    59     737    (-,-) 
  g106603/Y         -       B0->Y F     OA21X4        33 52.7   108    89     826    (-,-) 
  g106408/Y         -       A->Y  R     INVX1          5  9.6    85    72     898    (-,-) 
  g106210/Y         -       D->Y  R     AND4X4        31 53.1   110   137    1035    (-,-) 
  g105386/Y         -       A1->Y F     AOI222X1       1  2.8    79    80    1115    (-,-) 
  g105373/Y         -       C0->Y R     OAI221X1       1  2.9    68    40    1156    (-,-) 
  g105355/Y         -       C0->Y F     AOI221X1       1  2.8    70    36    1192    (-,-) 
  g105309/Y         -       B->Y  R     NAND2X1        1  2.7    39    35    1227    (-,-) 
  reg_op1_reg[30]/D -       -     R     DFFQX4         1    -     -     0    1227    (-,-) 
#------------------------------------------------------------------------------------------



Path 2: MET (2726 ps) Setup Check with Pin reg_op1_reg[28]/CK->D
          Group: I2C
     Startpoint: (R) mem_ready
          Clock: (R) myclock
       Endpoint: (R) reg_op1_reg[28]/D
          Clock: (R) myclock

                     Capture       Launch     
        Clock Edge:+    4000            0     
        Drv Adjust:+       0            0     
       Src Latency:+       0            0     
       Net Latency:+       0 (I)        0 (I) 
           Arrival:=    4000            0     
                                              
             Setup:-      26                  
       Uncertainty:-      20                  
     Required Time:=    3954                  
      Launch Clock:-       0                  
       Input Delay:-     100                  
         Data Path:-    1127                  
             Slack:=    2726                  

Exceptions/Constraints:
  input_delay             100             picorv32.sdc_line_18_1_1 

#------------------------------------------------------------------------------------------
#   Timing Point    Flags   Arc   Edge   Cell     Fanout Load Trans Delay Arrival Instance 
#                                                        (fF)  (ps)  (ps)   (ps)  Location 
#------------------------------------------------------------------------------------------
  mem_ready         -       -     R     (arrival)      2  7.8    15     0     100    (-,-) 
  g109191/Y         -       A->Y  F     NAND2X8       37 62.8   136    77     177    (-,-) 
  g109032/Y         -       A->Y  R     INVX1          9 16.9   138   108     285    (-,-) 
  g108043/Y         -       B0->Y F     OAI211X1       1  2.8    76    91     377    (-,-) 
  g107464/Y         -       A1->Y R     AOI21X1        6 10.5   144   106     483    (-,-) 
  g107161/Y         -       AN->Y R     NAND2BX1       2  4.4    45    52     535    (-,-) 
  g107108/Y         -       B->Y  F     NAND2X1        2  4.4    64    51     586    (-,-) 
  g106983/Y         -       C->Y  R     NOR3X1         3  5.8   126    92     678    (-,-) 
  g106931/Y         -       A->Y  F     INVX1          2  4.4    54    59     737    (-,-) 
  g106603/Y         -       B0->Y F     OA21X4        33 52.7   108    89     826    (-,-) 
  g106408/Y         -       A->Y  R     INVX1          5  9.6    85    72     898    (-,-) 
  g106210/Y         -       D->Y  R     AND4X4        31 53.1   110   137    1035    (-,-) 
  g105388/Y         -       A1->Y F     AOI222X1       1  2.8    79    80    1115    (-,-) 
  g105375/Y         -       C0->Y R     OAI221X1       1  2.9    68    40    1156    (-,-) 
  g105353/Y         -       C0->Y F     AOI221X1       1  2.8    70    36    1192    (-,-) 
  g105307/Y         -       B->Y  R     NAND2X1        1  2.7    39    35    1227    (-,-) 
  reg_op1_reg[28]/D -       -     R     DFFX4          1    -     -     0    1227    (-,-) 
#------------------------------------------------------------------------------------------



Path 3: MET (2730 ps) Setup Check with Pin reg_op1_reg[29]/CK->D
          Group: I2C
     Startpoint: (R) mem_ready
          Clock: (R) myclock
       Endpoint: (R) reg_op1_reg[29]/D
          Clock: (R) myclock

                     Capture       Launch     
        Clock Edge:+    4000            0     
        Drv Adjust:+       0            0     
       Src Latency:+       0            0     
       Net Latency:+       0 (I)        0 (I) 
           Arrival:=    4000            0     
                                              
             Setup:-      26                  
       Uncertainty:-      20                  
     Required Time:=    3954                  
      Launch Clock:-       0                  
       Input Delay:-     100                  
         Data Path:-    1123                  
             Slack:=    2730                  

Exceptions/Constraints:
  input_delay             100             picorv32.sdc_line_18_1_1 

#------------------------------------------------------------------------------------------
#   Timing Point    Flags   Arc   Edge   Cell     Fanout Load Trans Delay Arrival Instance 
#                                                        (fF)  (ps)  (ps)   (ps)  Location 
#------------------------------------------------------------------------------------------
  mem_ready         -       -     R     (arrival)      2  7.8    15     0     100    (-,-) 
  g109191/Y         -       A->Y  F     NAND2X8       37 62.8   136    77     177    (-,-) 
  g109032/Y         -       A->Y  R     INVX1          9 16.9   138   108     285    (-,-) 
  g108043/Y         -       B0->Y F     OAI211X1       1  2.8    76    91     377    (-,-) 
  g107464/Y         -       A1->Y R     AOI21X1        6 10.5   144   106     483    (-,-) 
  g107161/Y         -       AN->Y R     NAND2BX1       2  4.4    45    52     535    (-,-) 
  g107108/Y         -       B->Y  F     NAND2X1        2  4.4    64    51     586    (-,-) 
  g106983/Y         -       C->Y  R     NOR3X1         3  5.8   126    92     678    (-,-) 
  g106931/Y         -       A->Y  F     INVX1          2  4.4    54    59     737    (-,-) 
  g106603/Y         -       B0->Y F     OA21X4        33 52.7   108    89     826    (-,-) 
  g105597/Y         -       C->Y  R     NOR3X1         3  6.0   134   108     934    (-,-) 
  g105543/Y         -       B->Y  R     AND2X4        30 51.4   100   113    1048    (-,-) 
  g105527/Y         -       A->Y  F     INVX1          2  4.4    48    51    1098    (-,-) 
  g105374/Y         -       A1->Y R     OAI221X1       1  2.9    68    53    1152    (-,-) 
  g105354/Y         -       C0->Y F     AOI221X1       1  2.8    70    36    1188    (-,-) 
  g105308/Y         -       B->Y  R     NAND2X1        1  2.7    39    35    1223    (-,-) 
  reg_op1_reg[29]/D -       -     R     DFFX4          1    -     -     0    1223    (-,-) 
#------------------------------------------------------------------------------------------



Path 4: MET (2731 ps) Setup Check with Pin reg_op1_reg[3]/CK->D
          Group: I2C
     Startpoint: (R) mem_ready
          Clock: (R) myclock
       Endpoint: (R) reg_op1_reg[3]/D
          Clock: (R) myclock

                     Capture       Launch     
        Clock Edge:+    4000            0     
        Drv Adjust:+       0            0     
       Src Latency:+       0            0     
       Net Latency:+       0 (I)        0 (I) 
           Arrival:=    4000            0     
                                              
             Setup:-      25                  
       Uncertainty:-      20                  
     Required Time:=    3955                  
      Launch Clock:-       0                  
       Input Delay:-     100                  
         Data Path:-    1124                  
             Slack:=    2731                  

Exceptions/Constraints:
  input_delay             100             picorv32.sdc_line_18_1_1 

#-----------------------------------------------------------------------------------------
#  Timing Point    Flags   Arc   Edge   Cell     Fanout Load Trans Delay Arrival Instance 
#                                                       (fF)  (ps)  (ps)   (ps)  Location 
#-----------------------------------------------------------------------------------------
  mem_ready        -       -     R     (arrival)      2  7.8    15     0     100    (-,-) 
  g109191/Y        -       A->Y  F     NAND2X8       37 62.8   136    77     177    (-,-) 
  g109032/Y        -       A->Y  R     INVX1          9 16.9   138   108     285    (-,-) 
  g108043/Y        -       B0->Y F     OAI211X1       1  2.8    76    91     377    (-,-) 
  g107464/Y        -       A1->Y R     AOI21X1        6 10.5   144   106     483    (-,-) 
  g107161/Y        -       AN->Y R     NAND2BX1       2  4.4    45    52     535    (-,-) 
  g107108/Y        -       B->Y  F     NAND2X1        2  4.4    64    51     586    (-,-) 
  g106983/Y        -       C->Y  R     NOR3X1         3  5.8   126    92     678    (-,-) 
  g106931/Y        -       A->Y  F     INVX1          2  4.4    54    59     737    (-,-) 
  g106603/Y        -       B0->Y F     OA21X4        33 52.7   108    89     826    (-,-) 
  g106408/Y        -       A->Y  R     INVX1          5  9.6    85    72     898    (-,-) 
  g106210/Y        -       D->Y  R     AND4X4        31 53.1   110   137    1035    (-,-) 
  g105389/Y        -       A1->Y F     AOI222X1       1  2.8    79    80    1115    (-,-) 
  g105371/Y        -       C0->Y R     OAI221X1       1  2.9    66    40    1156    (-,-) 
  g105364/Y        -       B0->Y F     AOI21X1        1  2.8    57    35    1191    (-,-) 
  g105351/Y        -       B0->Y R     OAI2BB1X1      1  2.7    32    33    1224    (-,-) 
  reg_op1_reg[3]/D -       -     R     DFFQX4         1    -     -     0    1224    (-,-) 
#-----------------------------------------------------------------------------------------



Path 5: MET (2787 ps) Setup Check with Pin reg_op1_reg[2]/CK->D
          Group: I2C
     Startpoint: (R) mem_ready
          Clock: (R) myclock
       Endpoint: (R) reg_op1_reg[2]/D
          Clock: (R) myclock

                     Capture       Launch     
        Clock Edge:+    4000            0     
        Drv Adjust:+       0            0     
       Src Latency:+       0            0     
       Net Latency:+       0 (I)        0 (I) 
           Arrival:=    4000            0     
                                              
             Setup:-      28                  
       Uncertainty:-      20                  
     Required Time:=    3952                  
      Launch Clock:-       0                  
       Input Delay:-     100                  
         Data Path:-    1065                  
             Slack:=    2787                  

Exceptions/Constraints:
  input_delay             100             picorv32.sdc_line_18_1_1 

#-----------------------------------------------------------------------------------------
#  Timing Point    Flags   Arc   Edge   Cell     Fanout Load Trans Delay Arrival Instance 
#                                                       (fF)  (ps)  (ps)   (ps)  Location 
#-----------------------------------------------------------------------------------------
  mem_ready        -       -     R     (arrival)      2  7.8    15     0     100    (-,-) 
  g109191/Y        -       A->Y  F     NAND2X8       37 62.8   136    77     177    (-,-) 
  g109032/Y        -       A->Y  R     INVX1          9 16.9   138   108     285    (-,-) 
  g108043/Y        -       B0->Y F     OAI211X1       1  2.8    76    91     377    (-,-) 
  g107464/Y        -       A1->Y R     AOI21X1        6 10.5   144   106     483    (-,-) 
  g107161/Y        -       AN->Y R     NAND2BX1       2  4.4    45    52     535    (-,-) 
  g107108/Y        -       B->Y  F     NAND2X1        2  4.4    64    51     586    (-,-) 
  g106983/Y        -       C->Y  R     NOR3X1         3  5.8   126    92     678    (-,-) 
  g106931/Y        -       A->Y  F     INVX1          2  4.4    54    59     737    (-,-) 
  g106603/Y        -       B0->Y F     OA21X4        33 52.7   108    89     826    (-,-) 
  g106408/Y        -       A->Y  R     INVX1          5  9.6    85    72     898    (-,-) 
  g106210/Y        -       D->Y  R     AND4X4        31 53.1   110   137    1035    (-,-) 
  g105390/Y        -       A1->Y F     AOI222X1       1  2.7    78    80    1115    (-,-) 
  g105341/Y        -       C->Y  R     NAND4XL        1  2.7    51    50    1165    (-,-) 
  reg_op1_reg[2]/D -       -     R     DFFX4          1    -     -     0    1165    (-,-) 
#-----------------------------------------------------------------------------------------



Path 6: MET (2788 ps) Setup Check with Pin reg_op1_reg[27]/CK->D
          Group: I2C
     Startpoint: (R) mem_ready
          Clock: (R) myclock
       Endpoint: (R) reg_op1_reg[27]/D
          Clock: (R) myclock

                     Capture       Launch     
        Clock Edge:+    4000            0     
        Drv Adjust:+       0            0     
       Src Latency:+       0            0     
       Net Latency:+       0 (I)        0 (I) 
           Arrival:=    4000            0     
                                              
             Setup:-      28                  
       Uncertainty:-      20                  
     Required Time:=    3952                  
      Launch Clock:-       0                  
       Input Delay:-     100                  
         Data Path:-    1063                  
             Slack:=    2788                  

Exceptions/Constraints:
  input_delay             100             picorv32.sdc_line_18_1_1 

#------------------------------------------------------------------------------------------
#   Timing Point    Flags   Arc   Edge   Cell     Fanout Load Trans Delay Arrival Instance 
#                                                        (fF)  (ps)  (ps)   (ps)  Location 
#------------------------------------------------------------------------------------------
  mem_ready         -       -     R     (arrival)      2  7.8    15     0     100    (-,-) 
  g109191/Y         -       A->Y  F     NAND2X8       37 62.8   136    77     177    (-,-) 
  g109032/Y         -       A->Y  R     INVX1          9 16.9   138   108     285    (-,-) 
  g108043/Y         -       B0->Y F     OAI211X1       1  2.8    76    91     377    (-,-) 
  g107464/Y         -       A1->Y R     AOI21X1        6 10.5   144   106     483    (-,-) 
  g107161/Y         -       AN->Y R     NAND2BX1       2  4.4    45    52     535    (-,-) 
  g107108/Y         -       B->Y  F     NAND2X1        2  4.4    64    51     586    (-,-) 
  g106983/Y         -       C->Y  R     NOR3X1         3  5.8   126    92     678    (-,-) 
  g106931/Y         -       A->Y  F     INVX1          2  4.4    54    59     737    (-,-) 
  g106603/Y         -       B0->Y F     OA21X4        33 52.7   108    89     826    (-,-) 
  g105597/Y         -       C->Y  R     NOR3X1         3  6.0   134   108     934    (-,-) 
  g105544/Y         -       B->Y  R     AND2X4        30 51.4   100   113    1048    (-,-) 
  g105456/Y         -       A1->Y F     AOI22X1        1  2.7    64    68    1115    (-,-) 
  g105347/Y         -       A->Y  R     NAND4XL        1  2.7    50    48    1163    (-,-) 
  reg_op1_reg[27]/D -       -     R     DFFQX4         1    -     -     0    1163    (-,-) 
#------------------------------------------------------------------------------------------



Path 7: MET (2788 ps) Setup Check with Pin reg_op1_reg[25]/CK->D
          Group: I2C
     Startpoint: (R) mem_ready
          Clock: (R) myclock
       Endpoint: (R) reg_op1_reg[25]/D
          Clock: (R) myclock

                     Capture       Launch     
        Clock Edge:+    4000            0     
        Drv Adjust:+       0            0     
       Src Latency:+       0            0     
       Net Latency:+       0 (I)        0 (I) 
           Arrival:=    4000            0     
                                              
             Setup:-      28                  
       Uncertainty:-      20                  
     Required Time:=    3952                  
      Launch Clock:-       0                  
       Input Delay:-     100                  
         Data Path:-    1063                  
             Slack:=    2788                  

Exceptions/Constraints:
  input_delay             100             picorv32.sdc_line_18_1_1 

#------------------------------------------------------------------------------------------
#   Timing Point    Flags   Arc   Edge   Cell     Fanout Load Trans Delay Arrival Instance 
#                                                        (fF)  (ps)  (ps)   (ps)  Location 
#------------------------------------------------------------------------------------------
  mem_ready         -       -     R     (arrival)      2  7.8    15     0     100    (-,-) 
  g109191/Y         -       A->Y  F     NAND2X8       37 62.8   136    77     177    (-,-) 
  g109032/Y         -       A->Y  R     INVX1          9 16.9   138   108     285    (-,-) 
  g108043/Y         -       B0->Y F     OAI211X1       1  2.8    76    91     377    (-,-) 
  g107464/Y         -       A1->Y R     AOI21X1        6 10.5   144   106     483    (-,-) 
  g107161/Y         -       AN->Y R     NAND2BX1       2  4.4    45    52     535    (-,-) 
  g107108/Y         -       B->Y  F     NAND2X1        2  4.4    64    51     586    (-,-) 
  g106983/Y         -       C->Y  R     NOR3X1         3  5.8   126    92     678    (-,-) 
  g106931/Y         -       A->Y  F     INVX1          2  4.4    54    59     737    (-,-) 
  g106603/Y         -       B0->Y F     OA21X4        33 52.7   108    89     826    (-,-) 
  g105597/Y         -       C->Y  R     NOR3X1         3  6.0   134   108     934    (-,-) 
  g105544/Y         -       B->Y  R     AND2X4        30 51.4   100   113    1048    (-,-) 
  g105452/Y         -       A1->Y F     AOI22X1        1  2.7    64    68    1115    (-,-) 
  g105343/Y         -       A->Y  R     NAND4XL        1  2.7    50    48    1163    (-,-) 
  reg_op1_reg[25]/D -       -     R     DFFQX4         1    -     -     0    1163    (-,-) 
#------------------------------------------------------------------------------------------



Path 8: MET (2788 ps) Setup Check with Pin reg_op1_reg[23]/CK->D
          Group: I2C
     Startpoint: (R) mem_ready
          Clock: (R) myclock
       Endpoint: (R) reg_op1_reg[23]/D
          Clock: (R) myclock

                     Capture       Launch     
        Clock Edge:+    4000            0     
        Drv Adjust:+       0            0     
       Src Latency:+       0            0     
       Net Latency:+       0 (I)        0 (I) 
           Arrival:=    4000            0     
                                              
             Setup:-      28                  
       Uncertainty:-      20                  
     Required Time:=    3952                  
      Launch Clock:-       0                  
       Input Delay:-     100                  
         Data Path:-    1063                  
             Slack:=    2788                  

Exceptions/Constraints:
  input_delay             100             picorv32.sdc_line_18_1_1 

#------------------------------------------------------------------------------------------
#   Timing Point    Flags   Arc   Edge   Cell     Fanout Load Trans Delay Arrival Instance 
#                                                        (fF)  (ps)  (ps)   (ps)  Location 
#------------------------------------------------------------------------------------------
  mem_ready         -       -     R     (arrival)      2  7.8    15     0     100    (-,-) 
  g109191/Y         -       A->Y  F     NAND2X8       37 62.8   136    77     177    (-,-) 
  g109032/Y         -       A->Y  R     INVX1          9 16.9   138   108     285    (-,-) 
  g108043/Y         -       B0->Y F     OAI211X1       1  2.8    76    91     377    (-,-) 
  g107464/Y         -       A1->Y R     AOI21X1        6 10.5   144   106     483    (-,-) 
  g107161/Y         -       AN->Y R     NAND2BX1       2  4.4    45    52     535    (-,-) 
  g107108/Y         -       B->Y  F     NAND2X1        2  4.4    64    51     586    (-,-) 
  g106983/Y         -       C->Y  R     NOR3X1         3  5.8   126    92     678    (-,-) 
  g106931/Y         -       A->Y  F     INVX1          2  4.4    54    59     737    (-,-) 
  g106603/Y         -       B0->Y F     OA21X4        33 52.7   108    89     826    (-,-) 
  g105597/Y         -       C->Y  R     NOR3X1         3  6.0   134   108     934    (-,-) 
  g105544/Y         -       B->Y  R     AND2X4        30 51.4   100   113    1048    (-,-) 
  g105449/Y         -       A1->Y F     AOI22X1        1  2.7    64    68    1115    (-,-) 
  g105342/Y         -       A->Y  R     NAND4XL        1  2.7    50    48    1163    (-,-) 
  reg_op1_reg[23]/D -       -     R     DFFQX4         1    -     -     0    1163    (-,-) 
#------------------------------------------------------------------------------------------



Path 9: MET (2788 ps) Setup Check with Pin reg_op1_reg[22]/CK->D
          Group: I2C
     Startpoint: (R) mem_ready
          Clock: (R) myclock
       Endpoint: (R) reg_op1_reg[22]/D
          Clock: (R) myclock

                     Capture       Launch     
        Clock Edge:+    4000            0     
        Drv Adjust:+       0            0     
       Src Latency:+       0            0     
       Net Latency:+       0 (I)        0 (I) 
           Arrival:=    4000            0     
                                              
             Setup:-      28                  
       Uncertainty:-      20                  
     Required Time:=    3952                  
      Launch Clock:-       0                  
       Input Delay:-     100                  
         Data Path:-    1063                  
             Slack:=    2788                  

Exceptions/Constraints:
  input_delay             100             picorv32.sdc_line_18_1_1 

#------------------------------------------------------------------------------------------
#   Timing Point    Flags   Arc   Edge   Cell     Fanout Load Trans Delay Arrival Instance 
#                                                        (fF)  (ps)  (ps)   (ps)  Location 
#------------------------------------------------------------------------------------------
  mem_ready         -       -     R     (arrival)      2  7.8    15     0     100    (-,-) 
  g109191/Y         -       A->Y  F     NAND2X8       37 62.8   136    77     177    (-,-) 
  g109032/Y         -       A->Y  R     INVX1          9 16.9   138   108     285    (-,-) 
  g108043/Y         -       B0->Y F     OAI211X1       1  2.8    76    91     377    (-,-) 
  g107464/Y         -       A1->Y R     AOI21X1        6 10.5   144   106     483    (-,-) 
  g107161/Y         -       AN->Y R     NAND2BX1       2  4.4    45    52     535    (-,-) 
  g107108/Y         -       B->Y  F     NAND2X1        2  4.4    64    51     586    (-,-) 
  g106983/Y         -       C->Y  R     NOR3X1         3  5.8   126    92     678    (-,-) 
  g106931/Y         -       A->Y  F     INVX1          2  4.4    54    59     737    (-,-) 
  g106603/Y         -       B0->Y F     OA21X4        33 52.7   108    89     826    (-,-) 
  g105597/Y         -       C->Y  R     NOR3X1         3  6.0   134   108     934    (-,-) 
  g105544/Y         -       B->Y  R     AND2X4        30 51.4   100   113    1048    (-,-) 
  g105447/Y         -       A1->Y F     AOI22X1        1  2.7    64    68    1115    (-,-) 
  g105350/Y         -       A->Y  R     NAND4XL        1  2.7    50    48    1163    (-,-) 
  reg_op1_reg[22]/D -       -     R     DFFQX4         1    -     -     0    1163    (-,-) 
#------------------------------------------------------------------------------------------



Path 10: MET (2788 ps) Setup Check with Pin reg_op1_reg[21]/CK->D
          Group: I2C
     Startpoint: (R) mem_ready
          Clock: (R) myclock
       Endpoint: (R) reg_op1_reg[21]/D
          Clock: (R) myclock

                     Capture       Launch     
        Clock Edge:+    4000            0     
        Drv Adjust:+       0            0     
       Src Latency:+       0            0     
       Net Latency:+       0 (I)        0 (I) 
           Arrival:=    4000            0     
                                              
             Setup:-      28                  
       Uncertainty:-      20                  
     Required Time:=    3952                  
      Launch Clock:-       0                  
       Input Delay:-     100                  
         Data Path:-    1063                  
             Slack:=    2788                  

Exceptions/Constraints:
  input_delay             100             picorv32.sdc_line_18_1_1 

#------------------------------------------------------------------------------------------
#   Timing Point    Flags   Arc   Edge   Cell     Fanout Load Trans Delay Arrival Instance 
#                                                        (fF)  (ps)  (ps)   (ps)  Location 
#------------------------------------------------------------------------------------------
  mem_ready         -       -     R     (arrival)      2  7.8    15     0     100    (-,-) 
  g109191/Y         -       A->Y  F     NAND2X8       37 62.8   136    77     177    (-,-) 
  g109032/Y         -       A->Y  R     INVX1          9 16.9   138   108     285    (-,-) 
  g108043/Y         -       B0->Y F     OAI211X1       1  2.8    76    91     377    (-,-) 
  g107464/Y         -       A1->Y R     AOI21X1        6 10.5   144   106     483    (-,-) 
  g107161/Y         -       AN->Y R     NAND2BX1       2  4.4    45    52     535    (-,-) 
  g107108/Y         -       B->Y  F     NAND2X1        2  4.4    64    51     586    (-,-) 
  g106983/Y         -       C->Y  R     NOR3X1         3  5.8   126    92     678    (-,-) 
  g106931/Y         -       A->Y  F     INVX1          2  4.4    54    59     737    (-,-) 
  g106603/Y         -       B0->Y F     OA21X4        33 52.7   108    89     826    (-,-) 
  g105597/Y         -       C->Y  R     NOR3X1         3  6.0   134   108     934    (-,-) 
  g105544/Y         -       B->Y  R     AND2X4        30 51.4   100   113    1048    (-,-) 
  g105445/Y         -       A1->Y F     AOI22X1        1  2.7    64    68    1115    (-,-) 
  g105324/Y         -       A->Y  R     NAND4XL        1  2.7    50    48    1163    (-,-) 
  reg_op1_reg[21]/D -       -     R     DFFQX4         1    -     -     0    1163    (-,-) 
#------------------------------------------------------------------------------------------



Path 11: MET (2788 ps) Setup Check with Pin reg_op1_reg[19]/CK->D
          Group: I2C
     Startpoint: (R) mem_ready
          Clock: (R) myclock
       Endpoint: (R) reg_op1_reg[19]/D
          Clock: (R) myclock

                     Capture       Launch     
        Clock Edge:+    4000            0     
        Drv Adjust:+       0            0     
       Src Latency:+       0            0     
       Net Latency:+       0 (I)        0 (I) 
           Arrival:=    4000            0     
                                              
             Setup:-      28                  
       Uncertainty:-      20                  
     Required Time:=    3952                  
      Launch Clock:-       0                  
       Input Delay:-     100                  
         Data Path:-    1063                  
             Slack:=    2788                  

Exceptions/Constraints:
  input_delay             100             picorv32.sdc_line_18_1_1 

#------------------------------------------------------------------------------------------
#   Timing Point    Flags   Arc   Edge   Cell     Fanout Load Trans Delay Arrival Instance 
#                                                        (fF)  (ps)  (ps)   (ps)  Location 
#------------------------------------------------------------------------------------------
  mem_ready         -       -     R     (arrival)      2  7.8    15     0     100    (-,-) 
  g109191/Y         -       A->Y  F     NAND2X8       37 62.8   136    77     177    (-,-) 
  g109032/Y         -       A->Y  R     INVX1          9 16.9   138   108     285    (-,-) 
  g108043/Y         -       B0->Y F     OAI211X1       1  2.8    76    91     377    (-,-) 
  g107464/Y         -       A1->Y R     AOI21X1        6 10.5   144   106     483    (-,-) 
  g107161/Y         -       AN->Y R     NAND2BX1       2  4.4    45    52     535    (-,-) 
  g107108/Y         -       B->Y  F     NAND2X1        2  4.4    64    51     586    (-,-) 
  g106983/Y         -       C->Y  R     NOR3X1         3  5.8   126    92     678    (-,-) 
  g106931/Y         -       A->Y  F     INVX1          2  4.4    54    59     737    (-,-) 
  g106603/Y         -       B0->Y F     OA21X4        33 52.7   108    89     826    (-,-) 
  g105597/Y         -       C->Y  R     NOR3X1         3  6.0   134   108     934    (-,-) 
  g105544/Y         -       B->Y  R     AND2X4        30 51.4   100   113    1048    (-,-) 
  g105463/Y         -       A1->Y F     AOI22X1        1  2.7    64    68    1115    (-,-) 
  g105330/Y         -       A->Y  R     NAND4XL        1  2.7    50    48    1163    (-,-) 
  reg_op1_reg[19]/D -       -     R     DFFQX4         1    -     -     0    1163    (-,-) 
#------------------------------------------------------------------------------------------



Path 12: MET (2788 ps) Setup Check with Pin reg_op1_reg[18]/CK->D
          Group: I2C
     Startpoint: (R) mem_ready
          Clock: (R) myclock
       Endpoint: (R) reg_op1_reg[18]/D
          Clock: (R) myclock

                     Capture       Launch     
        Clock Edge:+    4000            0     
        Drv Adjust:+       0            0     
       Src Latency:+       0            0     
       Net Latency:+       0 (I)        0 (I) 
           Arrival:=    4000            0     
                                              
             Setup:-      28                  
       Uncertainty:-      20                  
     Required Time:=    3952                  
      Launch Clock:-       0                  
       Input Delay:-     100                  
         Data Path:-    1063                  
             Slack:=    2788                  

Exceptions/Constraints:
  input_delay             100             picorv32.sdc_line_18_1_1 

#------------------------------------------------------------------------------------------
#   Timing Point    Flags   Arc   Edge   Cell     Fanout Load Trans Delay Arrival Instance 
#                                                        (fF)  (ps)  (ps)   (ps)  Location 
#------------------------------------------------------------------------------------------
  mem_ready         -       -     R     (arrival)      2  7.8    15     0     100    (-,-) 
  g109191/Y         -       A->Y  F     NAND2X8       37 62.8   136    77     177    (-,-) 
  g109032/Y         -       A->Y  R     INVX1          9 16.9   138   108     285    (-,-) 
  g108043/Y         -       B0->Y F     OAI211X1       1  2.8    76    91     377    (-,-) 
  g107464/Y         -       A1->Y R     AOI21X1        6 10.5   144   106     483    (-,-) 
  g107161/Y         -       AN->Y R     NAND2BX1       2  4.4    45    52     535    (-,-) 
  g107108/Y         -       B->Y  F     NAND2X1        2  4.4    64    51     586    (-,-) 
  g106983/Y         -       C->Y  R     NOR3X1         3  5.8   126    92     678    (-,-) 
  g106931/Y         -       A->Y  F     INVX1          2  4.4    54    59     737    (-,-) 
  g106603/Y         -       B0->Y F     OA21X4        33 52.7   108    89     826    (-,-) 
  g105597/Y         -       C->Y  R     NOR3X1         3  6.0   134   108     934    (-,-) 
  g105544/Y         -       B->Y  R     AND2X4        30 51.4   100   113    1048    (-,-) 
  g105440/Y         -       A1->Y F     AOI22X1        1  2.7    64    68    1115    (-,-) 
  g105338/Y         -       A->Y  R     NAND4XL        1  2.7    50    48    1163    (-,-) 
  reg_op1_reg[18]/D -       -     R     DFFQX4         1    -     -     0    1163    (-,-) 
#------------------------------------------------------------------------------------------



Path 13: MET (2788 ps) Setup Check with Pin reg_op1_reg[17]/CK->D
          Group: I2C
     Startpoint: (R) mem_ready
          Clock: (R) myclock
       Endpoint: (R) reg_op1_reg[17]/D
          Clock: (R) myclock

                     Capture       Launch     
        Clock Edge:+    4000            0     
        Drv Adjust:+       0            0     
       Src Latency:+       0            0     
       Net Latency:+       0 (I)        0 (I) 
           Arrival:=    4000            0     
                                              
             Setup:-      28                  
       Uncertainty:-      20                  
     Required Time:=    3952                  
      Launch Clock:-       0                  
       Input Delay:-     100                  
         Data Path:-    1063                  
             Slack:=    2788                  

Exceptions/Constraints:
  input_delay             100             picorv32.sdc_line_18_1_1 

#------------------------------------------------------------------------------------------
#   Timing Point    Flags   Arc   Edge   Cell     Fanout Load Trans Delay Arrival Instance 
#                                                        (fF)  (ps)  (ps)   (ps)  Location 
#------------------------------------------------------------------------------------------
  mem_ready         -       -     R     (arrival)      2  7.8    15     0     100    (-,-) 
  g109191/Y         -       A->Y  F     NAND2X8       37 62.8   136    77     177    (-,-) 
  g109032/Y         -       A->Y  R     INVX1          9 16.9   138   108     285    (-,-) 
  g108043/Y         -       B0->Y F     OAI211X1       1  2.8    76    91     377    (-,-) 
  g107464/Y         -       A1->Y R     AOI21X1        6 10.5   144   106     483    (-,-) 
  g107161/Y         -       AN->Y R     NAND2BX1       2  4.4    45    52     535    (-,-) 
  g107108/Y         -       B->Y  F     NAND2X1        2  4.4    64    51     586    (-,-) 
  g106983/Y         -       C->Y  R     NOR3X1         3  5.8   126    92     678    (-,-) 
  g106931/Y         -       A->Y  F     INVX1          2  4.4    54    59     737    (-,-) 
  g106603/Y         -       B0->Y F     OA21X4        33 52.7   108    89     826    (-,-) 
  g105597/Y         -       C->Y  R     NOR3X1         3  6.0   134   108     934    (-,-) 
  g105544/Y         -       B->Y  R     AND2X4        30 51.4   100   113    1048    (-,-) 
  g105438/Y         -       A1->Y F     AOI22X1        1  2.7    64    68    1115    (-,-) 
  g105337/Y         -       A->Y  R     NAND4XL        1  2.7    50    48    1163    (-,-) 
  reg_op1_reg[17]/D -       -     R     DFFQX4         1    -     -     0    1163    (-,-) 
#------------------------------------------------------------------------------------------



Path 14: MET (2788 ps) Setup Check with Pin reg_op1_reg[16]/CK->D
          Group: I2C
     Startpoint: (R) mem_ready
          Clock: (R) myclock
       Endpoint: (R) reg_op1_reg[16]/D
          Clock: (R) myclock

                     Capture       Launch     
        Clock Edge:+    4000            0     
        Drv Adjust:+       0            0     
       Src Latency:+       0            0     
       Net Latency:+       0 (I)        0 (I) 
           Arrival:=    4000            0     
                                              
             Setup:-      28                  
       Uncertainty:-      20                  
     Required Time:=    3952                  
      Launch Clock:-       0                  
       Input Delay:-     100                  
         Data Path:-    1063                  
             Slack:=    2788                  

Exceptions/Constraints:
  input_delay             100             picorv32.sdc_line_18_1_1 

#------------------------------------------------------------------------------------------
#   Timing Point    Flags   Arc   Edge   Cell     Fanout Load Trans Delay Arrival Instance 
#                                                        (fF)  (ps)  (ps)   (ps)  Location 
#------------------------------------------------------------------------------------------
  mem_ready         -       -     R     (arrival)      2  7.8    15     0     100    (-,-) 
  g109191/Y         -       A->Y  F     NAND2X8       37 62.8   136    77     177    (-,-) 
  g109032/Y         -       A->Y  R     INVX1          9 16.9   138   108     285    (-,-) 
  g108043/Y         -       B0->Y F     OAI211X1       1  2.8    76    91     377    (-,-) 
  g107464/Y         -       A1->Y R     AOI21X1        6 10.5   144   106     483    (-,-) 
  g107161/Y         -       AN->Y R     NAND2BX1       2  4.4    45    52     535    (-,-) 
  g107108/Y         -       B->Y  F     NAND2X1        2  4.4    64    51     586    (-,-) 
  g106983/Y         -       C->Y  R     NOR3X1         3  5.8   126    92     678    (-,-) 
  g106931/Y         -       A->Y  F     INVX1          2  4.4    54    59     737    (-,-) 
  g106603/Y         -       B0->Y F     OA21X4        33 52.7   108    89     826    (-,-) 
  g105597/Y         -       C->Y  R     NOR3X1         3  6.0   134   108     934    (-,-) 
  g105544/Y         -       B->Y  R     AND2X4        30 51.4   100   113    1048    (-,-) 
  g105462/Y         -       A1->Y F     AOI22X1        1  2.7    64    68    1115    (-,-) 
  g105329/Y         -       A->Y  R     NAND4XL        1  2.7    50    48    1163    (-,-) 
  reg_op1_reg[16]/D -       -     R     DFFQX4         1    -     -     0    1163    (-,-) 
#------------------------------------------------------------------------------------------



Path 15: MET (2788 ps) Setup Check with Pin reg_op1_reg[15]/CK->D
          Group: I2C
     Startpoint: (R) mem_ready
          Clock: (R) myclock
       Endpoint: (R) reg_op1_reg[15]/D
          Clock: (R) myclock

                     Capture       Launch     
        Clock Edge:+    4000            0     
        Drv Adjust:+       0            0     
       Src Latency:+       0            0     
       Net Latency:+       0 (I)        0 (I) 
           Arrival:=    4000            0     
                                              
             Setup:-      28                  
       Uncertainty:-      20                  
     Required Time:=    3952                  
      Launch Clock:-       0                  
       Input Delay:-     100                  
         Data Path:-    1063                  
             Slack:=    2788                  

Exceptions/Constraints:
  input_delay             100             picorv32.sdc_line_18_1_1 

#------------------------------------------------------------------------------------------
#   Timing Point    Flags   Arc   Edge   Cell     Fanout Load Trans Delay Arrival Instance 
#                                                        (fF)  (ps)  (ps)   (ps)  Location 
#------------------------------------------------------------------------------------------
  mem_ready         -       -     R     (arrival)      2  7.8    15     0     100    (-,-) 
  g109191/Y         -       A->Y  F     NAND2X8       37 62.8   136    77     177    (-,-) 
  g109032/Y         -       A->Y  R     INVX1          9 16.9   138   108     285    (-,-) 
  g108043/Y         -       B0->Y F     OAI211X1       1  2.8    76    91     377    (-,-) 
  g107464/Y         -       A1->Y R     AOI21X1        6 10.5   144   106     483    (-,-) 
  g107161/Y         -       AN->Y R     NAND2BX1       2  4.4    45    52     535    (-,-) 
  g107108/Y         -       B->Y  F     NAND2X1        2  4.4    64    51     586    (-,-) 
  g106983/Y         -       C->Y  R     NOR3X1         3  5.8   126    92     678    (-,-) 
  g106931/Y         -       A->Y  F     INVX1          2  4.4    54    59     737    (-,-) 
  g106603/Y         -       B0->Y F     OA21X4        33 52.7   108    89     826    (-,-) 
  g105597/Y         -       C->Y  R     NOR3X1         3  6.0   134   108     934    (-,-) 
  g105544/Y         -       B->Y  R     AND2X4        30 51.4   100   113    1048    (-,-) 
  g105435/Y         -       A1->Y F     AOI22X1        1  2.7    64    68    1115    (-,-) 
  g105336/Y         -       A->Y  R     NAND4XL        1  2.7    50    48    1163    (-,-) 
  reg_op1_reg[15]/D -       -     R     DFFQX4         1    -     -     0    1163    (-,-) 
#------------------------------------------------------------------------------------------



Path 16: MET (2788 ps) Setup Check with Pin reg_op1_reg[14]/CK->D
          Group: I2C
     Startpoint: (R) mem_ready
          Clock: (R) myclock
       Endpoint: (R) reg_op1_reg[14]/D
          Clock: (R) myclock

                     Capture       Launch     
        Clock Edge:+    4000            0     
        Drv Adjust:+       0            0     
       Src Latency:+       0            0     
       Net Latency:+       0 (I)        0 (I) 
           Arrival:=    4000            0     
                                              
             Setup:-      28                  
       Uncertainty:-      20                  
     Required Time:=    3952                  
      Launch Clock:-       0                  
       Input Delay:-     100                  
         Data Path:-    1063                  
             Slack:=    2788                  

Exceptions/Constraints:
  input_delay             100             picorv32.sdc_line_18_1_1 

#------------------------------------------------------------------------------------------
#   Timing Point    Flags   Arc   Edge   Cell     Fanout Load Trans Delay Arrival Instance 
#                                                        (fF)  (ps)  (ps)   (ps)  Location 
#------------------------------------------------------------------------------------------
  mem_ready         -       -     R     (arrival)      2  7.8    15     0     100    (-,-) 
  g109191/Y         -       A->Y  F     NAND2X8       37 62.8   136    77     177    (-,-) 
  g109032/Y         -       A->Y  R     INVX1          9 16.9   138   108     285    (-,-) 
  g108043/Y         -       B0->Y F     OAI211X1       1  2.8    76    91     377    (-,-) 
  g107464/Y         -       A1->Y R     AOI21X1        6 10.5   144   106     483    (-,-) 
  g107161/Y         -       AN->Y R     NAND2BX1       2  4.4    45    52     535    (-,-) 
  g107108/Y         -       B->Y  F     NAND2X1        2  4.4    64    51     586    (-,-) 
  g106983/Y         -       C->Y  R     NOR3X1         3  5.8   126    92     678    (-,-) 
  g106931/Y         -       A->Y  F     INVX1          2  4.4    54    59     737    (-,-) 
  g106603/Y         -       B0->Y F     OA21X4        33 52.7   108    89     826    (-,-) 
  g105597/Y         -       C->Y  R     NOR3X1         3  6.0   134   108     934    (-,-) 
  g105544/Y         -       B->Y  R     AND2X4        30 51.4   100   113    1048    (-,-) 
  g105433/Y         -       A1->Y F     AOI22X1        1  2.7    64    68    1115    (-,-) 
  g105335/Y         -       A->Y  R     NAND4XL        1  2.7    50    48    1163    (-,-) 
  reg_op1_reg[14]/D -       -     R     DFFQX4         1    -     -     0    1163    (-,-) 
#------------------------------------------------------------------------------------------



Path 17: MET (2788 ps) Setup Check with Pin reg_op1_reg[13]/CK->D
          Group: I2C
     Startpoint: (R) mem_ready
          Clock: (R) myclock
       Endpoint: (R) reg_op1_reg[13]/D
          Clock: (R) myclock

                     Capture       Launch     
        Clock Edge:+    4000            0     
        Drv Adjust:+       0            0     
       Src Latency:+       0            0     
       Net Latency:+       0 (I)        0 (I) 
           Arrival:=    4000            0     
                                              
             Setup:-      28                  
       Uncertainty:-      20                  
     Required Time:=    3952                  
      Launch Clock:-       0                  
       Input Delay:-     100                  
         Data Path:-    1063                  
             Slack:=    2788                  

Exceptions/Constraints:
  input_delay             100             picorv32.sdc_line_18_1_1 

#------------------------------------------------------------------------------------------
#   Timing Point    Flags   Arc   Edge   Cell     Fanout Load Trans Delay Arrival Instance 
#                                                        (fF)  (ps)  (ps)   (ps)  Location 
#------------------------------------------------------------------------------------------
  mem_ready         -       -     R     (arrival)      2  7.8    15     0     100    (-,-) 
  g109191/Y         -       A->Y  F     NAND2X8       37 62.8   136    77     177    (-,-) 
  g109032/Y         -       A->Y  R     INVX1          9 16.9   138   108     285    (-,-) 
  g108043/Y         -       B0->Y F     OAI211X1       1  2.8    76    91     377    (-,-) 
  g107464/Y         -       A1->Y R     AOI21X1        6 10.5   144   106     483    (-,-) 
  g107161/Y         -       AN->Y R     NAND2BX1       2  4.4    45    52     535    (-,-) 
  g107108/Y         -       B->Y  F     NAND2X1        2  4.4    64    51     586    (-,-) 
  g106983/Y         -       C->Y  R     NOR3X1         3  5.8   126    92     678    (-,-) 
  g106931/Y         -       A->Y  F     INVX1          2  4.4    54    59     737    (-,-) 
  g106603/Y         -       B0->Y F     OA21X4        33 52.7   108    89     826    (-,-) 
  g105597/Y         -       C->Y  R     NOR3X1         3  6.0   134   108     934    (-,-) 
  g105544/Y         -       B->Y  R     AND2X4        30 51.4   100   113    1048    (-,-) 
  g105461/Y         -       A1->Y F     AOI22X1        1  2.7    64    68    1115    (-,-) 
  g105328/Y         -       A->Y  R     NAND4XL        1  2.7    50    48    1163    (-,-) 
  reg_op1_reg[13]/D -       -     R     DFFQX4         1    -     -     0    1163    (-,-) 
#------------------------------------------------------------------------------------------



Path 18: MET (2788 ps) Setup Check with Pin reg_op1_reg[11]/CK->D
          Group: I2C
     Startpoint: (R) mem_ready
          Clock: (R) myclock
       Endpoint: (R) reg_op1_reg[11]/D
          Clock: (R) myclock

                     Capture       Launch     
        Clock Edge:+    4000            0     
        Drv Adjust:+       0            0     
       Src Latency:+       0            0     
       Net Latency:+       0 (I)        0 (I) 
           Arrival:=    4000            0     
                                              
             Setup:-      28                  
       Uncertainty:-      20                  
     Required Time:=    3952                  
      Launch Clock:-       0                  
       Input Delay:-     100                  
         Data Path:-    1063                  
             Slack:=    2788                  

Exceptions/Constraints:
  input_delay             100             picorv32.sdc_line_18_1_1 

#------------------------------------------------------------------------------------------
#   Timing Point    Flags   Arc   Edge   Cell     Fanout Load Trans Delay Arrival Instance 
#                                                        (fF)  (ps)  (ps)   (ps)  Location 
#------------------------------------------------------------------------------------------
  mem_ready         -       -     R     (arrival)      2  7.8    15     0     100    (-,-) 
  g109191/Y         -       A->Y  F     NAND2X8       37 62.8   136    77     177    (-,-) 
  g109032/Y         -       A->Y  R     INVX1          9 16.9   138   108     285    (-,-) 
  g108043/Y         -       B0->Y F     OAI211X1       1  2.8    76    91     377    (-,-) 
  g107464/Y         -       A1->Y R     AOI21X1        6 10.5   144   106     483    (-,-) 
  g107161/Y         -       AN->Y R     NAND2BX1       2  4.4    45    52     535    (-,-) 
  g107108/Y         -       B->Y  F     NAND2X1        2  4.4    64    51     586    (-,-) 
  g106983/Y         -       C->Y  R     NOR3X1         3  5.8   126    92     678    (-,-) 
  g106931/Y         -       A->Y  F     INVX1          2  4.4    54    59     737    (-,-) 
  g106603/Y         -       B0->Y F     OA21X4        33 52.7   108    89     826    (-,-) 
  g105597/Y         -       C->Y  R     NOR3X1         3  6.0   134   108     934    (-,-) 
  g105544/Y         -       B->Y  R     AND2X4        30 51.4   100   113    1048    (-,-) 
  g105460/Y         -       A1->Y F     AOI22X1        1  2.7    64    68    1115    (-,-) 
  g105327/Y         -       A->Y  R     NAND4XL        1  2.7    50    48    1163    (-,-) 
  reg_op1_reg[11]/D -       -     R     DFFQX4         1    -     -     0    1163    (-,-) 
#------------------------------------------------------------------------------------------



Path 19: MET (2788 ps) Setup Check with Pin reg_op1_reg[10]/CK->D
          Group: I2C
     Startpoint: (R) mem_ready
          Clock: (R) myclock
       Endpoint: (R) reg_op1_reg[10]/D
          Clock: (R) myclock

                     Capture       Launch     
        Clock Edge:+    4000            0     
        Drv Adjust:+       0            0     
       Src Latency:+       0            0     
       Net Latency:+       0 (I)        0 (I) 
           Arrival:=    4000            0     
                                              
             Setup:-      28                  
       Uncertainty:-      20                  
     Required Time:=    3952                  
      Launch Clock:-       0                  
       Input Delay:-     100                  
         Data Path:-    1063                  
             Slack:=    2788                  

Exceptions/Constraints:
  input_delay             100             picorv32.sdc_line_18_1_1 

#------------------------------------------------------------------------------------------
#   Timing Point    Flags   Arc   Edge   Cell     Fanout Load Trans Delay Arrival Instance 
#                                                        (fF)  (ps)  (ps)   (ps)  Location 
#------------------------------------------------------------------------------------------
  mem_ready         -       -     R     (arrival)      2  7.8    15     0     100    (-,-) 
  g109191/Y         -       A->Y  F     NAND2X8       37 62.8   136    77     177    (-,-) 
  g109032/Y         -       A->Y  R     INVX1          9 16.9   138   108     285    (-,-) 
  g108043/Y         -       B0->Y F     OAI211X1       1  2.8    76    91     377    (-,-) 
  g107464/Y         -       A1->Y R     AOI21X1        6 10.5   144   106     483    (-,-) 
  g107161/Y         -       AN->Y R     NAND2BX1       2  4.4    45    52     535    (-,-) 
  g107108/Y         -       B->Y  F     NAND2X1        2  4.4    64    51     586    (-,-) 
  g106983/Y         -       C->Y  R     NOR3X1         3  5.8   126    92     678    (-,-) 
  g106931/Y         -       A->Y  F     INVX1          2  4.4    54    59     737    (-,-) 
  g106603/Y         -       B0->Y F     OA21X4        33 52.7   108    89     826    (-,-) 
  g105597/Y         -       C->Y  R     NOR3X1         3  6.0   134   108     934    (-,-) 
  g105544/Y         -       B->Y  R     AND2X4        30 51.4   100   113    1048    (-,-) 
  g105428/Y         -       A1->Y F     AOI22X1        1  2.7    64    68    1115    (-,-) 
  g105334/Y         -       A->Y  R     NAND4XL        1  2.7    50    48    1163    (-,-) 
  reg_op1_reg[10]/D -       -     R     DFFQX4         1    -     -     0    1163    (-,-) 
#------------------------------------------------------------------------------------------



Path 20: MET (2789 ps) Setup Check with Pin reg_op1_reg[26]/CK->D
          Group: I2C
     Startpoint: (R) mem_ready
          Clock: (R) myclock
       Endpoint: (R) reg_op1_reg[26]/D
          Clock: (R) myclock

                     Capture       Launch     
        Clock Edge:+    4000            0     
        Drv Adjust:+       0            0     
       Src Latency:+       0            0     
       Net Latency:+       0 (I)        0 (I) 
           Arrival:=    4000            0     
                                              
             Setup:-      28                  
       Uncertainty:-      20                  
     Required Time:=    3952                  
      Launch Clock:-       0                  
       Input Delay:-     100                  
         Data Path:-    1063                  
             Slack:=    2789                  

Exceptions/Constraints:
  input_delay             100             picorv32.sdc_line_18_1_1 

#------------------------------------------------------------------------------------------
#   Timing Point    Flags   Arc   Edge   Cell     Fanout Load Trans Delay Arrival Instance 
#                                                        (fF)  (ps)  (ps)   (ps)  Location 
#------------------------------------------------------------------------------------------
  mem_ready         -       -     R     (arrival)      2  7.8    15     0     100    (-,-) 
  g109191/Y         -       A->Y  F     NAND2X8       37 62.8   136    77     177    (-,-) 
  g109032/Y         -       A->Y  R     INVX1          9 16.9   138   108     285    (-,-) 
  g108043/Y         -       B0->Y F     OAI211X1       1  2.8    76    91     377    (-,-) 
  g107464/Y         -       A1->Y R     AOI21X1        6 10.5   144   106     483    (-,-) 
  g107161/Y         -       AN->Y R     NAND2BX1       2  4.4    45    52     535    (-,-) 
  g107108/Y         -       B->Y  F     NAND2X1        2  4.4    64    51     586    (-,-) 
  g106983/Y         -       C->Y  R     NOR3X1         3  5.8   126    92     678    (-,-) 
  g106931/Y         -       A->Y  F     INVX1          2  4.4    54    59     737    (-,-) 
  g106603/Y         -       B0->Y F     OA21X4        33 52.7   108    89     826    (-,-) 
  g105597/Y         -       C->Y  R     NOR3X1         3  6.0   134   108     934    (-,-) 
  g105544/Y         -       B->Y  R     AND2X4        30 51.4   100   113    1048    (-,-) 
  g105454/Y         -       A1->Y F     AOI22X1        1  2.7    64    68    1115    (-,-) 
  g105344/Y         -       A->Y  R     NAND4XL        1  2.7    50    48    1163    (-,-) 
  reg_op1_reg[26]/D -       -     R     DFFX4          1    -     -     0    1163    (-,-) 
#------------------------------------------------------------------------------------------



Path 21: MET (2789 ps) Setup Check with Pin reg_op1_reg[24]/CK->D
          Group: I2C
     Startpoint: (R) mem_ready
          Clock: (R) myclock
       Endpoint: (R) reg_op1_reg[24]/D
          Clock: (R) myclock

                     Capture       Launch     
        Clock Edge:+    4000            0     
        Drv Adjust:+       0            0     
       Src Latency:+       0            0     
       Net Latency:+       0 (I)        0 (I) 
           Arrival:=    4000            0     
                                              
             Setup:-      28                  
       Uncertainty:-      20                  
     Required Time:=    3952                  
      Launch Clock:-       0                  
       Input Delay:-     100                  
         Data Path:-    1063                  
             Slack:=    2789                  

Exceptions/Constraints:
  input_delay             100             picorv32.sdc_line_18_1_1 

#------------------------------------------------------------------------------------------
#   Timing Point    Flags   Arc   Edge   Cell     Fanout Load Trans Delay Arrival Instance 
#                                                        (fF)  (ps)  (ps)   (ps)  Location 
#------------------------------------------------------------------------------------------
  mem_ready         -       -     R     (arrival)      2  7.8    15     0     100    (-,-) 
  g109191/Y         -       A->Y  F     NAND2X8       37 62.8   136    77     177    (-,-) 
  g109032/Y         -       A->Y  R     INVX1          9 16.9   138   108     285    (-,-) 
  g108043/Y         -       B0->Y F     OAI211X1       1  2.8    76    91     377    (-,-) 
  g107464/Y         -       A1->Y R     AOI21X1        6 10.5   144   106     483    (-,-) 
  g107161/Y         -       AN->Y R     NAND2BX1       2  4.4    45    52     535    (-,-) 
  g107108/Y         -       B->Y  F     NAND2X1        2  4.4    64    51     586    (-,-) 
  g106983/Y         -       C->Y  R     NOR3X1         3  5.8   126    92     678    (-,-) 
  g106931/Y         -       A->Y  F     INVX1          2  4.4    54    59     737    (-,-) 
  g106603/Y         -       B0->Y F     OA21X4        33 52.7   108    89     826    (-,-) 
  g105597/Y         -       C->Y  R     NOR3X1         3  6.0   134   108     934    (-,-) 
  g105544/Y         -       B->Y  R     AND2X4        30 51.4   100   113    1048    (-,-) 
  g105464/Y         -       A1->Y F     AOI22X1        1  2.7    64    68    1115    (-,-) 
  g105331/Y         -       A->Y  R     NAND4XL        1  2.7    50    48    1163    (-,-) 
  reg_op1_reg[24]/D -       -     R     DFFX4          1    -     -     0    1163    (-,-) 
#------------------------------------------------------------------------------------------



Path 22: MET (2789 ps) Setup Check with Pin reg_op1_reg[20]/CK->D
          Group: I2C
     Startpoint: (R) mem_ready
          Clock: (R) myclock
       Endpoint: (R) reg_op1_reg[20]/D
          Clock: (R) myclock

                     Capture       Launch     
        Clock Edge:+    4000            0     
        Drv Adjust:+       0            0     
       Src Latency:+       0            0     
       Net Latency:+       0 (I)        0 (I) 
           Arrival:=    4000            0     
                                              
             Setup:-      28                  
       Uncertainty:-      20                  
     Required Time:=    3952                  
      Launch Clock:-       0                  
       Input Delay:-     100                  
         Data Path:-    1063                  
             Slack:=    2789                  

Exceptions/Constraints:
  input_delay             100             picorv32.sdc_line_18_1_1 

#------------------------------------------------------------------------------------------
#   Timing Point    Flags   Arc   Edge   Cell     Fanout Load Trans Delay Arrival Instance 
#                                                        (fF)  (ps)  (ps)   (ps)  Location 
#------------------------------------------------------------------------------------------
  mem_ready         -       -     R     (arrival)      2  7.8    15     0     100    (-,-) 
  g109191/Y         -       A->Y  F     NAND2X8       37 62.8   136    77     177    (-,-) 
  g109032/Y         -       A->Y  R     INVX1          9 16.9   138   108     285    (-,-) 
  g108043/Y         -       B0->Y F     OAI211X1       1  2.8    76    91     377    (-,-) 
  g107464/Y         -       A1->Y R     AOI21X1        6 10.5   144   106     483    (-,-) 
  g107161/Y         -       AN->Y R     NAND2BX1       2  4.4    45    52     535    (-,-) 
  g107108/Y         -       B->Y  F     NAND2X1        2  4.4    64    51     586    (-,-) 
  g106983/Y         -       C->Y  R     NOR3X1         3  5.8   126    92     678    (-,-) 
  g106931/Y         -       A->Y  F     INVX1          2  4.4    54    59     737    (-,-) 
  g106603/Y         -       B0->Y F     OA21X4        33 52.7   108    89     826    (-,-) 
  g105597/Y         -       C->Y  R     NOR3X1         3  6.0   134   108     934    (-,-) 
  g105544/Y         -       B->Y  R     AND2X4        30 51.4   100   113    1048    (-,-) 
  g105443/Y         -       A1->Y F     AOI22X1        1  2.7    64    68    1115    (-,-) 
  g105332/Y         -       A->Y  R     NAND4XL        1  2.7    50    48    1163    (-,-) 
  reg_op1_reg[20]/D -       -     R     DFFX4          1    -     -     0    1163    (-,-) 
#------------------------------------------------------------------------------------------



Path 23: MET (2789 ps) Setup Check with Pin reg_op1_reg[12]/CK->D
          Group: I2C
     Startpoint: (R) mem_ready
          Clock: (R) myclock
       Endpoint: (R) reg_op1_reg[12]/D
          Clock: (R) myclock

                     Capture       Launch     
        Clock Edge:+    4000            0     
        Drv Adjust:+       0            0     
       Src Latency:+       0            0     
       Net Latency:+       0 (I)        0 (I) 
           Arrival:=    4000            0     
                                              
             Setup:-      28                  
       Uncertainty:-      20                  
     Required Time:=    3952                  
      Launch Clock:-       0                  
       Input Delay:-     100                  
         Data Path:-    1063                  
             Slack:=    2789                  

Exceptions/Constraints:
  input_delay             100             picorv32.sdc_line_18_1_1 

#------------------------------------------------------------------------------------------
#   Timing Point    Flags   Arc   Edge   Cell     Fanout Load Trans Delay Arrival Instance 
#                                                        (fF)  (ps)  (ps)   (ps)  Location 
#------------------------------------------------------------------------------------------
  mem_ready         -       -     R     (arrival)      2  7.8    15     0     100    (-,-) 
  g109191/Y         -       A->Y  F     NAND2X8       37 62.8   136    77     177    (-,-) 
  g109032/Y         -       A->Y  R     INVX1          9 16.9   138   108     285    (-,-) 
  g108043/Y         -       B0->Y F     OAI211X1       1  2.8    76    91     377    (-,-) 
  g107464/Y         -       A1->Y R     AOI21X1        6 10.5   144   106     483    (-,-) 
  g107161/Y         -       AN->Y R     NAND2BX1       2  4.4    45    52     535    (-,-) 
  g107108/Y         -       B->Y  F     NAND2X1        2  4.4    64    51     586    (-,-) 
  g106983/Y         -       C->Y  R     NOR3X1         3  5.8   126    92     678    (-,-) 
  g106931/Y         -       A->Y  F     INVX1          2  4.4    54    59     737    (-,-) 
  g106603/Y         -       B0->Y F     OA21X4        33 52.7   108    89     826    (-,-) 
  g105597/Y         -       C->Y  R     NOR3X1         3  6.0   134   108     934    (-,-) 
  g105544/Y         -       B->Y  R     AND2X4        30 51.4   100   113    1048    (-,-) 
  g105422/Y         -       A1->Y F     AOI22X1        1  2.7    64    68    1115    (-,-) 
  g105325/Y         -       A->Y  R     NAND4XL        1  2.7    50    48    1163    (-,-) 
  reg_op1_reg[12]/D -       -     R     DFFX4          1    -     -     0    1163    (-,-) 
#------------------------------------------------------------------------------------------



Path 24: MET (2789 ps) Setup Check with Pin reg_op1_reg[9]/CK->D
          Group: I2C
     Startpoint: (R) mem_ready
          Clock: (R) myclock
       Endpoint: (R) reg_op1_reg[9]/D
          Clock: (R) myclock

                     Capture       Launch     
        Clock Edge:+    4000            0     
        Drv Adjust:+       0            0     
       Src Latency:+       0            0     
       Net Latency:+       0 (I)        0 (I) 
           Arrival:=    4000            0     
                                              
             Setup:-      28                  
       Uncertainty:-      20                  
     Required Time:=    3952                  
      Launch Clock:-       0                  
       Input Delay:-     100                  
         Data Path:-    1063                  
             Slack:=    2789                  

Exceptions/Constraints:
  input_delay             100             picorv32.sdc_line_18_1_1 

#-----------------------------------------------------------------------------------------
#  Timing Point    Flags   Arc   Edge   Cell     Fanout Load Trans Delay Arrival Instance 
#                                                       (fF)  (ps)  (ps)   (ps)  Location 
#-----------------------------------------------------------------------------------------
  mem_ready        -       -     R     (arrival)      2  7.8    15     0     100    (-,-) 
  g109191/Y        -       A->Y  F     NAND2X8       37 62.8   136    77     177    (-,-) 
  g109032/Y        -       A->Y  R     INVX1          9 16.9   138   108     285    (-,-) 
  g108043/Y        -       B0->Y F     OAI211X1       1  2.8    76    91     377    (-,-) 
  g107464/Y        -       A1->Y R     AOI21X1        6 10.5   144   106     483    (-,-) 
  g107161/Y        -       AN->Y R     NAND2BX1       2  4.4    45    52     535    (-,-) 
  g107108/Y        -       B->Y  F     NAND2X1        2  4.4    64    51     586    (-,-) 
  g106983/Y        -       C->Y  R     NOR3X1         3  5.8   126    92     678    (-,-) 
  g106931/Y        -       A->Y  F     INVX1          2  4.4    54    59     737    (-,-) 
  g106603/Y        -       B0->Y F     OA21X4        33 52.7   108    89     826    (-,-) 
  g105597/Y        -       C->Y  R     NOR3X1         3  6.0   134   108     934    (-,-) 
  g105544/Y        -       B->Y  R     AND2X4        30 51.4   100   113    1048    (-,-) 
  g105426/Y        -       A1->Y F     AOI22X1        1  2.7    64    68    1115    (-,-) 
  g105333/Y        -       A->Y  R     NAND4XL        1  2.7    50    48    1163    (-,-) 
  reg_op1_reg[9]/D -       -     R     DFFX4          1    -     -     0    1163    (-,-) 
#-----------------------------------------------------------------------------------------



Path 25: MET (2790 ps) Setup Check with Pin reg_op1_reg[6]/CK->D
          Group: I2C
     Startpoint: (R) mem_ready
          Clock: (R) myclock
       Endpoint: (R) reg_op1_reg[6]/D
          Clock: (R) myclock

                     Capture       Launch     
        Clock Edge:+    4000            0     
        Drv Adjust:+       0            0     
       Src Latency:+       0            0     
       Net Latency:+       0 (I)        0 (I) 
           Arrival:=    4000            0     
                                              
             Setup:-      28                  
       Uncertainty:-      20                  
     Required Time:=    3952                  
      Launch Clock:-       0                  
       Input Delay:-     100                  
         Data Path:-    1062                  
             Slack:=    2790                  

Exceptions/Constraints:
  input_delay             100             picorv32.sdc_line_18_1_1 

#-----------------------------------------------------------------------------------------
#  Timing Point    Flags   Arc   Edge   Cell     Fanout Load Trans Delay Arrival Instance 
#                                                       (fF)  (ps)  (ps)   (ps)  Location 
#-----------------------------------------------------------------------------------------
  mem_ready        -       -     R     (arrival)      2  7.8    15     0     100    (-,-) 
  g109191/Y        -       A->Y  F     NAND2X8       37 62.8   136    77     177    (-,-) 
  g109032/Y        -       A->Y  R     INVX1          9 16.9   138   108     285    (-,-) 
  g108043/Y        -       B0->Y F     OAI211X1       1  2.8    76    91     377    (-,-) 
  g107464/Y        -       A1->Y R     AOI21X1        6 10.5   144   106     483    (-,-) 
  g107161/Y        -       AN->Y R     NAND2BX1       2  4.4    45    52     535    (-,-) 
  g107108/Y        -       B->Y  F     NAND2X1        2  4.4    64    51     586    (-,-) 
  g106983/Y        -       C->Y  R     NOR3X1         3  5.8   126    92     678    (-,-) 
  g106931/Y        -       A->Y  F     INVX1          2  4.4    54    59     737    (-,-) 
  g106603/Y        -       B0->Y F     OA21X4        33 52.7   108    89     826    (-,-) 
  g105597/Y        -       C->Y  R     NOR3X1         3  6.0   134   108     934    (-,-) 
  g105544/Y        -       B->Y  R     AND2X4        30 51.4   100   113    1048    (-,-) 
  g105423/Y        -       A1->Y F     AOI22X1        1  2.7    64    68    1115    (-,-) 
  g105346/Y        -       B->Y  R     NAND4XL        1  2.7    50    47    1162    (-,-) 
  reg_op1_reg[6]/D -       -     R     DFFQX4         1    -     -     0    1162    (-,-) 
#-----------------------------------------------------------------------------------------



Path 26: MET (2790 ps) Setup Check with Pin reg_op1_reg[5]/CK->D
          Group: I2C
     Startpoint: (R) mem_ready
          Clock: (R) myclock
       Endpoint: (R) reg_op1_reg[5]/D
          Clock: (R) myclock

                     Capture       Launch     
        Clock Edge:+    4000            0     
        Drv Adjust:+       0            0     
       Src Latency:+       0            0     
       Net Latency:+       0 (I)        0 (I) 
           Arrival:=    4000            0     
                                              
             Setup:-      28                  
       Uncertainty:-      20                  
     Required Time:=    3952                  
      Launch Clock:-       0                  
       Input Delay:-     100                  
         Data Path:-    1062                  
             Slack:=    2790                  

Exceptions/Constraints:
  input_delay             100             picorv32.sdc_line_18_1_1 

#-----------------------------------------------------------------------------------------
#  Timing Point    Flags   Arc   Edge   Cell     Fanout Load Trans Delay Arrival Instance 
#                                                       (fF)  (ps)  (ps)   (ps)  Location 
#-----------------------------------------------------------------------------------------
  mem_ready        -       -     R     (arrival)      2  7.8    15     0     100    (-,-) 
  g109191/Y        -       A->Y  F     NAND2X8       37 62.8   136    77     177    (-,-) 
  g109032/Y        -       A->Y  R     INVX1          9 16.9   138   108     285    (-,-) 
  g108043/Y        -       B0->Y F     OAI211X1       1  2.8    76    91     377    (-,-) 
  g107464/Y        -       A1->Y R     AOI21X1        6 10.5   144   106     483    (-,-) 
  g107161/Y        -       AN->Y R     NAND2BX1       2  4.4    45    52     535    (-,-) 
  g107108/Y        -       B->Y  F     NAND2X1        2  4.4    64    51     586    (-,-) 
  g106983/Y        -       C->Y  R     NOR3X1         3  5.8   126    92     678    (-,-) 
  g106931/Y        -       A->Y  F     INVX1          2  4.4    54    59     737    (-,-) 
  g106603/Y        -       B0->Y F     OA21X4        33 52.7   108    89     826    (-,-) 
  g105597/Y        -       C->Y  R     NOR3X1         3  6.0   134   108     934    (-,-) 
  g105544/Y        -       B->Y  R     AND2X4        30 51.4   100   113    1048    (-,-) 
  g105379/Y        -       A1->Y F     AOI22X1        1  2.7    64    68    1115    (-,-) 
  g105348/Y        -       B->Y  R     NAND4XL        1  2.7    50    47    1162    (-,-) 
  reg_op1_reg[5]/D -       -     R     DFFQX4         1    -     -     0    1162    (-,-) 
#-----------------------------------------------------------------------------------------



Path 27: MET (2790 ps) Setup Check with Pin reg_op1_reg[4]/CK->D
          Group: I2C
     Startpoint: (R) mem_ready
          Clock: (R) myclock
       Endpoint: (R) reg_op1_reg[4]/D
          Clock: (R) myclock

                     Capture       Launch     
        Clock Edge:+    4000            0     
        Drv Adjust:+       0            0     
       Src Latency:+       0            0     
       Net Latency:+       0 (I)        0 (I) 
           Arrival:=    4000            0     
                                              
             Setup:-      28                  
       Uncertainty:-      20                  
     Required Time:=    3952                  
      Launch Clock:-       0                  
       Input Delay:-     100                  
         Data Path:-    1062                  
             Slack:=    2790                  

Exceptions/Constraints:
  input_delay             100             picorv32.sdc_line_18_1_1 

#-----------------------------------------------------------------------------------------
#  Timing Point    Flags   Arc   Edge   Cell     Fanout Load Trans Delay Arrival Instance 
#                                                       (fF)  (ps)  (ps)   (ps)  Location 
#-----------------------------------------------------------------------------------------
  mem_ready        -       -     R     (arrival)      2  7.8    15     0     100    (-,-) 
  g109191/Y        -       A->Y  F     NAND2X8       37 62.8   136    77     177    (-,-) 
  g109032/Y        -       A->Y  R     INVX1          9 16.9   138   108     285    (-,-) 
  g108043/Y        -       B0->Y F     OAI211X1       1  2.8    76    91     377    (-,-) 
  g107464/Y        -       A1->Y R     AOI21X1        6 10.5   144   106     483    (-,-) 
  g107161/Y        -       AN->Y R     NAND2BX1       2  4.4    45    52     535    (-,-) 
  g107108/Y        -       B->Y  F     NAND2X1        2  4.4    64    51     586    (-,-) 
  g106983/Y        -       C->Y  R     NOR3X1         3  5.8   126    92     678    (-,-) 
  g106931/Y        -       A->Y  F     INVX1          2  4.4    54    59     737    (-,-) 
  g106603/Y        -       B0->Y F     OA21X4        33 52.7   108    89     826    (-,-) 
  g105597/Y        -       C->Y  R     NOR3X1         3  6.0   134   108     934    (-,-) 
  g105544/Y        -       B->Y  R     AND2X4        30 51.4   100   113    1048    (-,-) 
  g105381/Y        -       A1->Y F     AOI22X1        1  2.7    64    68    1115    (-,-) 
  g105345/Y        -       B->Y  R     NAND4XL        1  2.7    50    47    1162    (-,-) 
  reg_op1_reg[4]/D -       -     R     DFFQX4         1    -     -     0    1162    (-,-) 
#-----------------------------------------------------------------------------------------



Path 28: MET (2790 ps) Setup Check with Pin reg_op1_reg[8]/CK->D
          Group: I2C
     Startpoint: (R) mem_ready
          Clock: (R) myclock
       Endpoint: (R) reg_op1_reg[8]/D
          Clock: (R) myclock

                     Capture       Launch     
        Clock Edge:+    4000            0     
        Drv Adjust:+       0            0     
       Src Latency:+       0            0     
       Net Latency:+       0 (I)        0 (I) 
           Arrival:=    4000            0     
                                              
             Setup:-      28                  
       Uncertainty:-      20                  
     Required Time:=    3952                  
      Launch Clock:-       0                  
       Input Delay:-     100                  
         Data Path:-    1062                  
             Slack:=    2790                  

Exceptions/Constraints:
  input_delay             100             picorv32.sdc_line_18_1_1 

#-----------------------------------------------------------------------------------------
#  Timing Point    Flags   Arc   Edge   Cell     Fanout Load Trans Delay Arrival Instance 
#                                                       (fF)  (ps)  (ps)   (ps)  Location 
#-----------------------------------------------------------------------------------------
  mem_ready        -       -     R     (arrival)      2  7.8    15     0     100    (-,-) 
  g109191/Y        -       A->Y  F     NAND2X8       37 62.8   136    77     177    (-,-) 
  g109032/Y        -       A->Y  R     INVX1          9 16.9   138   108     285    (-,-) 
  g108043/Y        -       B0->Y F     OAI211X1       1  2.8    76    91     377    (-,-) 
  g107464/Y        -       A1->Y R     AOI21X1        6 10.5   144   106     483    (-,-) 
  g107161/Y        -       AN->Y R     NAND2BX1       2  4.4    45    52     535    (-,-) 
  g107108/Y        -       B->Y  F     NAND2X1        2  4.4    64    51     586    (-,-) 
  g106983/Y        -       C->Y  R     NOR3X1         3  5.8   126    92     678    (-,-) 
  g106931/Y        -       A->Y  F     INVX1          2  4.4    54    59     737    (-,-) 
  g106603/Y        -       B0->Y F     OA21X4        33 52.7   108    89     826    (-,-) 
  g105597/Y        -       C->Y  R     NOR3X1         3  6.0   134   108     934    (-,-) 
  g105544/Y        -       B->Y  R     AND2X4        30 51.4   100   113    1048    (-,-) 
  g105459/Y        -       A1->Y F     AOI22X1        1  2.7    64    68    1115    (-,-) 
  g105326/Y        -       B->Y  R     NAND4XL        1  2.7    50    47    1162    (-,-) 
  reg_op1_reg[8]/D -       -     R     DFFX4          1    -     -     0    1162    (-,-) 
#-----------------------------------------------------------------------------------------



Path 29: MET (2790 ps) Setup Check with Pin reg_op1_reg[7]/CK->D
          Group: I2C
     Startpoint: (R) mem_ready
          Clock: (R) myclock
       Endpoint: (R) reg_op1_reg[7]/D
          Clock: (R) myclock

                     Capture       Launch     
        Clock Edge:+    4000            0     
        Drv Adjust:+       0            0     
       Src Latency:+       0            0     
       Net Latency:+       0 (I)        0 (I) 
           Arrival:=    4000            0     
                                              
             Setup:-      28                  
       Uncertainty:-      20                  
     Required Time:=    3952                  
      Launch Clock:-       0                  
       Input Delay:-     100                  
         Data Path:-    1062                  
             Slack:=    2790                  

Exceptions/Constraints:
  input_delay             100             picorv32.sdc_line_18_1_1 

#-----------------------------------------------------------------------------------------
#  Timing Point    Flags   Arc   Edge   Cell     Fanout Load Trans Delay Arrival Instance 
#                                                       (fF)  (ps)  (ps)   (ps)  Location 
#-----------------------------------------------------------------------------------------
  mem_ready        -       -     R     (arrival)      2  7.8    15     0     100    (-,-) 
  g109191/Y        -       A->Y  F     NAND2X8       37 62.8   136    77     177    (-,-) 
  g109032/Y        -       A->Y  R     INVX1          9 16.9   138   108     285    (-,-) 
  g108043/Y        -       B0->Y F     OAI211X1       1  2.8    76    91     377    (-,-) 
  g107464/Y        -       A1->Y R     AOI21X1        6 10.5   144   106     483    (-,-) 
  g107161/Y        -       AN->Y R     NAND2BX1       2  4.4    45    52     535    (-,-) 
  g107108/Y        -       B->Y  F     NAND2X1        2  4.4    64    51     586    (-,-) 
  g106983/Y        -       C->Y  R     NOR3X1         3  5.8   126    92     678    (-,-) 
  g106931/Y        -       A->Y  F     INVX1          2  4.4    54    59     737    (-,-) 
  g106603/Y        -       B0->Y F     OA21X4        33 52.7   108    89     826    (-,-) 
  g105597/Y        -       C->Y  R     NOR3X1         3  6.0   134   108     934    (-,-) 
  g105544/Y        -       B->Y  R     AND2X4        30 51.4   100   113    1048    (-,-) 
  g105458/Y        -       A1->Y F     AOI22X1        1  2.7    64    68    1115    (-,-) 
  g105323/Y        -       B->Y  R     NAND4XL        1  2.7    50    47    1162    (-,-) 
  reg_op1_reg[7]/D -       -     R     DFFX4          1    -     -     0    1162    (-,-) 
#-----------------------------------------------------------------------------------------



Path 30: MET (2791 ps) Setup Check with Pin reg_op1_reg[1]/CK->D
          Group: I2C
     Startpoint: (R) mem_ready
          Clock: (R) myclock
       Endpoint: (R) reg_op1_reg[1]/D
          Clock: (R) myclock

                     Capture       Launch     
        Clock Edge:+    4000            0     
        Drv Adjust:+       0            0     
       Src Latency:+       0            0     
       Net Latency:+       0 (I)        0 (I) 
           Arrival:=    4000            0     
                                              
             Setup:-      28                  
       Uncertainty:-      20                  
     Required Time:=    3952                  
      Launch Clock:-       0                  
       Input Delay:-     100                  
         Data Path:-    1060                  
             Slack:=    2791                  

Exceptions/Constraints:
  input_delay             100             picorv32.sdc_line_18_1_1 

#-----------------------------------------------------------------------------------------
#  Timing Point    Flags   Arc   Edge   Cell     Fanout Load Trans Delay Arrival Instance 
#                                                       (fF)  (ps)  (ps)   (ps)  Location 
#-----------------------------------------------------------------------------------------
  mem_ready        -       -     R     (arrival)      2  7.8    15     0     100    (-,-) 
  g109191/Y        -       A->Y  F     NAND2X8       37 62.8   136    77     177    (-,-) 
  g109032/Y        -       A->Y  R     INVX1          9 16.9   138   108     285    (-,-) 
  g108043/Y        -       B0->Y F     OAI211X1       1  2.8    76    91     377    (-,-) 
  g107464/Y        -       A1->Y R     AOI21X1        6 10.5   144   106     483    (-,-) 
  g107161/Y        -       AN->Y R     NAND2BX1       2  4.4    45    52     535    (-,-) 
  g107108/Y        -       B->Y  F     NAND2X1        2  4.4    64    51     586    (-,-) 
  g106983/Y        -       C->Y  R     NOR3X1         3  5.8   126    92     678    (-,-) 
  g106931/Y        -       A->Y  F     INVX1          2  4.4    54    59     737    (-,-) 
  g106603/Y        -       B0->Y F     OA21X4        33 52.7   108    89     826    (-,-) 
  g105597/Y        -       C->Y  R     NOR3X1         3  6.0   134   108     934    (-,-) 
  g105544/Y        -       B->Y  R     AND2X4        30 51.4   100   113    1048    (-,-) 
  g105384/Y        -       A1->Y F     AOI22X1        1  2.7    64    68    1115    (-,-) 
  g105349/Y        -       C->Y  R     NAND4XL        1  2.7    51    46    1160    (-,-) 
  reg_op1_reg[1]/D -       -     R     DFFX4          1    -     -     0    1160    (-,-) 
#-----------------------------------------------------------------------------------------



Path 31: MET (2797 ps) Setup Check with Pin reg_op1_reg[31]/CK->D
          Group: I2C
     Startpoint: (R) mem_ready
          Clock: (R) myclock
       Endpoint: (R) reg_op1_reg[31]/D
          Clock: (R) myclock

                     Capture       Launch     
        Clock Edge:+    4000            0     
        Drv Adjust:+       0            0     
       Src Latency:+       0            0     
       Net Latency:+       0 (I)        0 (I) 
           Arrival:=    4000            0     
                                              
             Setup:-      29                  
       Uncertainty:-      20                  
     Required Time:=    3951                  
      Launch Clock:-       0                  
       Input Delay:-     100                  
         Data Path:-    1054                  
             Slack:=    2797                  

Exceptions/Constraints:
  input_delay             100             picorv32.sdc_line_18_1_1 

#------------------------------------------------------------------------------------------
#   Timing Point    Flags   Arc   Edge   Cell     Fanout Load Trans Delay Arrival Instance 
#                                                        (fF)  (ps)  (ps)   (ps)  Location 
#------------------------------------------------------------------------------------------
  mem_ready         -       -     R     (arrival)      2  7.8    15     0     100    (-,-) 
  g109191/Y         -       A->Y  F     NAND2X8       37 62.8   136    77     177    (-,-) 
  g109032/Y         -       A->Y  R     INVX1          9 16.9   138   108     285    (-,-) 
  g108043/Y         -       B0->Y F     OAI211X1       1  2.8    76    91     377    (-,-) 
  g107464/Y         -       A1->Y R     AOI21X1        6 10.5   144   106     483    (-,-) 
  g107161/Y         -       AN->Y R     NAND2BX1       2  4.4    45    52     535    (-,-) 
  g107108/Y         -       B->Y  F     NAND2X1        2  4.4    64    51     586    (-,-) 
  g106983/Y         -       C->Y  R     NOR3X1         3  5.8   126    92     678    (-,-) 
  g106931/Y         -       A->Y  F     INVX1          2  4.4    54    59     737    (-,-) 
  g106603/Y         -       B0->Y F     OA21X4        33 52.7   108    89     826    (-,-) 
  g106408/Y         -       A->Y  R     INVX1          5  9.6    85    72     898    (-,-) 
  g106210/Y         -       D->Y  R     AND4X4        31 53.1   110   137    1035    (-,-) 
  g105363/Y         -       B1->Y F     AOI222X1       1  2.6    73    72    1107    (-,-) 
  g105282/Y         -       D->Y  R     NAND4XL        1  2.7    55    47    1154    (-,-) 
  reg_op1_reg[31]/D -       -     R     DFFQX4         1    -     -     0    1154    (-,-) 
#------------------------------------------------------------------------------------------



Path 32: MET (2806 ps) Setup Check with Pin reg_op1_reg[0]/CK->D
          Group: I2C
     Startpoint: (R) mem_ready
          Clock: (R) myclock
       Endpoint: (R) reg_op1_reg[0]/D
          Clock: (R) myclock

                     Capture       Launch     
        Clock Edge:+    4000            0     
        Drv Adjust:+       0            0     
       Src Latency:+       0            0     
       Net Latency:+       0 (I)        0 (I) 
           Arrival:=    4000            0     
                                              
             Setup:-      26                  
       Uncertainty:-      20                  
     Required Time:=    3954                  
      Launch Clock:-       0                  
       Input Delay:-     100                  
         Data Path:-    1048                  
             Slack:=    2806                  

Exceptions/Constraints:
  input_delay             100             picorv32.sdc_line_18_1_1 

#-----------------------------------------------------------------------------------------
#  Timing Point    Flags   Arc   Edge   Cell     Fanout Load Trans Delay Arrival Instance 
#                                                       (fF)  (ps)  (ps)   (ps)  Location 
#-----------------------------------------------------------------------------------------
  mem_ready        -       -     R     (arrival)      2  7.8    15     0     100    (-,-) 
  g109191/Y        -       A->Y  F     NAND2X8       37 62.8   136    77     177    (-,-) 
  g109032/Y        -       A->Y  R     INVX1          9 16.9   138   108     285    (-,-) 
  g108043/Y        -       B0->Y F     OAI211X1       1  2.8    76    91     377    (-,-) 
  g107464/Y        -       A1->Y R     AOI21X1        6 10.5   144   106     483    (-,-) 
  g107161/Y        -       AN->Y R     NAND2BX1       2  4.4    45    52     535    (-,-) 
  g107108/Y        -       B->Y  F     NAND2X1        2  4.4    64    51     586    (-,-) 
  g106983/Y        -       C->Y  R     NOR3X1         3  5.8   126    92     678    (-,-) 
  g106931/Y        -       A->Y  F     INVX1          2  4.4    54    59     737    (-,-) 
  g106603/Y        -       B0->Y F     OA21X4        33 52.7   108    89     826    (-,-) 
  g105597/Y        -       C->Y  R     NOR3X1         3  6.0   134   108     934    (-,-) 
  g105544/Y        -       B->Y  R     AND2X4        30 51.4   100   113    1048    (-,-) 
  g105385/Y        -       C1->Y F     AOI222X1       1  2.8    77    61    1109    (-,-) 
  g105369/Y        -       A->Y  R     NAND2X1        1  2.7    36    39    1148    (-,-) 
  reg_op1_reg[0]/D -       -     R     DFFX4          1    -     -     0    1148    (-,-) 
#-----------------------------------------------------------------------------------------



Path 33: MET (2911 ps) Setup Check with Pin cpu_state_reg[6]/CK->D
          Group: I2C
     Startpoint: (R) mem_ready
          Clock: (R) myclock
       Endpoint: (R) cpu_state_reg[6]/D
          Clock: (R) myclock

                     Capture       Launch     
        Clock Edge:+    4000            0     
        Drv Adjust:+       0            0     
       Src Latency:+       0            0     
       Net Latency:+       0 (I)        0 (I) 
           Arrival:=    4000            0     
                                              
             Setup:-      31                  
       Uncertainty:-      20                  
     Required Time:=    3949                  
      Launch Clock:-       0                  
       Input Delay:-     100                  
         Data Path:-     938                  
             Slack:=    2911                  

Exceptions/Constraints:
  input_delay             100             picorv32.sdc_line_18_1_1 

#-------------------------------------------------------------------------------------------
#   Timing Point     Flags   Arc   Edge   Cell     Fanout Load Trans Delay Arrival Instance 
#                                                         (fF)  (ps)  (ps)   (ps)  Location 
#-------------------------------------------------------------------------------------------
  mem_ready          -       -     R     (arrival)      2  7.8    15     0     100    (-,-) 
  g109191/Y          -       A->Y  F     NAND2X8       37 62.8   136    77     177    (-,-) 
  g109032/Y          -       A->Y  R     INVX1          9 16.9   138   108     285    (-,-) 
  g108043/Y          -       B0->Y F     OAI211X1       1  2.8    76    91     377    (-,-) 
  g107464/Y          -       A1->Y R     AOI21X1        6 10.5   144   106     483    (-,-) 
  g107229/Y          -       AN->Y R     NOR3BX1        2  4.4    99    94     577    (-,-) 
  g107003/Y          -       C0->Y F     AOI221X1       1  2.7    73    46     622    (-,-) 
  g106679/Y          -       AN->Y F     NOR4BX1        1  2.7    38    40     662    (-,-) 
  g105594/Y          -       D->Y  F     AND4X1         2  4.3    32    40     702    (-,-) 
  g105473/Y          -       AN->Y F     NAND3BXL       1  2.6    89    69     771    (-,-) 
  g105411/Y          -       B->Y  F     OR2X1          5  8.8    62    70     841    (-,-) 
  g105372/Y          -       B->Y  R     NOR2X1         3  6.0    89    69     910    (-,-) 
  g105368/Y          -       A->Y  F     INVX1          3  5.7    55    52     963    (-,-) 
  g105352/Y          -       B1->Y F     OA22X1         1  2.8    24    53    1016    (-,-) 
  g105284/Y          -       C0->Y R     OAI211X1       1  2.7    67    23    1038    (-,-) 
  cpu_state_reg[6]/D -       -     R     DFFX4          1    -     -     0    1038    (-,-) 
#-------------------------------------------------------------------------------------------



Path 34: MET (2930 ps) Setup Check with Pin cpu_state_reg[2]/CK->D
          Group: I2C
     Startpoint: (R) mem_ready
          Clock: (R) myclock
       Endpoint: (R) cpu_state_reg[2]/D
          Clock: (R) myclock

                     Capture       Launch     
        Clock Edge:+    4000            0     
        Drv Adjust:+       0            0     
       Src Latency:+       0            0     
       Net Latency:+       0 (I)        0 (I) 
           Arrival:=    4000            0     
                                              
             Setup:-      34                  
       Uncertainty:-      20                  
     Required Time:=    3946                  
      Launch Clock:-       0                  
       Input Delay:-     100                  
         Data Path:-     917                  
             Slack:=    2930                  

Exceptions/Constraints:
  input_delay             100             picorv32.sdc_line_18_1_1 

#-------------------------------------------------------------------------------------------
#   Timing Point     Flags   Arc   Edge   Cell     Fanout Load Trans Delay Arrival Instance 
#                                                         (fF)  (ps)  (ps)   (ps)  Location 
#-------------------------------------------------------------------------------------------
  mem_ready          -       -     R     (arrival)      2  7.8    15     0     100    (-,-) 
  g109191/Y          -       A->Y  F     NAND2X8       37 62.8   136    77     177    (-,-) 
  g109032/Y          -       A->Y  R     INVX1          9 16.9   138   108     285    (-,-) 
  g108043/Y          -       B0->Y F     OAI211X1       1  2.8    76    91     377    (-,-) 
  g107464/Y          -       A1->Y R     AOI21X1        6 10.5   144   106     483    (-,-) 
  g107229/Y          -       AN->Y R     NOR3BX1        2  4.4    99    94     577    (-,-) 
  g107003/Y          -       C0->Y F     AOI221X1       1  2.7    73    46     622    (-,-) 
  g106679/Y          -       AN->Y F     NOR4BX1        1  2.7    38    40     662    (-,-) 
  g105594/Y          -       D->Y  F     AND4X1         2  4.3    32    40     702    (-,-) 
  g105473/Y          -       AN->Y F     NAND3BXL       1  2.6    89    69     771    (-,-) 
  g105411/Y          -       B->Y  F     OR2X1          5  8.8    62    70     841    (-,-) 
  g105372/Y          -       B->Y  R     NOR2X1         3  6.0    89    69     910    (-,-) 
  g105359/Y          -       B->Y  F     NAND2X1        1  2.8    52    55     966    (-,-) 
  g105306/Y          -       B1->Y R     OAI222X1       1  2.7    81    51    1017    (-,-) 
  cpu_state_reg[2]/D -       -     R     DFFX4          1    -     -     0    1017    (-,-) 
#-------------------------------------------------------------------------------------------



Path 35: MET (2935 ps) Setup Check with Pin cpu_state_reg[0]/CK->D
          Group: I2C
     Startpoint: (R) mem_ready
          Clock: (R) myclock
       Endpoint: (R) cpu_state_reg[0]/D
          Clock: (R) myclock

                     Capture       Launch     
        Clock Edge:+    4000            0     
        Drv Adjust:+       0            0     
       Src Latency:+       0            0     
       Net Latency:+       0 (I)        0 (I) 
           Arrival:=    4000            0     
                                              
             Setup:-      32                  
       Uncertainty:-      20                  
     Required Time:=    3948                  
      Launch Clock:-       0                  
       Input Delay:-     100                  
         Data Path:-     913                  
             Slack:=    2935                  

Exceptions/Constraints:
  input_delay             100             picorv32.sdc_line_18_1_1 

#-------------------------------------------------------------------------------------------
#   Timing Point     Flags   Arc   Edge   Cell     Fanout Load Trans Delay Arrival Instance 
#                                                         (fF)  (ps)  (ps)   (ps)  Location 
#-------------------------------------------------------------------------------------------
  mem_ready          -       -     R     (arrival)      2  7.8    15     0     100    (-,-) 
  g109191/Y          -       A->Y  F     NAND2X8       37 62.8   136    77     177    (-,-) 
  g109032/Y          -       A->Y  R     INVX1          9 16.9   138   108     285    (-,-) 
  g108043/Y          -       B0->Y F     OAI211X1       1  2.8    76    91     377    (-,-) 
  g107464/Y          -       A1->Y R     AOI21X1        6 10.5   144   106     483    (-,-) 
  g107229/Y          -       AN->Y R     NOR3BX1        2  4.4    99    94     577    (-,-) 
  g107003/Y          -       C0->Y F     AOI221X1       1  2.7    73    46     622    (-,-) 
  g106679/Y          -       AN->Y F     NOR4BX1        1  2.7    38    40     662    (-,-) 
  g105594/Y          -       D->Y  F     AND4X1         2  4.3    32    40     702    (-,-) 
  g105473/Y          -       AN->Y F     NAND3BXL       1  2.6    89    69     771    (-,-) 
  g105411/Y          -       B->Y  F     OR2X1          5  8.8    62    70     841    (-,-) 
  g105372/Y          -       B->Y  R     NOR2X1         3  6.0    89    69     910    (-,-) 
  g105368/Y          -       A->Y  F     INVX1          3  5.7    55    52     963    (-,-) 
  g105357/Y          -       A1->Y R     OAI22X1        1  2.7    70    51    1013    (-,-) 
  cpu_state_reg[0]/D -       -     R     DFFX2          1    -     -     0    1013    (-,-) 
#-------------------------------------------------------------------------------------------



Path 36: MET (2936 ps) Setup Check with Pin cpu_state_reg[1]/CK->D
          Group: I2C
     Startpoint: (R) mem_ready
          Clock: (R) myclock
       Endpoint: (R) cpu_state_reg[1]/D
          Clock: (R) myclock

                     Capture       Launch     
        Clock Edge:+    4000            0     
        Drv Adjust:+       0            0     
       Src Latency:+       0            0     
       Net Latency:+       0 (I)        0 (I) 
           Arrival:=    4000            0     
                                              
             Setup:-      31                  
       Uncertainty:-      20                  
     Required Time:=    3949                  
      Launch Clock:-       0                  
       Input Delay:-     100                  
         Data Path:-     913                  
             Slack:=    2936                  

Exceptions/Constraints:
  input_delay             100             picorv32.sdc_line_18_1_1 

#-------------------------------------------------------------------------------------------
#   Timing Point     Flags   Arc   Edge   Cell     Fanout Load Trans Delay Arrival Instance 
#                                                         (fF)  (ps)  (ps)   (ps)  Location 
#-------------------------------------------------------------------------------------------
  mem_ready          -       -     R     (arrival)      2  7.8    15     0     100    (-,-) 
  g109191/Y          -       A->Y  F     NAND2X8       37 62.8   136    77     177    (-,-) 
  g109032/Y          -       A->Y  R     INVX1          9 16.9   138   108     285    (-,-) 
  g108043/Y          -       B0->Y F     OAI211X1       1  2.8    76    91     377    (-,-) 
  g107464/Y          -       A1->Y R     AOI21X1        6 10.5   144   106     483    (-,-) 
  g107229/Y          -       AN->Y R     NOR3BX1        2  4.4    99    94     577    (-,-) 
  g107003/Y          -       C0->Y F     AOI221X1       1  2.7    73    46     622    (-,-) 
  g106679/Y          -       AN->Y F     NOR4BX1        1  2.7    38    40     662    (-,-) 
  g105594/Y          -       D->Y  F     AND4X1         2  4.3    32    40     702    (-,-) 
  g105473/Y          -       AN->Y F     NAND3BXL       1  2.6    89    69     771    (-,-) 
  g105411/Y          -       B->Y  F     OR2X1          5  8.8    62    70     841    (-,-) 
  g105372/Y          -       B->Y  R     NOR2X1         3  6.0    89    69     910    (-,-) 
  g105368/Y          -       A->Y  F     INVX1          3  5.7    55    52     963    (-,-) 
  g105358/Y          -       A1->Y R     OAI22X1        1  2.7    70    51    1013    (-,-) 
  cpu_state_reg[1]/D -       -     R     DFFX1          1    -     -     0    1013    (-,-) 
#-------------------------------------------------------------------------------------------



Path 37: MET (2983 ps) Setup Check with Pin cpu_state_reg[3]/CK->D
          Group: I2C
     Startpoint: (R) mem_ready
          Clock: (R) myclock
       Endpoint: (R) cpu_state_reg[3]/D
          Clock: (R) myclock

                     Capture       Launch     
        Clock Edge:+    4000            0     
        Drv Adjust:+       0            0     
       Src Latency:+       0            0     
       Net Latency:+       0 (I)        0 (I) 
           Arrival:=    4000            0     
                                              
             Setup:-      23                  
       Uncertainty:-      20                  
     Required Time:=    3957                  
      Launch Clock:-       0                  
       Input Delay:-     100                  
         Data Path:-     874                  
             Slack:=    2983                  

Exceptions/Constraints:
  input_delay             100             picorv32.sdc_line_18_1_1 

#-------------------------------------------------------------------------------------------
#   Timing Point     Flags   Arc   Edge   Cell     Fanout Load Trans Delay Arrival Instance 
#                                                         (fF)  (ps)  (ps)   (ps)  Location 
#-------------------------------------------------------------------------------------------
  mem_ready          -       -     R     (arrival)      2  7.8    15     0     100    (-,-) 
  g109191/Y          -       A->Y  F     NAND2X8       37 62.8   136    77     177    (-,-) 
  g109032/Y          -       A->Y  R     INVX1          9 16.9   138   108     285    (-,-) 
  g108043/Y          -       B0->Y F     OAI211X1       1  2.8    76    91     377    (-,-) 
  g107464/Y          -       A1->Y R     AOI21X1        6 10.5   144   106     483    (-,-) 
  g107229/Y          -       AN->Y R     NOR3BX1        2  4.4    99    94     577    (-,-) 
  g107003/Y          -       C0->Y F     AOI221X1       1  2.7    73    46     622    (-,-) 
  g106679/Y          -       AN->Y F     NOR4BX1        1  2.7    38    40     662    (-,-) 
  g105594/Y          -       D->Y  F     AND4X1         2  4.3    32    40     702    (-,-) 
  g105473/Y          -       AN->Y F     NAND3BXL       1  2.6    89    69     771    (-,-) 
  g105411/Y          -       B->Y  F     OR2X1          5  8.8    62    70     841    (-,-) 
  g105372/Y          -       B->Y  R     NOR2X1         3  6.0    89    69     910    (-,-) 
  g105356/Y          -       A1->Y R     AO22X1         1  2.7    23    64     974    (-,-) 
  cpu_state_reg[3]/D -       -     R     DFFX4          1    -     -     0     974    (-,-) 
#-------------------------------------------------------------------------------------------



Path 38: MET (3013 ps) Setup Check with Pin decoded_rd_reg[4]/CK->D
          Group: I2C
     Startpoint: (R) mem_ready
          Clock: (R) myclock
       Endpoint: (R) decoded_rd_reg[4]/D
          Clock: (R) myclock

                     Capture       Launch     
        Clock Edge:+    4000            0     
        Drv Adjust:+       0            0     
       Src Latency:+       0            0     
       Net Latency:+       0 (I)        0 (I) 
           Arrival:=    4000            0     
                                              
             Setup:-      26                  
       Uncertainty:-      20                  
     Required Time:=    3954                  
      Launch Clock:-       0                  
       Input Delay:-     100                  
         Data Path:-     841                  
             Slack:=    3013                  

Exceptions/Constraints:
  input_delay             100             picorv32.sdc_line_18_1_1 

#--------------------------------------------------------------------------------------------
#    Timing Point     Flags   Arc   Edge   Cell     Fanout Load Trans Delay Arrival Instance 
#                                                          (fF)  (ps)  (ps)   (ps)  Location 
#--------------------------------------------------------------------------------------------
  mem_ready           -       -     R     (arrival)      2  7.8    15     0     100    (-,-) 
  g109191/Y           -       A->Y  F     NAND2X8       37 62.8   136    77     177    (-,-) 
  g109032/Y           -       A->Y  R     INVX1          9 16.9   138   108     285    (-,-) 
  g108043/Y           -       B0->Y F     OAI211X1       1  2.8    76    91     377    (-,-) 
  g107464/Y           -       A1->Y R     AOI21X1        6 10.5   144   106     483    (-,-) 
  drc_bufs109698/Y    -       A->Y  F     INVX1          1  2.8    47    59     542    (-,-) 
  g107236/Y           -       B->Y  F     OR2X4         36 58.9   118   106     648    (-,-) 
  g107198/Y           -       A->Y  R     INVX1          3  5.8    62    61     709    (-,-) 
  g107127/Y           -       B->Y  R     AND2X2        22 38.0   136   114     823    (-,-) 
  g106981/Y           -       A1->Y F     AOI22X1        1  2.8    70    80     903    (-,-) 
  g106858/Y           -       B0->Y R     OAI2BB1X1      1  2.8    35    38     941    (-,-) 
  decoded_rd_reg[4]/D -       -     R     DFFHQX1        1    -     -     0     941    (-,-) 
#--------------------------------------------------------------------------------------------



Path 39: MET (3013 ps) Setup Check with Pin decoded_rd_reg[3]/CK->D
          Group: I2C
     Startpoint: (R) mem_ready
          Clock: (R) myclock
       Endpoint: (R) decoded_rd_reg[3]/D
          Clock: (R) myclock

                     Capture       Launch     
        Clock Edge:+    4000            0     
        Drv Adjust:+       0            0     
       Src Latency:+       0            0     
       Net Latency:+       0 (I)        0 (I) 
           Arrival:=    4000            0     
                                              
             Setup:-      26                  
       Uncertainty:-      20                  
     Required Time:=    3954                  
      Launch Clock:-       0                  
       Input Delay:-     100                  
         Data Path:-     841                  
             Slack:=    3013                  

Exceptions/Constraints:
  input_delay             100             picorv32.sdc_line_18_1_1 

#--------------------------------------------------------------------------------------------
#    Timing Point     Flags   Arc   Edge   Cell     Fanout Load Trans Delay Arrival Instance 
#                                                          (fF)  (ps)  (ps)   (ps)  Location 
#--------------------------------------------------------------------------------------------
  mem_ready           -       -     R     (arrival)      2  7.8    15     0     100    (-,-) 
  g109191/Y           -       A->Y  F     NAND2X8       37 62.8   136    77     177    (-,-) 
  g109032/Y           -       A->Y  R     INVX1          9 16.9   138   108     285    (-,-) 
  g108043/Y           -       B0->Y F     OAI211X1       1  2.8    76    91     377    (-,-) 
  g107464/Y           -       A1->Y R     AOI21X1        6 10.5   144   106     483    (-,-) 
  drc_bufs109698/Y    -       A->Y  F     INVX1          1  2.8    47    59     542    (-,-) 
  g107236/Y           -       B->Y  F     OR2X4         36 58.9   118   106     648    (-,-) 
  g107198/Y           -       A->Y  R     INVX1          3  5.8    62    61     709    (-,-) 
  g107127/Y           -       B->Y  R     AND2X2        22 38.0   136   114     823    (-,-) 
  g106980/Y           -       A1->Y F     AOI22X1        1  2.8    70    80     903    (-,-) 
  g106857/Y           -       B0->Y R     OAI2BB1X1      1  2.8    35    38     941    (-,-) 
  decoded_rd_reg[3]/D -       -     R     DFFHQX1        1    -     -     0     941    (-,-) 
#--------------------------------------------------------------------------------------------



Path 40: MET (3013 ps) Setup Check with Pin decoded_rd_reg[2]/CK->D
          Group: I2C
     Startpoint: (R) mem_ready
          Clock: (R) myclock
       Endpoint: (R) decoded_rd_reg[2]/D
          Clock: (R) myclock

                     Capture       Launch     
        Clock Edge:+    4000            0     
        Drv Adjust:+       0            0     
       Src Latency:+       0            0     
       Net Latency:+       0 (I)        0 (I) 
           Arrival:=    4000            0     
                                              
             Setup:-      26                  
       Uncertainty:-      20                  
     Required Time:=    3954                  
      Launch Clock:-       0                  
       Input Delay:-     100                  
         Data Path:-     841                  
             Slack:=    3013                  

Exceptions/Constraints:
  input_delay             100             picorv32.sdc_line_18_1_1 

#--------------------------------------------------------------------------------------------
#    Timing Point     Flags   Arc   Edge   Cell     Fanout Load Trans Delay Arrival Instance 
#                                                          (fF)  (ps)  (ps)   (ps)  Location 
#--------------------------------------------------------------------------------------------
  mem_ready           -       -     R     (arrival)      2  7.8    15     0     100    (-,-) 
  g109191/Y           -       A->Y  F     NAND2X8       37 62.8   136    77     177    (-,-) 
  g109032/Y           -       A->Y  R     INVX1          9 16.9   138   108     285    (-,-) 
  g108043/Y           -       B0->Y F     OAI211X1       1  2.8    76    91     377    (-,-) 
  g107464/Y           -       A1->Y R     AOI21X1        6 10.5   144   106     483    (-,-) 
  drc_bufs109698/Y    -       A->Y  F     INVX1          1  2.8    47    59     542    (-,-) 
  g107236/Y           -       B->Y  F     OR2X4         36 58.9   118   106     648    (-,-) 
  g107198/Y           -       A->Y  R     INVX1          3  5.8    62    61     709    (-,-) 
  g107127/Y           -       B->Y  R     AND2X2        22 38.0   136   114     823    (-,-) 
  g106979/Y           -       A1->Y F     AOI22X1        1  2.8    70    80     903    (-,-) 
  g106856/Y           -       B0->Y R     OAI2BB1X1      1  2.8    35    38     941    (-,-) 
  decoded_rd_reg[2]/D -       -     R     DFFHQX1        1    -     -     0     941    (-,-) 
#--------------------------------------------------------------------------------------------



Path 41: MET (3013 ps) Setup Check with Pin decoded_rd_reg[1]/CK->D
          Group: I2C
     Startpoint: (R) mem_ready
          Clock: (R) myclock
       Endpoint: (R) decoded_rd_reg[1]/D
          Clock: (R) myclock

                     Capture       Launch     
        Clock Edge:+    4000            0     
        Drv Adjust:+       0            0     
       Src Latency:+       0            0     
       Net Latency:+       0 (I)        0 (I) 
           Arrival:=    4000            0     
                                              
             Setup:-      26                  
       Uncertainty:-      20                  
     Required Time:=    3954                  
      Launch Clock:-       0                  
       Input Delay:-     100                  
         Data Path:-     841                  
             Slack:=    3013                  

Exceptions/Constraints:
  input_delay             100             picorv32.sdc_line_18_1_1 

#--------------------------------------------------------------------------------------------
#    Timing Point     Flags   Arc   Edge   Cell     Fanout Load Trans Delay Arrival Instance 
#                                                          (fF)  (ps)  (ps)   (ps)  Location 
#--------------------------------------------------------------------------------------------
  mem_ready           -       -     R     (arrival)      2  7.8    15     0     100    (-,-) 
  g109191/Y           -       A->Y  F     NAND2X8       37 62.8   136    77     177    (-,-) 
  g109032/Y           -       A->Y  R     INVX1          9 16.9   138   108     285    (-,-) 
  g108043/Y           -       B0->Y F     OAI211X1       1  2.8    76    91     377    (-,-) 
  g107464/Y           -       A1->Y R     AOI21X1        6 10.5   144   106     483    (-,-) 
  drc_bufs109698/Y    -       A->Y  F     INVX1          1  2.8    47    59     542    (-,-) 
  g107236/Y           -       B->Y  F     OR2X4         36 58.9   118   106     648    (-,-) 
  g107198/Y           -       A->Y  R     INVX1          3  5.8    62    61     709    (-,-) 
  g107127/Y           -       B->Y  R     AND2X2        22 38.0   136   114     823    (-,-) 
  g106978/Y           -       A1->Y F     AOI22X1        1  2.8    70    80     903    (-,-) 
  g106855/Y           -       B0->Y R     OAI2BB1X1      1  2.8    35    38     941    (-,-) 
  decoded_rd_reg[1]/D -       -     R     DFFHQX1        1    -     -     0     941    (-,-) 
#--------------------------------------------------------------------------------------------



Path 42: MET (3013 ps) Setup Check with Pin decoded_rd_reg[0]/CK->D
          Group: I2C
     Startpoint: (R) mem_ready
          Clock: (R) myclock
       Endpoint: (R) decoded_rd_reg[0]/D
          Clock: (R) myclock

                     Capture       Launch     
        Clock Edge:+    4000            0     
        Drv Adjust:+       0            0     
       Src Latency:+       0            0     
       Net Latency:+       0 (I)        0 (I) 
           Arrival:=    4000            0     
                                              
             Setup:-      26                  
       Uncertainty:-      20                  
     Required Time:=    3954                  
      Launch Clock:-       0                  
       Input Delay:-     100                  
         Data Path:-     841                  
             Slack:=    3013                  

Exceptions/Constraints:
  input_delay             100             picorv32.sdc_line_18_1_1 

#--------------------------------------------------------------------------------------------
#    Timing Point     Flags   Arc   Edge   Cell     Fanout Load Trans Delay Arrival Instance 
#                                                          (fF)  (ps)  (ps)   (ps)  Location 
#--------------------------------------------------------------------------------------------
  mem_ready           -       -     R     (arrival)      2  7.8    15     0     100    (-,-) 
  g109191/Y           -       A->Y  F     NAND2X8       37 62.8   136    77     177    (-,-) 
  g109032/Y           -       A->Y  R     INVX1          9 16.9   138   108     285    (-,-) 
  g108043/Y           -       B0->Y F     OAI211X1       1  2.8    76    91     377    (-,-) 
  g107464/Y           -       A1->Y R     AOI21X1        6 10.5   144   106     483    (-,-) 
  drc_bufs109698/Y    -       A->Y  F     INVX1          1  2.8    47    59     542    (-,-) 
  g107236/Y           -       B->Y  F     OR2X4         36 58.9   118   106     648    (-,-) 
  g107198/Y           -       A->Y  R     INVX1          3  5.8    62    61     709    (-,-) 
  g107127/Y           -       B->Y  R     AND2X2        22 38.0   136   114     823    (-,-) 
  g106977/Y           -       A1->Y F     AOI22X1        1  2.8    70    80     903    (-,-) 
  g106854/Y           -       B0->Y R     OAI2BB1X1      1  2.8    35    38     941    (-,-) 
  decoded_rd_reg[0]/D -       -     R     DFFHQX1        1    -     -     0     941    (-,-) 
#--------------------------------------------------------------------------------------------



Path 43: MET (3013 ps) Setup Check with Pin decoded_imm_j_reg[20]/CK->D
          Group: I2C
     Startpoint: (R) mem_ready
          Clock: (R) myclock
       Endpoint: (R) decoded_imm_j_reg[20]/D
          Clock: (R) myclock

                     Capture       Launch     
        Clock Edge:+    4000            0     
        Drv Adjust:+       0            0     
       Src Latency:+       0            0     
       Net Latency:+       0 (I)        0 (I) 
           Arrival:=    4000            0     
                                              
             Setup:-      26                  
       Uncertainty:-      20                  
     Required Time:=    3954                  
      Launch Clock:-       0                  
       Input Delay:-     100                  
         Data Path:-     841                  
             Slack:=    3013                  

Exceptions/Constraints:
  input_delay             100             picorv32.sdc_line_18_1_1 

#------------------------------------------------------------------------------------------------
#      Timing Point       Flags   Arc   Edge   Cell     Fanout Load Trans Delay Arrival Instance 
#                                                              (fF)  (ps)  (ps)   (ps)  Location 
#------------------------------------------------------------------------------------------------
  mem_ready               -       -     R     (arrival)      2  7.8    15     0     100    (-,-) 
  g109191/Y               -       A->Y  F     NAND2X8       37 62.8   136    77     177    (-,-) 
  g109032/Y               -       A->Y  R     INVX1          9 16.9   138   108     285    (-,-) 
  g108043/Y               -       B0->Y F     OAI211X1       1  2.8    76    91     377    (-,-) 
  g107464/Y               -       A1->Y R     AOI21X1        6 10.5   144   106     483    (-,-) 
  drc_bufs109698/Y        -       A->Y  F     INVX1          1  2.8    47    59     542    (-,-) 
  g107236/Y               -       B->Y  F     OR2X4         36 58.9   118   106     648    (-,-) 
  g107198/Y               -       A->Y  R     INVX1          3  5.8    62    61     709    (-,-) 
  g107127/Y               -       B->Y  R     AND2X2        22 38.0   136   114     823    (-,-) 
  g106976/Y               -       A1->Y F     AOI22X1        1  2.8    70    80     903    (-,-) 
  g106853/Y               -       B0->Y R     OAI2BB1X1      1  2.8    35    38     941    (-,-) 
  decoded_imm_j_reg[20]/D -       -     R     DFFHQX1        1    -     -     0     941    (-,-) 
#------------------------------------------------------------------------------------------------



Path 44: MET (3013 ps) Setup Check with Pin decoded_imm_j_reg[19]/CK->D
          Group: I2C
     Startpoint: (R) mem_ready
          Clock: (R) myclock
       Endpoint: (R) decoded_imm_j_reg[19]/D
          Clock: (R) myclock

                     Capture       Launch     
        Clock Edge:+    4000            0     
        Drv Adjust:+       0            0     
       Src Latency:+       0            0     
       Net Latency:+       0 (I)        0 (I) 
           Arrival:=    4000            0     
                                              
             Setup:-      26                  
       Uncertainty:-      20                  
     Required Time:=    3954                  
      Launch Clock:-       0                  
       Input Delay:-     100                  
         Data Path:-     841                  
             Slack:=    3013                  

Exceptions/Constraints:
  input_delay             100             picorv32.sdc_line_18_1_1 

#------------------------------------------------------------------------------------------------
#      Timing Point       Flags   Arc   Edge   Cell     Fanout Load Trans Delay Arrival Instance 
#                                                              (fF)  (ps)  (ps)   (ps)  Location 
#------------------------------------------------------------------------------------------------
  mem_ready               -       -     R     (arrival)      2  7.8    15     0     100    (-,-) 
  g109191/Y               -       A->Y  F     NAND2X8       37 62.8   136    77     177    (-,-) 
  g109032/Y               -       A->Y  R     INVX1          9 16.9   138   108     285    (-,-) 
  g108043/Y               -       B0->Y F     OAI211X1       1  2.8    76    91     377    (-,-) 
  g107464/Y               -       A1->Y R     AOI21X1        6 10.5   144   106     483    (-,-) 
  drc_bufs109698/Y        -       A->Y  F     INVX1          1  2.8    47    59     542    (-,-) 
  g107236/Y               -       B->Y  F     OR2X4         36 58.9   118   106     648    (-,-) 
  g107198/Y               -       A->Y  R     INVX1          3  5.8    62    61     709    (-,-) 
  g107127/Y               -       B->Y  R     AND2X2        22 38.0   136   114     823    (-,-) 
  g106975/Y               -       A1->Y F     AOI22X1        1  2.8    70    80     903    (-,-) 
  g106852/Y               -       B0->Y R     OAI2BB1X1      1  2.8    35    38     941    (-,-) 
  decoded_imm_j_reg[19]/D -       -     R     DFFHQX1        1    -     -     0     941    (-,-) 
#------------------------------------------------------------------------------------------------



Path 45: MET (3013 ps) Setup Check with Pin decoded_imm_j_reg[18]/CK->D
          Group: I2C
     Startpoint: (R) mem_ready
          Clock: (R) myclock
       Endpoint: (R) decoded_imm_j_reg[18]/D
          Clock: (R) myclock

                     Capture       Launch     
        Clock Edge:+    4000            0     
        Drv Adjust:+       0            0     
       Src Latency:+       0            0     
       Net Latency:+       0 (I)        0 (I) 
           Arrival:=    4000            0     
                                              
             Setup:-      26                  
       Uncertainty:-      20                  
     Required Time:=    3954                  
      Launch Clock:-       0                  
       Input Delay:-     100                  
         Data Path:-     841                  
             Slack:=    3013                  

Exceptions/Constraints:
  input_delay             100             picorv32.sdc_line_18_1_1 

#------------------------------------------------------------------------------------------------
#      Timing Point       Flags   Arc   Edge   Cell     Fanout Load Trans Delay Arrival Instance 
#                                                              (fF)  (ps)  (ps)   (ps)  Location 
#------------------------------------------------------------------------------------------------
  mem_ready               -       -     R     (arrival)      2  7.8    15     0     100    (-,-) 
  g109191/Y               -       A->Y  F     NAND2X8       37 62.8   136    77     177    (-,-) 
  g109032/Y               -       A->Y  R     INVX1          9 16.9   138   108     285    (-,-) 
  g108043/Y               -       B0->Y F     OAI211X1       1  2.8    76    91     377    (-,-) 
  g107464/Y               -       A1->Y R     AOI21X1        6 10.5   144   106     483    (-,-) 
  drc_bufs109698/Y        -       A->Y  F     INVX1          1  2.8    47    59     542    (-,-) 
  g107236/Y               -       B->Y  F     OR2X4         36 58.9   118   106     648    (-,-) 
  g107198/Y               -       A->Y  R     INVX1          3  5.8    62    61     709    (-,-) 
  g107127/Y               -       B->Y  R     AND2X2        22 38.0   136   114     823    (-,-) 
  g106974/Y               -       A1->Y F     AOI22X1        1  2.8    70    80     903    (-,-) 
  g106851/Y               -       B0->Y R     OAI2BB1X1      1  2.8    35    38     941    (-,-) 
  decoded_imm_j_reg[18]/D -       -     R     DFFHQX1        1    -     -     0     941    (-,-) 
#------------------------------------------------------------------------------------------------



Path 46: MET (3013 ps) Setup Check with Pin decoded_imm_j_reg[17]/CK->D
          Group: I2C
     Startpoint: (R) mem_ready
          Clock: (R) myclock
       Endpoint: (R) decoded_imm_j_reg[17]/D
          Clock: (R) myclock

                     Capture       Launch     
        Clock Edge:+    4000            0     
        Drv Adjust:+       0            0     
       Src Latency:+       0            0     
       Net Latency:+       0 (I)        0 (I) 
           Arrival:=    4000            0     
                                              
             Setup:-      26                  
       Uncertainty:-      20                  
     Required Time:=    3954                  
      Launch Clock:-       0                  
       Input Delay:-     100                  
         Data Path:-     841                  
             Slack:=    3013                  

Exceptions/Constraints:
  input_delay             100             picorv32.sdc_line_18_1_1 

#------------------------------------------------------------------------------------------------
#      Timing Point       Flags   Arc   Edge   Cell     Fanout Load Trans Delay Arrival Instance 
#                                                              (fF)  (ps)  (ps)   (ps)  Location 
#------------------------------------------------------------------------------------------------
  mem_ready               -       -     R     (arrival)      2  7.8    15     0     100    (-,-) 
  g109191/Y               -       A->Y  F     NAND2X8       37 62.8   136    77     177    (-,-) 
  g109032/Y               -       A->Y  R     INVX1          9 16.9   138   108     285    (-,-) 
  g108043/Y               -       B0->Y F     OAI211X1       1  2.8    76    91     377    (-,-) 
  g107464/Y               -       A1->Y R     AOI21X1        6 10.5   144   106     483    (-,-) 
  drc_bufs109698/Y        -       A->Y  F     INVX1          1  2.8    47    59     542    (-,-) 
  g107236/Y               -       B->Y  F     OR2X4         36 58.9   118   106     648    (-,-) 
  g107198/Y               -       A->Y  R     INVX1          3  5.8    62    61     709    (-,-) 
  g107127/Y               -       B->Y  R     AND2X2        22 38.0   136   114     823    (-,-) 
  g106973/Y               -       A1->Y F     AOI22X1        1  2.8    70    80     903    (-,-) 
  g106850/Y               -       B0->Y R     OAI2BB1X1      1  2.8    35    38     941    (-,-) 
  decoded_imm_j_reg[17]/D -       -     R     DFFHQX1        1    -     -     0     941    (-,-) 
#------------------------------------------------------------------------------------------------



Path 47: MET (3013 ps) Setup Check with Pin decoded_imm_j_reg[16]/CK->D
          Group: I2C
     Startpoint: (R) mem_ready
          Clock: (R) myclock
       Endpoint: (R) decoded_imm_j_reg[16]/D
          Clock: (R) myclock

                     Capture       Launch     
        Clock Edge:+    4000            0     
        Drv Adjust:+       0            0     
       Src Latency:+       0            0     
       Net Latency:+       0 (I)        0 (I) 
           Arrival:=    4000            0     
                                              
             Setup:-      26                  
       Uncertainty:-      20                  
     Required Time:=    3954                  
      Launch Clock:-       0                  
       Input Delay:-     100                  
         Data Path:-     841                  
             Slack:=    3013                  

Exceptions/Constraints:
  input_delay             100             picorv32.sdc_line_18_1_1 

#------------------------------------------------------------------------------------------------
#      Timing Point       Flags   Arc   Edge   Cell     Fanout Load Trans Delay Arrival Instance 
#                                                              (fF)  (ps)  (ps)   (ps)  Location 
#------------------------------------------------------------------------------------------------
  mem_ready               -       -     R     (arrival)      2  7.8    15     0     100    (-,-) 
  g109191/Y               -       A->Y  F     NAND2X8       37 62.8   136    77     177    (-,-) 
  g109032/Y               -       A->Y  R     INVX1          9 16.9   138   108     285    (-,-) 
  g108043/Y               -       B0->Y F     OAI211X1       1  2.8    76    91     377    (-,-) 
  g107464/Y               -       A1->Y R     AOI21X1        6 10.5   144   106     483    (-,-) 
  drc_bufs109698/Y        -       A->Y  F     INVX1          1  2.8    47    59     542    (-,-) 
  g107236/Y               -       B->Y  F     OR2X4         36 58.9   118   106     648    (-,-) 
  g107198/Y               -       A->Y  R     INVX1          3  5.8    62    61     709    (-,-) 
  g107127/Y               -       B->Y  R     AND2X2        22 38.0   136   114     823    (-,-) 
  g106972/Y               -       A1->Y F     AOI22X1        1  2.8    70    80     903    (-,-) 
  g106849/Y               -       B0->Y R     OAI2BB1X1      1  2.8    35    38     941    (-,-) 
  decoded_imm_j_reg[16]/D -       -     R     DFFHQX1        1    -     -     0     941    (-,-) 
#------------------------------------------------------------------------------------------------



Path 48: MET (3013 ps) Setup Check with Pin decoded_imm_j_reg[15]/CK->D
          Group: I2C
     Startpoint: (R) mem_ready
          Clock: (R) myclock
       Endpoint: (R) decoded_imm_j_reg[15]/D
          Clock: (R) myclock

                     Capture       Launch     
        Clock Edge:+    4000            0     
        Drv Adjust:+       0            0     
       Src Latency:+       0            0     
       Net Latency:+       0 (I)        0 (I) 
           Arrival:=    4000            0     
                                              
             Setup:-      26                  
       Uncertainty:-      20                  
     Required Time:=    3954                  
      Launch Clock:-       0                  
       Input Delay:-     100                  
         Data Path:-     841                  
             Slack:=    3013                  

Exceptions/Constraints:
  input_delay             100             picorv32.sdc_line_18_1_1 

#------------------------------------------------------------------------------------------------
#      Timing Point       Flags   Arc   Edge   Cell     Fanout Load Trans Delay Arrival Instance 
#                                                              (fF)  (ps)  (ps)   (ps)  Location 
#------------------------------------------------------------------------------------------------
  mem_ready               -       -     R     (arrival)      2  7.8    15     0     100    (-,-) 
  g109191/Y               -       A->Y  F     NAND2X8       37 62.8   136    77     177    (-,-) 
  g109032/Y               -       A->Y  R     INVX1          9 16.9   138   108     285    (-,-) 
  g108043/Y               -       B0->Y F     OAI211X1       1  2.8    76    91     377    (-,-) 
  g107464/Y               -       A1->Y R     AOI21X1        6 10.5   144   106     483    (-,-) 
  drc_bufs109698/Y        -       A->Y  F     INVX1          1  2.8    47    59     542    (-,-) 
  g107236/Y               -       B->Y  F     OR2X4         36 58.9   118   106     648    (-,-) 
  g107198/Y               -       A->Y  R     INVX1          3  5.8    62    61     709    (-,-) 
  g107127/Y               -       B->Y  R     AND2X2        22 38.0   136   114     823    (-,-) 
  g106971/Y               -       A1->Y F     AOI22X1        1  2.8    70    80     903    (-,-) 
  g106848/Y               -       B0->Y R     OAI2BB1X1      1  2.8    35    38     941    (-,-) 
  decoded_imm_j_reg[15]/D -       -     R     DFFHQX1        1    -     -     0     941    (-,-) 
#------------------------------------------------------------------------------------------------



Path 49: MET (3013 ps) Setup Check with Pin decoded_imm_j_reg[10]/CK->D
          Group: I2C
     Startpoint: (R) mem_ready
          Clock: (R) myclock
       Endpoint: (R) decoded_imm_j_reg[10]/D
          Clock: (R) myclock

                     Capture       Launch     
        Clock Edge:+    4000            0     
        Drv Adjust:+       0            0     
       Src Latency:+       0            0     
       Net Latency:+       0 (I)        0 (I) 
           Arrival:=    4000            0     
                                              
             Setup:-      26                  
       Uncertainty:-      20                  
     Required Time:=    3954                  
      Launch Clock:-       0                  
       Input Delay:-     100                  
         Data Path:-     841                  
             Slack:=    3013                  

Exceptions/Constraints:
  input_delay             100             picorv32.sdc_line_18_1_1 

#------------------------------------------------------------------------------------------------
#      Timing Point       Flags   Arc   Edge   Cell     Fanout Load Trans Delay Arrival Instance 
#                                                              (fF)  (ps)  (ps)   (ps)  Location 
#------------------------------------------------------------------------------------------------
  mem_ready               -       -     R     (arrival)      2  7.8    15     0     100    (-,-) 
  g109191/Y               -       A->Y  F     NAND2X8       37 62.8   136    77     177    (-,-) 
  g109032/Y               -       A->Y  R     INVX1          9 16.9   138   108     285    (-,-) 
  g108043/Y               -       B0->Y F     OAI211X1       1  2.8    76    91     377    (-,-) 
  g107464/Y               -       A1->Y R     AOI21X1        6 10.5   144   106     483    (-,-) 
  drc_bufs109698/Y        -       A->Y  F     INVX1          1  2.8    47    59     542    (-,-) 
  g107236/Y               -       B->Y  F     OR2X4         36 58.9   118   106     648    (-,-) 
  g107198/Y               -       A->Y  R     INVX1          3  5.8    62    61     709    (-,-) 
  g107127/Y               -       B->Y  R     AND2X2        22 38.0   136   114     823    (-,-) 
  g106969/Y               -       A1->Y F     AOI22X1        1  2.8    70    80     903    (-,-) 
  g106846/Y               -       B0->Y R     OAI2BB1X1      1  2.8    35    38     941    (-,-) 
  decoded_imm_j_reg[10]/D -       -     R     DFFHQX1        1    -     -     0     941    (-,-) 
#------------------------------------------------------------------------------------------------



Path 50: MET (3013 ps) Setup Check with Pin decoded_imm_j_reg[9]/CK->D
          Group: I2C
     Startpoint: (R) mem_ready
          Clock: (R) myclock
       Endpoint: (R) decoded_imm_j_reg[9]/D
          Clock: (R) myclock

                     Capture       Launch     
        Clock Edge:+    4000            0     
        Drv Adjust:+       0            0     
       Src Latency:+       0            0     
       Net Latency:+       0 (I)        0 (I) 
           Arrival:=    4000            0     
                                              
             Setup:-      26                  
       Uncertainty:-      20                  
     Required Time:=    3954                  
      Launch Clock:-       0                  
       Input Delay:-     100                  
         Data Path:-     841                  
             Slack:=    3013                  

Exceptions/Constraints:
  input_delay             100             picorv32.sdc_line_18_1_1 

#-----------------------------------------------------------------------------------------------
#     Timing Point       Flags   Arc   Edge   Cell     Fanout Load Trans Delay Arrival Instance 
#                                                             (fF)  (ps)  (ps)   (ps)  Location 
#-----------------------------------------------------------------------------------------------
  mem_ready              -       -     R     (arrival)      2  7.8    15     0     100    (-,-) 
  g109191/Y              -       A->Y  F     NAND2X8       37 62.8   136    77     177    (-,-) 
  g109032/Y              -       A->Y  R     INVX1          9 16.9   138   108     285    (-,-) 
  g108043/Y              -       B0->Y F     OAI211X1       1  2.8    76    91     377    (-,-) 
  g107464/Y              -       A1->Y R     AOI21X1        6 10.5   144   106     483    (-,-) 
  drc_bufs109698/Y       -       A->Y  F     INVX1          1  2.8    47    59     542    (-,-) 
  g107236/Y              -       B->Y  F     OR2X4         36 58.9   118   106     648    (-,-) 
  g107198/Y              -       A->Y  R     INVX1          3  5.8    62    61     709    (-,-) 
  g107127/Y              -       B->Y  R     AND2X2        22 38.0   136   114     823    (-,-) 
  g106968/Y              -       A1->Y F     AOI22X1        1  2.8    70    80     903    (-,-) 
  g106845/Y              -       B0->Y R     OAI2BB1X1      1  2.8    35    38     941    (-,-) 
  decoded_imm_j_reg[9]/D -       -     R     DFFHQX1        1    -     -     0     941    (-,-) 
#-----------------------------------------------------------------------------------------------

