Cadence Genus(TM) Synthesis Solution.
Copyright 2023 Cadence Design Systems, Inc. All rights reserved worldwide.
Cadence and the Cadence logo are registered trademarks and Genus is a trademark
of Cadence Design Systems, Inc. in the United States and other countries.

[18:46:55.046570] Configured Lic search path (21.01-s002): 1717@seesemi.upc.edu:5280@blendedP.upc.edu

Version: 22.13-s093_1, built Tue Sep 05 08:56:02 PDT 2023
Options: 
Date:    Mon Apr 13 18:46:55 2026
Host:    c4d3 (x86_64 w/Linux 4.18.0-553.56.1.el8_10.x86_64) (16cores*24cpus*1physical cpu*13th Gen Intel(R) Core(TM) i7-13700 30720KB) (32577160KB)
PID:     7843
OS:      Rocky Linux release 8.10 (Green Obsidian)

Checking out license: Genus_Synthesis
[18:46:55.449009] periodic Lic check successful
[18:46:55.449010] Feature usage summary:
[18:46:55.449010] Genus_Synthesis



***********************************************************************************************************
***********************************************************************************************************



Finished executable startup (1 second elapsed).

Loading tool scripts...
Finished loading tool scripts (7 seconds elapsed).

WARNING: This version of the tool is 951 days old.
@genus:root: 1> source ../Scripts/synth1.tcl
Sourcing '../Scripts/synth1.tcl' (Mon Apr 13 18:47:39 CEST 2026)...
#@ Begin verbose source ../Scripts/synth1.tcl
@file(synth1.tcl) 3: if {[file exists /proc/cpuinfo]} {
  sh grep "model name" /proc/cpuinfo
  sh grep "cpu MHz"    /proc/cpuinfo
}
model name	: 13th Gen Intel(R) Core(TM) i7-13700
model name	: 13th Gen Intel(R) Core(TM) i7-13700
model name	: 13th Gen Intel(R) Core(TM) i7-13700
model name	: 13th Gen Intel(R) Core(TM) i7-13700
model name	: 13th Gen Intel(R) Core(TM) i7-13700
model name	: 13th Gen Intel(R) Core(TM) i7-13700
model name	: 13th Gen Intel(R) Core(TM) i7-13700
model name	: 13th Gen Intel(R) Core(TM) i7-13700
model name	: 13th Gen Intel(R) Core(TM) i7-13700
model name	: 13th Gen Intel(R) Core(TM) i7-13700
model name	: 13th Gen Intel(R) Core(TM) i7-13700
model name	: 13th Gen Intel(R) Core(TM) i7-13700
model name	: 13th Gen Intel(R) Core(TM) i7-13700
model name	: 13th Gen Intel(R) Core(TM) i7-13700
model name	: 13th Gen Intel(R) Core(TM) i7-13700
model name	: 13th Gen Intel(R) Core(TM) i7-13700
model name	: 13th Gen Intel(R) Core(TM) i7-13700
model name	: 13th Gen Intel(R) Core(TM) i7-13700
model name	: 13th Gen Intel(R) Core(TM) i7-13700
model name	: 13th Gen Intel(R) Core(TM) i7-13700
model name	: 13th Gen Intel(R) Core(TM) i7-13700
model name	: 13th Gen Intel(R) Core(TM) i7-13700
model name	: 13th Gen Intel(R) Core(TM) i7-13700
model name	: 13th Gen Intel(R) Core(TM) i7-13700
cpu MHz		: 2100.000
cpu MHz		: 2100.000
cpu MHz		: 2100.000
cpu MHz		: 2100.000
cpu MHz		: 2100.000
cpu MHz		: 2100.000
cpu MHz		: 2100.000
cpu MHz		: 2100.000
cpu MHz		: 2100.000
cpu MHz		: 2100.000
cpu MHz		: 2100.000
cpu MHz		: 2100.000
cpu MHz		: 2100.000
cpu MHz		: 2100.000
cpu MHz		: 1922.925
cpu MHz		: 2100.000
cpu MHz		: 2100.000
cpu MHz		: 2100.000
cpu MHz		: 2100.000
cpu MHz		: 2100.000
cpu MHz		: 2100.000
cpu MHz		: 2100.000
cpu MHz		: 2100.000
cpu MHz		: 2100.000
@file(synth1.tcl) 8: puts "Hostname : [info hostname]"
Hostname : c4d3.upc.es
@file(synth1.tcl) 15: set DESIGN mgmt_core_wrapper
@file(synth1.tcl) 16: set GEN_EFF medium
@file(synth1.tcl) 17: set MAP_OPT_EFF high
@file(synth1.tcl) 18: set DATE [clock format [clock seconds] -format "%b%d-%T"] 
@file(synth1.tcl) 19: set _OUTPUTS_PATH out_${DATE}
@file(synth1.tcl) 20: set _REPORTS_PATH reports_${DATE}
@file(synth1.tcl) 21: set _LOG_PATH logs_${DATE}
@file(synth1.tcl) 23: set_db design_process_node 45
  Setting attribute of root '/': 'design_process_node' = 45
@file(synth1.tcl) 24: set_db init_power_nets {VDD}
This attribute has no effect on the tool operation.
  Setting attribute of root '/': 'init_power_nets' = VDD
@file(synth1.tcl) 25: set_db init_ground_nets {VSS}
This attribute has no effect on the tool operation.
  Setting attribute of root '/': 'init_ground_nets' = VSS
@file(synth1.tcl) 31: set_db  init_lib_search_path {. 
    /eda/trasllat/GPDK45/gsclib045_all_v4.7/gsclib045/timing \
    /eda/trasllat/GPDK45/gsclib045_all_v4.7/gsclib045/lef \
    ../macros \
} 
  Setting attribute of root '/': 'init_lib_search_path' = . 
    /eda/trasllat/GPDK45/gsclib045_all_v4.7/gsclib045/timing  /eda/trasllat/GPDK45/gsclib045_all_v4.7/gsclib045/lef  ../macros  
@file(synth1.tcl) 36: set_db script_search_path {. } 
  Setting attribute of root '/': 'script_search_path' = . 
@file(synth1.tcl) 37: set_db init_hdl_search_path {. .. ../rtl} 
  Setting attribute of root '/': 'init_hdl_search_path' = . .. ../rtl
@file(synth1.tcl) 42: set_db information_level 9 
  Setting attribute of root '/': 'information_level' = 9
@file(synth1.tcl) 52: read_libs { \
    fast_vdd1v0_basicCells.lib \
    fast_vdd1v0_multibitsDFF.lib \
    ram_128_1v1_0C.lib \
}
Info    : Missing a function attribute in the output pin definition. [LBR-518]
        : Functionality is missing at pin 'Y' for the cell 'HOLDX1'. (File /eda/trasllat/GPDK45/gsclib045_all_v4.7/gsclib045/timing/fast_vdd1v0_basicCells.lib, Line 67517)
Info    : An unsupported construct was detected in this library. [LBR-40]
        : Unknown Liberty attribute 'library_features' encountered. Ignoring (File /home/alumnes/s/serik.perez/dnd/synth/caravel-picorv32/R1/../macros/ram_128_1v1_0C.lib, Line 5)
        : Check to see if this construct is really needed for synthesis. Many liberty constructs are not actually required.
Info    : An unsupported construct was detected in this library. [LBR-40]
        : Unknown Liberty attribute 'define' encountered. Ignoring (File /home/alumnes/s/serik.perez/dnd/synth/caravel-picorv32/R1/../macros/ram_128_1v1_0C.lib, Line 300)
Info    : An unsupported construct was detected in this library. [LBR-40]
        : Unknown Liberty attribute 'define' encountered. Ignoring (File /home/alumnes/s/serik.perez/dnd/synth/caravel-picorv32/R1/../macros/ram_128_1v1_0C.lib, Line 301)

Reading library /eda/trasllat/GPDK45/gsclib045_all_v4.7/gsclib045/timing/fast_vdd1v0_multibitsDFF.libInfo    : Appending library. [LBR-3]
        : Appending library 'fast_vdd1v0' to the previously read library of the same name and nominal PVT. Cell definitions from the previously read library will not be overridden. (File /eda/trasllat/GPDK45/gsclib045_all_v4.7/gsclib045/timing/fast_vdd1v0_multibitsDFF.lib)
        : Appending libraries will overwrite some of the characteristics of the library.
Info    : Missing a function attribute in the output pin definition. [LBR-518]
        : Functionality is missing at pin 'Q1' for the cell 'SDFF2RX1'. (File /eda/trasllat/GPDK45/gsclib045_all_v4.7/gsclib045/timing/fast_vdd1v0_multibitsDFF.lib, Line 3574)
Info    : Missing a function attribute in the output pin definition. [LBR-518]
        : Functionality is missing at pin 'Q2' for the cell 'SDFF2RX1'. (File /eda/trasllat/GPDK45/gsclib045_all_v4.7/gsclib045/timing/fast_vdd1v0_multibitsDFF.lib, Line 3578)
Info    : Missing a function attribute in the output pin definition. [LBR-518]
        : Functionality is missing at pin 'Q1N' for the cell 'SDFF2RX1'. (File /eda/trasllat/GPDK45/gsclib045_all_v4.7/gsclib045/timing/fast_vdd1v0_multibitsDFF.lib, Line 3684)
Info    : Missing a function attribute in the output pin definition. [LBR-518]
        : Functionality is missing at pin 'Q2N' for the cell 'SDFF2RX1'. (File /eda/trasllat/GPDK45/gsclib045_all_v4.7/gsclib045/timing/fast_vdd1v0_multibitsDFF.lib, Line 3688)
Info    : Missing a function attribute in the output pin definition. [LBR-518]
        : Functionality is missing at pin 'Q1' for the cell 'SDFF2RX2'. (File /eda/trasllat/GPDK45/gsclib045_all_v4.7/gsclib045/timing/fast_vdd1v0_multibitsDFF.lib, Line 4486)
Info    : Missing a function attribute in the output pin definition. [LBR-518]
        : Functionality is missing at pin 'Q2' for the cell 'SDFF2RX2'. (File /eda/trasllat/GPDK45/gsclib045_all_v4.7/gsclib045/timing/fast_vdd1v0_multibitsDFF.lib, Line 4490)
Info    : Missing a function attribute in the output pin definition. [LBR-518]
        : Functionality is missing at pin 'Q1N' for the cell 'SDFF2RX2'. (File /eda/trasllat/GPDK45/gsclib045_all_v4.7/gsclib045/timing/fast_vdd1v0_multibitsDFF.lib, Line 4596)
Info    : Missing a function attribute in the output pin definition. [LBR-518]
        : Functionality is missing at pin 'Q2N' for the cell 'SDFF2RX2'. (File /eda/trasllat/GPDK45/gsclib045_all_v4.7/gsclib045/timing/fast_vdd1v0_multibitsDFF.lib, Line 4600)
Info    : Missing a function attribute in the output pin definition. [LBR-518]
        : Functionality is missing at pin 'Q1' for the cell 'SDFF4RX1'. (File /eda/trasllat/GPDK45/gsclib045_all_v4.7/gsclib045/timing/fast_vdd1v0_multibitsDFF.lib, Line 6358)
Info    : Missing a function attribute in the output pin definition. [LBR-518]
        : Functionality is missing at pin 'Q2' for the cell 'SDFF4RX1'. (File /eda/trasllat/GPDK45/gsclib045_all_v4.7/gsclib045/timing/fast_vdd1v0_multibitsDFF.lib, Line 6362)
Info    : Missing a function attribute in the output pin definition. [LBR-518]
        : Functionality is missing at pin 'Q3' for the cell 'SDFF4RX1'. (File /eda/trasllat/GPDK45/gsclib045_all_v4.7/gsclib045/timing/fast_vdd1v0_multibitsDFF.lib, Line 6366)
Info    : Missing a function attribute in the output pin definition. [LBR-518]
        : Functionality is missing at pin 'Q4' for the cell 'SDFF4RX1'. (File /eda/trasllat/GPDK45/gsclib045_all_v4.7/gsclib045/timing/fast_vdd1v0_multibitsDFF.lib, Line 6370)
Info    : Missing a function attribute in the output pin definition. [LBR-518]
        : Functionality is missing at pin 'Q1N' for the cell 'SDFF4RX1'. (File /eda/trasllat/GPDK45/gsclib045_all_v4.7/gsclib045/timing/fast_vdd1v0_multibitsDFF.lib, Line 6476)
Info    : Missing a function attribute in the output pin definition. [LBR-518]
        : Functionality is missing at pin 'Q2N' for the cell 'SDFF4RX1'. (File /eda/trasllat/GPDK45/gsclib045_all_v4.7/gsclib045/timing/fast_vdd1v0_multibitsDFF.lib, Line 6480)
Info    : Missing a function attribute in the output pin definition. [LBR-518]
        : Functionality is missing at pin 'Q3N' for the cell 'SDFF4RX1'. (File /eda/trasllat/GPDK45/gsclib045_all_v4.7/gsclib045/timing/fast_vdd1v0_multibitsDFF.lib, Line 6484)
Info    : Missing a function attribute in the output pin definition. [LBR-518]
        : Functionality is missing at pin 'Q4N' for the cell 'SDFF4RX1'. (File /eda/trasllat/GPDK45/gsclib045_all_v4.7/gsclib045/timing/fast_vdd1v0_multibitsDFF.lib, Line 6488)
Info    : Missing a function attribute in the output pin definition. [LBR-518]
        : Functionality is missing at pin 'Q1' for the cell 'SDFF4RX2'. (File /eda/trasllat/GPDK45/gsclib045_all_v4.7/gsclib045/timing/fast_vdd1v0_multibitsDFF.lib, Line 8262)
Info    : Missing a function attribute in the output pin definition. [LBR-518]
        : Functionality is missing at pin 'Q2' for the cell 'SDFF4RX2'. (File /eda/trasllat/GPDK45/gsclib045_all_v4.7/gsclib045/timing/fast_vdd1v0_multibitsDFF.lib, Line 8266)
Info    : Missing a function attribute in the output pin definition. [LBR-518]
        : Functionality is missing at pin 'Q3' for the cell 'SDFF4RX2'. (File /eda/trasllat/GPDK45/gsclib045_all_v4.7/gsclib045/timing/fast_vdd1v0_multibitsDFF.lib, Line 8270)
Warning : Maximum message print count reached. [MESG-11]
        : Maximum print count of '20' reached for message 'LBR-518'.

  Message Summary for Library all 3 libraries:
  ********************************************
  Missing a function attribute in the output pin definition. [LBR-518]: 49
  An unsupported construct was detected in this library. [LBR-40]: 3
  Appending library. [LBR-3]: 1
  ********************************************
 
            Reading file '/eda/trasllat/GPDK45/gsclib045_all_v4.7/gsclib045/timing/fast_vdd1v0_basicCells.lib'
            Reading file '/eda/trasllat/GPDK45/gsclib045_all_v4.7/gsclib045/timing/fast_vdd1v0_multibitsDFF.lib'
            Reading file '/home/alumnes/s/serik.perez/dnd/synth/caravel-picorv32/R1/../macros/ram_128_1v1_0C.lib'
Info    : Created nominal operating condition. [LBR-412]
        : Operating condition '_nominal_' was created for the PVT values (1.000000, 1.100000, 0.000000) in library 'fast_vdd1v0_multibitsDFF.lib'.
        : The nominal operating condition is represented, either by the nominal PVT values specified in the library source (via nom_process,nom_voltage and nom_temperature respectively), or by the default PVT values (1.0,1.0,1.0).
Info    : Created nominal operating condition. [LBR-412]
        : Operating condition '_nominal_' was created for the PVT values (1.000000, 1.100000, 0.000000) in library 'ram_128_1v1_0C.lib'.
Info    : An output library pin lacks a function attribute. [LBR-41]
        : Output pin 'scm_128x32/data_o[0]' has no function.
        : If the remainder of this library cell's semantic checks are successful, it will be considered as a timing-model (because one of its outputs does not have a valid function.
Info    : An output library pin lacks a function attribute. [LBR-41]
        : Output pin 'scm_128x32/data_o[1]' has no function.
Info    : An output library pin lacks a function attribute. [LBR-41]
        : Output pin 'scm_128x32/data_o[2]' has no function.
Info    : An output library pin lacks a function attribute. [LBR-41]
        : Output pin 'scm_128x32/data_o[3]' has no function.
Info    : An output library pin lacks a function attribute. [LBR-41]
        : Output pin 'scm_128x32/data_o[4]' has no function.
Info    : An output library pin lacks a function attribute. [LBR-41]
        : Output pin 'scm_128x32/data_o[5]' has no function.
Info    : An output library pin lacks a function attribute. [LBR-41]
        : Output pin 'scm_128x32/data_o[6]' has no function.
Info    : An output library pin lacks a function attribute. [LBR-41]
        : Output pin 'scm_128x32/data_o[7]' has no function.
Info    : An output library pin lacks a function attribute. [LBR-41]
        : Output pin 'scm_128x32/data_o[8]' has no function.
Info    : An output library pin lacks a function attribute. [LBR-41]
        : Output pin 'scm_128x32/data_o[9]' has no function.
Info    : An output library pin lacks a function attribute. [LBR-41]
        : Output pin 'scm_128x32/data_o[10]' has no function.
Info    : An output library pin lacks a function attribute. [LBR-41]
        : Output pin 'scm_128x32/data_o[11]' has no function.
Info    : An output library pin lacks a function attribute. [LBR-41]
        : Output pin 'scm_128x32/data_o[12]' has no function.
Info    : An output library pin lacks a function attribute. [LBR-41]
        : Output pin 'scm_128x32/data_o[13]' has no function.
Info    : An output library pin lacks a function attribute. [LBR-41]
        : Output pin 'scm_128x32/data_o[14]' has no function.
Info    : An output library pin lacks a function attribute. [LBR-41]
        : Output pin 'scm_128x32/data_o[15]' has no function.
Info    : An output library pin lacks a function attribute. [LBR-41]
        : Output pin 'scm_128x32/data_o[16]' has no function.
Info    : An output library pin lacks a function attribute. [LBR-41]
        : Output pin 'scm_128x32/data_o[17]' has no function.
Info    : An output library pin lacks a function attribute. [LBR-41]
        : Output pin 'scm_128x32/data_o[18]' has no function.
Info    : An output library pin lacks a function attribute. [LBR-41]
        : Output pin 'scm_128x32/data_o[19]' has no function.
Warning : Maximum message print count reached. [MESG-11]
        : Maximum print count of '20' reached for message 'LBR-41'.
Warning : Library cell has no output pins defined. [LBR-9]
        : Library cell 'ANTENNA' must have an output pin.
        : Add the missing output pin(s), then reload the library. Else the library cell will be marked as timing model i.e. unusable. Timing_model means that the cell does not have any defined function. If there is no output pin, Genus will mark library cell as unusable i.e. the attribute 'usable' will be marked to 'false' on the libcell. Therefore, the cell is not used for mapping and it will not be picked up from the library for synthesis. If you query the attribute 'unusable_reason' on the libcell; result will be: 'Library cell has no output pins.'Note: The message LBR-9 is only for the logical pins and not for the power_ground pins. Genus will depend upon the output function defined in the pin group (output pin) of the cell, to use it for mapping. The pg_pin will not have any function defined.
Warning : Library cell has no output pins defined. [LBR-9]
        : Library cell 'ANTENNA' must have an output pin.
Warning : Clock function definition makes cell unusable. [LBR-141]
        : Sequential cell 'TLATNSRX1' has invalid (or complex) clock function.
        : The sequential cell cannot be inferred because its clock function is unknown.
Warning : Clock function definition makes cell unusable. [LBR-141]
        : Sequential cell 'TLATNSRX1' has invalid (or complex) clock function.
Warning : Clock function definition makes cell unusable. [LBR-141]
        : Sequential cell 'TLATNSRX2' has invalid (or complex) clock function.
Warning : Clock function definition makes cell unusable. [LBR-141]
        : Sequential cell 'TLATNSRX2' has invalid (or complex) clock function.
Warning : Clock function definition makes cell unusable. [LBR-141]
        : Sequential cell 'TLATNSRX4' has invalid (or complex) clock function.
Warning : Clock function definition makes cell unusable. [LBR-141]
        : Sequential cell 'TLATNSRX4' has invalid (or complex) clock function.
Warning : Clock function definition makes cell unusable. [LBR-141]
        : Sequential cell 'TLATNSRXL' has invalid (or complex) clock function.
Warning : Clock function definition makes cell unusable. [LBR-141]
        : Sequential cell 'TLATNSRXL' has invalid (or complex) clock function.
Warning : Clock function definition makes cell unusable. [LBR-141]
        : Sequential cell 'TLATSRX1' has invalid (or complex) clock function.
Warning : Clock function definition makes cell unusable. [LBR-141]
        : Sequential cell 'TLATSRX1' has invalid (or complex) clock function.
Warning : Clock function definition makes cell unusable. [LBR-141]
        : Sequential cell 'TLATSRX2' has invalid (or complex) clock function.
Warning : Clock function definition makes cell unusable. [LBR-141]
        : Sequential cell 'TLATSRX2' has invalid (or complex) clock function.
Warning : Clock function definition makes cell unusable. [LBR-141]
        : Sequential cell 'TLATSRX4' has invalid (or complex) clock function.
Warning : Clock function definition makes cell unusable. [LBR-141]
        : Sequential cell 'TLATSRX4' has invalid (or complex) clock function.
Warning : Clock function definition makes cell unusable. [LBR-141]
        : Sequential cell 'TLATSRXL' has invalid (or complex) clock function.
Warning : Clock function definition makes cell unusable. [LBR-141]
        : Sequential cell 'TLATSRXL' has invalid (or complex) clock function.
Warning : Library cell has no output pins defined. [LBR-9]
        : Library cell 'DECAP10' must have an output pin.
Warning : Library cell has no output pins defined. [LBR-9]
        : Library cell 'DECAP10' must have an output pin.
Warning : Library cell has no output pins defined. [LBR-9]
        : Library cell 'DECAP2' must have an output pin.
Warning : Library cell has no output pins defined. [LBR-9]
        : Library cell 'DECAP2' must have an output pin.
Warning : Library cell has no output pins defined. [LBR-9]
        : Library cell 'DECAP3' must have an output pin.
Warning : Library cell has no output pins defined. [LBR-9]
        : Library cell 'DECAP3' must have an output pin.
Warning : Library cell has no output pins defined. [LBR-9]
        : Library cell 'DECAP4' must have an output pin.
Warning : Library cell has no output pins defined. [LBR-9]
        : Library cell 'DECAP4' must have an output pin.
Warning : Library cell has no output pins defined. [LBR-9]
        : Library cell 'DECAP5' must have an output pin.
Warning : Library cell has no output pins defined. [LBR-9]
        : Library cell 'DECAP5' must have an output pin.
Warning : Library cell has no output pins defined. [LBR-9]
        : Library cell 'DECAP6' must have an output pin.
Warning : Library cell has no output pins defined. [LBR-9]
        : Library cell 'DECAP6' must have an output pin.
Warning : Library cell has no output pins defined. [LBR-9]
        : Library cell 'DECAP7' must have an output pin.
Warning : Library cell has no output pins defined. [LBR-9]
        : Library cell 'DECAP7' must have an output pin.
Warning : Library cell has no output pins defined. [LBR-9]
        : Library cell 'DECAP8' must have an output pin.
Warning : Library cell has no output pins defined. [LBR-9]
        : Library cell 'DECAP8' must have an output pin.
Warning : Library cell has no output pins defined. [LBR-9]
        : Library cell 'DECAP9' must have an output pin.
Warning : Library cell has no output pins defined. [LBR-9]
        : Library cell 'DECAP9' must have an output pin.
@file(synth1.tcl) 59: read_physical -lef { \
    gsclib045_tech.lef \
    gsclib045_macro.lef \
    gsclib045_multibitsDFF.lef \
    ram_128.lef \
}
Info    : Via with no resistance will have a value of '0.0' assigned for resistance value. [PHYS-129]
        : Via 'M2_M1_HV' has no resistance value.
        : If this is the expected behavior, this message can be ignored.
Info    : Via with no resistance will have a value of '0.0' assigned for resistance value. [PHYS-129]
        : Via 'M2_M1_VV' has no resistance value.
Info    : Via with no resistance will have a value of '0.0' assigned for resistance value. [PHYS-129]
        : Via 'M2_M1_VH' has no resistance value.
Info    : Via with no resistance will have a value of '0.0' assigned for resistance value. [PHYS-129]
        : Via 'M2_M1_HH' has no resistance value.
Info    : Via with no resistance will have a value of '0.0' assigned for resistance value. [PHYS-129]
        : Via 'M2_M1_2x1_HV_E' has no resistance value.
Info    : Via with no resistance will have a value of '0.0' assigned for resistance value. [PHYS-129]
        : Via 'M2_M1_2x1_HV_W' has no resistance value.
Info    : Via with no resistance will have a value of '0.0' assigned for resistance value. [PHYS-129]
        : Via 'M2_M1_1x2_HV_N' has no resistance value.
Info    : Via with no resistance will have a value of '0.0' assigned for resistance value. [PHYS-129]
        : Via 'M2_M1_1x2_HV_S' has no resistance value.
Info    : Via with no resistance will have a value of '0.0' assigned for resistance value. [PHYS-129]
        : Via 'M3_M2_VH' has no resistance value.
Info    : Via with no resistance will have a value of '0.0' assigned for resistance value. [PHYS-129]
        : Via 'M3_M2_HH' has no resistance value.
Info    : Via with no resistance will have a value of '0.0' assigned for resistance value. [PHYS-129]
        : Via 'M3_M2_HV' has no resistance value.
Info    : Via with no resistance will have a value of '0.0' assigned for resistance value. [PHYS-129]
        : Via 'M3_M2_VV' has no resistance value.
Info    : Via with no resistance will have a value of '0.0' assigned for resistance value. [PHYS-129]
        : Via 'M3_M2_M_NH' has no resistance value.
Info    : Via with no resistance will have a value of '0.0' assigned for resistance value. [PHYS-129]
        : Via 'M3_M2_M_SH' has no resistance value.
Info    : Via with no resistance will have a value of '0.0' assigned for resistance value. [PHYS-129]
        : Via 'M3_M2_2x1_VH_E' has no resistance value.
Info    : Via with no resistance will have a value of '0.0' assigned for resistance value. [PHYS-129]
        : Via 'M3_M2_2x1_VH_W' has no resistance value.
Info    : Via with no resistance will have a value of '0.0' assigned for resistance value. [PHYS-129]
        : Via 'M3_M2_1x2_VH_N' has no resistance value.
Info    : Via with no resistance will have a value of '0.0' assigned for resistance value. [PHYS-129]
        : Via 'M3_M2_1x2_VH_S' has no resistance value.
Info    : Via with no resistance will have a value of '0.0' assigned for resistance value. [PHYS-129]
        : Via 'M4_M3_HV' has no resistance value.
Info    : Via with no resistance will have a value of '0.0' assigned for resistance value. [PHYS-129]
        : Via 'M4_M3_VV' has no resistance value.
Warning : Maximum message print count reached. [MESG-11]
        : Maximum print count of '20' reached for message 'PHYS-129'.
Warning : Duplicate macro definition. [PHYS-107]
        : Macro 'DFF2RX1' is already defined. Ignoring this definition in file '/eda/trasllat/GPDK45/gsclib045_all_v4.7/gsclib045/lef/gsclib045_multibitsDFF.lef'.
Warning : Duplicate macro definition. [PHYS-107]
        : Macro 'DFF2RX2' is already defined. Ignoring this definition in file '/eda/trasllat/GPDK45/gsclib045_all_v4.7/gsclib045/lef/gsclib045_multibitsDFF.lef'.
Warning : Duplicate macro definition. [PHYS-107]
        : Macro 'DFF2X1' is already defined. Ignoring this definition in file '/eda/trasllat/GPDK45/gsclib045_all_v4.7/gsclib045/lef/gsclib045_multibitsDFF.lef'.
Warning : Duplicate macro definition. [PHYS-107]
        : Macro 'DFF2X2' is already defined. Ignoring this definition in file '/eda/trasllat/GPDK45/gsclib045_all_v4.7/gsclib045/lef/gsclib045_multibitsDFF.lef'.
Warning : Duplicate macro definition. [PHYS-107]
        : Macro 'DFF4RX1' is already defined. Ignoring this definition in file '/eda/trasllat/GPDK45/gsclib045_all_v4.7/gsclib045/lef/gsclib045_multibitsDFF.lef'.
Warning : Duplicate macro definition. [PHYS-107]
        : Macro 'DFF4RX2' is already defined. Ignoring this definition in file '/eda/trasllat/GPDK45/gsclib045_all_v4.7/gsclib045/lef/gsclib045_multibitsDFF.lef'.
Warning : Duplicate macro definition. [PHYS-107]
        : Macro 'DFF4X1' is already defined. Ignoring this definition in file '/eda/trasllat/GPDK45/gsclib045_all_v4.7/gsclib045/lef/gsclib045_multibitsDFF.lef'.
Warning : Duplicate macro definition. [PHYS-107]
        : Macro 'DFF4X2' is already defined. Ignoring this definition in file '/eda/trasllat/GPDK45/gsclib045_all_v4.7/gsclib045/lef/gsclib045_multibitsDFF.lef'.
Warning : Duplicate macro definition. [PHYS-107]
        : Macro 'SDFF2RX1' is already defined. Ignoring this definition in file '/eda/trasllat/GPDK45/gsclib045_all_v4.7/gsclib045/lef/gsclib045_multibitsDFF.lef'.
Warning : Duplicate macro definition. [PHYS-107]
        : Macro 'SDFF2RX2' is already defined. Ignoring this definition in file '/eda/trasllat/GPDK45/gsclib045_all_v4.7/gsclib045/lef/gsclib045_multibitsDFF.lef'.
Warning : Duplicate macro definition. [PHYS-107]
        : Macro 'SDFF4RX1' is already defined. Ignoring this definition in file '/eda/trasllat/GPDK45/gsclib045_all_v4.7/gsclib045/lef/gsclib045_multibitsDFF.lef'.
Warning : Duplicate macro definition. [PHYS-107]
        : Macro 'SDFF4RX2' is already defined. Ignoring this definition in file '/eda/trasllat/GPDK45/gsclib045_all_v4.7/gsclib045/lef/gsclib045_multibitsDFF.lef'.
Warning : Duplicate macro definition. [PHYS-107]
        : Macro 'SPDFF2RX1' is already defined. Ignoring this definition in file '/eda/trasllat/GPDK45/gsclib045_all_v4.7/gsclib045/lef/gsclib045_multibitsDFF.lef'.
Warning : Duplicate macro definition. [PHYS-107]
        : Macro 'SPDFF2RX2' is already defined. Ignoring this definition in file '/eda/trasllat/GPDK45/gsclib045_all_v4.7/gsclib045/lef/gsclib045_multibitsDFF.lef'.
Warning : Duplicate macro definition. [PHYS-107]
        : Macro 'SPDFF4RX1' is already defined. Ignoring this definition in file '/eda/trasllat/GPDK45/gsclib045_all_v4.7/gsclib045/lef/gsclib045_multibitsDFF.lef'.
Warning : Duplicate macro definition. [PHYS-107]
        : Macro 'SPDFF4RX2' is already defined. Ignoring this definition in file '/eda/trasllat/GPDK45/gsclib045_all_v4.7/gsclib045/lef/gsclib045_multibitsDFF.lef'.

  According to lef_library, there are total 11 routing layers [ V(5) / H(6) ]

Warning : Physical cell not defined in library. [PHYS-279]
        : The physical (LEF) cell FILL1 cannot be found in library.
        : Ensure that the proper library files are available and have been imported.
Warning : Physical cell not defined in library. [PHYS-279]
        : The physical (LEF) cell FILL16 cannot be found in library.
Warning : Physical cell not defined in library. [PHYS-279]
        : The physical (LEF) cell FILL2 cannot be found in library.
Warning : Physical cell not defined in library. [PHYS-279]
        : The physical (LEF) cell FILL32 cannot be found in library.
Warning : Physical cell not defined in library. [PHYS-279]
        : The physical (LEF) cell FILL4 cannot be found in library.
Warning : Physical cell not defined in library. [PHYS-279]
        : The physical (LEF) cell FILL64 cannot be found in library.
Warning : Physical cell not defined in library. [PHYS-279]
        : The physical (LEF) cell FILL8 cannot be found in library.
Warning : Physical cell not defined in library. [PHYS-279]
        : The physical (LEF) cell FSWNX1 cannot be found in library.
Warning : Physical cell not defined in library. [PHYS-279]
        : The physical (LEF) cell FSWX1 cannot be found in library.
Warning : Physical cell not defined in library. [PHYS-279]
        : The physical (LEF) cell HSWDNX1 cannot be found in library.
Warning : Physical cell not defined in library. [PHYS-279]
        : The physical (LEF) cell HSWDX1 cannot be found in library.
Warning : Physical cell not defined in library. [PHYS-279]
        : The physical (LEF) cell HSWNX1 cannot be found in library.
Warning : Physical cell not defined in library. [PHYS-279]
        : The physical (LEF) cell HSWX1 cannot be found in library.
Warning : Physical cell not defined in library. [PHYS-279]
        : The physical (LEF) cell ISOHLDX1_OFF cannot be found in library.
Warning : Physical cell not defined in library. [PHYS-279]
        : The physical (LEF) cell ISOHLDX1_ON cannot be found in library.
Warning : Physical cell not defined in library. [PHYS-279]
        : The physical (LEF) cell ISOHX1_OFF cannot be found in library.
Warning : Physical cell not defined in library. [PHYS-279]
        : The physical (LEF) cell ISOHX1_ON cannot be found in library.
Warning : Physical cell not defined in library. [PHYS-279]
        : The physical (LEF) cell ISOLX1_OFF cannot be found in library.
Warning : Physical cell not defined in library. [PHYS-279]
        : The physical (LEF) cell ISOLX1_ON cannot be found in library.
Warning : Physical cell not defined in library. [PHYS-279]
        : The physical (LEF) cell ISONLX1_OFF cannot be found in library.
Warning : Maximum message print count reached. [MESG-11]
        : Maximum print count of '20' reached for message 'PHYS-279'.
Warning : Library cell pin 'use' attribute is inconsistent between lib and LEF. [PHYS-128]
        : Pin 'VSS' of library cell 'scm_128x32' is marked as GROUND in LEF file.
        : Overriding lib value with LEF value. To use .lib as golden do: '::legacy::set_attribute use_power_ground_pin_from_lef false'.
Warning : Library cell pin 'use' attribute is inconsistent between lib and LEF. [PHYS-128]
        : Pin 'VDD' of library cell 'scm_128x32' is marked as POWER in LEF file.
Info : Found 0 N2 inbound cells.
@file(synth1.tcl) 66: read_qrc /eda/trasllat/GPDK45/gpdk045_v_6_0/qrc/rcbest/qrcTechFile

  According to qrc_tech_file, there are total 11 routing layers [ V(5) / H(6) ]

Info    : Mismatch in unateness between 'timing_sense' attribute and the function. [LBR-155]
        : 'timing_sense' attribute between pin 'CI' and 'S' in libcell 'ADDFHX1' is 'pos_unate', but unateness determined from function is 'non_unate'.
        : The 'timing_sense' attribute will be respected.
Info    : Mismatch in unateness between 'timing_sense' attribute and the function. [LBR-155]
        : 'timing_sense' attribute between pin 'CI' and 'S' in libcell 'ADDFHX1' is 'neg_unate', but unateness determined from function is 'non_unate'.
Info    : Both 'pos_unate' and 'neg_unate' timing_sense arcs have been processed. [LBR-162]
        : Non_unate 'timing_sense' inferred between pin 'CI' and 'S' in libcell 'ADDFHX1'.
        : Setting the 'timing_sense' to non_unate.
Info    : Mismatch in unateness between 'timing_sense' attribute and the function. [LBR-155]
        : 'timing_sense' attribute between pin 'B' and 'S' in libcell 'ADDFHX1' is 'pos_unate', but unateness determined from function is 'non_unate'.
Info    : Mismatch in unateness between 'timing_sense' attribute and the function. [LBR-155]
        : 'timing_sense' attribute between pin 'B' and 'S' in libcell 'ADDFHX1' is 'neg_unate', but unateness determined from function is 'non_unate'.
Info    : Both 'pos_unate' and 'neg_unate' timing_sense arcs have been processed. [LBR-162]
        : Non_unate 'timing_sense' inferred between pin 'B' and 'S' in libcell 'ADDFHX1'.
Info    : Mismatch in unateness between 'timing_sense' attribute and the function. [LBR-155]
        : 'timing_sense' attribute between pin 'A' and 'S' in libcell 'ADDFHX1' is 'pos_unate', but unateness determined from function is 'non_unate'.
Info    : Mismatch in unateness between 'timing_sense' attribute and the function. [LBR-155]
        : 'timing_sense' attribute between pin 'A' and 'S' in libcell 'ADDFHX1' is 'neg_unate', but unateness determined from function is 'non_unate'.
Info    : Both 'pos_unate' and 'neg_unate' timing_sense arcs have been processed. [LBR-162]
        : Non_unate 'timing_sense' inferred between pin 'A' and 'S' in libcell 'ADDFHX1'.
Info    : Mismatch in unateness between 'timing_sense' attribute and the function. [LBR-155]
        : 'timing_sense' attribute between pin 'CI' and 'S' in libcell 'ADDFHX2' is 'pos_unate', but unateness determined from function is 'non_unate'.
Info    : Mismatch in unateness between 'timing_sense' attribute and the function. [LBR-155]
        : 'timing_sense' attribute between pin 'CI' and 'S' in libcell 'ADDFHX2' is 'neg_unate', but unateness determined from function is 'non_unate'.
Info    : Both 'pos_unate' and 'neg_unate' timing_sense arcs have been processed. [LBR-162]
        : Non_unate 'timing_sense' inferred between pin 'CI' and 'S' in libcell 'ADDFHX2'.
Info    : Mismatch in unateness between 'timing_sense' attribute and the function. [LBR-155]
        : 'timing_sense' attribute between pin 'B' and 'S' in libcell 'ADDFHX2' is 'pos_unate', but unateness determined from function is 'non_unate'.
Info    : Mismatch in unateness between 'timing_sense' attribute and the function. [LBR-155]
        : 'timing_sense' attribute between pin 'B' and 'S' in libcell 'ADDFHX2' is 'neg_unate', but unateness determined from function is 'non_unate'.
Info    : Both 'pos_unate' and 'neg_unate' timing_sense arcs have been processed. [LBR-162]
        : Non_unate 'timing_sense' inferred between pin 'B' and 'S' in libcell 'ADDFHX2'.
Info    : Setting the maximum print count of this message to 10 if information_level is less than 9. [LBR-161]
        : To print all the warning messages, set the information_level to 9.
Info    : Mismatch in unateness between 'timing_sense' attribute and the function. [LBR-155]
        : 'timing_sense' attribute between pin 'A' and 'S' in libcell 'ADDFHX2' is 'pos_unate', but unateness determined from function is 'non_unate'.
Info    : Mismatch in unateness between 'timing_sense' attribute and the function. [LBR-155]
        : 'timing_sense' attribute between pin 'A' and 'S' in libcell 'ADDFHX2' is 'neg_unate', but unateness determined from function is 'non_unate'.
Info    : Both 'pos_unate' and 'neg_unate' timing_sense arcs have been processed. [LBR-162]
        : Non_unate 'timing_sense' inferred between pin 'A' and 'S' in libcell 'ADDFHX2'.
Info    : Mismatch in unateness between 'timing_sense' attribute and the function. [LBR-155]
        : 'timing_sense' attribute between pin 'CI' and 'S' in libcell 'ADDFHX4' is 'pos_unate', but unateness determined from function is 'non_unate'.
Info    : Mismatch in unateness between 'timing_sense' attribute and the function. [LBR-155]
        : 'timing_sense' attribute between pin 'CI' and 'S' in libcell 'ADDFHX4' is 'neg_unate', but unateness determined from function is 'non_unate'.
Info    : Both 'pos_unate' and 'neg_unate' timing_sense arcs have been processed. [LBR-162]
        : Non_unate 'timing_sense' inferred between pin 'CI' and 'S' in libcell 'ADDFHX4'.
Info    : Mismatch in unateness between 'timing_sense' attribute and the function. [LBR-155]
        : 'timing_sense' attribute between pin 'B' and 'S' in libcell 'ADDFHX4' is 'pos_unate', but unateness determined from function is 'non_unate'.
Info    : Mismatch in unateness between 'timing_sense' attribute and the function. [LBR-155]
        : 'timing_sense' attribute between pin 'B' and 'S' in libcell 'ADDFHX4' is 'neg_unate', but unateness determined from function is 'non_unate'.
Info    : Both 'pos_unate' and 'neg_unate' timing_sense arcs have been processed. [LBR-162]
        : Non_unate 'timing_sense' inferred between pin 'B' and 'S' in libcell 'ADDFHX4'.
Info    : Mismatch in unateness between 'timing_sense' attribute and the function. [LBR-155]
        : 'timing_sense' attribute between pin 'A' and 'S' in libcell 'ADDFHX4' is 'pos_unate', but unateness determined from function is 'non_unate'.
Info    : Mismatch in unateness between 'timing_sense' attribute and the function. [LBR-155]
        : 'timing_sense' attribute between pin 'A' and 'S' in libcell 'ADDFHX4' is 'neg_unate', but unateness determined from function is 'non_unate'.
Info    : Both 'pos_unate' and 'neg_unate' timing_sense arcs have been processed. [LBR-162]
        : Non_unate 'timing_sense' inferred between pin 'A' and 'S' in libcell 'ADDFHX4'.
Info    : Mismatch in unateness between 'timing_sense' attribute and the function. [LBR-155]
        : 'timing_sense' attribute between pin 'CI' and 'S' in libcell 'ADDFHXL' is 'pos_unate', but unateness determined from function is 'non_unate'.
Info    : Mismatch in unateness between 'timing_sense' attribute and the function. [LBR-155]
        : 'timing_sense' attribute between pin 'CI' and 'S' in libcell 'ADDFHXL' is 'neg_unate', but unateness determined from function is 'non_unate'.
Info    : Both 'pos_unate' and 'neg_unate' timing_sense arcs have been processed. [LBR-162]
        : Non_unate 'timing_sense' inferred between pin 'CI' and 'S' in libcell 'ADDFHXL'.
Warning : Maximum message print count reached. [MESG-11]
        : Maximum print count of '20' reached for message 'LBR-155'.
Info    : Both 'pos_unate' and 'neg_unate' timing_sense arcs have been processed. [LBR-162]
        : Non_unate 'timing_sense' inferred between pin 'B' and 'S' in libcell 'ADDFHXL'.
Info    : Both 'pos_unate' and 'neg_unate' timing_sense arcs have been processed. [LBR-162]
        : Non_unate 'timing_sense' inferred between pin 'A' and 'S' in libcell 'ADDFHXL'.
Info    : Both 'pos_unate' and 'neg_unate' timing_sense arcs have been processed. [LBR-162]
        : Non_unate 'timing_sense' inferred between pin 'CI' and 'S' in libcell 'ADDFX1'.
Info    : Both 'pos_unate' and 'neg_unate' timing_sense arcs have been processed. [LBR-162]
        : Non_unate 'timing_sense' inferred between pin 'B' and 'S' in libcell 'ADDFX1'.
Info    : Both 'pos_unate' and 'neg_unate' timing_sense arcs have been processed. [LBR-162]
        : Non_unate 'timing_sense' inferred between pin 'A' and 'S' in libcell 'ADDFX1'.
Info    : Both 'pos_unate' and 'neg_unate' timing_sense arcs have been processed. [LBR-162]
        : Non_unate 'timing_sense' inferred between pin 'CI' and 'S' in libcell 'ADDFX2'.
Info    : Both 'pos_unate' and 'neg_unate' timing_sense arcs have been processed. [LBR-162]
        : Non_unate 'timing_sense' inferred between pin 'B' and 'S' in libcell 'ADDFX2'.
Info    : Both 'pos_unate' and 'neg_unate' timing_sense arcs have been processed. [LBR-162]
        : Non_unate 'timing_sense' inferred between pin 'A' and 'S' in libcell 'ADDFX2'.
Info    : Both 'pos_unate' and 'neg_unate' timing_sense arcs have been processed. [LBR-162]
        : Non_unate 'timing_sense' inferred between pin 'CI' and 'S' in libcell 'ADDFX4'.
Info    : Both 'pos_unate' and 'neg_unate' timing_sense arcs have been processed. [LBR-162]
        : Non_unate 'timing_sense' inferred between pin 'B' and 'S' in libcell 'ADDFX4'.
Warning : Maximum message print count reached. [MESG-11]
        : Maximum print count of '20' reached for message 'LBR-162'.
Info    : Detected an unsupported timing arc type. [LBR-72]
        : Timing arc 'max_clock_tree_path' between libpins 'clk_i' and 'clk_i' on libcell 'scm_128x32' is ignored. Hold timing analysis and optimization are not supported.
        : Refer to 'Supported Liberty timing_type Values' in the 'Timing Analysis Guide' for more information.
Info    : Detected an unsupported timing arc type. [LBR-72]
        : Timing arc 'min_clock_tree_path' between libpins 'clk_i' and 'clk_i' on libcell 'scm_128x32' is ignored. Hold timing analysis and optimization are not supported.
Info    : Unusable library cells found at the time of loading a library.  [LBR-415]
        : Library: 'fast_vdd1v0_multibitsDFF.lib', Total cells: 505, Unusable cells: 19.
	List of unusable cells: 'ANTENNA HOLDX1 TLATNSRX1 TLATNSRX2 TLATNSRX4 TLATNSRXL TLATSRX1 TLATSRX2 TLATSRX4 TLATSRXL DECAP10 DECAP2 DECAP3 DECAP4 DECAP5 DECAP6 DECAP7 DECAP8 DECAP9 .'
        : For  more  information, refer to 'Cells Identified as Unusable' in the 'User Guide'. To know the reason why a cell is considered as unusable, check 'unusable_reason' libcell attribute.
Info    : Unusable library cells found at the time of loading a library.  [LBR-415]
        : Library: 'ram_128_1v1_0C.lib', Total cells: 1, Unusable cells: 1.
	List of unusable cells: 'scm_128x32 .'
Info    : Unusable library cells found at the time of loading a library.  [LBR-415]
        : Library: 'physical_cells', Total cells: 80, Unusable cells: 80.
	List of unusable cells: 'FILL1 FILL16 FILL2 FILL32 FILL4 FILL64 FILL8 FSWNX1 FSWX1 HSWDNX1 HSWDX1 HSWNX1 HSWX1 ISOHLDX1_OFF ISOHLDX1_ON ISOHX1_OFF ISOHX1_ON ISOLX1_OFF ISOLX1_ON ISONLX1_OFF ISONLX1_ON LSHL_ISOH_X1_FROM_OFF LSHL_ISOH_X1_TO_ON LSHL_ISOL_X1_FROM_OFF LSHL_ISOL_X1_TO_ON LSHL_ISONH_X1_FROM_OFF LSHL_ISONH_X1_TO_ON LSHL_ISONL_X1_FROM_OFF LSHL_ISONL_X1_TO_ON LSHLX1_FROM LSHLX1_TO LSLH_ISOH_X1_FROM_OFF LSLH_ISOH_X1_TO_ON LSLH_ISOL_X1_FROM_OFF LSLH_ISOL_X1_TO_ON LSLH_ISONH_X1_FROM_OFF LSLH_ISONH_X1_TO_ON LSLH_ISONL_X1_FROM_OFF LSLH_ISONL_X1_TO_ON LSLHX1_FROM LSLHX1_TO PBUFX2 PINVX1 RDFFNQX1 RDFFNRQX1 RDFFNRX1 RDFFNSQX1 RDFFNSRQX1 RDFFNSRX1 RDFFNSX1 RDFFNX1 RDFFQX1 RDFFRQX1 RDFFRX1 RDFFSQX1 RDFFSRQX1 RDFFSRX1 RDFFSX1 RDFFX1 RTLATRX1 RTLATSRX1 RTLATX1 SRDFFNQX1 SRDFFNRQX1 SRDFFNRX1 SRDFFNSQX1 SRDFFNSRQX1 SRDFFNSRX1 SRDFFNSX1 SRDFFNX1 SRDFFQX1 SRDFFRQX1 SRDFFRX1 SRDFFSQX1 SRDFFSRQX1 SRDFFSRX1 SRDFFSX1 SRDFFX1 HSWBX1 HSWCX1 .'
Done reading qrc_tech_file
@file(synth1.tcl) 80: read_hdl -language sv \
    RAM256.sv
            Reading Verilog file '../rtl/RAM256.sv'
@file(synth1.tcl) 82: read_hdl -language v2001 \
    mgmt_core_wrapper.v \
    picorv32.v \
    mgmt_core.v
            Reading Verilog file '../rtl/mgmt_core_wrapper.v'
    input core_clk,
                  |
Warning : Implicit net declaration not allowed with `default_nettype none. [VLOGPT-43]
        : Assuming a wire net type for declaration 'core_clk' in file '../rtl/mgmt_core_wrapper.v' on line 44, column 19.
        : When `default_nettype is none, each input and inout port declaration requires a corresponding net type.
    input core_rstn,
                   |
Warning : Implicit net declaration not allowed with `default_nettype none. [VLOGPT-43]
        : Assuming a wire net type for declaration 'core_rstn' in file '../rtl/mgmt_core_wrapper.v' on line 45, column 20.
    output gpio_out_pad,    // Connect to out on gpio pad
                       |
Warning : Implicit net declaration not allowed with `default_nettype none. [VLOGPT-43]
        : Assuming a wire net type for declaration 'gpio_out_pad' in file '../rtl/mgmt_core_wrapper.v' on line 48, column 24.
    input  gpio_in_pad,     // Connect to in on gpio pad
                      |
Warning : Implicit net declaration not allowed with `default_nettype none. [VLOGPT-43]
        : Assuming a wire net type for declaration 'gpio_in_pad' in file '../rtl/mgmt_core_wrapper.v' on line 49, column 23.
    output gpio_mode0_pad,  // Connect to dm[0] on gpio pad
                         |
Warning : Implicit net declaration not allowed with `default_nettype none. [VLOGPT-43]
        : Assuming a wire net type for declaration 'gpio_mode0_pad' in file '../rtl/mgmt_core_wrapper.v' on line 50, column 26.
    output gpio_mode1_pad,  // Connect to dm[2] on gpio pad
                         |
Warning : Implicit net declaration not allowed with `default_nettype none. [VLOGPT-43]
        : Assuming a wire net type for declaration 'gpio_mode1_pad' in file '../rtl/mgmt_core_wrapper.v' on line 51, column 26.
    output gpio_outenb_pad, // Connect to oe_n on gpio pad
                          |
Warning : Implicit net declaration not allowed with `default_nettype none. [VLOGPT-43]
        : Assuming a wire net type for declaration 'gpio_outenb_pad' in file '../rtl/mgmt_core_wrapper.v' on line 52, column 27.
    output gpio_inenb_pad,  // Connect to inp_dis on gpio pad
                         |
Warning : Implicit net declaration not allowed with `default_nettype none. [VLOGPT-43]
        : Assuming a wire net type for declaration 'gpio_inenb_pad' in file '../rtl/mgmt_core_wrapper.v' on line 53, column 26.
    input  [127:0] la_input,            // From user project to CPU
                           |
Warning : Implicit net declaration not allowed with `default_nettype none. [VLOGPT-43]
        : Assuming a wire net type for declaration 'la_input' in file '../rtl/mgmt_core_wrapper.v' on line 56, column 28.
    output [127:0] la_output,           // From CPU to user project
                            |
Warning : Implicit net declaration not allowed with `default_nettype none. [VLOGPT-43]
        : Assuming a wire net type for declaration 'la_output' in file '../rtl/mgmt_core_wrapper.v' on line 57, column 29.
    output [127:0] la_oenb,             // Logic analyzer output enable
                          |
Warning : Implicit net declaration not allowed with `default_nettype none. [VLOGPT-43]
        : Assuming a wire net type for declaration 'la_oenb' in file '../rtl/mgmt_core_wrapper.v' on line 58, column 27.
    output [127:0] la_iena,             // Logic analyzer input enable
                          |
Warning : Implicit net declaration not allowed with `default_nettype none. [VLOGPT-43]
        : Assuming a wire net type for declaration 'la_iena' in file '../rtl/mgmt_core_wrapper.v' on line 59, column 27.
    output flash_csb,
                    |
Warning : Implicit net declaration not allowed with `default_nettype none. [VLOGPT-43]
        : Assuming a wire net type for declaration 'flash_csb' in file '../rtl/mgmt_core_wrapper.v' on line 62, column 21.
    output flash_clk,
                    |
Warning : Implicit net declaration not allowed with `default_nettype none. [VLOGPT-43]
        : Assuming a wire net type for declaration 'flash_clk' in file '../rtl/mgmt_core_wrapper.v' on line 63, column 21.
    output flash_io0_oeb,
                        |
Warning : Implicit net declaration not allowed with `default_nettype none. [VLOGPT-43]
        : Assuming a wire net type for declaration 'flash_io0_oeb' in file '../rtl/mgmt_core_wrapper.v' on line 65, column 25.
    output flash_io1_oeb,
                        |
Warning : Implicit net declaration not allowed with `default_nettype none. [VLOGPT-43]
        : Assuming a wire net type for declaration 'flash_io1_oeb' in file '../rtl/mgmt_core_wrapper.v' on line 66, column 25.
    output flash_io2_oeb,
                        |
Warning : Implicit net declaration not allowed with `default_nettype none. [VLOGPT-43]
        : Assuming a wire net type for declaration 'flash_io2_oeb' in file '../rtl/mgmt_core_wrapper.v' on line 67, column 25.
    output flash_io3_oeb,
                        |
Warning : Implicit net declaration not allowed with `default_nettype none. [VLOGPT-43]
        : Assuming a wire net type for declaration 'flash_io3_oeb' in file '../rtl/mgmt_core_wrapper.v' on line 68, column 25.
    output flash_io0_do,
                       |
Warning : Implicit net declaration not allowed with `default_nettype none. [VLOGPT-43]
        : Assuming a wire net type for declaration 'flash_io0_do' in file '../rtl/mgmt_core_wrapper.v' on line 70, column 24.
    output flash_io1_do,
                       |
Warning : Implicit net declaration not allowed with `default_nettype none. [VLOGPT-43]
        : Assuming a wire net type for declaration 'flash_io1_do' in file '../rtl/mgmt_core_wrapper.v' on line 71, column 24.
Warning : Maximum message print count reached. [MESG-11]
        : Maximum print count of '20' reached for message 'VLOGPT-43'.
            Reading Verilog file '../rtl/picorv32.v'
	initial begin
	      |
Warning : Ignoring unsynthesizable construct. [VLOGPT-37]
        : Initial in file '../rtl/picorv32.v' on line 206, column 8.
        : For example, the following constructs will be ignored:
    - initial block
    - final block
    - program block
    - property block
    - sequence block
    - covergroup
    - checker block
    - gate drive strength
    - system task enable
    - reg declaration with initial value
    - specify block.
	task empty_statement;
	                   |
Warning : Usage of non-static tasks or functions might result in simulation-synthesis mismatch. [VLOGPT-692]
        : in file '../rtl/picorv32.v' on line 214, column 21.
        : Use the 'automatic' keyword for declaring functions and tasks.
            Reading Verilog file '../rtl/mgmt_core.v'
reg    [29:0] comb_self0 = 30'd0;
                                |
Warning : Ignoring unsynthesizable construct. [VLOGPT-37]
        : Initial value assignment to reg in file '../rtl/mgmt_core.v' on line 318, column 33.
reg    [31:0] comb_self1 = 32'd0;
                                |
Warning : Ignoring unsynthesizable construct. [VLOGPT-37]
        : Initial value assignment to reg in file '../rtl/mgmt_core.v' on line 319, column 33.
reg     [3:0] comb_self2 = 4'd0;
                               |
Warning : Ignoring unsynthesizable construct. [VLOGPT-37]
        : Initial value assignment to reg in file '../rtl/mgmt_core.v' on line 320, column 32.
reg           comb_self3 = 1'd0;
                               |
Warning : Ignoring unsynthesizable construct. [VLOGPT-37]
        : Initial value assignment to reg in file '../rtl/mgmt_core.v' on line 321, column 32.
reg           comb_self4 = 1'd0;
                               |
Warning : Ignoring unsynthesizable construct. [VLOGPT-37]
        : Initial value assignment to reg in file '../rtl/mgmt_core.v' on line 322, column 32.
reg           comb_self5 = 1'd0;
                               |
Warning : Ignoring unsynthesizable construct. [VLOGPT-37]
        : Initial value assignment to reg in file '../rtl/mgmt_core.v' on line 323, column 32.
reg     [2:0] comb_self6 = 3'd0;
                               |
Warning : Ignoring unsynthesizable construct. [VLOGPT-37]
        : Initial value assignment to reg in file '../rtl/mgmt_core.v' on line 324, column 32.
reg     [1:0] comb_self7 = 2'd0;
                               |
Warning : Ignoring unsynthesizable construct. [VLOGPT-37]
        : Initial value assignment to reg in file '../rtl/mgmt_core.v' on line 325, column 32.
reg    [19:0] count = 20'd1000000;
                                 |
Warning : Ignoring unsynthesizable construct. [VLOGPT-37]
        : Initial value assignment to reg in file '../rtl/mgmt_core.v' on line 327, column 34.
reg           csrbank0_bus_errors_re = 1'd0;
                                           |
Warning : Ignoring unsynthesizable construct. [VLOGPT-37]
        : Initial value assignment to reg in file '../rtl/mgmt_core.v' on line 329, column 44.
reg           csrbank0_bus_errors_we = 1'd0;
                                           |
Warning : Ignoring unsynthesizable construct. [VLOGPT-37]
        : Initial value assignment to reg in file '../rtl/mgmt_core.v' on line 331, column 44.
reg           csrbank0_reset0_re = 1'd0;
                                       |
Warning : Ignoring unsynthesizable construct. [VLOGPT-37]
        : Initial value assignment to reg in file '../rtl/mgmt_core.v' on line 333, column 40.
reg           csrbank0_reset0_we = 1'd0;
                                       |
Warning : Ignoring unsynthesizable construct. [VLOGPT-37]
        : Initial value assignment to reg in file '../rtl/mgmt_core.v' on line 335, column 40.
reg           csrbank0_scratch0_re = 1'd0;
                                         |
Warning : Ignoring unsynthesizable construct. [VLOGPT-37]
        : Initial value assignment to reg in file '../rtl/mgmt_core.v' on line 337, column 42.
reg           csrbank0_scratch0_we = 1'd0;
                                         |
Warning : Ignoring unsynthesizable construct. [VLOGPT-37]
        : Initial value assignment to reg in file '../rtl/mgmt_core.v' on line 339, column 42.
reg           csrbank10_en0_re = 1'd0;
                                     |
Warning : Ignoring unsynthesizable construct. [VLOGPT-37]
        : Initial value assignment to reg in file '../rtl/mgmt_core.v' on line 342, column 38.
reg           csrbank10_en0_we = 1'd0;
                                     |
Warning : Ignoring unsynthesizable construct. [VLOGPT-37]
        : Initial value assignment to reg in file '../rtl/mgmt_core.v' on line 344, column 38.
reg           csrbank10_ev_enable0_re = 1'd0;
                                            |
Warning : Ignoring unsynthesizable construct. [VLOGPT-37]
        : Initial value assignment to reg in file '../rtl/mgmt_core.v' on line 346, column 45.
reg           csrbank10_ev_enable0_we = 1'd0;
                                            |
Warning : Ignoring unsynthesizable construct. [VLOGPT-37]
        : Initial value assignment to reg in file '../rtl/mgmt_core.v' on line 348, column 45.
Warning : Maximum message print count reached. [MESG-11]
        : Maximum print count of '20' reached for message 'VLOGPT-37'.
@file(synth1.tcl) 87: elaborate $DESIGN
                  INLINE_INFO: Skipping marking small hierarchies inline as the variable 'hdl_dissolve_primitive_instance_hierarchy_threshold' has not been set to a positive value.
Info    : Elaborating Design. [ELAB-1]
        : Elaborating top-level block 'mgmt_core_wrapper' from file '../rtl/mgmt_core_wrapper.v'.
Info    : Elaborating Subdesign. [ELAB-2]
        : Elaborating block 'mgmt_core' from file '../rtl/mgmt_core.v'.
Info    : Processing multi-dimensional arrays. [CDFG-250]
        : Variable 'storage' in module 'mgmt_core' in file '../rtl/mgmt_core.v' on line 9336.
Info    : Processing multi-dimensional arrays. [CDFG-250]
        : Variable 'storage_1' in module 'mgmt_core' in file '../rtl/mgmt_core.v' on line 9357.
Info    : Bitwidth mismatch in assignment. [CDFG-372]
        : Width of left hand side 'mprj_adr_o[...]' [2] doesn't match the width of right hand side [1] in assignment in file '../rtl/mgmt_core.v' on line 2073.
        : Review and make sure the mismatch is intentional. Genus can possibly issue bitwidth mismatch warning for explicit assignments present in RTL as-well-as for implicit assignments inferred by the tool. For example, in case of enum declaration without value, the tool will implicitly assign value to the enum variables. It also issues the warning for any bitwidth mismatch that appears in this implicit assignment.
Info    : Bitwidth mismatch in assignment. [CDFG-372]
        : Width of left hand side 'mgmtsoc_picorv32_idbus_cti' [3] doesn't match the width of right hand side [1] in assignment in file '../rtl/mgmt_core.v' on line 2259.
Info    : Bitwidth mismatch in assignment. [CDFG-372]
        : Width of left hand side 'mgmtsoc_picorv32_idbus_bte' [2] doesn't match the width of right hand side [1] in assignment in file '../rtl/mgmt_core.v' on line 2260.
Info    : Bitwidth mismatch in assignment. [CDFG-372]
        : Width of left hand side 'mgmtsoc_litespisdrphycore_dq_oe' [1] doesn't match the width of right hand side [8] in assignment in file '../rtl/mgmt_core.v' on line 2319.
Info    : Bitwidth mismatch in assignment. [CDFG-372]
        : Width of left hand side 'mgmtsoc_litespisdrphycore_dq_o' [1] doesn't match the width of right hand side [2] in assignment in file '../rtl/mgmt_core.v' on line 2327.
Info    : Bitwidth mismatch in assignment. [CDFG-372]
        : Width of left hand side 'mgmtsoc_litespisdrphycore_dq_o' [1] doesn't match the width of right hand side [4] in assignment in file '../rtl/mgmt_core.v' on line 2330.
Info    : Bitwidth mismatch in assignment. [CDFG-372]
        : Width of left hand side 'mgmtsoc_litespisdrphycore_dq_o' [1] doesn't match the width of right hand side [8] in assignment in file '../rtl/mgmt_core.v' on line 2333.
Info    : Bitwidth mismatch in assignment. [CDFG-372]
        : Width of left hand side 'litespiphy_next_state' [2] doesn't match the width of right hand side [1] in assignment in file '../rtl/mgmt_core.v' on line 2360.
Info    : Bitwidth mismatch in assignment. [CDFG-372]
        : Width of left hand side 'litespiphy_next_state' [2] doesn't match the width of right hand side [1] in assignment in file '../rtl/mgmt_core.v' on line 2365.
Info    : Bitwidth mismatch in assignment. [CDFG-372]
        : Width of left hand side 'mgmtsoc_litespisdrphycore_sr_cnt_litespiphy_next_value' [8] doesn't match the width of right hand side [6] in assignment in file '../rtl/mgmt_core.v' on line 2465.
Info    : Bitwidth mismatch in assignment. [CDFG-372]
        : Width of left hand side 'litespi_next_state' [4] doesn't match the width of right hand side [2] in assignment in file '../rtl/mgmt_core.v' on line 2821.
Info    : Bitwidth mismatch in assignment. [CDFG-372]
        : Width of left hand side 'litespi_next_state' [4] doesn't match the width of right hand side [1] in assignment in file '../rtl/mgmt_core.v' on line 2824.
Info    : Bitwidth mismatch in assignment. [CDFG-372]
        : Width of left hand side 'litespi_next_state' [4] doesn't match the width of right hand side [2] in assignment in file '../rtl/mgmt_core.v' on line 2831.
Info    : Bitwidth mismatch in assignment. [CDFG-372]
        : Width of left hand side 'litespi_next_state' [4] doesn't match the width of right hand side [3] in assignment in file '../rtl/mgmt_core.v' on line 2836.
Info    : Bitwidth mismatch in assignment. [CDFG-372]
        : Width of left hand side 'litespi_next_state' [4] doesn't match the width of right hand side [3] in assignment in file '../rtl/mgmt_core.v' on line 2841.
Info    : Bitwidth mismatch in assignment. [CDFG-372]
        : Width of left hand side 'litespi_next_state' [4] doesn't match the width of right hand side [3] in assignment in file '../rtl/mgmt_core.v' on line 2852.
Info    : Bitwidth mismatch in assignment. [CDFG-372]
        : Width of left hand side 'litespi_next_state' [4] doesn't match the width of right hand side [3] in assignment in file '../rtl/mgmt_core.v' on line 2859.
Info    : Bitwidth mismatch in assignment. [CDFG-372]
        : Width of left hand side 'litespi_next_state' [4] doesn't match the width of right hand side [1] in assignment in file '../rtl/mgmt_core.v' on line 2874.
Info    : Bitwidth mismatch in assignment. [CDFG-372]
        : Width of left hand side 'litespi_next_state' [4] doesn't match the width of right hand side [1] in assignment in file '../rtl/mgmt_core.v' on line 2888.
Info    : Bitwidth mismatch in assignment. [CDFG-372]
        : Width of left hand side 'litespi_next_state' [4] doesn't match the width of right hand side [1] in assignment in file '../rtl/mgmt_core.v' on line 2891.
Warning : Maximum message print count reached. [MESG-11]
        : Maximum print count of '20' reached for message 'CDFG-372'.
Info    : Elaborating Subdesign. [ELAB-2]
        : Elaborating block 'RAM256' from file '../rtl/RAM256.sv'.
Warning : Connected signal is wider than module port. [CDFG-464]
        : Signal width (4) does not match width of input port 'we_i' (1) of instance 'RAM256' of module 'RAM256' in file '../rtl/mgmt_core.v' on line 9304.
        : This may cause simulation mismatches between the original and synthesized designs.
Warning : Connected signal is wider than libpin. [CDFG-466]
        : Signal width (4) does not match width of input port 'we_i' (1) of instance 'RAM128' of libcell 'scm_128x32' in file '../rtl/mgmt_core.v' on line 9319.
        : This may cause simulation mismatches between the original and synthesized designs.
Info    : Elaborating Subdesign. [ELAB-2]
        : Elaborating block 'picorv32_ENABLE_COUNTERS0_ENABLE_COUNTERS640_ENABLE_REGS_16_311_ENABLE_REGS_DUALPORT1_LATCHED_MEM_RDATA0_TWO_STAGE_SHIFT0_TWO_CYCLE_COMPARE0_TWO_CYCLE_ALU0_CATCH_MISALIGN0_CATCH_ILLINSN1_ENABLE_PCPI0_ENABLE_MUL0_ENABLE_FAST_MUL0_ENABLE_DIV0_ENABLE_IRQ1_ENABLE_IRQ_QREGS1_ENABLE_IRQ_TIMER0_ENABLE_TRACE0_MASKED_IRQ0_LATCHED_IRQn1_PROGADDR_RESET268435456_PROGADDR_IRQ268435472_STACKADDRn1' from file '../rtl/picorv32.v'.
Info    : Processing multi-dimensional arrays. [CDFG-250]
        : Variable 'cpuregs' in module 'picorv32_ENABLE_COUNTERS0_ENABLE_COUNTERS640_ENABLE_REGS_16_311_ENABLE_REGS_DUALPORT1_LATCHED_MEM_RDATA0_TWO_STAGE_SHIFT0_TWO_CYCLE_COMPARE0_TWO_CYCLE_ALU0_CATCH_MISALIGN0_CATCH_ILLINSN1_ENABLE_PCPI0_ENABLE_MUL0_ENABLE_FAST_MUL0_ENABLE_DIV0_ENABLE_IRQ1_ENABLE_IRQ_QREGS1_ENABLE_IRQ_TIMER0_ENABLE_TRACE0_MASKED_IRQ0_LATCHED_IRQn1_PROGADDR_RESET268435456_PROGADDR_IRQ268435472_STACKADDRn1' in file '../rtl/picorv32.v' on line 203.
Info    : Sign mismatch in assignment. [CDFG-373]
        : Assignment has unsigned left hand side 'decoded_imm' and signed right hand side in file '../rtl/picorv32.v' on line 1123.
Info    : Sign mismatch in assignment. [CDFG-373]
        : Assignment has unsigned left hand side 'decoded_imm' and signed right hand side in file '../rtl/picorv32.v' on line 1125.
Info    : Sign mismatch in assignment. [CDFG-373]
        : Assignment has unsigned left hand side 'decoded_imm' and signed right hand side in file '../rtl/picorv32.v' on line 1127.
Info    : Sign mismatch in assignment. [CDFG-373]
        : Assignment has unsigned left hand side 'alu_shr' and signed right hand side in file '../rtl/picorv32.v' on line 1240.
Warning : Ignored redundant case item. [CDFG-480]
        : Case item '0' in module 'picorv32_ENABLE_COUNTERS0_ENABLE_COUNTERS640_ENABLE_REGS_16_311_ENABLE_REGS_DUALPORT1_LATCHED_MEM_RDATA0_TWO_STAGE_SHIFT0_TWO_CYCLE_COMPARE0_TWO_CYCLE_ALU0_CATCH_MISALIGN0_CATCH_ILLINSN1_ENABLE_PCPI0_ENABLE_MUL0_ENABLE_FAST_MUL0_ENABLE_DIV0_ENABLE_IRQ1_ENABLE_IRQ_QREGS1_ENABLE_IRQ_TIMER0_ENABLE_TRACE0_MASKED_IRQ0_LATCHED_IRQn1_PROGADDR_RESET268435456_PROGADDR_IRQ268435472_STACKADDRn1' in file '../rtl/picorv32.v' on line 1277.
        : When multiple case item expressions match the case condition, only the statements associated with the first matching item are considered.
Warning : Unreachable statements for case item. [CDFG-472]
        : Case item '6' in module 'picorv32_ENABLE_COUNTERS0_ENABLE_COUNTERS640_ENABLE_REGS_16_311_ENABLE_REGS_DUALPORT1_LATCHED_MEM_RDATA0_TWO_STAGE_SHIFT0_TWO_CYCLE_COMPARE0_TWO_CYCLE_ALU0_CATCH_MISALIGN0_CATCH_ILLINSN1_ENABLE_PCPI0_ENABLE_MUL0_ENABLE_FAST_MUL0_ENABLE_DIV0_ENABLE_IRQ1_ENABLE_IRQ_QREGS1_ENABLE_IRQ_TIMER0_ENABLE_TRACE0_MASKED_IRQ0_LATCHED_IRQn1_PROGADDR_RESET268435456_PROGADDR_IRQ268435472_STACKADDRn1' in file '../rtl/picorv32.v' on line 1277.
Info    : Sign mismatch in assignment. [CDFG-373]
        : Assignment has unsigned left hand side 'irq_mask' and signed right hand side in file '../rtl/picorv32.v' on line 1468.
Warning : Ignored redundant case item. [CDFG-480]
        : Case item '0' in module 'picorv32_ENABLE_COUNTERS0_ENABLE_COUNTERS640_ENABLE_REGS_16_311_ENABLE_REGS_DUALPORT1_LATCHED_MEM_RDATA0_TWO_STAGE_SHIFT0_TWO_CYCLE_COMPARE0_TWO_CYCLE_ALU0_CATCH_MISALIGN0_CATCH_ILLINSN1_ENABLE_PCPI0_ENABLE_MUL0_ENABLE_FAST_MUL0_ENABLE_DIV0_ENABLE_IRQ1_ENABLE_IRQ_QREGS1_ENABLE_IRQ_TIMER0_ENABLE_TRACE0_MASKED_IRQ0_LATCHED_IRQn1_PROGADDR_RESET268435456_PROGADDR_IRQ268435472_STACKADDRn1' in file '../rtl/picorv32.v' on line 1630.
Warning : Unreachable statements for case item. [CDFG-472]
        : Case item '3' in module 'picorv32_ENABLE_COUNTERS0_ENABLE_COUNTERS640_ENABLE_REGS_16_311_ENABLE_REGS_DUALPORT1_LATCHED_MEM_RDATA0_TWO_STAGE_SHIFT0_TWO_CYCLE_COMPARE0_TWO_CYCLE_ALU0_CATCH_MISALIGN0_CATCH_ILLINSN1_ENABLE_PCPI0_ENABLE_MUL0_ENABLE_FAST_MUL0_ENABLE_DIV0_ENABLE_IRQ1_ENABLE_IRQ_QREGS1_ENABLE_IRQ_TIMER0_ENABLE_TRACE0_MASKED_IRQ0_LATCHED_IRQn1_PROGADDR_RESET268435456_PROGADDR_IRQ268435472_STACKADDRn1' in file '../rtl/picorv32.v' on line 1630.
Warning : Ignored redundant case item. [CDFG-480]
        : Case item '0' in module 'picorv32_ENABLE_COUNTERS0_ENABLE_COUNTERS640_ENABLE_REGS_16_311_ENABLE_REGS_DUALPORT1_LATCHED_MEM_RDATA0_TWO_STAGE_SHIFT0_TWO_CYCLE_COMPARE0_TWO_CYCLE_ALU0_CATCH_MISALIGN0_CATCH_ILLINSN1_ENABLE_PCPI0_ENABLE_MUL0_ENABLE_FAST_MUL0_ENABLE_DIV0_ENABLE_IRQ1_ENABLE_IRQ_QREGS1_ENABLE_IRQ_TIMER0_ENABLE_TRACE0_MASKED_IRQ0_LATCHED_IRQn1_PROGADDR_RESET268435456_PROGADDR_IRQ268435472_STACKADDRn1' in file '../rtl/picorv32.v' on line 1682.
Warning : Unreachable statements for case item. [CDFG-472]
        : Case item '7' in module 'picorv32_ENABLE_COUNTERS0_ENABLE_COUNTERS640_ENABLE_REGS_16_311_ENABLE_REGS_DUALPORT1_LATCHED_MEM_RDATA0_TWO_STAGE_SHIFT0_TWO_CYCLE_COMPARE0_TWO_CYCLE_ALU0_CATCH_MISALIGN0_CATCH_ILLINSN1_ENABLE_PCPI0_ENABLE_MUL0_ENABLE_FAST_MUL0_ENABLE_DIV0_ENABLE_IRQ1_ENABLE_IRQ_QREGS1_ENABLE_IRQ_TIMER0_ENABLE_TRACE0_MASKED_IRQ0_LATCHED_IRQn1_PROGADDR_RESET268435456_PROGADDR_IRQ268435472_STACKADDRn1' in file '../rtl/picorv32.v' on line 1682.
Warning : Ignored redundant case item. [CDFG-480]
        : Case item '0' in module 'picorv32_ENABLE_COUNTERS0_ENABLE_COUNTERS640_ENABLE_REGS_16_311_ENABLE_REGS_DUALPORT1_LATCHED_MEM_RDATA0_TWO_STAGE_SHIFT0_TWO_CYCLE_COMPARE0_TWO_CYCLE_ALU0_CATCH_MISALIGN0_CATCH_ILLINSN1_ENABLE_PCPI0_ENABLE_MUL0_ENABLE_FAST_MUL0_ENABLE_DIV0_ENABLE_IRQ1_ENABLE_IRQ_QREGS1_ENABLE_IRQ_TIMER0_ENABLE_TRACE0_MASKED_IRQ0_LATCHED_IRQn1_PROGADDR_RESET268435456_PROGADDR_IRQ268435472_STACKADDRn1' in file '../rtl/picorv32.v' on line 1707.
Info    : Sign mismatch in assignment. [CDFG-373]
        : Assignment has unsigned left hand side 'reg_op1' and signed right hand side in file '../rtl/picorv32.v' on line 1843.
Info    : Sign mismatch in assignment. [CDFG-373]
        : Assignment has unsigned left hand side 'reg_out' and signed right hand side in file '../rtl/picorv32.v' on line 1899.
Info    : Sign mismatch in assignment. [CDFG-373]
        : Assignment has unsigned left hand side 'reg_out' and signed right hand side in file '../rtl/picorv32.v' on line 1900.
Warning : Removing unused register. [CDFG-508]
        : Removing unused latch register 'pcpi_int_wait' in module 'picorv32_ENABLE_COUNTERS0_ENABLE_COUNTERS640_ENABLE_REGS_16_311_ENABLE_REGS_DUALPORT1_LATCHED_MEM_RDATA0_TWO_STAGE_SHIFT0_TWO_CYCLE_COMPARE0_TWO_CYCLE_ALU0_CATCH_MISALIGN0_CATCH_ILLINSN1_ENABLE_PCPI0_ENABLE_MUL0_ENABLE_FAST_MUL0_ENABLE_DIV0_ENABLE_IRQ1_ENABLE_IRQ_QREGS1_ENABLE_IRQ_TIMER0_ENABLE_TRACE0_MASKED_IRQ0_LATCHED_IRQn1_PROGADDR_RESET268435456_PROGADDR_IRQ268435472_STACKADDRn1' in file '../rtl/picorv32.v' on line 328.
        : Genus removes the flip-flop or latch inferred for an unused signal or variable. To preserve the flip-flop or latch, set the hdl_preserve_unused_registers attribute to true or use a pragma in the RTL.
Warning : Removing unused register. [CDFG-508]
        : Removing unused flip-flop register 'mem_la_firstword_reg' in module 'picorv32_ENABLE_COUNTERS0_ENABLE_COUNTERS640_ENABLE_REGS_16_311_ENABLE_REGS_DUALPORT1_LATCHED_MEM_RDATA0_TWO_STAGE_SHIFT0_TWO_CYCLE_COMPARE0_TWO_CYCLE_ALU0_CATCH_MISALIGN0_CATCH_ILLINSN1_ENABLE_PCPI0_ENABLE_MUL0_ENABLE_FAST_MUL0_ENABLE_DIV0_ENABLE_IRQ1_ENABLE_IRQ_QREGS1_ENABLE_IRQ_TIMER0_ENABLE_TRACE0_MASKED_IRQ0_LATCHED_IRQn1_PROGADDR_RESET268435456_PROGADDR_IRQ268435472_STACKADDRn1' in file '../rtl/picorv32.v' on line 396.
Warning : Removing unused register. [CDFG-508]
        : Removing unused flip-flop register 'last_mem_valid' in module 'picorv32_ENABLE_COUNTERS0_ENABLE_COUNTERS640_ENABLE_REGS_16_311_ENABLE_REGS_DUALPORT1_LATCHED_MEM_RDATA0_TWO_STAGE_SHIFT0_TWO_CYCLE_COMPARE0_TWO_CYCLE_ALU0_CATCH_MISALIGN0_CATCH_ILLINSN1_ENABLE_PCPI0_ENABLE_MUL0_ENABLE_FAST_MUL0_ENABLE_DIV0_ENABLE_IRQ1_ENABLE_IRQ_QREGS1_ENABLE_IRQ_TIMER0_ENABLE_TRACE0_MASKED_IRQ0_LATCHED_IRQn1_PROGADDR_RESET268435456_PROGADDR_IRQ268435472_STACKADDRn1' in file '../rtl/picorv32.v' on line 397.
Warning : Removing unused register. [CDFG-508]
        : Removing unused flip-flop register 'next_insn_opcode' in module 'picorv32_ENABLE_COUNTERS0_ENABLE_COUNTERS640_ENABLE_REGS_16_311_ENABLE_REGS_DUALPORT1_LATCHED_MEM_RDATA0_TWO_STAGE_SHIFT0_TWO_CYCLE_COMPARE0_TWO_CYCLE_ALU0_CATCH_MISALIGN0_CATCH_ILLINSN1_ENABLE_PCPI0_ENABLE_MUL0_ENABLE_FAST_MUL0_ENABLE_DIV0_ENABLE_IRQ1_ENABLE_IRQ_QREGS1_ENABLE_IRQ_TIMER0_ENABLE_TRACE0_MASKED_IRQ0_LATCHED_IRQn1_PROGADDR_RESET268435456_PROGADDR_IRQ268435472_STACKADDRn1' in file '../rtl/picorv32.v' on line 433.
Warning : Removing unused register. [CDFG-508]
        : Removing unused flip-flop register 'mem_la_secondword' in module 'picorv32_ENABLE_COUNTERS0_ENABLE_COUNTERS640_ENABLE_REGS_16_311_ENABLE_REGS_DUALPORT1_LATCHED_MEM_RDATA0_TWO_STAGE_SHIFT0_TWO_CYCLE_COMPARE0_TWO_CYCLE_ALU0_CATCH_MISALIGN0_CATCH_ILLINSN1_ENABLE_PCPI0_ENABLE_MUL0_ENABLE_FAST_MUL0_ENABLE_DIV0_ENABLE_IRQ1_ENABLE_IRQ_QREGS1_ENABLE_IRQ_TIMER0_ENABLE_TRACE0_MASKED_IRQ0_LATCHED_IRQn1_PROGADDR_RESET268435456_PROGADDR_IRQ268435472_STACKADDRn1' in file '../rtl/picorv32.v' on line 608.
Warning : Removing unused register. [CDFG-508]
        : Removing unused flip-flop register 'prefetched_high_word' in module 'picorv32_ENABLE_COUNTERS0_ENABLE_COUNTERS640_ENABLE_REGS_16_311_ENABLE_REGS_DUALPORT1_LATCHED_MEM_RDATA0_TWO_STAGE_SHIFT0_TWO_CYCLE_COMPARE0_TWO_CYCLE_ALU0_CATCH_MISALIGN0_CATCH_ILLINSN1_ENABLE_PCPI0_ENABLE_MUL0_ENABLE_FAST_MUL0_ENABLE_DIV0_ENABLE_IRQ1_ENABLE_IRQ_QREGS1_ENABLE_IRQ_TIMER0_ENABLE_TRACE0_MASKED_IRQ0_LATCHED_IRQn1_PROGADDR_RESET268435456_PROGADDR_IRQ268435472_STACKADDRn1' in file '../rtl/picorv32.v' on line 640.
Warning : Removing unused register. [CDFG-508]
        : Removing unused latch register 'new_ascii_instr' in module 'picorv32_ENABLE_COUNTERS0_ENABLE_COUNTERS640_ENABLE_REGS_16_311_ENABLE_REGS_DUALPORT1_LATCHED_MEM_RDATA0_TWO_STAGE_SHIFT0_TWO_CYCLE_COMPARE0_TWO_CYCLE_ALU0_CATCH_MISALIGN0_CATCH_ILLINSN1_ENABLE_PCPI0_ENABLE_MUL0_ENABLE_FAST_MUL0_ENABLE_DIV0_ENABLE_IRQ1_ENABLE_IRQ_QREGS1_ENABLE_IRQ_TIMER0_ENABLE_TRACE0_MASKED_IRQ0_LATCHED_IRQn1_PROGADDR_RESET268435456_PROGADDR_IRQ268435472_STACKADDRn1' in file '../rtl/picorv32.v' on line 755.
Warning : Removing unused register. [CDFG-508]
        : Removing unused flip-flop register 'dbg_insn_addr' in module 'picorv32_ENABLE_COUNTERS0_ENABLE_COUNTERS640_ENABLE_REGS_16_311_ENABLE_REGS_DUALPORT1_LATCHED_MEM_RDATA0_TWO_STAGE_SHIFT0_TWO_CYCLE_COMPARE0_TWO_CYCLE_ALU0_CATCH_MISALIGN0_CATCH_ILLINSN1_ENABLE_PCPI0_ENABLE_MUL0_ENABLE_FAST_MUL0_ENABLE_DIV0_ENABLE_IRQ1_ENABLE_IRQ_QREGS1_ENABLE_IRQ_TIMER0_ENABLE_TRACE0_MASKED_IRQ0_LATCHED_IRQn1_PROGADDR_RESET268435456_PROGADDR_IRQ268435472_STACKADDRn1' in file '../rtl/picorv32.v' on line 803.
Warning : Removing unused register. [CDFG-508]
        : Removing unused flip-flop register 'q_ascii_instr' in module 'picorv32_ENABLE_COUNTERS0_ENABLE_COUNTERS640_ENABLE_REGS_16_311_ENABLE_REGS_DUALPORT1_LATCHED_MEM_RDATA0_TWO_STAGE_SHIFT0_TWO_CYCLE_COMPARE0_TWO_CYCLE_ALU0_CATCH_MISALIGN0_CATCH_ILLINSN1_ENABLE_PCPI0_ENABLE_MUL0_ENABLE_FAST_MUL0_ENABLE_DIV0_ENABLE_IRQ1_ENABLE_IRQ_QREGS1_ENABLE_IRQ_TIMER0_ENABLE_TRACE0_MASKED_IRQ0_LATCHED_IRQn1_PROGADDR_RESET268435456_PROGADDR_IRQ268435472_STACKADDRn1' in file '../rtl/picorv32.v' on line 777.
Warning : Removing unused register. [CDFG-508]
        : Removing unused flip-flop register 'q_insn_imm' in module 'picorv32_ENABLE_COUNTERS0_ENABLE_COUNTERS640_ENABLE_REGS_16_311_ENABLE_REGS_DUALPORT1_LATCHED_MEM_RDATA0_TWO_STAGE_SHIFT0_TWO_CYCLE_COMPARE0_TWO_CYCLE_ALU0_CATCH_MISALIGN0_CATCH_ILLINSN1_ENABLE_PCPI0_ENABLE_MUL0_ENABLE_FAST_MUL0_ENABLE_DIV0_ENABLE_IRQ1_ENABLE_IRQ_QREGS1_ENABLE_IRQ_TIMER0_ENABLE_TRACE0_MASKED_IRQ0_LATCHED_IRQn1_PROGADDR_RESET268435456_PROGADDR_IRQ268435472_STACKADDRn1' in file '../rtl/picorv32.v' on line 778.
Warning : Removing unused register. [CDFG-508]
        : Removing unused flip-flop register 'q_insn_opcode' in module 'picorv32_ENABLE_COUNTERS0_ENABLE_COUNTERS640_ENABLE_REGS_16_311_ENABLE_REGS_DUALPORT1_LATCHED_MEM_RDATA0_TWO_STAGE_SHIFT0_TWO_CYCLE_COMPARE0_TWO_CYCLE_ALU0_CATCH_MISALIGN0_CATCH_ILLINSN1_ENABLE_PCPI0_ENABLE_MUL0_ENABLE_FAST_MUL0_ENABLE_DIV0_ENABLE_IRQ1_ENABLE_IRQ_QREGS1_ENABLE_IRQ_TIMER0_ENABLE_TRACE0_MASKED_IRQ0_LATCHED_IRQn1_PROGADDR_RESET268435456_PROGADDR_IRQ268435472_STACKADDRn1' in file '../rtl/picorv32.v' on line 779.
Warning : Removing unused register. [CDFG-508]
        : Removing unused flip-flop register 'q_insn_rs1' in module 'picorv32_ENABLE_COUNTERS0_ENABLE_COUNTERS640_ENABLE_REGS_16_311_ENABLE_REGS_DUALPORT1_LATCHED_MEM_RDATA0_TWO_STAGE_SHIFT0_TWO_CYCLE_COMPARE0_TWO_CYCLE_ALU0_CATCH_MISALIGN0_CATCH_ILLINSN1_ENABLE_PCPI0_ENABLE_MUL0_ENABLE_FAST_MUL0_ENABLE_DIV0_ENABLE_IRQ1_ENABLE_IRQ_QREGS1_ENABLE_IRQ_TIMER0_ENABLE_TRACE0_MASKED_IRQ0_LATCHED_IRQn1_PROGADDR_RESET268435456_PROGADDR_IRQ268435472_STACKADDRn1' in file '../rtl/picorv32.v' on line 780.
Warning : Removing unused register. [CDFG-508]
        : Removing unused flip-flop register 'q_insn_rs2' in module 'picorv32_ENABLE_COUNTERS0_ENABLE_COUNTERS640_ENABLE_REGS_16_311_ENABLE_REGS_DUALPORT1_LATCHED_MEM_RDATA0_TWO_STAGE_SHIFT0_TWO_CYCLE_COMPARE0_TWO_CYCLE_ALU0_CATCH_MISALIGN0_CATCH_ILLINSN1_ENABLE_PCPI0_ENABLE_MUL0_ENABLE_FAST_MUL0_ENABLE_DIV0_ENABLE_IRQ1_ENABLE_IRQ_QREGS1_ENABLE_IRQ_TIMER0_ENABLE_TRACE0_MASKED_IRQ0_LATCHED_IRQn1_PROGADDR_RESET268435456_PROGADDR_IRQ268435472_STACKADDRn1' in file '../rtl/picorv32.v' on line 781.
Warning : Removing unused register. [CDFG-508]
        : Removing unused flip-flop register 'q_insn_rd' in module 'picorv32_ENABLE_COUNTERS0_ENABLE_COUNTERS640_ENABLE_REGS_16_311_ENABLE_REGS_DUALPORT1_LATCHED_MEM_RDATA0_TWO_STAGE_SHIFT0_TWO_CYCLE_COMPARE0_TWO_CYCLE_ALU0_CATCH_MISALIGN0_CATCH_ILLINSN1_ENABLE_PCPI0_ENABLE_MUL0_ENABLE_FAST_MUL0_ENABLE_DIV0_ENABLE_IRQ1_ENABLE_IRQ_QREGS1_ENABLE_IRQ_TIMER0_ENABLE_TRACE0_MASKED_IRQ0_LATCHED_IRQn1_PROGADDR_RESET268435456_PROGADDR_IRQ268435472_STACKADDRn1' in file '../rtl/picorv32.v' on line 782.
Warning : Removing unused register. [CDFG-508]
        : Removing unused flip-flop register 'dbg_next' in module 'picorv32_ENABLE_COUNTERS0_ENABLE_COUNTERS640_ENABLE_REGS_16_311_ENABLE_REGS_DUALPORT1_LATCHED_MEM_RDATA0_TWO_STAGE_SHIFT0_TWO_CYCLE_COMPARE0_TWO_CYCLE_ALU0_CATCH_MISALIGN0_CATCH_ILLINSN1_ENABLE_PCPI0_ENABLE_MUL0_ENABLE_FAST_MUL0_ENABLE_DIV0_ENABLE_IRQ1_ENABLE_IRQ_QREGS1_ENABLE_IRQ_TIMER0_ENABLE_TRACE0_MASKED_IRQ0_LATCHED_IRQn1_PROGADDR_RESET268435456_PROGADDR_IRQ268435472_STACKADDRn1' in file '../rtl/picorv32.v' on line 783.
Warning : Removing unused register. [CDFG-508]
        : Removing unused flip-flop register 'dbg_valid_insn' in module 'picorv32_ENABLE_COUNTERS0_ENABLE_COUNTERS640_ENABLE_REGS_16_311_ENABLE_REGS_DUALPORT1_LATCHED_MEM_RDATA0_TWO_STAGE_SHIFT0_TWO_CYCLE_COMPARE0_TWO_CYCLE_ALU0_CATCH_MISALIGN0_CATCH_ILLINSN1_ENABLE_PCPI0_ENABLE_MUL0_ENABLE_FAST_MUL0_ENABLE_DIV0_ENABLE_IRQ1_ENABLE_IRQ_QREGS1_ENABLE_IRQ_TIMER0_ENABLE_TRACE0_MASKED_IRQ0_LATCHED_IRQn1_PROGADDR_RESET268435456_PROGADDR_IRQ268435472_STACKADDRn1' in file '../rtl/picorv32.v' on line 788.
Warning : Removing unused register. [CDFG-508]
        : Removing unused flip-flop register 'cached_ascii_instr' in module 'picorv32_ENABLE_COUNTERS0_ENABLE_COUNTERS640_ENABLE_REGS_16_311_ENABLE_REGS_DUALPORT1_LATCHED_MEM_RDATA0_TWO_STAGE_SHIFT0_TWO_CYCLE_COMPARE0_TWO_CYCLE_ALU0_CATCH_MISALIGN0_CATCH_ILLINSN1_ENABLE_PCPI0_ENABLE_MUL0_ENABLE_FAST_MUL0_ENABLE_DIV0_ENABLE_IRQ1_ENABLE_IRQ_QREGS1_ENABLE_IRQ_TIMER0_ENABLE_TRACE0_MASKED_IRQ0_LATCHED_IRQn1_PROGADDR_RESET268435456_PROGADDR_IRQ268435472_STACKADDRn1' in file '../rtl/picorv32.v' on line 791.
Warning : Removing unused register. [CDFG-508]
        : Removing unused flip-flop register 'cached_insn_imm' in module 'picorv32_ENABLE_COUNTERS0_ENABLE_COUNTERS640_ENABLE_REGS_16_311_ENABLE_REGS_DUALPORT1_LATCHED_MEM_RDATA0_TWO_STAGE_SHIFT0_TWO_CYCLE_COMPARE0_TWO_CYCLE_ALU0_CATCH_MISALIGN0_CATCH_ILLINSN1_ENABLE_PCPI0_ENABLE_MUL0_ENABLE_FAST_MUL0_ENABLE_DIV0_ENABLE_IRQ1_ENABLE_IRQ_QREGS1_ENABLE_IRQ_TIMER0_ENABLE_TRACE0_MASKED_IRQ0_LATCHED_IRQn1_PROGADDR_RESET268435456_PROGADDR_IRQ268435472_STACKADDRn1' in file '../rtl/picorv32.v' on line 792.
Warning : Removing unused register. [CDFG-508]
        : Removing unused flip-flop register 'cached_insn_opcode' in module 'picorv32_ENABLE_COUNTERS0_ENABLE_COUNTERS640_ENABLE_REGS_16_311_ENABLE_REGS_DUALPORT1_LATCHED_MEM_RDATA0_TWO_STAGE_SHIFT0_TWO_CYCLE_COMPARE0_TWO_CYCLE_ALU0_CATCH_MISALIGN0_CATCH_ILLINSN1_ENABLE_PCPI0_ENABLE_MUL0_ENABLE_FAST_MUL0_ENABLE_DIV0_ENABLE_IRQ1_ENABLE_IRQ_QREGS1_ENABLE_IRQ_TIMER0_ENABLE_TRACE0_MASKED_IRQ0_LATCHED_IRQn1_PROGADDR_RESET268435456_PROGADDR_IRQ268435472_STACKADDRn1' in file '../rtl/picorv32.v' on line 796.
Warning : Removing unused register. [CDFG-508]
        : Removing unused flip-flop register 'cached_insn_rs1' in module 'picorv32_ENABLE_COUNTERS0_ENABLE_COUNTERS640_ENABLE_REGS_16_311_ENABLE_REGS_DUALPORT1_LATCHED_MEM_RDATA0_TWO_STAGE_SHIFT0_TWO_CYCLE_COMPARE0_TWO_CYCLE_ALU0_CATCH_MISALIGN0_CATCH_ILLINSN1_ENABLE_PCPI0_ENABLE_MUL0_ENABLE_FAST_MUL0_ENABLE_DIV0_ENABLE_IRQ1_ENABLE_IRQ_QREGS1_ENABLE_IRQ_TIMER0_ENABLE_TRACE0_MASKED_IRQ0_LATCHED_IRQn1_PROGADDR_RESET268435456_PROGADDR_IRQ268435472_STACKADDRn1' in file '../rtl/picorv32.v' on line 797.
Warning : Maximum message print count reached. [MESG-11]
        : Maximum print count of '20' reached for message 'CDFG-508'.
Info    : Replaced logic with a constant value. [CDFG-771]
        : Constant Replacement in Module 'picorv32_ENABLE_COUNTERS0_ENABLE_COUNTERS640_ENABLE_REGS_16_311_ENABLE_REGS_DUALPORT1_LATCHED_MEM_RDATA0_TWO_STAGE_SHIFT0_TWO_CYCLE_COMPARE0_TWO_CYCLE_ALU0_CATCH_MISALIGN0_CATCH_ILLINSN1_ENABLE_PCPI0_ENABLE_MUL0_ENABLE_FAST_MUL0_ENABLE_DIV0_ENABLE_IRQ1_ENABLE_IRQ_QREGS1_ENABLE_IRQ_TIMER0_ENABLE_TRACE0_MASKED_IRQ0_LATCHED_IRQn1_PROGADDR_RESET268435456_PROGADDR_IRQ268435472_STACKADDRn1' in file '../rtl/picorv32.v' on line 373.
Info    : Replaced logic with a constant value. [CDFG-771]
        : Constant Replacement in Module 'picorv32_ENABLE_COUNTERS0_ENABLE_COUNTERS640_ENABLE_REGS_16_311_ENABLE_REGS_DUALPORT1_LATCHED_MEM_RDATA0_TWO_STAGE_SHIFT0_TWO_CYCLE_COMPARE0_TWO_CYCLE_ALU0_CATCH_MISALIGN0_CATCH_ILLINSN1_ENABLE_PCPI0_ENABLE_MUL0_ENABLE_FAST_MUL0_ENABLE_DIV0_ENABLE_IRQ1_ENABLE_IRQ_QREGS1_ENABLE_IRQ_TIMER0_ENABLE_TRACE0_MASKED_IRQ0_LATCHED_IRQn1_PROGADDR_RESET268435456_PROGADDR_IRQ268435472_STACKADDRn1' in file '../rtl/picorv32.v' on line 377.
Info    : Replaced logic with a constant value. [CDFG-771]
        : Constant Replacement in Module 'picorv32_ENABLE_COUNTERS0_ENABLE_COUNTERS640_ENABLE_REGS_16_311_ENABLE_REGS_DUALPORT1_LATCHED_MEM_RDATA0_TWO_STAGE_SHIFT0_TWO_CYCLE_COMPARE0_TWO_CYCLE_ALU0_CATCH_MISALIGN0_CATCH_ILLINSN1_ENABLE_PCPI0_ENABLE_MUL0_ENABLE_FAST_MUL0_ENABLE_DIV0_ENABLE_IRQ1_ENABLE_IRQ_QREGS1_ENABLE_IRQ_TIMER0_ENABLE_TRACE0_MASKED_IRQ0_LATCHED_IRQn1_PROGADDR_RESET268435456_PROGADDR_IRQ268435472_STACKADDRn1' in file '../rtl/picorv32.v' on line 584.
Info    : Replaced logic with a constant value. [CDFG-771]
        : Constant Replacement in Module 'picorv32_ENABLE_COUNTERS0_ENABLE_COUNTERS640_ENABLE_REGS_16_311_ENABLE_REGS_DUALPORT1_LATCHED_MEM_RDATA0_TWO_STAGE_SHIFT0_TWO_CYCLE_COMPARE0_TWO_CYCLE_ALU0_CATCH_MISALIGN0_CATCH_ILLINSN1_ENABLE_PCPI0_ENABLE_MUL0_ENABLE_FAST_MUL0_ENABLE_DIV0_ENABLE_IRQ1_ENABLE_IRQ_QREGS1_ENABLE_IRQ_TIMER0_ENABLE_TRACE0_MASKED_IRQ0_LATCHED_IRQn1_PROGADDR_RESET268435456_PROGADDR_IRQ268435472_STACKADDRn1' in file '../rtl/picorv32.v' on line 1965.
Info    : Replaced logic with a constant value. [CDFG-771]
        : Constant Replacement in Module 'picorv32_ENABLE_COUNTERS0_ENABLE_COUNTERS640_ENABLE_REGS_16_311_ENABLE_REGS_DUALPORT1_LATCHED_MEM_RDATA0_TWO_STAGE_SHIFT0_TWO_CYCLE_COMPARE0_TWO_CYCLE_ALU0_CATCH_MISALIGN0_CATCH_ILLINSN1_ENABLE_PCPI0_ENABLE_MUL0_ENABLE_FAST_MUL0_ENABLE_DIV0_ENABLE_IRQ1_ENABLE_IRQ_QREGS1_ENABLE_IRQ_TIMER0_ENABLE_TRACE0_MASKED_IRQ0_LATCHED_IRQn1_PROGADDR_RESET268435456_PROGADDR_IRQ268435472_STACKADDRn1' in file '../rtl/picorv32.v' on line 878.
Info    : Replaced logic with a constant value. [CDFG-771]
        : Constant Replacement in Module 'picorv32_ENABLE_COUNTERS0_ENABLE_COUNTERS640_ENABLE_REGS_16_311_ENABLE_REGS_DUALPORT1_LATCHED_MEM_RDATA0_TWO_STAGE_SHIFT0_TWO_CYCLE_COMPARE0_TWO_CYCLE_ALU0_CATCH_MISALIGN0_CATCH_ILLINSN1_ENABLE_PCPI0_ENABLE_MUL0_ENABLE_FAST_MUL0_ENABLE_DIV0_ENABLE_IRQ1_ENABLE_IRQ_QREGS1_ENABLE_IRQ_TIMER0_ENABLE_TRACE0_MASKED_IRQ0_LATCHED_IRQn1_PROGADDR_RESET268435456_PROGADDR_IRQ268435472_STACKADDRn1' in file '../rtl/picorv32.v' on line 1966.
Info    : Common subexpression eliminated. [CDFG-738]
        : Eliminated '%bit-select%' in file '../rtl/picorv32.v' on line 1501.
Info    : Common subexpression kept. [CDFG-739]
        : Kept '%bit-select%' in file '../rtl/picorv32.v' on line 1319.
Info    : Common subexpression eliminated. [CDFG-738]
        : Eliminated '%bit-select%' in file '../rtl/picorv32.v' on line 1775.
Info    : Common subexpression kept. [CDFG-739]
        : Kept '%bit-select%' in file '../rtl/picorv32.v' on line 1614.
Info    : Common subexpression eliminated. [CDFG-738]
        : Eliminated '%bit-select%' in file '../rtl/picorv32.v' on line 1506.
Info    : Common subexpression kept. [CDFG-739]
        : Kept '%bit-select%' in file '../rtl/picorv32.v' on line 1323.
Info    : Common subexpression eliminated. [CDFG-738]
        : Eliminated '+' in file '../rtl/picorv32.v' on line 1892.
Info    : Common subexpression kept. [CDFG-739]
        : Kept '+' in file '../rtl/picorv32.v' on line 1864.
Info    : Common subexpression eliminated. [CDFG-738]
        : Eliminated '==' in file '../rtl/picorv32.v' on line 1063.
Info    : Common subexpression kept. [CDFG-739]
        : Kept '==' in file '../rtl/picorv32.v' on line 1062.
Info    : Common subexpression eliminated. [CDFG-738]
        : Eliminated '==' in file '../rtl/picorv32.v' on line 1066.
Info    : Common subexpression kept. [CDFG-739]
        : Kept '==' in file '../rtl/picorv32.v' on line 1062.
Info    : Common subexpression eliminated. [CDFG-738]
        : Eliminated '==' in file '../rtl/picorv32.v' on line 1068.
Info    : Common subexpression kept. [CDFG-739]
        : Kept '==' in file '../rtl/picorv32.v' on line 1062.
Info    : Common subexpression eliminated. [CDFG-738]
        : Eliminated '==' in file '../rtl/picorv32.v' on line 1069.
Info    : Common subexpression kept. [CDFG-739]
        : Kept '==' in file '../rtl/picorv32.v' on line 1062.
Info    : Common subexpression eliminated. [CDFG-738]
        : Eliminated '==' in file '../rtl/picorv32.v' on line 1070.
Info    : Common subexpression kept. [CDFG-739]
        : Kept '==' in file '../rtl/picorv32.v' on line 1062.
Info    : Common subexpression eliminated. [CDFG-738]
        : Eliminated '==' in file '../rtl/picorv32.v' on line 1071.
Info    : Common subexpression kept. [CDFG-739]
        : Kept '==' in file '../rtl/picorv32.v' on line 1062.
Info    : Common subexpression eliminated. [CDFG-738]
        : Eliminated '==' in file '../rtl/picorv32.v' on line 1072.
Info    : Common subexpression kept. [CDFG-739]
        : Kept '==' in file '../rtl/picorv32.v' on line 1062.
Info    : Common subexpression eliminated. [CDFG-738]
        : Eliminated '==' in file '../rtl/picorv32.v' on line 1074.
Info    : Common subexpression kept. [CDFG-739]
        : Kept '==' in file '../rtl/picorv32.v' on line 1062.
Info    : Common subexpression eliminated. [CDFG-738]
        : Eliminated '==' in file '../rtl/picorv32.v' on line 1075.
Info    : Common subexpression kept. [CDFG-739]
        : Kept '==' in file '../rtl/picorv32.v' on line 1062.
Info    : Common subexpression eliminated. [CDFG-738]
        : Eliminated '==' in file '../rtl/picorv32.v' on line 1087.
Info    : Common subexpression kept. [CDFG-739]
        : Kept '==' in file '../rtl/picorv32.v' on line 1062.
Info    : Common subexpression eliminated. [CDFG-738]
        : Eliminated '==' in file '../rtl/picorv32.v' on line 1093.
Info    : Common subexpression kept. [CDFG-739]
        : Kept '==' in file '../rtl/picorv32.v' on line 1062.
Info    : Common subexpression eliminated. [CDFG-738]
        : Eliminated '==' in file '../rtl/picorv32.v' on line 1094.
Info    : Common subexpression kept. [CDFG-739]
        : Kept '==' in file '../rtl/picorv32.v' on line 1062.
Info    : Common subexpression eliminated. [CDFG-738]
        : Eliminated '==' in file '../rtl/picorv32.v' on line 1108.
Info    : Common subexpression kept. [CDFG-739]
        : Kept '==' in file '../rtl/picorv32.v' on line 1062.
Info    : Common subexpression eliminated. [CDFG-738]
        : Eliminated '==' in file '../rtl/picorv32.v' on line 1109.
Info    : Common subexpression kept. [CDFG-739]
        : Kept '==' in file '../rtl/picorv32.v' on line 1062.
Info    : Common subexpression eliminated. [CDFG-738]
        : Eliminated '==' in file '../rtl/picorv32.v' on line 887.
Info    : Common subexpression kept. [CDFG-739]
        : Kept '==' in file '../rtl/picorv32.v' on line 869.
Info    : Common subexpression eliminated. [CDFG-738]
        : Eliminated '==' in file '../rtl/picorv32.v' on line 870.
Info    : Common subexpression kept. [CDFG-739]
        : Kept '==' in file '../rtl/picorv32.v' on line 869.
Warning : Maximum message print count reached. [MESG-11]
        : Maximum print count of '20' reached for message 'CDFG-738'.
Warning : Maximum message print count reached. [MESG-11]
        : Maximum print count of '20' reached for message 'CDFG-739'.
Info    : Identified sum-of-products logic to be optimized during syn_generic. [CDFG-769]
        : Sum-of-products logic in module 'picorv32_ENABLE_COUNTERS0_ENABLE_COUNTERS640_ENABLE_REGS_16_311_ENABLE_REGS_DUALPORT1_LATCHED_MEM_RDATA0_TWO_STAGE_SHIFT0_TWO_CYCLE_COMPARE0_TWO_CYCLE_ALU0_CATCH_MISALIGN0_CATCH_ILLINSN1_ENABLE_PCPI0_ENABLE_MUL0_ENABLE_FAST_MUL0_ENABLE_DIV0_ENABLE_IRQ1_ENABLE_IRQ_QREGS1_ENABLE_IRQ_TIMER0_ENABLE_TRACE0_MASKED_IRQ0_LATCHED_IRQn1_PROGADDR_RESET268435456_PROGADDR_IRQ268435472_STACKADDRn1' in file '../rtl/picorv32.v' on line 1481.
Info    : Unused module input port. [CDFG-500]
        : Input port 'pcpi_wr' is not used in module 'picorv32_ENABLE_COUNTERS0_ENABLE_COUNTERS640_ENABLE_REGS_16_311_ENABLE_REGS_DUALPORT1_LATCHED_MEM_RDATA0_TWO_STAGE_SHIFT0_TWO_CYCLE_COMPARE0_TWO_CYCLE_ALU0_CATCH_MISALIGN0_CATCH_ILLINSN1_ENABLE_PCPI0_ENABLE_MUL0_ENABLE_FAST_MUL0_ENABLE_DIV0_ENABLE_IRQ1_ENABLE_IRQ_QREGS1_ENABLE_IRQ_TIMER0_ENABLE_TRACE0_MASKED_IRQ0_LATCHED_IRQn1_PROGADDR_RESET268435456_PROGADDR_IRQ268435472_STACKADDRn1' in file '../rtl/picorv32.v' on line 114.
        : (In port definition within the module, the input port is not used in any assignment statements or conditional expressions for decision statements.
Info    : Unused module input port. [CDFG-500]
        : Input port 'pcpi_rd' is not used in module 'picorv32_ENABLE_COUNTERS0_ENABLE_COUNTERS640_ENABLE_REGS_16_311_ENABLE_REGS_DUALPORT1_LATCHED_MEM_RDATA0_TWO_STAGE_SHIFT0_TWO_CYCLE_COMPARE0_TWO_CYCLE_ALU0_CATCH_MISALIGN0_CATCH_ILLINSN1_ENABLE_PCPI0_ENABLE_MUL0_ENABLE_FAST_MUL0_ENABLE_DIV0_ENABLE_IRQ1_ENABLE_IRQ_QREGS1_ENABLE_IRQ_TIMER0_ENABLE_TRACE0_MASKED_IRQ0_LATCHED_IRQn1_PROGADDR_RESET268435456_PROGADDR_IRQ268435472_STACKADDRn1' in file '../rtl/picorv32.v' on line 115.
Info    : Unused module input port. [CDFG-500]
        : Input port 'pcpi_wait' is not used in module 'picorv32_ENABLE_COUNTERS0_ENABLE_COUNTERS640_ENABLE_REGS_16_311_ENABLE_REGS_DUALPORT1_LATCHED_MEM_RDATA0_TWO_STAGE_SHIFT0_TWO_CYCLE_COMPARE0_TWO_CYCLE_ALU0_CATCH_MISALIGN0_CATCH_ILLINSN1_ENABLE_PCPI0_ENABLE_MUL0_ENABLE_FAST_MUL0_ENABLE_DIV0_ENABLE_IRQ1_ENABLE_IRQ_QREGS1_ENABLE_IRQ_TIMER0_ENABLE_TRACE0_MASKED_IRQ0_LATCHED_IRQn1_PROGADDR_RESET268435456_PROGADDR_IRQ268435472_STACKADDRn1' in file '../rtl/picorv32.v' on line 116.
Info    : Unused module input port. [CDFG-500]
        : Input port 'pcpi_ready' is not used in module 'picorv32_ENABLE_COUNTERS0_ENABLE_COUNTERS640_ENABLE_REGS_16_311_ENABLE_REGS_DUALPORT1_LATCHED_MEM_RDATA0_TWO_STAGE_SHIFT0_TWO_CYCLE_COMPARE0_TWO_CYCLE_ALU0_CATCH_MISALIGN0_CATCH_ILLINSN1_ENABLE_PCPI0_ENABLE_MUL0_ENABLE_FAST_MUL0_ENABLE_DIV0_ENABLE_IRQ1_ENABLE_IRQ_QREGS1_ENABLE_IRQ_TIMER0_ENABLE_TRACE0_MASKED_IRQ0_LATCHED_IRQn1_PROGADDR_RESET268435456_PROGADDR_IRQ268435472_STACKADDRn1' in file '../rtl/picorv32.v' on line 117.
Info    : An implementation was inferred. [CWD-19]
        : The implementation 'hdl_implementation:GB/add_unsigned/very_fast' was inferred through the binding 'b1' for the call to synthetic operator 'ADD_UNS_OP' (pin widths: A=30 B=1 Z=30) at line 382 in the file '../rtl/picorv32.v'.
Info    : Sorted the set of valid implementations for synthetic operator. [CWD-36]
        : The implementations for the call to synthetic operator 'ADD_UNS_OP' (pin widths: A=30 B=1 Z=30) at line 382 in the file '../rtl/picorv32.v' will be considered in the following order: {'hdl_implementation:GB/add_unsigned/very_fast' (priority 1), 'hdl_implementation:GB/add_unsigned/medium' (priority 1), 'hdl_implementation:GB/add_unsigned/slow' (priority 1)}
Info    : An implementation was inferred. [CWD-19]
        : The implementation 'hdl_implementation:GB/decoder/very_fast' was inferred through the binding 'b2' for the call to synthetic operator 'SLL_VLOG_UNS_OP' (pin widths: A=1 SH=2 Z=4) at line 419 in the file '../rtl/picorv32.v'.
Info    : Sorted the set of valid implementations for synthetic operator. [CWD-36]
        : The implementations for the call to synthetic operator 'SLL_VLOG_UNS_OP' (pin widths: A=1 SH=2 Z=4) at line 419 in the file '../rtl/picorv32.v' will be considered in the following order: {'hdl_implementation:GB/decoder/very_fast' (priority 1)}
Info    : An implementation was inferred. [CWD-19]
        : The implementation 'hdl_implementation:GB/equal_unsigned/very_fast' was inferred through the binding 'b1' for the call to synthetic operator 'EQ_UNS_OP' (pin widths: A=7 B=6 Z=1) at line 865 in the file '../rtl/picorv32.v'.
Info    : Sorted the set of valid implementations for synthetic operator. [CWD-36]
        : The implementations for the call to synthetic operator 'EQ_UNS_OP' (pin widths: A=7 B=6 Z=1) at line 865 in the file '../rtl/picorv32.v' will be considered in the following order: {'hdl_implementation:GB/equal_unsigned/very_fast' (priority 1)}
Info    : An implementation was inferred. [CWD-19]
        : The implementation 'hdl_implementation:GB/equal_unsigned/very_fast' was inferred through the binding 'b1' for the call to synthetic operator 'EQ_UNS_OP' (pin widths: A=7 B=5 Z=1) at line 866 in the file '../rtl/picorv32.v'.
Info    : Sorted the set of valid implementations for synthetic operator. [CWD-36]
        : The implementations for the call to synthetic operator 'EQ_UNS_OP' (pin widths: A=7 B=5 Z=1) at line 866 in the file '../rtl/picorv32.v' will be considered in the following order: {'hdl_implementation:GB/equal_unsigned/very_fast' (priority 1)}
Info    : An implementation was inferred. [CWD-19]
        : The implementation 'hdl_implementation:GB/equal_unsigned/very_fast' was inferred through the binding 'b1' for the call to synthetic operator 'EQ_UNS_OP' (pin widths: A=7 B=7 Z=1) at line 867 in the file '../rtl/picorv32.v'.
Info    : Sorted the set of valid implementations for synthetic operator. [CWD-36]
        : The implementations for the call to synthetic operator 'EQ_UNS_OP' (pin widths: A=7 B=7 Z=1) at line 867 in the file '../rtl/picorv32.v' will be considered in the following order: {'hdl_implementation:GB/equal_unsigned/very_fast' (priority 1)}
Info    : An implementation was inferred. [CWD-19]
        : The implementation 'hdl_implementation:GB/equal_unsigned/very_fast' was inferred through the binding 'b1' for the call to synthetic operator 'EQ_UNS_OP' (pin widths: A=7 B=7 Z=1) at line 868 in the file '../rtl/picorv32.v'.
Info    : Sorted the set of valid implementations for synthetic operator. [CWD-36]
        : The implementations for the call to synthetic operator 'EQ_UNS_OP' (pin widths: A=7 B=7 Z=1) at line 868 in the file '../rtl/picorv32.v' will be considered in the following order: {'hdl_implementation:GB/equal_unsigned/very_fast' (priority 1)}
Info    : An implementation was inferred. [CWD-19]
        : The implementation 'hdl_implementation:GB/equal_unsigned/very_fast' was inferred through the binding 'b1' for the call to synthetic operator 'EQ_UNS_OP' (pin widths: A=3 B=1 Z=1) at line 868 in the file '../rtl/picorv32.v'.
Info    : Sorted the set of valid implementations for synthetic operator. [CWD-36]
        : The implementations for the call to synthetic operator 'EQ_UNS_OP' (pin widths: A=3 B=1 Z=1) at line 868 in the file '../rtl/picorv32.v' will be considered in the following order: {'hdl_implementation:GB/equal_unsigned/very_fast' (priority 1)}
Info    : An implementation was inferred. [CWD-19]
        : The implementation 'hdl_implementation:GB/equal_unsigned/very_fast' was inferred through the binding 'b1' for the call to synthetic operator 'EQ_UNS_OP' (pin widths: A=3 B=1 Z=1) at line 1038 in the file '../rtl/picorv32.v'.
Info    : Sorted the set of valid implementations for synthetic operator. [CWD-36]
        : The implementations for the call to synthetic operator 'EQ_UNS_OP' (pin widths: A=3 B=1 Z=1) at line 1038 in the file '../rtl/picorv32.v' will be considered in the following order: {'hdl_implementation:GB/equal_unsigned/very_fast' (priority 1)}
Info    : An implementation was inferred. [CWD-19]
        : The implementation 'hdl_implementation:GB/equal_unsigned/very_fast' was inferred through the binding 'b1' for the call to synthetic operator 'EQ_UNS_OP' (pin widths: A=3 B=1 Z=1) at line 1039 in the file '../rtl/picorv32.v'.
Info    : Sorted the set of valid implementations for synthetic operator. [CWD-36]
        : The implementations for the call to synthetic operator 'EQ_UNS_OP' (pin widths: A=3 B=1 Z=1) at line 1039 in the file '../rtl/picorv32.v' will be considered in the following order: {'hdl_implementation:GB/equal_unsigned/very_fast' (priority 1)}
Info    : An implementation was inferred. [CWD-19]
        : The implementation 'hdl_implementation:GB/equal_unsigned/very_fast' was inferred through the binding 'b1' for the call to synthetic operator 'EQ_UNS_OP' (pin widths: A=3 B=3 Z=1) at line 1040 in the file '../rtl/picorv32.v'.
Info    : Sorted the set of valid implementations for synthetic operator. [CWD-36]
        : The implementations for the call to synthetic operator 'EQ_UNS_OP' (pin widths: A=3 B=3 Z=1) at line 1040 in the file '../rtl/picorv32.v' will be considered in the following order: {'hdl_implementation:GB/equal_unsigned/very_fast' (priority 1)}
Info    : An implementation was inferred. [CWD-19]
        : The implementation 'hdl_implementation:GB/equal_unsigned/very_fast' was inferred through the binding 'b1' for the call to synthetic operator 'EQ_UNS_OP' (pin widths: A=3 B=3 Z=1) at line 1041 in the file '../rtl/picorv32.v'.
Info    : Sorted the set of valid implementations for synthetic operator. [CWD-36]
        : The implementations for the call to synthetic operator 'EQ_UNS_OP' (pin widths: A=3 B=3 Z=1) at line 1041 in the file '../rtl/picorv32.v' will be considered in the following order: {'hdl_implementation:GB/equal_unsigned/very_fast' (priority 1)}
Info    : An implementation was inferred. [CWD-19]
        : The implementation 'hdl_implementation:GB/equal_unsigned/very_fast' was inferred through the binding 'b1' for the call to synthetic operator 'EQ_UNS_OP' (pin widths: A=3 B=3 Z=1) at line 1042 in the file '../rtl/picorv32.v'.
Info    : Sorted the set of valid implementations for synthetic operator. [CWD-36]
        : The implementations for the call to synthetic operator 'EQ_UNS_OP' (pin widths: A=3 B=3 Z=1) at line 1042 in the file '../rtl/picorv32.v' will be considered in the following order: {'hdl_implementation:GB/equal_unsigned/very_fast' (priority 1)}
Info    : An implementation was inferred. [CWD-19]
        : The implementation 'hdl_implementation:GB/equal_unsigned/very_fast' was inferred through the binding 'b1' for the call to synthetic operator 'EQ_UNS_OP' (pin widths: A=3 B=3 Z=1) at line 1043 in the file '../rtl/picorv32.v'.
Info    : Sorted the set of valid implementations for synthetic operator. [CWD-36]
        : The implementations for the call to synthetic operator 'EQ_UNS_OP' (pin widths: A=3 B=3 Z=1) at line 1043 in the file '../rtl/picorv32.v' will be considered in the following order: {'hdl_implementation:GB/equal_unsigned/very_fast' (priority 1)}
Info    : An implementation was inferred. [CWD-19]
        : The implementation 'hdl_implementation:GB/equal_unsigned/very_fast' was inferred through the binding 'b1' for the call to synthetic operator 'EQ_UNS_OP' (pin widths: A=3 B=2 Z=1) at line 1047 in the file '../rtl/picorv32.v'.
Info    : Sorted the set of valid implementations for synthetic operator. [CWD-36]
        : The implementations for the call to synthetic operator 'EQ_UNS_OP' (pin widths: A=3 B=2 Z=1) at line 1047 in the file '../rtl/picorv32.v' will be considered in the following order: {'hdl_implementation:GB/equal_unsigned/very_fast' (priority 1)}
Info    : An implementation was inferred. [CWD-19]
        : The implementation 'hdl_implementation:GB/equal_unsigned/very_fast' was inferred through the binding 'b1' for the call to synthetic operator 'EQ_UNS_OP' (pin widths: A=3 B=2 Z=1) at line 1057 in the file '../rtl/picorv32.v'.
Info    : Sorted the set of valid implementations for synthetic operator. [CWD-36]
        : The implementations for the call to synthetic operator 'EQ_UNS_OP' (pin widths: A=3 B=2 Z=1) at line 1057 in the file '../rtl/picorv32.v' will be considered in the following order: {'hdl_implementation:GB/equal_unsigned/very_fast' (priority 1)}
Info    : An implementation was inferred. [CWD-19]
        : The implementation 'hdl_implementation:GB/equal_unsigned/very_fast' was inferred through the binding 'b1' for the call to synthetic operator 'EQ_UNS_OP' (pin widths: A=7 B=1 Z=1) at line 1062 in the file '../rtl/picorv32.v'.
Info    : Sorted the set of valid implementations for synthetic operator. [CWD-36]
        : The implementations for the call to synthetic operator 'EQ_UNS_OP' (pin widths: A=7 B=1 Z=1) at line 1062 in the file '../rtl/picorv32.v' will be considered in the following order: {'hdl_implementation:GB/equal_unsigned/very_fast' (priority 1)}
Info    : An implementation was inferred. [CWD-19]
        : The implementation 'hdl_implementation:GB/equal_unsigned/very_fast' was inferred through the binding 'b1' for the call to synthetic operator 'EQ_UNS_OP' (pin widths: A=7 B=6 Z=1) at line 1064 in the file '../rtl/picorv32.v'.
Info    : Sorted the set of valid implementations for synthetic operator. [CWD-36]
        : The implementations for the call to synthetic operator 'EQ_UNS_OP' (pin widths: A=7 B=6 Z=1) at line 1064 in the file '../rtl/picorv32.v' will be considered in the following order: {'hdl_implementation:GB/equal_unsigned/very_fast' (priority 1)}
Info    : An implementation was inferred. [CWD-19]
        : The implementation 'hdl_implementation:GB/equal_unsigned/very_fast' was inferred through the binding 'b1' for the call to synthetic operator 'EQ_UNS_OP' (pin widths: A=7 B=7 Z=1) at line 1084 in the file '../rtl/picorv32.v'.
Info    : Sorted the set of valid implementations for synthetic operator. [CWD-36]
        : The implementations for the call to synthetic operator 'EQ_UNS_OP' (pin widths: A=7 B=7 Z=1) at line 1084 in the file '../rtl/picorv32.v' will be considered in the following order: {'hdl_implementation:GB/equal_unsigned/very_fast' (priority 1)}
Info    : An implementation was inferred. [CWD-19]
        : The implementation 'hdl_implementation:GB/equal_unsigned/very_fast' was inferred through the binding 'b1' for the call to synthetic operator 'EQ_UNS_OP' (pin widths: A=7 B=4 Z=1) at line 1087 in the file '../rtl/picorv32.v'.
Info    : Sorted the set of valid implementations for synthetic operator. [CWD-36]
        : The implementations for the call to synthetic operator 'EQ_UNS_OP' (pin widths: A=7 B=4 Z=1) at line 1087 in the file '../rtl/picorv32.v' will be considered in the following order: {'hdl_implementation:GB/equal_unsigned/very_fast' (priority 1)}
Info    : An implementation was inferred. [CWD-19]
        : The implementation 'hdl_implementation:GB/equal_unsigned/very_fast' was inferred through the binding 'b1' for the call to synthetic operator 'EQ_UNS_OP' (pin widths: A=7 B=1 Z=1) at line 1088 in the file '../rtl/picorv32.v'.
Info    : Sorted the set of valid implementations for synthetic operator. [CWD-36]
        : The implementations for the call to synthetic operator 'EQ_UNS_OP' (pin widths: A=7 B=1 Z=1) at line 1088 in the file '../rtl/picorv32.v' will be considered in the following order: {'hdl_implementation:GB/equal_unsigned/very_fast' (priority 1)}
Warning : Maximum message print count reached. [MESG-11]
        : Maximum print count of '20' reached for message 'CWD-19'.
Warning : Undriven module output port. [ELABUTL-123]
        : Undriven bits of output port 'pcpi_insn' in module 'picorv32_ENABLE_COUNTERS0_ENABLE_COUNTERS640_ENABLE_REGS_16_311_ENABLE_REGS_DUALPORT1_LATCHED_MEM_RDATA0_TWO_STAGE_SHIFT0_TWO_CYCLE_COMPARE0_TWO_CYCLE_ALU0_CATCH_MISALIGN0_CATCH_ILLINSN1_ENABLE_PCPI0_ENABLE_MUL0_ENABLE_FAST_MUL0_ENABLE_DIV0_ENABLE_IRQ1_ENABLE_IRQ_QREGS1_ENABLE_IRQ_TIMER0_ENABLE_TRACE0_MASKED_IRQ0_LATCHED_IRQn1_PROGADDR_RESET268435456_PROGADDR_IRQ268435472_STACKADDRn1'.
Warning : Undriven module output port. [ELABUTL-123]
        : Undriven bits of output port 'pcpi_insn' in module 'picorv32_ENABLE_COUNTERS0_ENABLE_COUNTERS640_ENABLE_REGS_16_311_ENABLE_REGS_DUALPORT1_LATCHED_MEM_RDATA0_TWO_STAGE_SHIFT0_TWO_CYCLE_COMPARE0_TWO_CYCLE_ALU0_CATCH_MISALIGN0_CATCH_ILLINSN1_ENABLE_PCPI0_ENABLE_MUL0_ENABLE_FAST_MUL0_ENABLE_DIV0_ENABLE_IRQ1_ENABLE_IRQ_QREGS1_ENABLE_IRQ_TIMER0_ENABLE_TRACE0_MASKED_IRQ0_LATCHED_IRQn1_PROGADDR_RESET268435456_PROGADDR_IRQ268435472_STACKADDRn1'.
Warning : Undriven module output port. [ELABUTL-123]
        : Undriven bits of output port 'pcpi_insn' in module 'picorv32_ENABLE_COUNTERS0_ENABLE_COUNTERS640_ENABLE_REGS_16_311_ENABLE_REGS_DUALPORT1_LATCHED_MEM_RDATA0_TWO_STAGE_SHIFT0_TWO_CYCLE_COMPARE0_TWO_CYCLE_ALU0_CATCH_MISALIGN0_CATCH_ILLINSN1_ENABLE_PCPI0_ENABLE_MUL0_ENABLE_FAST_MUL0_ENABLE_DIV0_ENABLE_IRQ1_ENABLE_IRQ_QREGS1_ENABLE_IRQ_TIMER0_ENABLE_TRACE0_MASKED_IRQ0_LATCHED_IRQn1_PROGADDR_RESET268435456_PROGADDR_IRQ268435472_STACKADDRn1'.
Warning : Undriven module output port. [ELABUTL-123]
        : Undriven bits of output port 'pcpi_insn' in module 'picorv32_ENABLE_COUNTERS0_ENABLE_COUNTERS640_ENABLE_REGS_16_311_ENABLE_REGS_DUALPORT1_LATCHED_MEM_RDATA0_TWO_STAGE_SHIFT0_TWO_CYCLE_COMPARE0_TWO_CYCLE_ALU0_CATCH_MISALIGN0_CATCH_ILLINSN1_ENABLE_PCPI0_ENABLE_MUL0_ENABLE_FAST_MUL0_ENABLE_DIV0_ENABLE_IRQ1_ENABLE_IRQ_QREGS1_ENABLE_IRQ_TIMER0_ENABLE_TRACE0_MASKED_IRQ0_LATCHED_IRQn1_PROGADDR_RESET268435456_PROGADDR_IRQ268435472_STACKADDRn1'.
Warning : Undriven module output port. [ELABUTL-123]
        : Undriven bits of output port 'pcpi_insn' in module 'picorv32_ENABLE_COUNTERS0_ENABLE_COUNTERS640_ENABLE_REGS_16_311_ENABLE_REGS_DUALPORT1_LATCHED_MEM_RDATA0_TWO_STAGE_SHIFT0_TWO_CYCLE_COMPARE0_TWO_CYCLE_ALU0_CATCH_MISALIGN0_CATCH_ILLINSN1_ENABLE_PCPI0_ENABLE_MUL0_ENABLE_FAST_MUL0_ENABLE_DIV0_ENABLE_IRQ1_ENABLE_IRQ_QREGS1_ENABLE_IRQ_TIMER0_ENABLE_TRACE0_MASKED_IRQ0_LATCHED_IRQn1_PROGADDR_RESET268435456_PROGADDR_IRQ268435472_STACKADDRn1'.
Warning : Undriven module output port. [ELABUTL-123]
        : Undriven bits of output port 'pcpi_insn' in module 'picorv32_ENABLE_COUNTERS0_ENABLE_COUNTERS640_ENABLE_REGS_16_311_ENABLE_REGS_DUALPORT1_LATCHED_MEM_RDATA0_TWO_STAGE_SHIFT0_TWO_CYCLE_COMPARE0_TWO_CYCLE_ALU0_CATCH_MISALIGN0_CATCH_ILLINSN1_ENABLE_PCPI0_ENABLE_MUL0_ENABLE_FAST_MUL0_ENABLE_DIV0_ENABLE_IRQ1_ENABLE_IRQ_QREGS1_ENABLE_IRQ_TIMER0_ENABLE_TRACE0_MASKED_IRQ0_LATCHED_IRQn1_PROGADDR_RESET268435456_PROGADDR_IRQ268435472_STACKADDRn1'.
Warning : Undriven module output port. [ELABUTL-123]
        : Undriven bits of output port 'pcpi_insn' in module 'picorv32_ENABLE_COUNTERS0_ENABLE_COUNTERS640_ENABLE_REGS_16_311_ENABLE_REGS_DUALPORT1_LATCHED_MEM_RDATA0_TWO_STAGE_SHIFT0_TWO_CYCLE_COMPARE0_TWO_CYCLE_ALU0_CATCH_MISALIGN0_CATCH_ILLINSN1_ENABLE_PCPI0_ENABLE_MUL0_ENABLE_FAST_MUL0_ENABLE_DIV0_ENABLE_IRQ1_ENABLE_IRQ_QREGS1_ENABLE_IRQ_TIMER0_ENABLE_TRACE0_MASKED_IRQ0_LATCHED_IRQn1_PROGADDR_RESET268435456_PROGADDR_IRQ268435472_STACKADDRn1'.
Warning : Undriven module output port. [ELABUTL-123]
        : Undriven bits of output port 'pcpi_insn' in module 'picorv32_ENABLE_COUNTERS0_ENABLE_COUNTERS640_ENABLE_REGS_16_311_ENABLE_REGS_DUALPORT1_LATCHED_MEM_RDATA0_TWO_STAGE_SHIFT0_TWO_CYCLE_COMPARE0_TWO_CYCLE_ALU0_CATCH_MISALIGN0_CATCH_ILLINSN1_ENABLE_PCPI0_ENABLE_MUL0_ENABLE_FAST_MUL0_ENABLE_DIV0_ENABLE_IRQ1_ENABLE_IRQ_QREGS1_ENABLE_IRQ_TIMER0_ENABLE_TRACE0_MASKED_IRQ0_LATCHED_IRQn1_PROGADDR_RESET268435456_PROGADDR_IRQ268435472_STACKADDRn1'.
Warning : Undriven module output port. [ELABUTL-123]
        : Undriven bits of output port 'pcpi_insn' in module 'picorv32_ENABLE_COUNTERS0_ENABLE_COUNTERS640_ENABLE_REGS_16_311_ENABLE_REGS_DUALPORT1_LATCHED_MEM_RDATA0_TWO_STAGE_SHIFT0_TWO_CYCLE_COMPARE0_TWO_CYCLE_ALU0_CATCH_MISALIGN0_CATCH_ILLINSN1_ENABLE_PCPI0_ENABLE_MUL0_ENABLE_FAST_MUL0_ENABLE_DIV0_ENABLE_IRQ1_ENABLE_IRQ_QREGS1_ENABLE_IRQ_TIMER0_ENABLE_TRACE0_MASKED_IRQ0_LATCHED_IRQn1_PROGADDR_RESET268435456_PROGADDR_IRQ268435472_STACKADDRn1'.
Warning : Undriven module output port. [ELABUTL-123]
        : Undriven bits of output port 'pcpi_insn' in module 'picorv32_ENABLE_COUNTERS0_ENABLE_COUNTERS640_ENABLE_REGS_16_311_ENABLE_REGS_DUALPORT1_LATCHED_MEM_RDATA0_TWO_STAGE_SHIFT0_TWO_CYCLE_COMPARE0_TWO_CYCLE_ALU0_CATCH_MISALIGN0_CATCH_ILLINSN1_ENABLE_PCPI0_ENABLE_MUL0_ENABLE_FAST_MUL0_ENABLE_DIV0_ENABLE_IRQ1_ENABLE_IRQ_QREGS1_ENABLE_IRQ_TIMER0_ENABLE_TRACE0_MASKED_IRQ0_LATCHED_IRQn1_PROGADDR_RESET268435456_PROGADDR_IRQ268435472_STACKADDRn1'.
Warning : Undriven module output port. [ELABUTL-123]
        : Undriven bits of output port 'pcpi_insn' in module 'picorv32_ENABLE_COUNTERS0_ENABLE_COUNTERS640_ENABLE_REGS_16_311_ENABLE_REGS_DUALPORT1_LATCHED_MEM_RDATA0_TWO_STAGE_SHIFT0_TWO_CYCLE_COMPARE0_TWO_CYCLE_ALU0_CATCH_MISALIGN0_CATCH_ILLINSN1_ENABLE_PCPI0_ENABLE_MUL0_ENABLE_FAST_MUL0_ENABLE_DIV0_ENABLE_IRQ1_ENABLE_IRQ_QREGS1_ENABLE_IRQ_TIMER0_ENABLE_TRACE0_MASKED_IRQ0_LATCHED_IRQn1_PROGADDR_RESET268435456_PROGADDR_IRQ268435472_STACKADDRn1'.
Warning : Undriven module output port. [ELABUTL-123]
        : Undriven bits of output port 'pcpi_insn' in module 'picorv32_ENABLE_COUNTERS0_ENABLE_COUNTERS640_ENABLE_REGS_16_311_ENABLE_REGS_DUALPORT1_LATCHED_MEM_RDATA0_TWO_STAGE_SHIFT0_TWO_CYCLE_COMPARE0_TWO_CYCLE_ALU0_CATCH_MISALIGN0_CATCH_ILLINSN1_ENABLE_PCPI0_ENABLE_MUL0_ENABLE_FAST_MUL0_ENABLE_DIV0_ENABLE_IRQ1_ENABLE_IRQ_QREGS1_ENABLE_IRQ_TIMER0_ENABLE_TRACE0_MASKED_IRQ0_LATCHED_IRQn1_PROGADDR_RESET268435456_PROGADDR_IRQ268435472_STACKADDRn1'.
Warning : Undriven module output port. [ELABUTL-123]
        : Undriven bits of output port 'pcpi_insn' in module 'picorv32_ENABLE_COUNTERS0_ENABLE_COUNTERS640_ENABLE_REGS_16_311_ENABLE_REGS_DUALPORT1_LATCHED_MEM_RDATA0_TWO_STAGE_SHIFT0_TWO_CYCLE_COMPARE0_TWO_CYCLE_ALU0_CATCH_MISALIGN0_CATCH_ILLINSN1_ENABLE_PCPI0_ENABLE_MUL0_ENABLE_FAST_MUL0_ENABLE_DIV0_ENABLE_IRQ1_ENABLE_IRQ_QREGS1_ENABLE_IRQ_TIMER0_ENABLE_TRACE0_MASKED_IRQ0_LATCHED_IRQn1_PROGADDR_RESET268435456_PROGADDR_IRQ268435472_STACKADDRn1'.
Warning : Undriven module output port. [ELABUTL-123]
        : Undriven bits of output port 'pcpi_insn' in module 'picorv32_ENABLE_COUNTERS0_ENABLE_COUNTERS640_ENABLE_REGS_16_311_ENABLE_REGS_DUALPORT1_LATCHED_MEM_RDATA0_TWO_STAGE_SHIFT0_TWO_CYCLE_COMPARE0_TWO_CYCLE_ALU0_CATCH_MISALIGN0_CATCH_ILLINSN1_ENABLE_PCPI0_ENABLE_MUL0_ENABLE_FAST_MUL0_ENABLE_DIV0_ENABLE_IRQ1_ENABLE_IRQ_QREGS1_ENABLE_IRQ_TIMER0_ENABLE_TRACE0_MASKED_IRQ0_LATCHED_IRQn1_PROGADDR_RESET268435456_PROGADDR_IRQ268435472_STACKADDRn1'.
Warning : Undriven module output port. [ELABUTL-123]
        : Undriven bits of output port 'pcpi_insn' in module 'picorv32_ENABLE_COUNTERS0_ENABLE_COUNTERS640_ENABLE_REGS_16_311_ENABLE_REGS_DUALPORT1_LATCHED_MEM_RDATA0_TWO_STAGE_SHIFT0_TWO_CYCLE_COMPARE0_TWO_CYCLE_ALU0_CATCH_MISALIGN0_CATCH_ILLINSN1_ENABLE_PCPI0_ENABLE_MUL0_ENABLE_FAST_MUL0_ENABLE_DIV0_ENABLE_IRQ1_ENABLE_IRQ_QREGS1_ENABLE_IRQ_TIMER0_ENABLE_TRACE0_MASKED_IRQ0_LATCHED_IRQn1_PROGADDR_RESET268435456_PROGADDR_IRQ268435472_STACKADDRn1'.
Warning : Undriven module output port. [ELABUTL-123]
        : Undriven bits of output port 'pcpi_insn' in module 'picorv32_ENABLE_COUNTERS0_ENABLE_COUNTERS640_ENABLE_REGS_16_311_ENABLE_REGS_DUALPORT1_LATCHED_MEM_RDATA0_TWO_STAGE_SHIFT0_TWO_CYCLE_COMPARE0_TWO_CYCLE_ALU0_CATCH_MISALIGN0_CATCH_ILLINSN1_ENABLE_PCPI0_ENABLE_MUL0_ENABLE_FAST_MUL0_ENABLE_DIV0_ENABLE_IRQ1_ENABLE_IRQ_QREGS1_ENABLE_IRQ_TIMER0_ENABLE_TRACE0_MASKED_IRQ0_LATCHED_IRQn1_PROGADDR_RESET268435456_PROGADDR_IRQ268435472_STACKADDRn1'.
Warning : Undriven module output port. [ELABUTL-123]
        : Undriven bits of output port 'pcpi_insn' in module 'picorv32_ENABLE_COUNTERS0_ENABLE_COUNTERS640_ENABLE_REGS_16_311_ENABLE_REGS_DUALPORT1_LATCHED_MEM_RDATA0_TWO_STAGE_SHIFT0_TWO_CYCLE_COMPARE0_TWO_CYCLE_ALU0_CATCH_MISALIGN0_CATCH_ILLINSN1_ENABLE_PCPI0_ENABLE_MUL0_ENABLE_FAST_MUL0_ENABLE_DIV0_ENABLE_IRQ1_ENABLE_IRQ_QREGS1_ENABLE_IRQ_TIMER0_ENABLE_TRACE0_MASKED_IRQ0_LATCHED_IRQn1_PROGADDR_RESET268435456_PROGADDR_IRQ268435472_STACKADDRn1'.
Warning : Undriven module output port. [ELABUTL-123]
        : Undriven bits of output port 'pcpi_insn' in module 'picorv32_ENABLE_COUNTERS0_ENABLE_COUNTERS640_ENABLE_REGS_16_311_ENABLE_REGS_DUALPORT1_LATCHED_MEM_RDATA0_TWO_STAGE_SHIFT0_TWO_CYCLE_COMPARE0_TWO_CYCLE_ALU0_CATCH_MISALIGN0_CATCH_ILLINSN1_ENABLE_PCPI0_ENABLE_MUL0_ENABLE_FAST_MUL0_ENABLE_DIV0_ENABLE_IRQ1_ENABLE_IRQ_QREGS1_ENABLE_IRQ_TIMER0_ENABLE_TRACE0_MASKED_IRQ0_LATCHED_IRQn1_PROGADDR_RESET268435456_PROGADDR_IRQ268435472_STACKADDRn1'.
Warning : Undriven module output port. [ELABUTL-123]
        : Undriven bits of output port 'pcpi_insn' in module 'picorv32_ENABLE_COUNTERS0_ENABLE_COUNTERS640_ENABLE_REGS_16_311_ENABLE_REGS_DUALPORT1_LATCHED_MEM_RDATA0_TWO_STAGE_SHIFT0_TWO_CYCLE_COMPARE0_TWO_CYCLE_ALU0_CATCH_MISALIGN0_CATCH_ILLINSN1_ENABLE_PCPI0_ENABLE_MUL0_ENABLE_FAST_MUL0_ENABLE_DIV0_ENABLE_IRQ1_ENABLE_IRQ_QREGS1_ENABLE_IRQ_TIMER0_ENABLE_TRACE0_MASKED_IRQ0_LATCHED_IRQn1_PROGADDR_RESET268435456_PROGADDR_IRQ268435472_STACKADDRn1'.
Warning : Undriven module output port. [ELABUTL-123]
        : Undriven bits of output port 'pcpi_insn' in module 'picorv32_ENABLE_COUNTERS0_ENABLE_COUNTERS640_ENABLE_REGS_16_311_ENABLE_REGS_DUALPORT1_LATCHED_MEM_RDATA0_TWO_STAGE_SHIFT0_TWO_CYCLE_COMPARE0_TWO_CYCLE_ALU0_CATCH_MISALIGN0_CATCH_ILLINSN1_ENABLE_PCPI0_ENABLE_MUL0_ENABLE_FAST_MUL0_ENABLE_DIV0_ENABLE_IRQ1_ENABLE_IRQ_QREGS1_ENABLE_IRQ_TIMER0_ENABLE_TRACE0_MASKED_IRQ0_LATCHED_IRQn1_PROGADDR_RESET268435456_PROGADDR_IRQ268435472_STACKADDRn1'.
Warning : Maximum message print count reached. [MESG-11]
        : Maximum print count of '20' reached for message 'ELABUTL-123'.
Warning : Module port is wider than connected signal. [CDFG-465]
        : Signal width (1) does not match width of input port 'pcpi_rd' (32) of instance 'picorv32' of module 'picorv32_ENABLE_COUNTERS0_ENABLE_COUNTERS640_ENABLE_REGS_16_311_ENABLE_REGS_DUALPORT1_LATCHED_MEM_RDATA0_TWO_STAGE_SHIFT0_TWO_CYCLE_COMPARE0_TWO_CYCLE_ALU0_CATCH_MISALIGN0_CATCH_ILLINSN1_ENABLE_PCPI0_ENABLE_MUL0_ENABLE_FAST_MUL0_ENABLE_DIV0_ENABLE_IRQ1_ENABLE_IRQ_QREGS1_ENABLE_IRQ_TIMER0_ENABLE_TRACE0_MASKED_IRQ0_LATCHED_IRQn1_PROGADDR_RESET268435456_PROGADDR_IRQ268435472_STACKADDRn1' in file '../rtl/mgmt_core.v' on line 9401.
        : This may cause simulation mismatches between the original and synthesized designs.
Info    : Unused instance port. [ELABUTL-132]
        : Unused Port 'trace_valid' of instance 'picorv32' of module 'picorv32_ENABLE_COUNTERS0_ENABLE_COUNTERS640_ENABLE_REGS_16_311_ENABLE_REGS_DUALPORT1_LATCHED_MEM_RDATA0_TWO_STAGE_SHIFT0_TWO_CYCLE_COMPARE0_TWO_CYCLE_ALU0_CATCH_MISALIGN0_CATCH_ILLINSN1_ENABLE_PCPI0_ENABLE_MUL0_ENABLE_FAST_MUL0_ENABLE_DIV0_ENABLE_IRQ1_ENABLE_IRQ_QREGS1_ENABLE_IRQ_TIMER0_ENABLE_TRACE0_MASKED_IRQ0_LATCHED_IRQn1_PROGADDR_RESET268435456_PROGADDR_IRQ268435472_STACKADDRn1' inside module 'mgmt_core' in file '../rtl/mgmt_core.v' on line 9401.
        : Please check the reported scenario of unconnected instance port to ensure that it matches the design intent.
Info    : Unused instance port. [ELABUTL-132]
        : Unused Port 'trace_data' of instance 'picorv32' of module 'picorv32_ENABLE_COUNTERS0_ENABLE_COUNTERS640_ENABLE_REGS_16_311_ENABLE_REGS_DUALPORT1_LATCHED_MEM_RDATA0_TWO_STAGE_SHIFT0_TWO_CYCLE_COMPARE0_TWO_CYCLE_ALU0_CATCH_MISALIGN0_CATCH_ILLINSN1_ENABLE_PCPI0_ENABLE_MUL0_ENABLE_FAST_MUL0_ENABLE_DIV0_ENABLE_IRQ1_ENABLE_IRQ_QREGS1_ENABLE_IRQ_TIMER0_ENABLE_TRACE0_MASKED_IRQ0_LATCHED_IRQn1_PROGADDR_RESET268435456_PROGADDR_IRQ268435472_STACKADDRn1' inside module 'mgmt_core' in file '../rtl/mgmt_core.v' on line 9401.
Info    : Replaced logic with a constant value. [CDFG-771]
        : Constant Replacement in Module 'mgmt_core' in file '../rtl/mgmt_core.v' on line 2846.
Info    : Replaced logic with a constant value. [CDFG-771]
        : Constant Replacement in Module 'mgmt_core' in file '../rtl/mgmt_core.v' on line 2898.
Info    : Replaced logic with a constant value. [CDFG-771]
        : Constant Replacement in Module 'mgmt_core' in file '../rtl/mgmt_core.v' on line 3080.
Info    : Replaced logic with a constant value. [CDFG-771]
        : Constant Replacement in Module 'mgmt_core' in file '../rtl/mgmt_core.v' on line 3776.
Info    : Replaced logic with a constant value. [CDFG-771]
        : Constant Replacement in Module 'mgmt_core' in file '../rtl/mgmt_core.v' on line 7801.
Info    : Identified sum-of-products logic to be optimized during syn_generic. [CDFG-769]
        : Sum-of-products logic in module 'mgmt_core' in file '../rtl/mgmt_core.v' on line 4705.
Info    : Identified sum-of-products logic to be optimized during syn_generic. [CDFG-769]
        : Sum-of-products logic in module 'mgmt_core' in file '../rtl/mgmt_core.v' on line 4793.
Info    : Identified sum-of-products logic to be optimized during syn_generic. [CDFG-769]
        : Sum-of-products logic in module 'mgmt_core' in file '../rtl/mgmt_core.v' on line 5271.
Info    : Identified sum-of-products logic to be optimized during syn_generic. [CDFG-769]
        : Sum-of-products logic in module 'mgmt_core' in file '../rtl/mgmt_core.v' on line 3837.
Info    : Identified sum-of-products logic to be optimized during syn_generic. [CDFG-769]
        : Sum-of-products logic in module 'mgmt_core' in file '../rtl/mgmt_core.v' on line 5883.
Info    : Identified sum-of-products logic to be optimized during syn_generic. [CDFG-769]
        : Sum-of-products logic in module 'mgmt_core' in file '../rtl/mgmt_core.v' on line 4620.
Info    : Identified sum-of-products logic to be optimized during syn_generic. [CDFG-769]
        : Sum-of-products logic in module 'mgmt_core' in file '../rtl/mgmt_core.v' on line 2491.
Info    : Identified sum-of-products logic to be optimized during syn_generic. [CDFG-769]
        : Sum-of-products logic in module 'mgmt_core' in file '../rtl/mgmt_core.v' on line 4490.
Info    : Identified sum-of-products logic to be optimized during syn_generic. [CDFG-769]
        : Sum-of-products logic in module 'mgmt_core' in file '../rtl/mgmt_core.v' on line 4279.
Info    : Identified sum-of-products logic to be optimized during syn_generic. [CDFG-769]
        : Sum-of-products logic in module 'mgmt_core' in file '../rtl/mgmt_core.v' on line 4135.
Info    : Identified sum-of-products logic to be optimized during syn_generic. [CDFG-769]
        : Sum-of-products logic in module 'mgmt_core' in file '../rtl/mgmt_core.v' on line 4058.
Info    : Identified sum-of-products logic to be optimized during syn_generic. [CDFG-769]
        : Sum-of-products logic in module 'mgmt_core' in file '../rtl/mgmt_core.v' on line 3113.
Info    : Skipping an invalid binding for a subprogram call. [CWD-21]
        : The binding 'hdl_bind:GB/decoder/b2' is invalid for the call to synthetic operator 'SLL_VLOG_UNS_OP' (pin widths: A=32 SH=5 Z=32) at line 7765 in the file '../rtl/mgmt_core.v' because the constraint '1' on the synthetic operator pin 'A' does not match the actual pin value 'bound'.
Warning : Undriven signal detected. [ELABUTL-125]
        : Undriven bits of signal 'uart_tx_fifo_replace' in module 'mgmt_core' in file '../rtl/mgmt_core.v' on line 4397, column 93, hid = 0.
        : The undriven signal handling can be controlled by setting the attribute 'hdl_unconnected_value' before syn_generic command.
Warning : Undriven signal detected. [ELABUTL-125]
        : Undriven bits of signal 'uart_rx_fifo_replace' in module 'mgmt_core' in file '../rtl/mgmt_core.v' on line 4427, column 93, hid = 0.
Warning : Undriven signal detected. [ELABUTL-125]
        : Undriven bits of signal 'uart_tx_fifo_replace' in module 'mgmt_core' in file '../rtl/mgmt_core.v' on line 7968, column 73, hid = 0.
Warning : Undriven signal detected. [ELABUTL-125]
        : Undriven bits of signal 'uart_rx_fifo_replace' in module 'mgmt_core' in file '../rtl/mgmt_core.v' on line 7990, column 73, hid = 0.
Warning : Undriven signal detected. [ELABUTL-125]
        : Undriven bits of signal 'mgmtsoc_litespimmap_offset' in module 'mgmt_core' in file '../rtl/mgmt_core.v' on line 3089, column 86, hid = 0.
Warning : Undriven signal detected. [ELABUTL-125]
        : Undriven bits of signal 'mgmtsoc_litespisdrphycore_dq_i' in module 'mgmt_core' in file '../rtl/mgmt_core.v' on line 7784, column 15, hid = 0.
Warning : Undriven signal detected. [ELABUTL-125]
        : Undriven bits of signal 'mgmtsoc_litespisdrphycore_dq_i' in module 'mgmt_core' in file '../rtl/mgmt_core.v' on line 7784, column 15, hid = 0.
Warning : Undriven signal detected. [ELABUTL-125]
        : Undriven bits of signal 'mgmtsoc_litespisdrphycore_dq_i' in module 'mgmt_core' in file '../rtl/mgmt_core.v' on line 7784, column 15, hid = 0.
Warning : Undriven signal detected. [ELABUTL-125]
        : Undriven bits of signal 'mgmtsoc_litespimmap0' in module 'mgmt_core' in file '../rtl/mgmt_core.v' on line 3590, column 53, hid = 0.
Warning : Undriven signal detected. [ELABUTL-125]
        : Undriven bits of signal 'mgmtsoc_litespimmap1' in module 'mgmt_core' in file '../rtl/mgmt_core.v' on line 3616, column 53, hid = 0.
Warning : Undriven signal detected. [ELABUTL-125]
        : Undriven bits of signal 'uart_rx_fifo_replace' in module 'mgmt_core' in file '../rtl/mgmt_core.v' on line 4420, column 9, hid = 0.
Warning : Undriven signal detected. [ELABUTL-125]
        : Undriven bits of signal 'uart_tx_fifo_replace' in module 'mgmt_core' in file '../rtl/mgmt_core.v' on line 4390, column 9, hid = 0.
Warning : Undriven signal detected. [ELABUTL-125]
        : Undriven bits of signal 'mgmtsoc_litespimmap_dummy' in module 'mgmt_core' in file '../rtl/mgmt_core.v' on line 3076, column 11, hid = 0.
Warning : Undriven signal detected. [ELABUTL-125]
        : Undriven bits of signal 'mgmtsoc_litespisdrphycore0' in module 'mgmt_core' in file '../rtl/mgmt_core.v' on line 7768, column 15, hid = 0.
Warning : Undriven signal detected. [ELABUTL-125]
        : Undriven bits of signal 'mgmtsoc_litespisdrphycore1' in module 'mgmt_core' in file '../rtl/mgmt_core.v' on line 7768, column 15, hid = 0.
Warning : Undriven signal detected. [ELABUTL-125]
        : Undriven bits of signal 'mgmtsoc_litespisdrphycore2' in module 'mgmt_core' in file '../rtl/mgmt_core.v' on line 7768, column 15, hid = 0.
Warning : Undriven signal detected. [ELABUTL-125]
        : Undriven bits of signal 'mgmtsoc_litespisdrphycore3' in module 'mgmt_core' in file '../rtl/mgmt_core.v' on line 7768, column 15, hid = 0.
Warning : Undriven signal detected. [ELABUTL-125]
        : Undriven bits of signal 'uart_tx_fifo_fifo_in_first' in module 'mgmt_core' in file '../rtl/mgmt_core.v' on line 9340, column 6, hid = 0.
Warning : Undriven signal detected. [ELABUTL-125]
        : Undriven bits of signal 'uart_tx_fifo_fifo_in_last' in module 'mgmt_core' in file '../rtl/mgmt_core.v' on line 4374, column 8, hid = 0.
Warning : Undriven signal detected. [ELABUTL-125]
        : Undriven bits of signal 'uart_tx_fifo_fifo_in_first' in module 'mgmt_core' in file '../rtl/mgmt_core.v' on line 9340, column 6, hid = 0.
Warning : Maximum message print count reached. [MESG-11]
        : Maximum print count of '20' reached for message 'ELABUTL-125'.
Info    : Done Elaborating Design. [ELAB-3]
        : Done elaborating 'mgmt_core_wrapper'.
Checking for analog nets...
Check completed for analog nets.
Checking for source RTL...
Check completed for source RTL.
Running Unified Mux Engine Tricks...
          Accepted sweep muxes in module mgmt_core for instance(s): mux_mgmtsoc_litespisdrphycore_clk_7801_39
          Accepted sweep muxes in module mgmt_core for instance(s): mux_mgmtsoc_litespisdrphycore_cnt_7801_39
          Accepted sweep muxes in module picorv32_ENABLE_COUNTERS0_ENABLE_COUNTERS640_ENABLE_REGS_16_311_ENABLE_REGS_DUALPORT1_LATCHED_MEM_RDATA0_TWO_STAGE_SHIFT0_TWO_CYCLE_COMPARE0_TWO_CYCLE_ALU0_CATCH_MISALIGN0_CATCH_ILLINSN1_ENABLE_PCPI0_ENABLE_MUL0_ENABLE_FAST_MUL0_ENABLE_DIV0_ENABLE_IRQ1_ENABLE_IRQ_QREGS1_ENABLE_IRQ_TIMER0_ENABLE_TRACE0_MASKED_IRQ0_LATCHED_IRQn1_PROGADDR_RESET268435456_PROGADDR_IRQ268435472_STACKADDRn1 for instance(s): mux_next_irq_pending_1765_11
          Accepted sweep muxes in module picorv32_ENABLE_COUNTERS0_ENABLE_COUNTERS640_ENABLE_REGS_16_311_ENABLE_REGS_DUALPORT1_LATCHED_MEM_RDATA0_TWO_STAGE_SHIFT0_TWO_CYCLE_COMPARE0_TWO_CYCLE_ALU0_CATCH_MISALIGN0_CATCH_ILLINSN1_ENABLE_PCPI0_ENABLE_MUL0_ENABLE_FAST_MUL0_ENABLE_DIV0_ENABLE_IRQ1_ENABLE_IRQ_QREGS1_ENABLE_IRQ_TIMER0_ENABLE_TRACE0_MASKED_IRQ0_LATCHED_IRQn1_PROGADDR_RESET268435456_PROGADDR_IRQ268435472_STACKADDRn1 for instance(s): mux_next_irq_pending_1762_5
          Accepted sweep muxes in module picorv32_ENABLE_COUNTERS0_ENABLE_COUNTERS640_ENABLE_REGS_16_311_ENABLE_REGS_DUALPORT1_LATCHED_MEM_RDATA0_TWO_STAGE_SHIFT0_TWO_CYCLE_COMPARE0_TWO_CYCLE_ALU0_CATCH_MISALIGN0_CATCH_ILLINSN1_ENABLE_PCPI0_ENABLE_MUL0_ENABLE_FAST_MUL0_ENABLE_DIV0_ENABLE_IRQ1_ENABLE_IRQ_QREGS1_ENABLE_IRQ_TIMER0_ENABLE_TRACE0_MASKED_IRQ0_LATCHED_IRQn1_PROGADDR_RESET268435456_PROGADDR_IRQ268435472_STACKADDRn1 for instance(s): mux_cpu_state_1765_11
          Accepted sweep muxes in module picorv32_ENABLE_COUNTERS0_ENABLE_COUNTERS640_ENABLE_REGS_16_311_ENABLE_REGS_DUALPORT1_LATCHED_MEM_RDATA0_TWO_STAGE_SHIFT0_TWO_CYCLE_COMPARE0_TWO_CYCLE_ALU0_CATCH_MISALIGN0_CATCH_ILLINSN1_ENABLE_PCPI0_ENABLE_MUL0_ENABLE_FAST_MUL0_ENABLE_DIV0_ENABLE_IRQ1_ENABLE_IRQ_QREGS1_ENABLE_IRQ_TIMER0_ENABLE_TRACE0_MASKED_IRQ0_LATCHED_IRQn1_PROGADDR_RESET268435456_PROGADDR_IRQ268435472_STACKADDRn1 for instance(s): mux_pcpi_valid_1765_11
Completed Unified Mux Engine Tricks

Stage: post_elab
--------------------------------------------------------
| Trick             | Accepts | Rejects | Runtime (ms) | 
--------------------------------------------------------
| ume_constant_bmux |       0 |       0 |         0.00 | 
| ume_merge         |       0 |       0 |         1.00 | 
| ume_ssm           |       0 |       0 |         4.00 | 
| ume_cse           |       1 |       0 |        35.00 | 
| ume_shrink        |      11 |       0 |         4.00 | 
| ume_sweep         |       6 |       0 |         1.00 | 
| ume_constant_bmux |       0 |       0 |         1.00 | 
| ume_merge         |       0 |       0 |         0.00 | 
| ume_ssm           |       0 |       0 |         4.00 | 
| ume_cse           |       0 |       0 |        10.00 | 
| ume_shrink        |       0 |       0 |         1.00 | 
| ume_sweep         |       0 |       0 |         0.00 | 
--------------------------------------------------------
Starting optimize datapath shifters [v1.0] (stage: post_elab, startdef: mgmt_core_wrapper, recur: true)
Completed optimize datapath shifters (accepts: 0, rejects: 0, runtime: 0.000s)
Starting clip mux common data inputs [v1.0] (stage: post_elab, startdef: mgmt_core_wrapper, recur: true)
Completed clip mux common data inputs (accepts: 0, rejects: 0, runtime: 0.000s)
Starting clip the non-user hierarchies [v2.0] (stage: post_elab, startdef: mgmt_core_wrapper, recur: true)
Completed clip the non-user hierarchies (accepts: 0, rejects: 0, runtime: 0.001s)
Starting basic netlist cleanup [v1.0] (stage: post_elab, startdef: mgmt_core_wrapper, recur: true)
Completed basic netlist cleanup (accepts: 0, rejects: 0, runtime: 0.000s)

Stage: post_elab
---------------------------------------------------------------------
| Transform                      | Accepts | Rejects | Runtime (ms) | 
---------------------------------------------------------------------
| hlo_optimize_datapath_shifters |       0 |       0 |         0.00 | 
| hlo_clip_mux_input             |       0 |       0 |         0.00 | 
| hlo_clip                       |       0 |       0 |         1.00 | 
| hlo_cleanup                    |       0 |       0 |         0.00 | 
---------------------------------------------------------------------
UM:   flow.cputime  flow.realtime  timing.setup.tns  timing.setup.wns  snapshot
UM:*                                                                   elaborate
@file(synth1.tcl) 88: check_design


 	 Check Design Report (c)
	 ------------------- 
 Summary
 ------- 

              Name                       Total
----------------------------------------------
Unresolved References                        0
Empty Modules                                0
Unloaded Port(s)                             0
Unloaded Sequential Pin(s)                 144
Unloaded Combinational Pin(s)               16
Assigns                                     54
Undriven Port(s)                             0
Undriven Leaf Pin(s)                        68
Undriven hierarchical pin(s)                84
Multidriven Port(s)                          0
Multidriven Leaf Pin(s)                      0
Multidriven hierarchical Pin(s)              0
Multidriven unloaded net(s)                  0
Constant Port(s)                            10
Constant Leaf Pin(s)                         0
Constant hierarchical Pin(s)              3503
Preserved leaf instance(s)                   3
Preserved hierarchical instance(s)           0
Feedthrough Modules(s)                       0
Libcells with no LEF cell                    0
Physical (LEF) cells with no libcell        80
Subdesigns with long module name             0
Physical only instance(s)                    0
Logical only instance(s)                     0


  Done Checking the design.
@file(synth1.tcl) 90: time_info Elaboration
stamp 'Elaboration' being created for table 'default'

  Total Time (Wall) |  Stage Time (Wall)  |   % (Wall)   |    Date - Time     |  Memory   | Stage
--------------------+---------------------+--------------+--------------------+-----------+----------------------
 00:00:03(00:00:00) |  00:00:00(00:00:00) |   0.0(  0.0) |   18:46:59 (Apr13) |  221.8 MB | init
--------------------+---------------------+--------------+--------------------+-----------+----------------------
 00:00:10(00:00:44) |  00:00:07(00:00:44) | 100.0(100.0) |   18:47:43 (Apr13) |  610.4 MB | Elaboration
--------------------+---------------------+--------------+--------------------+-----------+----------------------
Number of threads: 8 * 1   (id: default, time_info v1.57)
Info: (*N*) indicates data that was populated from previously saved time_info database
Info: CPU time includes time of parent + longest thread
@file(synth1.tcl) 92: init_design
Started checking and loading power intent for design mgmt_core_wrapper...
=========================================================================
No power intent for design 'mgmt_core_wrapper'.
Completed checking and loading power intent for design mgmt_core_wrapper (runtime:0.00s memory_usage:0.00M peak_memory:0.00M).
==============================================================================================================================
  Setting attribute of root '/': 'read_qrc_tech_file_rc_corner' = true
@file(synth1.tcl) 94: check_design -unresolved


 	 Check Design Report (c)
	 ------------------- 

  Unresolved References & Empty Modules
  ------------------------------------- 
No unresolved references in design 'mgmt_core_wrapper'

No empty modules in design 'mgmt_core_wrapper'

  Done Checking the design.
@file(synth1.tcl) 102: read_sdc ../Constraints/mgmt_core_wrapper.sdc
            Reading file '/home/alumnes/s/serik.perez/dnd/synth/caravel-picorv32/R1/../Constraints/mgmt_core_wrapper.sdc'
Statistics for commands executed by read_sdc:
 "all_inputs"               - successful      2 , failed      0 (runtime  0.00)
 "all_outputs"              - successful      2 , failed      0 (runtime  0.00)
 "create_clock"             - successful      1 , failed      0 (runtime  0.00)
 "current_design"           - successful      2 , failed      0 (runtime  0.00)
 "get_clocks"               - successful      2 , failed      0 (runtime  0.00)
 "get_ports"                - successful      2 , failed      0 (runtime  0.00)
 "remove_from_collection"   - successful      1 , failed      0 (runtime  0.00)
 "set_clock_uncertainty"    - successful      2 , failed      0 (runtime  0.00)
 "set_input_delay"          - successful      1 , failed      0 (runtime  0.00)
 "set_input_transition"     - successful      1 , failed      0 (runtime  0.01)
 "set_load"                 - successful      1 , failed      0 (runtime  0.00)
 "set_max_fanout"           - successful      1 , failed      0 (runtime  0.00)
 "set_max_transition"       - successful      1 , failed      0 (runtime  0.00)
 "set_output_delay"         - successful      1 , failed      0 (runtime  0.00)
 "set_units"                - successful      1 , failed      0 (runtime  0.00)
read_sdc completed in 00:00:00 (hh:mm:ss)
@file(synth1.tcl) 103: puts "The number of exceptions is [llength [vfind "design:$DESIGN" -exception *]]"
The number of exceptions is 1
@file(synth1.tcl) 108: if {![file exists ${_LOG_PATH}]} {
  file mkdir ${_LOG_PATH}
  puts "Creating directory ${_LOG_PATH}"
}
Creating directory logs_Apr13-18:47:39
@file(synth1.tcl) 113: if {![file exists ${_OUTPUTS_PATH}]} {
  file mkdir ${_OUTPUTS_PATH}
  puts "Creating directory ${_OUTPUTS_PATH}"
}
Creating directory out_Apr13-18:47:39
@file(synth1.tcl) 118: if {![file exists ${_REPORTS_PATH}]} {
  file mkdir ${_REPORTS_PATH}
  puts "Creating directory ${_REPORTS_PATH}"
}
Creating directory reports_Apr13-18:47:39
@file(synth1.tcl) 122: check_timing_intent
        Computing net loads.
        Tracing clock networks.
Info    : Multimode clock gating check is disabled. [TIM-1000]
        Levelizing the circuit.
        Computing delays.
        Computing arrivals and requireds.
============================================================
  Generated by:           Genus(TM) Synthesis Solution 22.13-s093_1
  Generated on:           Apr 13 2026  06:47:43 pm
  Module:                 mgmt_core_wrapper
  Technology libraries:   fast_vdd1v0 1.0
                          scm_128x32 1.0
                          physical_cells 
  Operating conditions:   PVT_1P1V_0C 
  Interconnect mode:      global
  Area mode:              physical library
============================================================


Lint summary
 Unconnected/logic driven clocks                                  0
 Sequential data pins driven by a clock signal                    0
 Sequential clock pins without clock waveform                     0
 Sequential clock pins with multiple clock waveforms              0
 Generated clocks without clock waveform                          0
 Generated clocks with incompatible options                       0
 Generated clocks with multi-master clock                         0
 Paths constrained with different clocks                          0
 Loop-breaking cells for combinational feedback                   0
 Nets with multiple drivers                                       0
 Timing exceptions with no effect                                 0
 Suspicious multi_cycle exceptions                                0
 Pins/ports with conflicting case constants                       0
 Inputs without clocked external delays                           0
 Outputs without clocked external delays                          0
 Inputs without external driver/transition                        0
 Outputs without external load                                    0
 Exceptions with invalid timing start-/endpoints                  0

                                                  Total:          0

#@ End verbose source ../Scripts/synth1.tcl
@genus:root: 2> source ../Scripts/synth2.tcl
Sourcing '../Scripts/synth2.tcl' (Mon Apr 13 18:53:31 CEST 2026)...
#@ Begin verbose source ../Scripts/synth2.tcl
@file(synth2.tcl) 10: if {[llength [all_registers]] > 0} { 
  define_cost_group -name I2C -design $DESIGN
  define_cost_group -name C2O -design $DESIGN
  define_cost_group -name C2C -design $DESIGN
  path_group -from [all_registers] -to [all_registers] -group C2C -name C2C_nom
  path_group -from [all_registers] -to [all_outputs] -group C2O -name C2O_nom
  path_group -from [all_inputs]  -to [all_registers] -group I2C -name I2C_nom
}
@file(synth2.tcl) 19: define_cost_group -name I2O -design $DESIGN
@file(synth2.tcl) 20: path_group -from [all_inputs]  -to [all_outputs] -group I2O -name I2O_nom
@file(synth2.tcl) 21: foreach cg [vfind / -cost_group *] {
  report_timing -group [list $cg] >> $_REPORTS_PATH/${DESIGN}_pretim.rpt
}
        Computing arrivals and requireds.
Warning : Timing problems have been detected in this design. [TIM-11]
        : The design is 'mgmt_core_wrapper'.
        : Use 'check_timing_intent' or 'report timing -lint' to report more information.
Warning : Timing problems have been detected in this design. [TIM-11]
        : The design is 'mgmt_core_wrapper'.
Warning : Timing problems have been detected in this design. [TIM-11]
        : The design is 'mgmt_core_wrapper'.
Warning : Timing problems have been detected in this design. [TIM-11]
        : The design is 'mgmt_core_wrapper'.
Warning : Timing problems have been detected in this design. [TIM-11]
        : The design is 'mgmt_core_wrapper'.
Warning : Timing problems have been detected in this design. [TIM-11]
        : The design is 'mgmt_core_wrapper'.
@file(synth2.tcl) 36: set_db / .timing_report_unconstrained false
  Setting attribute of root '/': 'timing_report_unconstrained' = false
@file(synth2.tcl) 38: set_db / .super_thread_servers {localhost}
  Setting attribute of root '/': 'super_thread_servers' = localhost
@file(synth2.tcl) 39: set_db / .max_cpus_per_server 2
  Setting attribute of root '/': 'max_cpus_per_server' = 2
@file(synth2.tcl) 52: set_db / .syn_generic_effort $GEN_EFF
  Setting attribute of root '/': 'syn_generic_effort' = medium
@file(synth2.tcl) 53: syn_generic
      Running additional step before syn_gen...

Info    : Undriven module output port. [ELABUTL-128]
        : Assuming a logic '0' value for undriven bits of output port 'pcpi_insn' in module 'picorv32_ENABLE_COUNTERS0_ENABLE_COUNTERS640_ENABLE_REGS_16_311_ENABLE_REGS_DUALPORT1_LATCHED_MEM_RDATA0_TWO_STAGE_SHIFT0_TWO_CYCLE_COMPARE0_TWO_CYCLE_ALU0_CATCH_MISALIGN0_CATCH_ILLINSN1_ENABLE_PCPI0_ENABLE_MUL0_ENABLE_FAST_MUL0_ENABLE_DIV0_ENABLE_IRQ1_ENABLE_IRQ_QREGS1_ENABLE_IRQ_TIMER0_ENABLE_TRACE0_MASKED_IRQ0_LATCHED_IRQn1_PROGADDR_RESET268435456_PROGADDR_IRQ268435472_STACKADDRn1'.
        : The 'hdl_unconnected_value' attribute controls treatment of undriven output port.
Info    : Undriven signal detected. [ELABUTL-130]
        : Assuming a logic '0' value for undriven bits of signal 'uart_tx_fifo_replace' in module 'mgmt_core'.
        : The 'hdl_unconnected_value' attribute controls treatment of undriven signal.
Info    : Undriven signal detected. [ELABUTL-130]
        : Assuming a logic '0' value for undriven bits of signal 'uart_rx_fifo_replace' in module 'mgmt_core'.
Info    : Undriven signal detected. [ELABUTL-130]
        : Assuming a logic '0' value for undriven bits of signal 'mgmtsoc_litespimmap_offset' in module 'mgmt_core'.
Info    : Undriven signal detected. [ELABUTL-130]
        : Assuming a logic '0' value for undriven bits of signal 'mgmtsoc_litespisdrphycore_dq_i' in module 'mgmt_core'.
Info    : Undriven signal detected. [ELABUTL-130]
        : Assuming a logic '0' value for undriven bits of signal 'mgmtsoc_litespimmap0' in module 'mgmt_core'.
Info    : Undriven signal detected. [ELABUTL-130]
        : Assuming a logic '0' value for undriven bits of signal 'mgmtsoc_litespimmap1' in module 'mgmt_core'.
Info    : Undriven signal detected. [ELABUTL-130]
        : Assuming a logic '0' value for undriven bits of signal 'mgmtsoc_litespimmap_dummy' in module 'mgmt_core'.
Info    : Undriven signal detected. [ELABUTL-130]
        : Assuming a logic '0' value for undriven bits of signal 'mgmtsoc_litespisdrphycore0' in module 'mgmt_core'.
Info    : Undriven signal detected. [ELABUTL-130]
        : Assuming a logic '0' value for undriven bits of signal 'mgmtsoc_litespisdrphycore1' in module 'mgmt_core'.
Info    : Undriven signal detected. [ELABUTL-130]
        : Assuming a logic '0' value for undriven bits of signal 'mgmtsoc_litespisdrphycore2' in module 'mgmt_core'.
Info    : Undriven signal detected. [ELABUTL-130]
        : Assuming a logic '0' value for undriven bits of signal 'mgmtsoc_litespisdrphycore3' in module 'mgmt_core'.
Info    : Undriven signal detected. [ELABUTL-130]
        : Assuming a logic '0' value for undriven bits of signal 'uart_tx_fifo_fifo_in_first' in module 'mgmt_core'.
Info    : Undriven signal detected. [ELABUTL-130]
        : Assuming a logic '0' value for undriven bits of signal 'uart_tx_fifo_fifo_in_last' in module 'mgmt_core'.
Info    : Undriven signal detected. [ELABUTL-130]
        : Assuming a logic '0' value for undriven bits of signal 'uart_uart_sink_first' in module 'mgmt_core'.
Info    : Undriven signal detected. [ELABUTL-130]
        : Assuming a logic '0' value for undriven bits of signal 'uart_uart_sink_last' in module 'mgmt_core'.

Stage: pre_early_cg
------------------------------------------------
| Transform | Accepts | Rejects | Runtime (ms) | 
------------------------------------------------
------------------------------------------------
Mapping ChipWare ICG instances in mgmt_core_wrapper
Found 0 unmapped ChipWare ICG instances
Mapped 0 of 0 ChipWare ICG instances
##Generic Timing Info for library domain: _default_ typical gate delay: 36.9 ps std_slew: 5.4 ps std_load: 1.0 fF
Starting mux data reorder optimization [v1.0] (stage: pre_to_gen_setup, startdef: mgmt_core_wrapper, recur: true)
Completed mux data reorder optimization (accepts: 0, rejects: 0, runtime: 0.001s)

Stage: pre_to_gen_setup
------------------------------------------------------
| Transform       | Accepts | Rejects | Runtime (ms) | 
------------------------------------------------------
| hlo_mux_reorder |       0 |       0 |         1.00 | 
------------------------------------------------------
Warning : Message truncated because it exceeds the maximum length of 4096 characters. [MESG-6]
        : Info portion of message 'GLO-32' truncated to length 4096 from 4784
        : By default messages are limited to 4096 characters. All characters after the 4096 character limit are truncated. To remove this limit, set the message attribute 'truncate' to 'false'. However, this may dramatically increase the size of the log file.
Info    : Deleting sequential instances not driving any primary outputs. [GLO-32]
        : Deleting 144 sequential instances. 
Following instances are deleted as they do not drive any primary output:
'core/mgmtsoc_master_tx_fifo_pipe_valid_source_payload_mask_reg[1]', 
'core/mgmtsoc_master_tx_fifo_pipe_valid_source_payload_mask_reg[2]', 
'core/mgmtsoc_master_tx_fifo_pipe_valid_source_payload_mask_reg[3]', 
'core/mgmtsoc_master_tx_fifo_pipe_valid_source_payload_mask_reg[4]', 
'core/mgmtsoc_master_tx_fifo_pipe_valid_source_payload_mask_reg[5]', 
'core/mgmtsoc_master_tx_fifo_pipe_valid_source_payload_mask_reg[6]', 
'core/mgmtsoc_master_tx_fifo_pipe_valid_source_payload_mask_reg[7]', 
'core/picorv32/eoi_reg[0]', 'core/picorv32/eoi_reg[1]', 
'core/picorv32/eoi_reg[2]', 'core/picorv32/eoi_reg[3]', 
'core/picorv32/eoi_reg[4]', 'core/picorv32/eoi_reg[5]', 
'core/picorv32/eoi_reg[6]', 'core/picorv32/eoi_reg[7]', 
'core/picorv32/eoi_reg[8]', 'core/picorv32/eoi_reg[9]', 
'core/picorv32/eoi_reg[10]', 'core/picorv32/eoi_reg[11]', 
'core/picorv32/eoi_reg[12]', 'core/picorv32/eoi_reg[13]', 
'core/picorv32/eoi_reg[14]', 'core/picorv32/eoi_reg[15]', 
'core/picorv32/eoi_reg[16]', 'core/picorv32/eoi_reg[17]', 
'core/picorv32/eoi_reg[18]', 'core/picorv32/eoi_reg[19]', 
'core/picorv32/eoi_reg[20]', 'core/picorv32/eoi_reg[21]', 
'core/picorv32/eoi_reg[22]', 'core/picorv32/eoi_reg[23]', 
'core/picorv32/eoi_reg[24]', 'core/picorv32/eoi_reg[25]', 
'core/picorv32/eoi_reg[26]', 'core/picorv32/eoi_reg[27]', 
'core/picorv32/eoi_reg[28]', 'core/picorv32/eoi_reg[29]', 
'core/picorv32/eoi_reg[30]', 'core/picorv32/eoi_reg[31]', 
'core/picorv32/mem_addr_reg[0]', 'core/picorv32/mem_addr_reg[1]', 
'core/picorv32/mem_instr_reg', 'core/picorv32/pcpi_valid_reg', 
'core/picorv32/trace_data_reg[0]', 'core/picorv32/trace_data_reg[1]', 
'core/picorv32/trace_data_reg[2]', 'core/picorv32/trace_data_reg[3]', 
'core/picorv32/trace_data_reg[4]', 'core/picorv32/trace_data_reg[5]', 
'core/picorv32/trace_data_reg[6]', 'core/picorv32/trace_data_reg[7]', 
'core/picorv32/trace_data_reg[8]', 'core/picorv32/trace_data_reg[9]', 
'core/picorv32/trace_data_reg[10]', 'core/picorv32/trace_data_reg[11]', 
'core/picorv32/trace_data_reg[12]', 'core/picorv32/trace_data_reg[13]', 
'core/picorv32/trace_data_reg[14]', 'core/picorv32/trace_data_reg[15]', 
'core/picorv32/trace_data_reg[16]', 'core/picorv32/trace_data_reg[17]', 
'core/picorv32/trace_data_reg[18]', 'core/picorv32/trace_data_reg[19]', 
'core/picorv32/trace_data_reg[20]', 'core/picorv32/trace_data_reg[21]', 
'core/picorv32/trace_data_reg[22]', 'core/picorv32/trace_data_reg[23]', 
'core/picorv32/trace_data_reg[24]', 'core/picorv32/trace_data_reg[25]', 
'core/picorv32/trace_data_reg[26]', 'core/picorv32/trace_data_reg[27]', 
'core/picorv32/trace_data_reg[28]', 'core/picorv32/trace_data_reg[29]', 
'core/picorv32/trace_data_reg[30]', 'core/picorv32/trace_data_reg[31]', 
'core/picorv32/trace_data_reg[32]', 'core/picorv32/trace_data_reg[33]', 
'core/picorv32/trace_data_reg[34]', 'core/picorv32/trace_data_reg[35]', 
'core/picorv32/trace_valid_reg', 'core/storage_1_reg[0][8]', 
'core/storage_1_reg[0][9]', 'core/storage_1_reg[1][8]', 
'core/storage_1_reg[1][9]', 'core/storage_1_reg[2][8]', 
'core/storage_1_reg[2][9]', 'core/storage_1_reg[3][8]', 
'core/storage_1_reg[3][9]', 'core/storage_1_reg[4][8]', 
'core/storage_1_reg[4][9]', 'core/storage_1_reg[5][8]', 
'core/storage_1_reg[5][9]', 'core/storage_1_reg[6][8]', 
'core/storage_1_reg[6][9]', 'core/storage_1_reg[7][8]', 
'core/storage_1_reg[7][9]', 'core/storage_1_reg[8][8]', 
'core/storage_1_reg[8][9]', 'core/storage_1_reg[9][8]', 
'core/storage_1_reg[9][9]', 'core/storage_1_reg[10][8]', 
'core/storage_1_reg[10][9]', 'core/storage_1_reg[11][8]', 
'core/storage_1_reg[11][9]', 'core/storage_1_reg[12][8]', 
'core/storage_1_reg[12][9]', 'core/storage_1_reg[13][8]', 
'core/storage_1_reg[13][9]', 'core/storage_1_reg[14][8]', 
'core/storage_1_reg[14][9]', 'core/storage_1_reg[15][8]', 
'core/storage_1_reg[15][9]', 'core/storage_reg[0][8]', 
'core/storage_reg[0][9]', 'core/storage_reg[1][8]', 
'core/storage_reg[1][9]', 'core/storage_reg[2][8]', 
'core/storage_reg[2][9]', 'core/stora
        : Optimizations such as constant propagation or redundancy removal could change the connections so an instance does not drive any primary outputs anymore. To see the list of deleted sequential, set the 'information_level' attribute to 2 or above. If the message is truncated set the message attribute 'truncate' to false to see the complete list.
Info    : Deleting instances not driving any primary outputs. [GLO-34]
        : Deleting 3 hierarchical instances. 
Following instances are deleted as they do not drive any primary output:
'core/picorv32/mux_eoi_1481_9', 'core/picorv32/mux_mem_instr_589_10', 
'core/picorv32/mux_pcpi_valid_1772_25'.
        : Optimizations such as constant propagation or redundancy removal could change the connections so a hierarchical instance does not drive any primary outputs anymore. To see the list of deleted hierarchical instances, set the 'information_level' attribute to 2 or above. If the message is truncated set the message attribute 'truncate' to false to see the complete list. To prevent this optimization, set the 'delete_unloaded_insts' root/subdesign attribute to 'false' or 'preserve' instance attribute to 'true'.
Running DP early constant propagation (netlist mgmt_core_wrapper)...
Info    : Replacing the synchronous part of an always feeding back flip-flop with a logic constant. [GLO-45]
        : The instance is 'core/mgmtsoc_litespimmap_data_write_reg[31]'. The constant is '0'.
        : To prevent this optimization, set 'optimize_constant_feedback_seqs' root attribute to 'false'. The instance attribute 'optimize_constant_feedback_seq' controls this optimization. 
Info    : Replacing the synchronous part of an always feeding back flip-flop with a logic constant. [GLO-45]
        : The instance is 'core/mgmtsoc_litespimmap_data_write_reg[30]'. The constant is '0'.
Info    : Replacing the synchronous part of an always feeding back flip-flop with a logic constant. [GLO-45]
        : The instance is 'core/mgmtsoc_litespimmap_data_write_reg[29]'. The constant is '0'.
Info    : Replacing the synchronous part of an always feeding back flip-flop with a logic constant. [GLO-45]
        : The instance is 'core/mgmtsoc_litespimmap_data_write_reg[28]'. The constant is '0'.
Info    : Replacing the synchronous part of an always feeding back flip-flop with a logic constant. [GLO-45]
        : The instance is 'core/mgmtsoc_litespimmap_data_write_reg[27]'. The constant is '0'.
Info    : Replacing the synchronous part of an always feeding back flip-flop with a logic constant. [GLO-45]
        : The instance is 'core/mgmtsoc_litespimmap_data_write_reg[26]'. The constant is '0'.
Info    : Replacing the synchronous part of an always feeding back flip-flop with a logic constant. [GLO-45]
        : The instance is 'core/mgmtsoc_litespimmap_data_write_reg[25]'. The constant is '0'.
Info    : Replacing the synchronous part of an always feeding back flip-flop with a logic constant. [GLO-45]
        : The instance is 'core/mgmtsoc_litespimmap_data_write_reg[24]'. The constant is '0'.
Info    : Replacing a flip-flop with a logic constant 0. [GLO-12]
        : The instance is 'core/interface11_bank_bus_dat_r_reg[8]'.
        : To prevent this optimization, set the 'optimize_constant_0_flops' root attribute to 'false' or 'optimize_constant_0_seq' instance attribute to 'false'. You can also see the complete list of deleted sequential with command "report sequential -deleted" (on Reason "constant0").
Info    : Replacing a flip-flop with a logic constant 0. [GLO-12]
        : The instance is 'core/interface11_bank_bus_dat_r_reg[9]'.
Info    : Replacing a flip-flop with a logic constant 0. [GLO-12]
        : The instance is 'core/interface11_bank_bus_dat_r_reg[10]'.
Info    : Replacing a flip-flop with a logic constant 0. [GLO-12]
        : The instance is 'core/interface11_bank_bus_dat_r_reg[11]'.
Info    : Replacing a flip-flop with a logic constant 0. [GLO-12]
        : The instance is 'core/interface11_bank_bus_dat_r_reg[12]'.
Info    : Replacing a flip-flop with a logic constant 0. [GLO-12]
        : The instance is 'core/interface11_bank_bus_dat_r_reg[13]'.
Info    : Replacing a flip-flop with a logic constant 0. [GLO-12]
        : The instance is 'core/interface11_bank_bus_dat_r_reg[14]'.
Info    : Replacing a flip-flop with a logic constant 0. [GLO-12]
        : The instance is 'core/interface11_bank_bus_dat_r_reg[15]'.
Info    : Replacing a flip-flop with a logic constant 0. [GLO-12]
        : The instance is 'core/interface11_bank_bus_dat_r_reg[16]'.
Info    : Replacing a flip-flop with a logic constant 0. [GLO-12]
        : The instance is 'core/interface11_bank_bus_dat_r_reg[17]'.
Info    : Replacing a flip-flop with a logic constant 0. [GLO-12]
        : The instance is 'core/interface11_bank_bus_dat_r_reg[18]'.
Info    : Replacing a flip-flop with a logic constant 0. [GLO-12]
        : The instance is 'core/interface11_bank_bus_dat_r_reg[19]'.
Info    : Replacing a flip-flop with a logic constant 0. [GLO-12]
        : The instance is 'core/interface11_bank_bus_dat_r_reg[20]'.
Info    : Replacing a flip-flop with a logic constant 0. [GLO-12]
        : The instance is 'core/interface11_bank_bus_dat_r_reg[21]'.
Info    : Replacing a flip-flop with a logic constant 0. [GLO-12]
        : The instance is 'core/interface11_bank_bus_dat_r_reg[22]'.
Info    : Replacing a flip-flop with a logic constant 0. [GLO-12]
        : The instance is 'core/interface11_bank_bus_dat_r_reg[23]'.
Info    : Replacing a flip-flop with a logic constant 0. [GLO-12]
        : The instance is 'core/interface11_bank_bus_dat_r_reg[24]'.
Info    : Replacing a flip-flop with a logic constant 0. [GLO-12]
        : The instance is 'core/interface11_bank_bus_dat_r_reg[25]'.
Info    : Replacing a flip-flop with a logic constant 0. [GLO-12]
        : The instance is 'core/interface11_bank_bus_dat_r_reg[26]'.
Info    : Replacing a flip-flop with a logic constant 0. [GLO-12]
        : The instance is 'core/interface11_bank_bus_dat_r_reg[27]'.
Info    : Replacing a flip-flop with a logic constant 0. [GLO-12]
        : The instance is 'core/interface11_bank_bus_dat_r_reg[28]'.
Info    : Replacing a flip-flop with a logic constant 0. [GLO-12]
        : The instance is 'core/interface11_bank_bus_dat_r_reg[29]'.
Info    : Replacing a flip-flop with a logic constant 0. [GLO-12]
        : The instance is 'core/interface11_bank_bus_dat_r_reg[30]'.
Info    : Replacing a flip-flop with a logic constant 0. [GLO-12]
        : The instance is 'core/interface11_bank_bus_dat_r_reg[31]'.
Info    : Replacing a flip-flop with a logic constant 0. [GLO-12]
        : The instance is 'core/interface12_bank_bus_dat_r_reg[1]'.
Info    : Replacing a flip-flop with a logic constant 0. [GLO-12]
        : The instance is 'core/interface12_bank_bus_dat_r_reg[2]'.
Info    : Replacing a flip-flop with a logic constant 0. [GLO-12]
        : The instance is 'core/interface12_bank_bus_dat_r_reg[3]'.
Info    : Replacing a flip-flop with a logic constant 0. [GLO-12]
        : The instance is 'core/interface12_bank_bus_dat_r_reg[4]'.
Info    : Replacing a flip-flop with a logic constant 0. [GLO-12]
        : The instance is 'core/interface12_bank_bus_dat_r_reg[5]'.
Info    : Replacing a flip-flop with a logic constant 0. [GLO-12]
        : The instance is 'core/interface12_bank_bus_dat_r_reg[6]'.
Info    : Replacing a flip-flop with a logic constant 0. [GLO-12]
        : The instance is 'core/interface12_bank_bus_dat_r_reg[7]'.
Info    : Replacing a flip-flop with a logic constant 0. [GLO-12]
        : The instance is 'core/interface12_bank_bus_dat_r_reg[8]'.
Info    : Replacing a flip-flop with a logic constant 0. [GLO-12]
        : The instance is 'core/interface12_bank_bus_dat_r_reg[9]'.
Info    : Replacing a flip-flop with a logic constant 0. [GLO-12]
        : The instance is 'core/interface12_bank_bus_dat_r_reg[10]'.
Info    : Replacing a flip-flop with a logic constant 0. [GLO-12]
        : The instance is 'core/interface12_bank_bus_dat_r_reg[11]'.
Info    : Replacing a flip-flop with a logic constant 0. [GLO-12]
        : The instance is 'core/interface12_bank_bus_dat_r_reg[12]'.
Info    : Replacing a flip-flop with a logic constant 0. [GLO-12]
        : The instance is 'core/interface12_bank_bus_dat_r_reg[13]'.
Info    : Replacing a flip-flop with a logic constant 0. [GLO-12]
        : The instance is 'core/interface12_bank_bus_dat_r_reg[14]'.
Info    : Replacing a flip-flop with a logic constant 0. [GLO-12]
        : The instance is 'core/interface12_bank_bus_dat_r_reg[15]'.
Info    : Replacing a flip-flop with a logic constant 0. [GLO-12]
        : The instance is 'core/interface12_bank_bus_dat_r_reg[16]'.
Info    : Replacing a flip-flop with a logic constant 0. [GLO-12]
        : The instance is 'core/interface12_bank_bus_dat_r_reg[17]'.
Info    : Replacing a flip-flop with a logic constant 0. [GLO-12]
        : The instance is 'core/interface12_bank_bus_dat_r_reg[18]'.
Info    : Replacing a flip-flop with a logic constant 0. [GLO-12]
        : The instance is 'core/interface12_bank_bus_dat_r_reg[19]'.
Info    : Replacing a flip-flop with a logic constant 0. [GLO-12]
        : The instance is 'core/interface12_bank_bus_dat_r_reg[20]'.
Info    : Replacing a flip-flop with a logic constant 0. [GLO-12]
        : The instance is 'core/interface12_bank_bus_dat_r_reg[21]'.
Info    : Replacing a flip-flop with a logic constant 0. [GLO-12]
        : The instance is 'core/interface12_bank_bus_dat_r_reg[22]'.
Info    : Replacing a flip-flop with a logic constant 0. [GLO-12]
        : The instance is 'core/interface12_bank_bus_dat_r_reg[23]'.
Info    : Replacing a flip-flop with a logic constant 0. [GLO-12]
        : The instance is 'core/interface12_bank_bus_dat_r_reg[24]'.
Info    : Replacing a flip-flop with a logic constant 0. [GLO-12]
        : The instance is 'core/interface12_bank_bus_dat_r_reg[25]'.
Info    : Replacing a flip-flop with a logic constant 0. [GLO-12]
        : The instance is 'core/interface12_bank_bus_dat_r_reg[26]'.
Info    : Replacing a flip-flop with a logic constant 0. [GLO-12]
        : The instance is 'core/interface12_bank_bus_dat_r_reg[27]'.
Info    : Replacing a flip-flop with a logic constant 0. [GLO-12]
        : The instance is 'core/interface12_bank_bus_dat_r_reg[28]'.
Info    : Replacing a flip-flop with a logic constant 0. [GLO-12]
        : The instance is 'core/interface12_bank_bus_dat_r_reg[29]'.
Info    : Replacing a flip-flop with a logic constant 0. [GLO-12]
        : The instance is 'core/interface12_bank_bus_dat_r_reg[30]'.
Info    : Replacing a flip-flop with a logic constant 0. [GLO-12]
        : The instance is 'core/interface12_bank_bus_dat_r_reg[31]'.
Info    : Replacing a flip-flop with a logic constant 0. [GLO-12]
        : The instance is 'core/interface13_bank_bus_dat_r_reg[1]'.
Info    : Replacing a flip-flop with a logic constant 0. [GLO-12]
        : The instance is 'core/interface13_bank_bus_dat_r_reg[2]'.
Info    : Replacing a flip-flop with a logic constant 0. [GLO-12]
        : The instance is 'core/interface13_bank_bus_dat_r_reg[3]'.
Info    : Replacing a flip-flop with a logic constant 0. [GLO-12]
        : The instance is 'core/interface13_bank_bus_dat_r_reg[4]'.
Info    : Replacing a flip-flop with a logic constant 0. [GLO-12]
        : The instance is 'core/interface13_bank_bus_dat_r_reg[5]'.
Info    : Replacing a flip-flop with a logic constant 0. [GLO-12]
        : The instance is 'core/interface13_bank_bus_dat_r_reg[6]'.
Info    : Replacing a flip-flop with a logic constant 0. [GLO-12]
        : The instance is 'core/interface13_bank_bus_dat_r_reg[7]'.
Info    : Replacing a flip-flop with a logic constant 0. [GLO-12]
        : The instance is 'core/interface13_bank_bus_dat_r_reg[8]'.
Info    : Replacing a flip-flop with a logic constant 0. [GLO-12]
        : The instance is 'core/interface13_bank_bus_dat_r_reg[9]'.
Info    : Replacing a flip-flop with a logic constant 0. [GLO-12]
        : The instance is 'core/interface13_bank_bus_dat_r_reg[10]'.
Info    : Replacing a flip-flop with a logic constant 0. [GLO-12]
        : The instance is 'core/interface13_bank_bus_dat_r_reg[11]'.
Info    : Replacing a flip-flop with a logic constant 0. [GLO-12]
        : The instance is 'core/interface13_bank_bus_dat_r_reg[12]'.
Info    : Replacing a flip-flop with a logic constant 0. [GLO-12]
        : The instance is 'core/interface13_bank_bus_dat_r_reg[13]'.
Info    : Replacing a flip-flop with a logic constant 0. [GLO-12]
        : The instance is 'core/interface13_bank_bus_dat_r_reg[14]'.
Info    : Replacing a flip-flop with a logic constant 0. [GLO-12]
        : The instance is 'core/interface13_bank_bus_dat_r_reg[15]'.
Info    : Replacing a flip-flop with a logic constant 0. [GLO-12]
        : The instance is 'core/interface13_bank_bus_dat_r_reg[16]'.
Info    : Replacing a flip-flop with a logic constant 0. [GLO-12]
        : The instance is 'core/interface13_bank_bus_dat_r_reg[17]'.
Info    : Replacing a flip-flop with a logic constant 0. [GLO-12]
        : The instance is 'core/interface13_bank_bus_dat_r_reg[18]'.
Info    : Replacing a flip-flop with a logic constant 0. [GLO-12]
        : The instance is 'core/interface13_bank_bus_dat_r_reg[19]'.
Info    : Replacing a flip-flop with a logic constant 0. [GLO-12]
        : The instance is 'core/interface13_bank_bus_dat_r_reg[20]'.
Info    : Replacing a flip-flop with a logic constant 0. [GLO-12]
        : The instance is 'core/interface13_bank_bus_dat_r_reg[21]'.
Info    : Replacing a flip-flop with a logic constant 0. [GLO-12]
        : The instance is 'core/interface13_bank_bus_dat_r_reg[22]'.
Info    : Replacing a flip-flop with a logic constant 0. [GLO-12]
        : The instance is 'core/interface13_bank_bus_dat_r_reg[23]'.
Info    : Replacing a flip-flop with a logic constant 0. [GLO-12]
        : The instance is 'core/interface13_bank_bus_dat_r_reg[24]'.
Info    : Replacing a flip-flop with a logic constant 0. [GLO-12]
        : The instance is 'core/interface13_bank_bus_dat_r_reg[25]'.
Info    : Replacing a flip-flop with a logic constant 0. [GLO-12]
        : The instance is 'core/interface13_bank_bus_dat_r_reg[26]'.
Info    : Replacing a flip-flop with a logic constant 0. [GLO-12]
        : The instance is 'core/interface13_bank_bus_dat_r_reg[27]'.
Info    : Replacing a flip-flop with a logic constant 0. [GLO-12]
        : The instance is 'core/interface13_bank_bus_dat_r_reg[28]'.
Info    : Replacing a flip-flop with a logic constant 0. [GLO-12]
        : The instance is 'core/interface13_bank_bus_dat_r_reg[29]'.
Info    : Replacing a flip-flop with a logic constant 0. [GLO-12]
        : The instance is 'core/interface13_bank_bus_dat_r_reg[30]'.
Info    : Replacing a flip-flop with a logic constant 0. [GLO-12]
        : The instance is 'core/interface13_bank_bus_dat_r_reg[31]'.
Info    : Replacing a flip-flop with a logic constant 0. [GLO-12]
        : The instance is 'core/interface14_bank_bus_dat_r_reg[1]'.
Info    : Replacing a flip-flop with a logic constant 0. [GLO-12]
        : The instance is 'core/interface14_bank_bus_dat_r_reg[2]'.
Info    : Replacing a flip-flop with a logic constant 0. [GLO-12]
        : The instance is 'core/interface14_bank_bus_dat_r_reg[3]'.
Info    : Replacing a flip-flop with a logic constant 0. [GLO-12]
        : The instance is 'core/interface14_bank_bus_dat_r_reg[4]'.
Info    : Replacing a flip-flop with a logic constant 0. [GLO-12]
        : The instance is 'core/interface14_bank_bus_dat_r_reg[5]'.
Info    : Replacing a flip-flop with a logic constant 0. [GLO-12]
        : The instance is 'core/interface14_bank_bus_dat_r_reg[6]'.
Info    : Replacing a flip-flop with a logic constant 0. [GLO-12]
        : The instance is 'core/interface14_bank_bus_dat_r_reg[7]'.
Info    : Replacing a flip-flop with a logic constant 0. [GLO-12]
        : The instance is 'core/interface14_bank_bus_dat_r_reg[8]'.
Info    : Replacing a flip-flop with a logic constant 0. [GLO-12]
        : The instance is 'core/interface14_bank_bus_dat_r_reg[9]'.
Info    : Replacing a flip-flop with a logic constant 0. [GLO-12]
        : The instance is 'core/interface14_bank_bus_dat_r_reg[10]'.
Info    : Replacing a flip-flop with a logic constant 0. [GLO-12]
        : The instance is 'core/interface14_bank_bus_dat_r_reg[11]'.
Info    : Replacing a flip-flop with a logic constant 0. [GLO-12]
        : The instance is 'core/interface14_bank_bus_dat_r_reg[12]'.
Info    : Replacing a flip-flop with a logic constant 0. [GLO-12]
        : The instance is 'core/interface14_bank_bus_dat_r_reg[13]'.
Info    : Replacing a flip-flop with a logic constant 0. [GLO-12]
        : The instance is 'core/interface14_bank_bus_dat_r_reg[14]'.
Info    : Replacing a flip-flop with a logic constant 0. [GLO-12]
        : The instance is 'core/interface14_bank_bus_dat_r_reg[15]'.
Info    : Replacing a flip-flop with a logic constant 0. [GLO-12]
        : The instance is 'core/interface14_bank_bus_dat_r_reg[16]'.
Info    : Replacing a flip-flop with a logic constant 0. [GLO-12]
        : The instance is 'core/interface14_bank_bus_dat_r_reg[17]'.
Info    : Replacing a flip-flop with a logic constant 0. [GLO-12]
        : The instance is 'core/interface14_bank_bus_dat_r_reg[18]'.
Info    : Replacing a flip-flop with a logic constant 0. [GLO-12]
        : The instance is 'core/interface14_bank_bus_dat_r_reg[19]'.
Info    : Replacing a flip-flop with a logic constant 0. [GLO-12]
        : The instance is 'core/interface14_bank_bus_dat_r_reg[20]'.
Info    : Replacing a flip-flop with a logic constant 0. [GLO-12]
        : The instance is 'core/interface14_bank_bus_dat_r_reg[21]'.
Info    : Replacing a flip-flop with a logic constant 0. [GLO-12]
        : The instance is 'core/interface14_bank_bus_dat_r_reg[22]'.
Info    : Replacing a flip-flop with a logic constant 0. [GLO-12]
        : The instance is 'core/interface14_bank_bus_dat_r_reg[23]'.
Info    : Replacing a flip-flop with a logic constant 0. [GLO-12]
        : The instance is 'core/interface14_bank_bus_dat_r_reg[24]'.
Info    : Replacing a flip-flop with a logic constant 0. [GLO-12]
        : The instance is 'core/interface14_bank_bus_dat_r_reg[25]'.
Info    : Replacing a flip-flop with a logic constant 0. [GLO-12]
        : The instance is 'core/interface14_bank_bus_dat_r_reg[26]'.
Info    : Replacing a flip-flop with a logic constant 0. [GLO-12]
        : The instance is 'core/interface14_bank_bus_dat_r_reg[27]'.
Info    : Replacing a flip-flop with a logic constant 0. [GLO-12]
        : The instance is 'core/interface14_bank_bus_dat_r_reg[28]'.
Info    : Replacing a flip-flop with a logic constant 0. [GLO-12]
        : The instance is 'core/interface14_bank_bus_dat_r_reg[29]'.
Info    : Replacing a flip-flop with a logic constant 0. [GLO-12]
        : The instance is 'core/interface14_bank_bus_dat_r_reg[30]'.
Info    : Replacing a flip-flop with a logic constant 0. [GLO-12]
        : The instance is 'core/interface14_bank_bus_dat_r_reg[31]'.
Info    : Replacing a flip-flop with a logic constant 0. [GLO-12]
        : The instance is 'core/interface15_bank_bus_dat_r_reg[1]'.
Info    : Replacing a flip-flop with a logic constant 0. [GLO-12]
        : The instance is 'core/interface15_bank_bus_dat_r_reg[2]'.
Info    : Replacing a flip-flop with a logic constant 0. [GLO-12]
        : The instance is 'core/interface15_bank_bus_dat_r_reg[3]'.
Info    : Replacing a flip-flop with a logic constant 0. [GLO-12]
        : The instance is 'core/interface15_bank_bus_dat_r_reg[4]'.
Info    : Replacing a flip-flop with a logic constant 0. [GLO-12]
        : The instance is 'core/interface15_bank_bus_dat_r_reg[5]'.
Info    : Replacing a flip-flop with a logic constant 0. [GLO-12]
        : The instance is 'core/interface15_bank_bus_dat_r_reg[6]'.
Info    : Replacing a flip-flop with a logic constant 0. [GLO-12]
        : The instance is 'core/interface15_bank_bus_dat_r_reg[7]'.
Info    : Replacing a flip-flop with a logic constant 0. [GLO-12]
        : The instance is 'core/interface15_bank_bus_dat_r_reg[8]'.
Info    : Replacing a flip-flop with a logic constant 0. [GLO-12]
        : The instance is 'core/interface15_bank_bus_dat_r_reg[9]'.
Info    : Replacing a flip-flop with a logic constant 0. [GLO-12]
        : The instance is 'core/interface15_bank_bus_dat_r_reg[10]'.
Info    : Replacing a flip-flop with a logic constant 0. [GLO-12]
        : The instance is 'core/interface15_bank_bus_dat_r_reg[11]'.
Info    : Replacing a flip-flop with a logic constant 0. [GLO-12]
        : The instance is 'core/interface15_bank_bus_dat_r_reg[12]'.
Info    : Replacing a flip-flop with a logic constant 0. [GLO-12]
        : The instance is 'core/interface15_bank_bus_dat_r_reg[13]'.
Info    : Replacing a flip-flop with a logic constant 0. [GLO-12]
        : The instance is 'core/interface15_bank_bus_dat_r_reg[14]'.
Info    : Replacing a flip-flop with a logic constant 0. [GLO-12]
        : The instance is 'core/interface15_bank_bus_dat_r_reg[15]'.
Info    : Replacing a flip-flop with a logic constant 0. [GLO-12]
        : The instance is 'core/interface15_bank_bus_dat_r_reg[16]'.
Info    : Replacing a flip-flop with a logic constant 0. [GLO-12]
        : The instance is 'core/interface15_bank_bus_dat_r_reg[17]'.
Info    : Replacing a flip-flop with a logic constant 0. [GLO-12]
        : The instance is 'core/interface15_bank_bus_dat_r_reg[18]'.
Info    : Replacing a flip-flop with a logic constant 0. [GLO-12]
        : The instance is 'core/interface15_bank_bus_dat_r_reg[19]'.
Info    : Replacing a flip-flop with a logic constant 0. [GLO-12]
        : The instance is 'core/interface15_bank_bus_dat_r_reg[20]'.
Info    : Replacing a flip-flop with a logic constant 0. [GLO-12]
        : The instance is 'core/interface15_bank_bus_dat_r_reg[21]'.
Info    : Replacing a flip-flop with a logic constant 0. [GLO-12]
        : The instance is 'core/interface15_bank_bus_dat_r_reg[22]'.
Info    : Replacing a flip-flop with a logic constant 0. [GLO-12]
        : The instance is 'core/interface15_bank_bus_dat_r_reg[23]'.
Info    : Replacing a flip-flop with a logic constant 0. [GLO-12]
        : The instance is 'core/interface15_bank_bus_dat_r_reg[24]'.
Info    : Replacing a flip-flop with a logic constant 0. [GLO-12]
        : The instance is 'core/interface15_bank_bus_dat_r_reg[25]'.
Info    : Replacing a flip-flop with a logic constant 0. [GLO-12]
        : The instance is 'core/interface15_bank_bus_dat_r_reg[26]'.
Info    : Replacing a flip-flop with a logic constant 0. [GLO-12]
        : The instance is 'core/interface15_bank_bus_dat_r_reg[27]'.
Info    : Replacing a flip-flop with a logic constant 0. [GLO-12]
        : The instance is 'core/interface15_bank_bus_dat_r_reg[28]'.
Info    : Replacing a flip-flop with a logic constant 0. [GLO-12]
        : The instance is 'core/interface15_bank_bus_dat_r_reg[29]'.
Info    : Replacing a flip-flop with a logic constant 0. [GLO-12]
        : The instance is 'core/interface15_bank_bus_dat_r_reg[30]'.
Info    : Replacing a flip-flop with a logic constant 0. [GLO-12]
        : The instance is 'core/interface15_bank_bus_dat_r_reg[31]'.
Info    : Replacing a flip-flop with a logic constant 0. [GLO-12]
        : The instance is 'core/interface16_bank_bus_dat_r_reg[1]'.
Info    : Replacing a flip-flop with a logic constant 0. [GLO-12]
        : The instance is 'core/interface16_bank_bus_dat_r_reg[2]'.
Info    : Replacing a flip-flop with a logic constant 0. [GLO-12]
        : The instance is 'core/interface16_bank_bus_dat_r_reg[3]'.
Info    : Replacing a flip-flop with a logic constant 0. [GLO-12]
        : The instance is 'core/interface16_bank_bus_dat_r_reg[4]'.
Info    : Replacing a flip-flop with a logic constant 0. [GLO-12]
        : The instance is 'core/interface16_bank_bus_dat_r_reg[5]'.
Info    : Replacing a flip-flop with a logic constant 0. [GLO-12]
        : The instance is 'core/interface16_bank_bus_dat_r_reg[6]'.
Info    : Replacing a flip-flop with a logic constant 0. [GLO-12]
        : The instance is 'core/interface16_bank_bus_dat_r_reg[7]'.
Info    : Replacing a flip-flop with a logic constant 0. [GLO-12]
        : The instance is 'core/interface16_bank_bus_dat_r_reg[8]'.
Info    : Replacing a flip-flop with a logic constant 0. [GLO-12]
        : The instance is 'core/interface16_bank_bus_dat_r_reg[9]'.
Info    : Replacing a flip-flop with a logic constant 0. [GLO-12]
        : The instance is 'core/interface16_bank_bus_dat_r_reg[10]'.
Info    : Replacing a flip-flop with a logic constant 0. [GLO-12]
        : The instance is 'core/interface16_bank_bus_dat_r_reg[11]'.
Info    : Replacing a flip-flop with a logic constant 0. [GLO-12]
        : The instance is 'core/interface16_bank_bus_dat_r_reg[12]'.
Info    : Replacing a flip-flop with a logic constant 0. [GLO-12]
        : The instance is 'core/interface16_bank_bus_dat_r_reg[13]'.
Info    : Replacing a flip-flop with a logic constant 0. [GLO-12]
        : The instance is 'core/interface16_bank_bus_dat_r_reg[14]'.
Info    : Replacing a flip-flop with a logic constant 0. [GLO-12]
        : The instance is 'core/interface16_bank_bus_dat_r_reg[15]'.
Info    : Replacing a flip-flop with a logic constant 0. [GLO-12]
        : The instance is 'core/interface16_bank_bus_dat_r_reg[16]'.
Info    : Replacing a flip-flop with a logic constant 0. [GLO-12]
        : The instance is 'core/interface16_bank_bus_dat_r_reg[17]'.
Info    : Replacing a flip-flop with a logic constant 0. [GLO-12]
        : The instance is 'core/interface16_bank_bus_dat_r_reg[18]'.
Info    : Replacing a flip-flop with a logic constant 0. [GLO-12]
        : The instance is 'core/interface16_bank_bus_dat_r_reg[19]'.
Info    : Replacing a flip-flop with a logic constant 0. [GLO-12]
        : The instance is 'core/interface16_bank_bus_dat_r_reg[20]'.
Info    : Replacing a flip-flop with a logic constant 0. [GLO-12]
        : The instance is 'core/interface16_bank_bus_dat_r_reg[21]'.
Info    : Replacing a flip-flop with a logic constant 0. [GLO-12]
        : The instance is 'core/interface16_bank_bus_dat_r_reg[22]'.
Info    : Replacing a flip-flop with a logic constant 0. [GLO-12]
        : The instance is 'core/interface16_bank_bus_dat_r_reg[23]'.
Info    : Replacing a flip-flop with a logic constant 0. [GLO-12]
        : The instance is 'core/interface16_bank_bus_dat_r_reg[24]'.
Info    : Replacing a flip-flop with a logic constant 0. [GLO-12]
        : The instance is 'core/interface16_bank_bus_dat_r_reg[25]'.
Info    : Replacing a flip-flop with a logic constant 0. [GLO-12]
        : The instance is 'core/interface16_bank_bus_dat_r_reg[26]'.
Info    : Replacing a flip-flop with a logic constant 0. [GLO-12]
        : The instance is 'core/interface16_bank_bus_dat_r_reg[27]'.
Info    : Replacing a flip-flop with a logic constant 0. [GLO-12]
        : The instance is 'core/interface16_bank_bus_dat_r_reg[28]'.
Info    : Replacing a flip-flop with a logic constant 0. [GLO-12]
        : The instance is 'core/interface16_bank_bus_dat_r_reg[29]'.
Info    : Replacing a flip-flop with a logic constant 0. [GLO-12]
        : The instance is 'core/interface16_bank_bus_dat_r_reg[30]'.
Info    : Replacing a flip-flop with a logic constant 0. [GLO-12]
        : The instance is 'core/interface16_bank_bus_dat_r_reg[31]'.
Info    : Replacing a flip-flop with a logic constant 0. [GLO-12]
        : The instance is 'core/interface17_bank_bus_dat_r_reg[1]'.
Info    : Replacing a flip-flop with a logic constant 0. [GLO-12]
        : The instance is 'core/interface17_bank_bus_dat_r_reg[2]'.
Info    : Replacing a flip-flop with a logic constant 0. [GLO-12]
        : The instance is 'core/interface17_bank_bus_dat_r_reg[3]'.
Info    : Replacing a flip-flop with a logic constant 0. [GLO-12]
        : The instance is 'core/interface17_bank_bus_dat_r_reg[4]'.
Info    : Replacing a flip-flop with a logic constant 0. [GLO-12]
        : The instance is 'core/interface17_bank_bus_dat_r_reg[5]'.
Info    : Replacing a flip-flop with a logic constant 0. [GLO-12]
        : The instance is 'core/interface17_bank_bus_dat_r_reg[6]'.
Info    : Replacing a flip-flop with a logic constant 0. [GLO-12]
        : The instance is 'core/interface17_bank_bus_dat_r_reg[7]'.
Info    : Replacing a flip-flop with a logic constant 0. [GLO-12]
        : The instance is 'core/interface17_bank_bus_dat_r_reg[8]'.
Info    : Replacing a flip-flop with a logic constant 0. [GLO-12]
        : The instance is 'core/interface17_bank_bus_dat_r_reg[9]'.
Info    : Replacing a flip-flop with a logic constant 0. [GLO-12]
        : The instance is 'core/interface17_bank_bus_dat_r_reg[10]'.
Info    : Replacing a flip-flop with a logic constant 0. [GLO-12]
        : The instance is 'core/interface17_bank_bus_dat_r_reg[11]'.
Info    : Replacing a flip-flop with a logic constant 0. [GLO-12]
        : The instance is 'core/interface17_bank_bus_dat_r_reg[12]'.
Info    : Replacing a flip-flop with a logic constant 0. [GLO-12]
        : The instance is 'core/interface17_bank_bus_dat_r_reg[13]'.
Info    : Replacing a flip-flop with a logic constant 0. [GLO-12]
        : The instance is 'core/interface17_bank_bus_dat_r_reg[14]'.
Info    : Replacing a flip-flop with a logic constant 0. [GLO-12]
        : The instance is 'core/interface17_bank_bus_dat_r_reg[15]'.
Info    : Replacing a flip-flop with a logic constant 0. [GLO-12]
        : The instance is 'core/interface17_bank_bus_dat_r_reg[16]'.
Info    : Replacing a flip-flop with a logic constant 0. [GLO-12]
        : The instance is 'core/interface17_bank_bus_dat_r_reg[17]'.
Info    : Replacing a flip-flop with a logic constant 0. [GLO-12]
        : The instance is 'core/interface17_bank_bus_dat_r_reg[18]'.
Info    : Replacing a flip-flop with a logic constant 0. [GLO-12]
        : The instance is 'core/interface17_bank_bus_dat_r_reg[19]'.
Info    : Replacing a flip-flop with a logic constant 0. [GLO-12]
        : The instance is 'core/interface17_bank_bus_dat_r_reg[20]'.
Info    : Replacing a flip-flop with a logic constant 0. [GLO-12]
        : The instance is 'core/interface17_bank_bus_dat_r_reg[21]'.
Info    : Replacing a flip-flop with a logic constant 0. [GLO-12]
        : The instance is 'core/interface17_bank_bus_dat_r_reg[22]'.
Info    : Replacing a flip-flop with a logic constant 0. [GLO-12]
        : The instance is 'core/interface17_bank_bus_dat_r_reg[23]'.
Info    : Replacing a flip-flop with a logic constant 0. [GLO-12]
        : The instance is 'core/interface17_bank_bus_dat_r_reg[24]'.
Info    : Replacing a flip-flop with a logic constant 0. [GLO-12]
        : The instance is 'core/interface17_bank_bus_dat_r_reg[25]'.
Info    : Replacing a flip-flop with a logic constant 0. [GLO-12]
        : The instance is 'core/interface17_bank_bus_dat_r_reg[26]'.
Info    : Replacing a flip-flop with a logic constant 0. [GLO-12]
        : The instance is 'core/interface17_bank_bus_dat_r_reg[27]'.
Info    : Replacing a flip-flop with a logic constant 0. [GLO-12]
        : The instance is 'core/interface17_bank_bus_dat_r_reg[28]'.
Info    : Replacing a flip-flop with a logic constant 0. [GLO-12]
        : The instance is 'core/interface17_bank_bus_dat_r_reg[29]'.
Info    : Replacing a flip-flop with a logic constant 0. [GLO-12]
        : The instance is 'core/interface17_bank_bus_dat_r_reg[30]'.
Info    : Replacing a flip-flop with a logic constant 0. [GLO-12]
        : The instance is 'core/interface17_bank_bus_dat_r_reg[31]'.
Info    : Replacing a flip-flop with a logic constant 0. [GLO-12]
        : The instance is 'core/interface18_bank_bus_dat_r_reg[1]'.
Info    : Replacing a flip-flop with a logic constant 0. [GLO-12]
        : The instance is 'core/interface18_bank_bus_dat_r_reg[2]'.
Info    : Replacing a flip-flop with a logic constant 0. [GLO-12]
        : The instance is 'core/interface18_bank_bus_dat_r_reg[3]'.
Info    : Replacing a flip-flop with a logic constant 0. [GLO-12]
        : The instance is 'core/interface18_bank_bus_dat_r_reg[4]'.
Info    : Replacing a flip-flop with a logic constant 0. [GLO-12]
        : The instance is 'core/interface18_bank_bus_dat_r_reg[5]'.
Info    : Replacing a flip-flop with a logic constant 0. [GLO-12]
        : The instance is 'core/interface18_bank_bus_dat_r_reg[6]'.
Info    : Replacing a flip-flop with a logic constant 0. [GLO-12]
        : The instance is 'core/interface18_bank_bus_dat_r_reg[7]'.
Info    : Replacing a flip-flop with a logic constant 0. [GLO-12]
        : The instance is 'core/interface18_bank_bus_dat_r_reg[8]'.
Info    : Replacing a flip-flop with a logic constant 0. [GLO-12]
        : The instance is 'core/interface18_bank_bus_dat_r_reg[9]'.
Info    : Replacing a flip-flop with a logic constant 0. [GLO-12]
        : The instance is 'core/interface18_bank_bus_dat_r_reg[10]'.
Info    : Replacing a flip-flop with a logic constant 0. [GLO-12]
        : The instance is 'core/interface18_bank_bus_dat_r_reg[11]'.
Info    : Replacing a flip-flop with a logic constant 0. [GLO-12]
        : The instance is 'core/interface18_bank_bus_dat_r_reg[12]'.
Info    : Replacing a flip-flop with a logic constant 0. [GLO-12]
        : The instance is 'core/interface18_bank_bus_dat_r_reg[13]'.
Info    : Replacing a flip-flop with a logic constant 0. [GLO-12]
        : The instance is 'core/interface18_bank_bus_dat_r_reg[14]'.
Info    : Replacing a flip-flop with a logic constant 0. [GLO-12]
        : The instance is 'core/interface18_bank_bus_dat_r_reg[15]'.
Info    : Replacing a flip-flop with a logic constant 0. [GLO-12]
        : The instance is 'core/interface18_bank_bus_dat_r_reg[16]'.
Info    : Replacing a flip-flop with a logic constant 0. [GLO-12]
        : The instance is 'core/interface18_bank_bus_dat_r_reg[17]'.
Info    : Replacing a flip-flop with a logic constant 0. [GLO-12]
        : The instance is 'core/interface18_bank_bus_dat_r_reg[18]'.
Info    : Replacing a flip-flop with a logic constant 0. [GLO-12]
        : The instance is 'core/interface18_bank_bus_dat_r_reg[19]'.
Info    : Replacing a flip-flop with a logic constant 0. [GLO-12]
        : The instance is 'core/interface18_bank_bus_dat_r_reg[20]'.
Info    : Replacing a flip-flop with a logic constant 0. [GLO-12]
        : The instance is 'core/interface18_bank_bus_dat_r_reg[21]'.
Info    : Replacing a flip-flop with a logic constant 0. [GLO-12]
        : The instance is 'core/interface18_bank_bus_dat_r_reg[22]'.
Info    : Replacing a flip-flop with a logic constant 0. [GLO-12]
        : The instance is 'core/interface18_bank_bus_dat_r_reg[23]'.
Info    : Replacing a flip-flop with a logic constant 0. [GLO-12]
        : The instance is 'core/interface18_bank_bus_dat_r_reg[24]'.
Info    : Replacing a flip-flop with a logic constant 0. [GLO-12]
        : The instance is 'core/interface18_bank_bus_dat_r_reg[25]'.
Info    : Replacing a flip-flop with a logic constant 0. [GLO-12]
        : The instance is 'core/interface18_bank_bus_dat_r_reg[26]'.
Info    : Replacing a flip-flop with a logic constant 0. [GLO-12]
        : The instance is 'core/interface18_bank_bus_dat_r_reg[27]'.
Info    : Replacing a flip-flop with a logic constant 0. [GLO-12]
        : The instance is 'core/interface18_bank_bus_dat_r_reg[28]'.
Info    : Replacing a flip-flop with a logic constant 0. [GLO-12]
        : The instance is 'core/interface18_bank_bus_dat_r_reg[29]'.
Info    : Replacing a flip-flop with a logic constant 0. [GLO-12]
        : The instance is 'core/interface18_bank_bus_dat_r_reg[30]'.
Info    : Replacing a flip-flop with a logic constant 0. [GLO-12]
        : The instance is 'core/interface18_bank_bus_dat_r_reg[31]'.
Info    : Replacing a flip-flop with a logic constant 0. [GLO-12]
        : The instance is 'core/interface19_bank_bus_dat_r_reg[3]'.
Info    : Replacing a flip-flop with a logic constant 0. [GLO-12]
        : The instance is 'core/interface19_bank_bus_dat_r_reg[4]'.
Info    : Replacing a flip-flop with a logic constant 0. [GLO-12]
        : The instance is 'core/interface19_bank_bus_dat_r_reg[5]'.
Info    : Replacing a flip-flop with a logic constant 0. [GLO-12]
        : The instance is 'core/interface19_bank_bus_dat_r_reg[6]'.
Info    : Replacing a flip-flop with a logic constant 0. [GLO-12]
        : The instance is 'core/interface19_bank_bus_dat_r_reg[7]'.
Info    : Replacing a flip-flop with a logic constant 0. [GLO-12]
        : The instance is 'core/interface19_bank_bus_dat_r_reg[8]'.
Info    : Replacing a flip-flop with a logic constant 0. [GLO-12]
        : The instance is 'core/interface19_bank_bus_dat_r_reg[9]'.
Info    : Replacing a flip-flop with a logic constant 0. [GLO-12]
        : The instance is 'core/interface19_bank_bus_dat_r_reg[10]'.
Info    : Replacing a flip-flop with a logic constant 0. [GLO-12]
        : The instance is 'core/interface19_bank_bus_dat_r_reg[11]'.
Info    : Replacing a flip-flop with a logic constant 0. [GLO-12]
        : The instance is 'core/interface19_bank_bus_dat_r_reg[12]'.
Info    : Replacing a flip-flop with a logic constant 0. [GLO-12]
        : The instance is 'core/interface19_bank_bus_dat_r_reg[13]'.
Info    : Replacing a flip-flop with a logic constant 0. [GLO-12]
        : The instance is 'core/interface19_bank_bus_dat_r_reg[14]'.
Info    : Replacing a flip-flop with a logic constant 0. [GLO-12]
        : The instance is 'core/interface19_bank_bus_dat_r_reg[15]'.
Info    : Replacing a flip-flop with a logic constant 0. [GLO-12]
        : The instance is 'core/interface19_bank_bus_dat_r_reg[16]'.
Info    : Replacing a flip-flop with a logic constant 0. [GLO-12]
        : The instance is 'core/interface19_bank_bus_dat_r_reg[17]'.
Info    : Replacing a flip-flop with a logic constant 0. [GLO-12]
        : The instance is 'core/interface19_bank_bus_dat_r_reg[18]'.
Info    : Replacing a flip-flop with a logic constant 0. [GLO-12]
        : The instance is 'core/interface19_bank_bus_dat_r_reg[19]'.
Info    : Replacing a flip-flop with a logic constant 0. [GLO-12]
        : The instance is 'core/interface19_bank_bus_dat_r_reg[20]'.
Info    : Replacing a flip-flop with a logic constant 0. [GLO-12]
        : The instance is 'core/interface19_bank_bus_dat_r_reg[21]'.
Info    : Replacing a flip-flop with a logic constant 0. [GLO-12]
        : The instance is 'core/interface19_bank_bus_dat_r_reg[22]'.
Info    : Replacing a flip-flop with a logic constant 0. [GLO-12]
        : The instance is 'core/interface19_bank_bus_dat_r_reg[23]'.
Info    : Replacing a flip-flop with a logic constant 0. [GLO-12]
        : The instance is 'core/interface19_bank_bus_dat_r_reg[24]'.
Info    : Replacing a flip-flop with a logic constant 0. [GLO-12]
        : The instance is 'core/interface19_bank_bus_dat_r_reg[25]'.
Info    : Replacing a flip-flop with a logic constant 0. [GLO-12]
        : The instance is 'core/interface19_bank_bus_dat_r_reg[26]'.
Info    : Replacing a flip-flop with a logic constant 0. [GLO-12]
        : The instance is 'core/interface19_bank_bus_dat_r_reg[27]'.
Info    : Replacing a flip-flop with a logic constant 0. [GLO-12]
        : The instance is 'core/interface19_bank_bus_dat_r_reg[28]'.
Info    : Replacing a flip-flop with a logic constant 0. [GLO-12]
        : The instance is 'core/interface19_bank_bus_dat_r_reg[29]'.
Info    : Replacing a flip-flop with a logic constant 0. [GLO-12]
        : The instance is 'core/interface19_bank_bus_dat_r_reg[30]'.
Info    : Replacing a flip-flop with a logic constant 0. [GLO-12]
        : The instance is 'core/interface19_bank_bus_dat_r_reg[31]'.
Info    : Replacing a flip-flop with a logic constant 0. [GLO-12]
        : The instance is 'core/interface1_bank_bus_dat_r_reg[1]'.
Info    : Replacing a flip-flop with a logic constant 0. [GLO-12]
        : The instance is 'core/interface1_bank_bus_dat_r_reg[2]'.
Info    : Replacing a flip-flop with a logic constant 0. [GLO-12]
        : The instance is 'core/interface1_bank_bus_dat_r_reg[3]'.
Info    : Replacing a flip-flop with a logic constant 0. [GLO-12]
        : The instance is 'core/interface1_bank_bus_dat_r_reg[4]'.
Info    : Replacing a flip-flop with a logic constant 0. [GLO-12]
        : The instance is 'core/interface1_bank_bus_dat_r_reg[5]'.
Info    : Replacing a flip-flop with a logic constant 0. [GLO-12]
        : The instance is 'core/interface1_bank_bus_dat_r_reg[6]'.
Info    : Replacing a flip-flop with a logic constant 0. [GLO-12]
        : The instance is 'core/interface1_bank_bus_dat_r_reg[7]'.
Info    : Replacing a flip-flop with a logic constant 0. [GLO-12]
        : The instance is 'core/interface1_bank_bus_dat_r_reg[8]'.
Info    : Replacing a flip-flop with a logic constant 0. [GLO-12]
        : The instance is 'core/interface1_bank_bus_dat_r_reg[9]'.
Info    : Replacing a flip-flop with a logic constant 0. [GLO-12]
        : The instance is 'core/interface1_bank_bus_dat_r_reg[10]'.
Info    : Replacing a flip-flop with a logic constant 0. [GLO-12]
        : The instance is 'core/interface1_bank_bus_dat_r_reg[11]'.
Info    : Replacing a flip-flop with a logic constant 0. [GLO-12]
        : The instance is 'core/interface1_bank_bus_dat_r_reg[12]'.
Info    : Replacing a flip-flop with a logic constant 0. [GLO-12]
        : The instance is 'core/interface1_bank_bus_dat_r_reg[13]'.
Info    : Replacing a flip-flop with a logic constant 0. [GLO-12]
        : The instance is 'core/interface1_bank_bus_dat_r_reg[14]'.
Info    : Replacing a flip-flop with a logic constant 0. [GLO-12]
        : The instance is 'core/interface1_bank_bus_dat_r_reg[15]'.
Info    : Replacing a flip-flop with a logic constant 0. [GLO-12]
        : The instance is 'core/interface1_bank_bus_dat_r_reg[16]'.
Info    : Replacing a flip-flop with a logic constant 0. [GLO-12]
        : The instance is 'core/interface1_bank_bus_dat_r_reg[17]'.
Info    : Replacing a flip-flop with a logic constant 0. [GLO-12]
        : The instance is 'core/interface1_bank_bus_dat_r_reg[18]'.
Info    : Replacing a flip-flop with a logic constant 0. [GLO-12]
        : The instance is 'core/interface1_bank_bus_dat_r_reg[19]'.
Info    : Replacing a flip-flop with a logic constant 0. [GLO-12]
        : The instance is 'core/interface1_bank_bus_dat_r_reg[20]'.
Info    : Replacing a flip-flop with a logic constant 0. [GLO-12]
        : The instance is 'core/interface1_bank_bus_dat_r_reg[21]'.
Info    : Replacing a flip-flop with a logic constant 0. [GLO-12]
        : The instance is 'core/interface1_bank_bus_dat_r_reg[22]'.
Info    : Replacing a flip-flop with a logic constant 0. [GLO-12]
        : The instance is 'core/interface1_bank_bus_dat_r_reg[23]'.
Info    : Replacing a flip-flop with a logic constant 0. [GLO-12]
        : The instance is 'core/interface1_bank_bus_dat_r_reg[24]'.
Info    : Replacing a flip-flop with a logic constant 0. [GLO-12]
        : The instance is 'core/interface1_bank_bus_dat_r_reg[25]'.
Info    : Replacing a flip-flop with a logic constant 0. [GLO-12]
        : The instance is 'core/interface1_bank_bus_dat_r_reg[26]'.
Info    : Replacing a flip-flop with a logic constant 0. [GLO-12]
        : The instance is 'core/interface1_bank_bus_dat_r_reg[27]'.
Info    : Replacing a flip-flop with a logic constant 0. [GLO-12]
        : The instance is 'core/interface1_bank_bus_dat_r_reg[28]'.
Info    : Replacing a flip-flop with a logic constant 0. [GLO-12]
        : The instance is 'core/interface1_bank_bus_dat_r_reg[29]'.
Info    : Replacing a flip-flop with a logic constant 0. [GLO-12]
        : The instance is 'core/interface1_bank_bus_dat_r_reg[30]'.
Info    : Replacing a flip-flop with a logic constant 0. [GLO-12]
        : The instance is 'core/interface1_bank_bus_dat_r_reg[31]'.
Info    : Replacing a flip-flop with a logic constant 0. [GLO-12]
        : The instance is 'core/interface2_bank_bus_dat_r_reg[1]'.
Info    : Replacing a flip-flop with a logic constant 0. [GLO-12]
        : The instance is 'core/interface2_bank_bus_dat_r_reg[2]'.
Info    : Replacing a flip-flop with a logic constant 0. [GLO-12]
        : The instance is 'core/interface2_bank_bus_dat_r_reg[3]'.
Info    : Replacing a flip-flop with a logic constant 0. [GLO-12]
        : The instance is 'core/interface2_bank_bus_dat_r_reg[4]'.
Info    : Replacing a flip-flop with a logic constant 0. [GLO-12]
        : The instance is 'core/interface2_bank_bus_dat_r_reg[5]'.
Info    : Replacing a flip-flop with a logic constant 0. [GLO-12]
        : The instance is 'core/interface2_bank_bus_dat_r_reg[6]'.
Info    : Replacing a flip-flop with a logic constant 0. [GLO-12]
        : The instance is 'core/interface2_bank_bus_dat_r_reg[7]'.
Info    : Replacing a flip-flop with a logic constant 0. [GLO-12]
        : The instance is 'core/interface2_bank_bus_dat_r_reg[8]'.
Info    : Replacing a flip-flop with a logic constant 0. [GLO-12]
        : The instance is 'core/interface2_bank_bus_dat_r_reg[9]'.
Info    : Replacing a flip-flop with a logic constant 0. [GLO-12]
        : The instance is 'core/interface2_bank_bus_dat_r_reg[10]'.
Info    : Replacing a flip-flop with a logic constant 0. [GLO-12]
        : The instance is 'core/interface2_bank_bus_dat_r_reg[11]'.
Info    : Replacing a flip-flop with a logic constant 0. [GLO-12]
        : The instance is 'core/interface2_bank_bus_dat_r_reg[12]'.
Info    : Replacing a flip-flop with a logic constant 0. [GLO-12]
        : The instance is 'core/interface2_bank_bus_dat_r_reg[13]'.
Info    : Replacing a flip-flop with a logic constant 0. [GLO-12]
        : The instance is 'core/interface2_bank_bus_dat_r_reg[14]'.
Info    : Replacing a flip-flop with a logic constant 0. [GLO-12]
        : The instance is 'core/interface2_bank_bus_dat_r_reg[15]'.
Info    : Replacing a flip-flop with a logic constant 0. [GLO-12]
        : The instance is 'core/interface2_bank_bus_dat_r_reg[16]'.
Info    : Replacing a flip-flop with a logic constant 0. [GLO-12]
        : The instance is 'core/interface2_bank_bus_dat_r_reg[17]'.
Info    : Replacing a flip-flop with a logic constant 0. [GLO-12]
        : The instance is 'core/interface2_bank_bus_dat_r_reg[18]'.
Info    : Replacing a flip-flop with a logic constant 0. [GLO-12]
        : The instance is 'core/interface2_bank_bus_dat_r_reg[19]'.
Info    : Replacing a flip-flop with a logic constant 0. [GLO-12]
        : The instance is 'core/interface2_bank_bus_dat_r_reg[20]'.
Info    : Replacing a flip-flop with a logic constant 0. [GLO-12]
        : The instance is 'core/interface2_bank_bus_dat_r_reg[21]'.
Info    : Replacing a flip-flop with a logic constant 0. [GLO-12]
        : The instance is 'core/interface2_bank_bus_dat_r_reg[22]'.
Info    : Replacing a flip-flop with a logic constant 0. [GLO-12]
        : The instance is 'core/interface2_bank_bus_dat_r_reg[23]'.
Info    : Replacing a flip-flop with a logic constant 0. [GLO-12]
        : The instance is 'core/interface2_bank_bus_dat_r_reg[24]'.
Info    : Replacing a flip-flop with a logic constant 0. [GLO-12]
        : The instance is 'core/interface2_bank_bus_dat_r_reg[25]'.
Info    : Replacing a flip-flop with a logic constant 0. [GLO-12]
        : The instance is 'core/interface2_bank_bus_dat_r_reg[26]'.
Info    : Replacing a flip-flop with a logic constant 0. [GLO-12]
        : The instance is 'core/interface2_bank_bus_dat_r_reg[27]'.
Info    : Replacing a flip-flop with a logic constant 0. [GLO-12]
        : The instance is 'core/interface2_bank_bus_dat_r_reg[28]'.
Info    : Replacing a flip-flop with a logic constant 0. [GLO-12]
        : The instance is 'core/interface2_bank_bus_dat_r_reg[29]'.
Info    : Replacing a flip-flop with a logic constant 0. [GLO-12]
        : The instance is 'core/interface2_bank_bus_dat_r_reg[30]'.
Info    : Replacing a flip-flop with a logic constant 0. [GLO-12]
        : The instance is 'core/interface2_bank_bus_dat_r_reg[31]'.
Info    : Replacing a flip-flop with a logic constant 0. [GLO-12]
        : The instance is 'core/interface4_bank_bus_dat_r_reg[8]'.
Info    : Replacing a flip-flop with a logic constant 0. [GLO-12]
        : The instance is 'core/interface4_bank_bus_dat_r_reg[9]'.
Info    : Replacing a flip-flop with a logic constant 0. [GLO-12]
        : The instance is 'core/interface4_bank_bus_dat_r_reg[10]'.
Info    : Replacing a flip-flop with a logic constant 0. [GLO-12]
        : The instance is 'core/interface4_bank_bus_dat_r_reg[11]'.
Info    : Replacing a flip-flop with a logic constant 0. [GLO-12]
        : The instance is 'core/interface4_bank_bus_dat_r_reg[12]'.
Info    : Replacing a flip-flop with a logic constant 0. [GLO-12]
        : The instance is 'core/interface4_bank_bus_dat_r_reg[13]'.
Info    : Replacing a flip-flop with a logic constant 0. [GLO-12]
        : The instance is 'core/interface4_bank_bus_dat_r_reg[14]'.
Info    : Replacing a flip-flop with a logic constant 0. [GLO-12]
        : The instance is 'core/interface4_bank_bus_dat_r_reg[15]'.
Info    : Replacing a flip-flop with a logic constant 0. [GLO-12]
        : The instance is 'core/interface4_bank_bus_dat_r_reg[16]'.
Info    : Replacing a flip-flop with a logic constant 0. [GLO-12]
        : The instance is 'core/interface4_bank_bus_dat_r_reg[17]'.
Info    : Replacing a flip-flop with a logic constant 0. [GLO-12]
        : The instance is 'core/interface4_bank_bus_dat_r_reg[18]'.
Info    : Replacing a flip-flop with a logic constant 0. [GLO-12]
        : The instance is 'core/interface4_bank_bus_dat_r_reg[19]'.
Info    : Replacing a flip-flop with a logic constant 0. [GLO-12]
        : The instance is 'core/interface4_bank_bus_dat_r_reg[20]'.
Info    : Replacing a flip-flop with a logic constant 0. [GLO-12]
        : The instance is 'core/interface4_bank_bus_dat_r_reg[21]'.
Info    : Replacing a flip-flop with a logic constant 0. [GLO-12]
        : The instance is 'core/interface4_bank_bus_dat_r_reg[22]'.
Info    : Replacing a flip-flop with a logic constant 0. [GLO-12]
        : The instance is 'core/interface4_bank_bus_dat_r_reg[23]'.
Info    : Replacing a flip-flop with a logic constant 0. [GLO-12]
        : The instance is 'core/interface4_bank_bus_dat_r_reg[24]'.
Info    : Replacing a flip-flop with a logic constant 0. [GLO-12]
        : The instance is 'core/interface4_bank_bus_dat_r_reg[25]'.
Info    : Replacing a flip-flop with a logic constant 0. [GLO-12]
        : The instance is 'core/interface4_bank_bus_dat_r_reg[26]'.
Info    : Replacing a flip-flop with a logic constant 0. [GLO-12]
        : The instance is 'core/interface4_bank_bus_dat_r_reg[27]'.
Info    : Replacing a flip-flop with a logic constant 0. [GLO-12]
        : The instance is 'core/interface4_bank_bus_dat_r_reg[28]'.
Info    : Replacing a flip-flop with a logic constant 0. [GLO-12]
        : The instance is 'core/interface4_bank_bus_dat_r_reg[29]'.
Info    : Replacing a flip-flop with a logic constant 0. [GLO-12]
        : The instance is 'core/interface4_bank_bus_dat_r_reg[30]'.
Info    : Replacing a flip-flop with a logic constant 0. [GLO-12]
        : The instance is 'core/interface4_bank_bus_dat_r_reg[31]'.
Info    : Replacing a flip-flop with a logic constant 0. [GLO-12]
        : The instance is 'core/interface5_bank_bus_dat_r_reg[1]'.
Info    : Replacing a flip-flop with a logic constant 0. [GLO-12]
        : The instance is 'core/interface5_bank_bus_dat_r_reg[2]'.
Info    : Replacing a flip-flop with a logic constant 0. [GLO-12]
        : The instance is 'core/interface5_bank_bus_dat_r_reg[3]'.
Info    : Replacing a flip-flop with a logic constant 0. [GLO-12]
        : The instance is 'core/interface5_bank_bus_dat_r_reg[4]'.
Info    : Replacing a flip-flop with a logic constant 0. [GLO-12]
        : The instance is 'core/interface5_bank_bus_dat_r_reg[5]'.
Info    : Replacing a flip-flop with a logic constant 0. [GLO-12]
        : The instance is 'core/interface5_bank_bus_dat_r_reg[6]'.
Info    : Replacing a flip-flop with a logic constant 0. [GLO-12]
        : The instance is 'core/interface5_bank_bus_dat_r_reg[7]'.
Info    : Replacing a flip-flop with a logic constant 0. [GLO-12]
        : The instance is 'core/interface5_bank_bus_dat_r_reg[8]'.
Info    : Replacing a flip-flop with a logic constant 0. [GLO-12]
        : The instance is 'core/interface5_bank_bus_dat_r_reg[9]'.
Info    : Replacing a flip-flop with a logic constant 0. [GLO-12]
        : The instance is 'core/interface5_bank_bus_dat_r_reg[10]'.
Info    : Replacing a flip-flop with a logic constant 0. [GLO-12]
        : The instance is 'core/interface5_bank_bus_dat_r_reg[11]'.
Info    : Replacing a flip-flop with a logic constant 0. [GLO-12]
        : The instance is 'core/interface5_bank_bus_dat_r_reg[12]'.
Info    : Replacing a flip-flop with a logic constant 0. [GLO-12]
        : The instance is 'core/interface5_bank_bus_dat_r_reg[13]'.
Info    : Replacing a flip-flop with a logic constant 0. [GLO-12]
        : The instance is 'core/interface5_bank_bus_dat_r_reg[14]'.
Info    : Replacing a flip-flop with a logic constant 0. [GLO-12]
        : The instance is 'core/interface5_bank_bus_dat_r_reg[15]'.
Info    : Replacing a flip-flop with a logic constant 0. [GLO-12]
        : The instance is 'core/interface5_bank_bus_dat_r_reg[16]'.
Info    : Replacing a flip-flop with a logic constant 0. [GLO-12]
        : The instance is 'core/interface5_bank_bus_dat_r_reg[17]'.
Info    : Replacing a flip-flop with a logic constant 0. [GLO-12]
        : The instance is 'core/interface5_bank_bus_dat_r_reg[18]'.
Info    : Replacing a flip-flop with a logic constant 0. [GLO-12]
        : The instance is 'core/interface5_bank_bus_dat_r_reg[19]'.
Info    : Replacing a flip-flop with a logic constant 0. [GLO-12]
        : The instance is 'core/interface5_bank_bus_dat_r_reg[20]'.
Info    : Replacing a flip-flop with a logic constant 0. [GLO-12]
        : The instance is 'core/interface5_bank_bus_dat_r_reg[21]'.
Info    : Replacing a flip-flop with a logic constant 0. [GLO-12]
        : The instance is 'core/interface5_bank_bus_dat_r_reg[22]'.
Info    : Replacing a flip-flop with a logic constant 0. [GLO-12]
        : The instance is 'core/interface5_bank_bus_dat_r_reg[23]'.
Info    : Replacing a flip-flop with a logic constant 0. [GLO-12]
        : The instance is 'core/interface5_bank_bus_dat_r_reg[24]'.
Info    : Replacing a flip-flop with a logic constant 0. [GLO-12]
        : The instance is 'core/interface5_bank_bus_dat_r_reg[25]'.
Info    : Replacing a flip-flop with a logic constant 0. [GLO-12]
        : The instance is 'core/interface5_bank_bus_dat_r_reg[26]'.
Info    : Replacing a flip-flop with a logic constant 0. [GLO-12]
        : The instance is 'core/interface5_bank_bus_dat_r_reg[27]'.
Info    : Replacing a flip-flop with a logic constant 0. [GLO-12]
        : The instance is 'core/interface5_bank_bus_dat_r_reg[28]'.
Info    : Replacing a flip-flop with a logic constant 0. [GLO-12]
        : The instance is 'core/interface5_bank_bus_dat_r_reg[29]'.
Info    : Replacing a flip-flop with a logic constant 0. [GLO-12]
        : The instance is 'core/interface5_bank_bus_dat_r_reg[30]'.
Info    : Replacing a flip-flop with a logic constant 0. [GLO-12]
        : The instance is 'core/interface5_bank_bus_dat_r_reg[31]'.
Info    : Replacing a flip-flop with a logic constant 0. [GLO-12]
        : The instance is 'core/interface7_bank_bus_dat_r_reg[1]'.
Info    : Replacing a flip-flop with a logic constant 0. [GLO-12]
        : The instance is 'core/interface7_bank_bus_dat_r_reg[2]'.
Info    : Replacing a flip-flop with a logic constant 0. [GLO-12]
        : The instance is 'core/interface7_bank_bus_dat_r_reg[3]'.
Info    : Replacing a flip-flop with a logic constant 0. [GLO-12]
        : The instance is 'core/interface7_bank_bus_dat_r_reg[4]'.
Info    : Replacing a flip-flop with a logic constant 0. [GLO-12]
        : The instance is 'core/interface7_bank_bus_dat_r_reg[5]'.
Info    : Replacing a flip-flop with a logic constant 0. [GLO-12]
        : The instance is 'core/interface7_bank_bus_dat_r_reg[6]'.
Info    : Replacing a flip-flop with a logic constant 0. [GLO-12]
        : The instance is 'core/interface7_bank_bus_dat_r_reg[7]'.
Info    : Replacing a flip-flop with a logic constant 0. [GLO-12]
        : The instance is 'core/interface7_bank_bus_dat_r_reg[8]'.
Info    : Replacing a flip-flop with a logic constant 0. [GLO-12]
        : The instance is 'core/interface7_bank_bus_dat_r_reg[9]'.
Info    : Replacing a flip-flop with a logic constant 0. [GLO-12]
        : The instance is 'core/interface7_bank_bus_dat_r_reg[10]'.
Info    : Replacing a flip-flop with a logic constant 0. [GLO-12]
        : The instance is 'core/interface7_bank_bus_dat_r_reg[11]'.
Info    : Replacing a flip-flop with a logic constant 0. [GLO-12]
        : The instance is 'core/interface7_bank_bus_dat_r_reg[12]'.
Info    : Replacing a flip-flop with a logic constant 0. [GLO-12]
        : The instance is 'core/interface7_bank_bus_dat_r_reg[13]'.
Info    : Replacing a flip-flop with a logic constant 0. [GLO-12]
        : The instance is 'core/interface7_bank_bus_dat_r_reg[14]'.
Info    : Replacing a flip-flop with a logic constant 0. [GLO-12]
        : The instance is 'core/interface7_bank_bus_dat_r_reg[15]'.
Info    : Replacing a flip-flop with a logic constant 0. [GLO-12]
        : The instance is 'core/interface7_bank_bus_dat_r_reg[16]'.
Info    : Replacing a flip-flop with a logic constant 0. [GLO-12]
        : The instance is 'core/interface7_bank_bus_dat_r_reg[17]'.
Info    : Replacing a flip-flop with a logic constant 0. [GLO-12]
        : The instance is 'core/interface7_bank_bus_dat_r_reg[18]'.
Info    : Replacing a flip-flop with a logic constant 0. [GLO-12]
        : The instance is 'core/interface7_bank_bus_dat_r_reg[19]'.
Info    : Replacing a flip-flop with a logic constant 0. [GLO-12]
        : The instance is 'core/interface7_bank_bus_dat_r_reg[20]'.
Info    : Replacing a flip-flop with a logic constant 0. [GLO-12]
        : The instance is 'core/interface7_bank_bus_dat_r_reg[21]'.
Info    : Replacing a flip-flop with a logic constant 0. [GLO-12]
        : The instance is 'core/interface7_bank_bus_dat_r_reg[22]'.
Info    : Replacing a flip-flop with a logic constant 0. [GLO-12]
        : The instance is 'core/interface7_bank_bus_dat_r_reg[23]'.
Info    : Replacing a flip-flop with a logic constant 0. [GLO-12]
        : The instance is 'core/interface7_bank_bus_dat_r_reg[24]'.
Info    : Replacing a flip-flop with a logic constant 0. [GLO-12]
        : The instance is 'core/interface7_bank_bus_dat_r_reg[25]'.
Info    : Replacing a flip-flop with a logic constant 0. [GLO-12]
        : The instance is 'core/interface7_bank_bus_dat_r_reg[26]'.
Info    : Replacing a flip-flop with a logic constant 0. [GLO-12]
        : The instance is 'core/interface7_bank_bus_dat_r_reg[27]'.
Info    : Replacing a flip-flop with a logic constant 0. [GLO-12]
        : The instance is 'core/interface7_bank_bus_dat_r_reg[28]'.
Info    : Replacing a flip-flop with a logic constant 0. [GLO-12]
        : The instance is 'core/interface7_bank_bus_dat_r_reg[29]'.
Info    : Replacing a flip-flop with a logic constant 0. [GLO-12]
        : The instance is 'core/interface7_bank_bus_dat_r_reg[30]'.
Info    : Replacing a flip-flop with a logic constant 0. [GLO-12]
        : The instance is 'core/interface7_bank_bus_dat_r_reg[31]'.
Info    : Replacing a flip-flop with a logic constant 0. [GLO-12]
        : The instance is 'core/interface8_bank_bus_dat_r_reg[1]'.
Info    : Replacing a flip-flop with a logic constant 0. [GLO-12]
        : The instance is 'core/interface8_bank_bus_dat_r_reg[2]'.
Info    : Replacing a flip-flop with a logic constant 0. [GLO-12]
        : The instance is 'core/interface8_bank_bus_dat_r_reg[3]'.
Info    : Replacing a flip-flop with a logic constant 0. [GLO-12]
        : The instance is 'core/interface8_bank_bus_dat_r_reg[4]'.
Info    : Replacing a flip-flop with a logic constant 0. [GLO-12]
        : The instance is 'core/interface8_bank_bus_dat_r_reg[5]'.
Info    : Replacing a flip-flop with a logic constant 0. [GLO-12]
        : The instance is 'core/interface8_bank_bus_dat_r_reg[6]'.
Info    : Replacing a flip-flop with a logic constant 0. [GLO-12]
        : The instance is 'core/interface8_bank_bus_dat_r_reg[7]'.
Info    : Replacing a flip-flop with a logic constant 0. [GLO-12]
        : The instance is 'core/interface8_bank_bus_dat_r_reg[8]'.
Info    : Replacing a flip-flop with a logic constant 0. [GLO-12]
        : The instance is 'core/interface8_bank_bus_dat_r_reg[9]'.
Info    : Replacing a flip-flop with a logic constant 0. [GLO-12]
        : The instance is 'core/interface8_bank_bus_dat_r_reg[10]'.
Info    : Replacing a flip-flop with a logic constant 0. [GLO-12]
        : The instance is 'core/interface8_bank_bus_dat_r_reg[11]'.
Info    : Replacing a flip-flop with a logic constant 0. [GLO-12]
        : The instance is 'core/interface8_bank_bus_dat_r_reg[12]'.
Info    : Replacing a flip-flop with a logic constant 0. [GLO-12]
        : The instance is 'core/interface8_bank_bus_dat_r_reg[13]'.
Info    : Replacing a flip-flop with a logic constant 0. [GLO-12]
        : The instance is 'core/interface8_bank_bus_dat_r_reg[14]'.
Info    : Replacing a flip-flop with a logic constant 0. [GLO-12]
        : The instance is 'core/interface8_bank_bus_dat_r_reg[15]'.
Info    : Replacing a flip-flop with a logic constant 0. [GLO-12]
        : The instance is 'core/interface8_bank_bus_dat_r_reg[16]'.
Info    : Replacing a flip-flop with a logic constant 0. [GLO-12]
        : The instance is 'core/interface8_bank_bus_dat_r_reg[17]'.
Info    : Replacing a flip-flop with a logic constant 0. [GLO-12]
        : The instance is 'core/interface8_bank_bus_dat_r_reg[18]'.
Info    : Replacing a flip-flop with a logic constant 0. [GLO-12]
        : The instance is 'core/interface8_bank_bus_dat_r_reg[19]'.
Info    : Replacing a flip-flop with a logic constant 0. [GLO-12]
        : The instance is 'core/interface8_bank_bus_dat_r_reg[20]'.
Info    : Replacing a flip-flop with a logic constant 0. [GLO-12]
        : The instance is 'core/interface8_bank_bus_dat_r_reg[21]'.
Info    : Replacing a flip-flop with a logic constant 0. [GLO-12]
        : The instance is 'core/interface8_bank_bus_dat_r_reg[22]'.
Info    : Replacing a flip-flop with a logic constant 0. [GLO-12]
        : The instance is 'core/interface8_bank_bus_dat_r_reg[23]'.
Info    : Replacing a flip-flop with a logic constant 0. [GLO-12]
        : The instance is 'core/interface8_bank_bus_dat_r_reg[24]'.
Info    : Replacing a flip-flop with a logic constant 0. [GLO-12]
        : The instance is 'core/interface8_bank_bus_dat_r_reg[25]'.
Info    : Replacing a flip-flop with a logic constant 0. [GLO-12]
        : The instance is 'core/interface8_bank_bus_dat_r_reg[26]'.
Info    : Replacing a flip-flop with a logic constant 0. [GLO-12]
        : The instance is 'core/interface8_bank_bus_dat_r_reg[27]'.
Info    : Replacing a flip-flop with a logic constant 0. [GLO-12]
        : The instance is 'core/interface8_bank_bus_dat_r_reg[28]'.
Info    : Replacing a flip-flop with a logic constant 0. [GLO-12]
        : The instance is 'core/interface8_bank_bus_dat_r_reg[29]'.
Info    : Replacing a flip-flop with a logic constant 0. [GLO-12]
        : The instance is 'core/interface8_bank_bus_dat_r_reg[30]'.
Info    : Replacing a flip-flop with a logic constant 0. [GLO-12]
        : The instance is 'core/interface8_bank_bus_dat_r_reg[31]'.
Info    : Replacing a flip-flop with a logic constant 0. [GLO-12]
        : The instance is 'core/interface9_bank_bus_dat_r_reg[17]'.
Info    : Replacing a flip-flop with a logic constant 0. [GLO-12]
        : The instance is 'core/interface9_bank_bus_dat_r_reg[18]'.
Info    : Replacing a flip-flop with a logic constant 0. [GLO-12]
        : The instance is 'core/interface9_bank_bus_dat_r_reg[19]'.
Info    : Replacing a flip-flop with a logic constant 0. [GLO-12]
        : The instance is 'core/interface9_bank_bus_dat_r_reg[20]'.
Info    : Replacing a flip-flop with a logic constant 0. [GLO-12]
        : The instance is 'core/interface9_bank_bus_dat_r_reg[21]'.
Info    : Replacing a flip-flop with a logic constant 0. [GLO-12]
        : The instance is 'core/interface9_bank_bus_dat_r_reg[22]'.
Info    : Replacing a flip-flop with a logic constant 0. [GLO-12]
        : The instance is 'core/interface9_bank_bus_dat_r_reg[23]'.
Info    : Replacing a flip-flop with a logic constant 0. [GLO-12]
        : The instance is 'core/interface9_bank_bus_dat_r_reg[24]'.
Info    : Replacing a flip-flop with a logic constant 0. [GLO-12]
        : The instance is 'core/interface9_bank_bus_dat_r_reg[25]'.
Info    : Replacing a flip-flop with a logic constant 0. [GLO-12]
        : The instance is 'core/interface9_bank_bus_dat_r_reg[26]'.
Info    : Replacing a flip-flop with a logic constant 0. [GLO-12]
        : The instance is 'core/interface9_bank_bus_dat_r_reg[27]'.
Info    : Replacing a flip-flop with a logic constant 0. [GLO-12]
        : The instance is 'core/interface9_bank_bus_dat_r_reg[28]'.
Info    : Replacing a flip-flop with a logic constant 0. [GLO-12]
        : The instance is 'core/interface9_bank_bus_dat_r_reg[29]'.
Info    : Replacing a flip-flop with a logic constant 0. [GLO-12]
        : The instance is 'core/interface9_bank_bus_dat_r_reg[30]'.
Info    : Replacing a flip-flop with a logic constant 0. [GLO-12]
        : The instance is 'core/interface9_bank_bus_dat_r_reg[31]'.
Info    : Replacing a flip-flop with a logic constant 0. [GLO-12]
        : The instance is 'core/mgmtsoc_litespimmap_data_write_reg[24]'.
Info    : Replacing a flip-flop with a logic constant 0. [GLO-12]
        : The instance is 'core/mgmtsoc_litespimmap_data_write_reg[25]'.
Info    : Replacing a flip-flop with a logic constant 0. [GLO-12]
        : The instance is 'core/mgmtsoc_litespimmap_data_write_reg[26]'.
Info    : Replacing a flip-flop with a logic constant 0. [GLO-12]
        : The instance is 'core/mgmtsoc_litespimmap_data_write_reg[27]'.
Info    : Replacing a flip-flop with a logic constant 0. [GLO-12]
        : The instance is 'core/mgmtsoc_litespimmap_data_write_reg[28]'.
Info    : Replacing a flip-flop with a logic constant 0. [GLO-12]
        : The instance is 'core/mgmtsoc_litespimmap_data_write_reg[29]'.
Info    : Replacing a flip-flop with a logic constant 0. [GLO-12]
        : The instance is 'core/mgmtsoc_litespimmap_data_write_reg[30]'.
Info    : Replacing a flip-flop with a logic constant 0. [GLO-12]
        : The instance is 'core/mgmtsoc_litespimmap_data_write_reg[31]'.
Info    : Replacing the synchronous part of an always feeding back flip-flop with a logic constant. [GLO-45]
        : The instance is 'core/picorv32/instr_timer_reg'. The constant is '0'.
Info    : Replacing the synchronous part of an always feeding back flip-flop with a logic constant. [GLO-45]
        : The instance is 'core/picorv32/instr_rdinstrh_reg'. The constant is '0'.
Info    : Replacing the synchronous part of an always feeding back flip-flop with a logic constant. [GLO-45]
        : The instance is 'core/picorv32/instr_rdinstr_reg'. The constant is '0'.
Info    : Replacing the synchronous part of an always feeding back flip-flop with a logic constant. [GLO-45]
        : The instance is 'core/picorv32/instr_rdcycleh_reg'. The constant is '0'.
Info    : Replacing the synchronous part of an always feeding back flip-flop with a logic constant. [GLO-45]
        : The instance is 'core/picorv32/instr_rdcycle_reg'. The constant is '0'.
Info    : Replacing the synchronous part of an always feeding back flip-flop with a logic constant. [GLO-45]
        : The instance is 'core/picorv32/pcpi_timeout_reg'. The constant is '0'.
Info    : Replacing the synchronous part of an always feeding back flip-flop with a logic constant. [GLO-45]
        : The instance is 'core/picorv32/compressed_instr_reg'. The constant is '0'.
Info    : Replacing the synchronous part of an always feeding back flip-flop with a logic constant. [GLO-45]
        : The instance is 'core/picorv32/decoded_imm_j_reg[0]'. The constant is '0'.
Info    : Replacing the synchronous part of an always feeding back flip-flop with a logic constant. [GLO-45]
        : The instance is 'core/picorv32/decoded_rs2_reg[5]'. The constant is '0'.
Info    : Replacing the synchronous part of an always feeding back flip-flop with a logic constant. [GLO-45]
        : The instance is 'core/picorv32/decoded_rd_reg[5]'. The constant is '0'.
Info    : Replacing the synchronous part of an always feeding back flip-flop with a logic constant. [GLO-45]
        : The instance is 'core/picorv32/cpuregs_reg[0][31]'. The constant is '0'.
Info    : Replacing the synchronous part of an always feeding back flip-flop with a logic constant. [GLO-45]
        : The instance is 'core/picorv32/cpuregs_reg[0][30]'. The constant is '0'.
Warning : Maximum message print count reached. [MESG-11]
        : Maximum print count of '20' reached for message 'GLO-45'.
Info    : Replacing a flip-flop with a logic constant 0. [GLO-12]
        : The instance is 'core/picorv32/instr_rdcycle_reg'.
Info    : Replacing a flip-flop with a logic constant 0. [GLO-12]
        : The instance is 'core/picorv32/instr_rdcycleh_reg'.
Info    : Replacing a flip-flop with a logic constant 0. [GLO-12]
        : The instance is 'core/picorv32/instr_rdinstr_reg'.
Info    : Replacing a flip-flop with a logic constant 0. [GLO-12]
        : The instance is 'core/picorv32/instr_rdinstrh_reg'.
Info    : Replacing a flip-flop with a logic constant 0. [GLO-12]
        : The instance is 'core/picorv32/instr_timer_reg'.
Info    : Replacing a flip-flop with a logic constant 0. [GLO-12]
        : The instance is 'core/picorv32/decoded_rd_reg[5]'.
Info    : Replacing a flip-flop with a logic constant 0. [GLO-12]
        : The instance is 'core/picorv32/decoded_rs2_reg[5]'.
Info    : Replacing a flip-flop with a logic constant 0. [GLO-12]
        : The instance is 'core/picorv32/decoded_imm_j_reg[0]'.
Info    : Replacing a flip-flop with a logic constant 0. [GLO-12]
        : The instance is 'core/picorv32/compressed_instr_reg'.
Info    : Replacing a flip-flop with a logic constant 0. [GLO-12]
        : The instance is 'core/picorv32/cpuregs_reg[0][0]'.
Info    : Replacing a flip-flop with a logic constant 0. [GLO-12]
        : The instance is 'core/picorv32/cpuregs_reg[0][1]'.
Info    : Replacing a flip-flop with a logic constant 0. [GLO-12]
        : The instance is 'core/picorv32/cpuregs_reg[0][2]'.
Info    : Replacing a flip-flop with a logic constant 0. [GLO-12]
        : The instance is 'core/picorv32/cpuregs_reg[0][3]'.
Info    : Replacing a flip-flop with a logic constant 0. [GLO-12]
        : The instance is 'core/picorv32/cpuregs_reg[0][4]'.
Info    : Replacing a flip-flop with a logic constant 0. [GLO-12]
        : The instance is 'core/picorv32/cpuregs_reg[0][5]'.
Info    : Replacing a flip-flop with a logic constant 0. [GLO-12]
        : The instance is 'core/picorv32/cpuregs_reg[0][6]'.
Info    : Replacing a flip-flop with a logic constant 0. [GLO-12]
        : The instance is 'core/picorv32/cpuregs_reg[0][7]'.
Info    : Replacing a flip-flop with a logic constant 0. [GLO-12]
        : The instance is 'core/picorv32/cpuregs_reg[0][8]'.
Info    : Replacing a flip-flop with a logic constant 0. [GLO-12]
        : The instance is 'core/picorv32/cpuregs_reg[0][9]'.
Info    : Replacing a flip-flop with a logic constant 0. [GLO-12]
        : The instance is 'core/picorv32/cpuregs_reg[0][10]'.
Info    : Replacing a flip-flop with a logic constant 0. [GLO-12]
        : The instance is 'core/picorv32/cpuregs_reg[0][11]'.
Info    : Replacing a flip-flop with a logic constant 0. [GLO-12]
        : The instance is 'core/picorv32/cpuregs_reg[0][12]'.
Info    : Replacing a flip-flop with a logic constant 0. [GLO-12]
        : The instance is 'core/picorv32/cpuregs_reg[0][13]'.
Info    : Replacing a flip-flop with a logic constant 0. [GLO-12]
        : The instance is 'core/picorv32/cpuregs_reg[0][14]'.
Info    : Replacing a flip-flop with a logic constant 0. [GLO-12]
        : The instance is 'core/picorv32/cpuregs_reg[0][15]'.
Info    : Replacing a flip-flop with a logic constant 0. [GLO-12]
        : The instance is 'core/picorv32/cpuregs_reg[0][16]'.
Info    : Replacing a flip-flop with a logic constant 0. [GLO-12]
        : The instance is 'core/picorv32/cpuregs_reg[0][17]'.
Info    : Replacing a flip-flop with a logic constant 0. [GLO-12]
        : The instance is 'core/picorv32/cpuregs_reg[0][18]'.
Info    : Replacing a flip-flop with a logic constant 0. [GLO-12]
        : The instance is 'core/picorv32/cpuregs_reg[0][19]'.
Info    : Replacing a flip-flop with a logic constant 0. [GLO-12]
        : The instance is 'core/picorv32/cpuregs_reg[0][20]'.
Info    : Replacing a flip-flop with a logic constant 0. [GLO-12]
        : The instance is 'core/picorv32/cpuregs_reg[0][21]'.
Info    : Replacing a flip-flop with a logic constant 0. [GLO-12]
        : The instance is 'core/picorv32/cpuregs_reg[0][22]'.
Info    : Replacing a flip-flop with a logic constant 0. [GLO-12]
        : The instance is 'core/picorv32/cpuregs_reg[0][23]'.
Info    : Replacing a flip-flop with a logic constant 0. [GLO-12]
        : The instance is 'core/picorv32/cpuregs_reg[0][24]'.
Info    : Replacing a flip-flop with a logic constant 0. [GLO-12]
        : The instance is 'core/picorv32/cpuregs_reg[0][25]'.
Info    : Replacing a flip-flop with a logic constant 0. [GLO-12]
        : The instance is 'core/picorv32/cpuregs_reg[0][26]'.
Info    : Replacing a flip-flop with a logic constant 0. [GLO-12]
        : The instance is 'core/picorv32/cpuregs_reg[0][27]'.
Info    : Replacing a flip-flop with a logic constant 0. [GLO-12]
        : The instance is 'core/picorv32/cpuregs_reg[0][28]'.
Info    : Replacing a flip-flop with a logic constant 0. [GLO-12]
        : The instance is 'core/picorv32/cpuregs_reg[0][29]'.
Info    : Replacing a flip-flop with a logic constant 0. [GLO-12]
        : The instance is 'core/picorv32/cpuregs_reg[0][30]'.
Info    : Replacing a flip-flop with a logic constant 0. [GLO-12]
        : The instance is 'core/picorv32/cpuregs_reg[0][31]'.
Info    : Replacing a dont care flip-flop with a logic constant 0. [GLO-24]
        : The instance is 'core/picorv32/count_cycle_reg[0]'.
        : The value used to replace the flop can be set by the root attribute 'optimize_seq_x_to'.
Info    : Replacing a dont care flip-flop with a logic constant 0. [GLO-24]
        : The instance is 'core/picorv32/count_cycle_reg[1]'.
Info    : Replacing a dont care flip-flop with a logic constant 0. [GLO-24]
        : The instance is 'core/picorv32/count_cycle_reg[2]'.
Info    : Replacing a dont care flip-flop with a logic constant 0. [GLO-24]
        : The instance is 'core/picorv32/count_cycle_reg[3]'.
Info    : Replacing a dont care flip-flop with a logic constant 0. [GLO-24]
        : The instance is 'core/picorv32/count_cycle_reg[4]'.
Info    : Replacing a dont care flip-flop with a logic constant 0. [GLO-24]
        : The instance is 'core/picorv32/count_cycle_reg[5]'.
Info    : Replacing a dont care flip-flop with a logic constant 0. [GLO-24]
        : The instance is 'core/picorv32/count_cycle_reg[6]'.
Info    : Replacing a dont care flip-flop with a logic constant 0. [GLO-24]
        : The instance is 'core/picorv32/count_cycle_reg[7]'.
Info    : Replacing a dont care flip-flop with a logic constant 0. [GLO-24]
        : The instance is 'core/picorv32/count_cycle_reg[8]'.
Info    : Replacing a dont care flip-flop with a logic constant 0. [GLO-24]
        : The instance is 'core/picorv32/count_cycle_reg[9]'.
Info    : Replacing a dont care flip-flop with a logic constant 0. [GLO-24]
        : The instance is 'core/picorv32/count_cycle_reg[10]'.
Info    : Replacing a dont care flip-flop with a logic constant 0. [GLO-24]
        : The instance is 'core/picorv32/count_cycle_reg[11]'.
Info    : Replacing a dont care flip-flop with a logic constant 0. [GLO-24]
        : The instance is 'core/picorv32/count_cycle_reg[12]'.
Info    : Replacing a dont care flip-flop with a logic constant 0. [GLO-24]
        : The instance is 'core/picorv32/count_cycle_reg[13]'.
Info    : Replacing a dont care flip-flop with a logic constant 0. [GLO-24]
        : The instance is 'core/picorv32/count_cycle_reg[14]'.
Info    : Replacing a dont care flip-flop with a logic constant 0. [GLO-24]
        : The instance is 'core/picorv32/count_cycle_reg[15]'.
Info    : Replacing a dont care flip-flop with a logic constant 0. [GLO-24]
        : The instance is 'core/picorv32/count_cycle_reg[16]'.
Info    : Replacing a dont care flip-flop with a logic constant 0. [GLO-24]
        : The instance is 'core/picorv32/count_cycle_reg[17]'.
Info    : Replacing a dont care flip-flop with a logic constant 0. [GLO-24]
        : The instance is 'core/picorv32/count_cycle_reg[18]'.
Info    : Replacing a dont care flip-flop with a logic constant 0. [GLO-24]
        : The instance is 'core/picorv32/count_cycle_reg[19]'.
Warning : Maximum message print count reached. [MESG-11]
        : Maximum print count of '20' reached for message 'GLO-24'.
Info    : Replacing a flip-flop with a logic constant 0. [GLO-12]
        : The instance is 'core/picorv32/reg_pc_reg[0]'.
Info    : Replacing a flip-flop with a logic constant 0. [GLO-12]
        : The instance is 'core/picorv32/reg_pc_reg[1]'.
Info    : Replacing a flip-flop with a logic constant 0. [GLO-12]
        : The instance is 'core/picorv32/reg_next_pc_reg[0]'.
Info    : Replacing a flip-flop with a logic constant 0. [GLO-12]
        : The instance is 'core/picorv32/reg_next_pc_reg[1]'.
Info    : Replacing a flip-flop with a logic constant 0. [GLO-12]
        : The instance is 'core/picorv32/cpu_state_reg[4]'.
Info    : Replacing a flip-flop with a logic constant 0. [GLO-12]
        : The instance is 'core/picorv32/pcpi_timeout_reg'.
Stats for CDN_DP_region_1_47: 1 insts (1 dp), 4 ins, 0 outs, 8 nets
Stats for CDN_DP_region_1_46: 1 insts (1 dp), 4 ins, 0 outs, 8 nets
Info    : Replacing a flip-flop with a logic constant 0. [GLO-12]
        : The instance is 'core/mgmtsoc_litespimmap_data_write_reg[16]'.
Info    : Replacing a flip-flop with a logic constant 0. [GLO-12]
        : The instance is 'core/mgmtsoc_litespimmap_data_write_reg[17]'.
Info    : Replacing a flip-flop with a logic constant 0. [GLO-12]
        : The instance is 'core/mgmtsoc_litespimmap_data_write_reg[18]'.
Info    : Replacing a flip-flop with a logic constant 0. [GLO-12]
        : The instance is 'core/mgmtsoc_litespimmap_data_write_reg[19]'.
Info    : Replacing a flip-flop with a logic constant 0. [GLO-12]
        : The instance is 'core/mgmtsoc_litespimmap_data_write_reg[20]'.
Info    : Replacing a flip-flop with a logic constant 0. [GLO-12]
        : The instance is 'core/mgmtsoc_litespimmap_data_write_reg[21]'.
Info    : Replacing a flip-flop with a logic constant 0. [GLO-12]
        : The instance is 'core/mgmtsoc_litespimmap_data_write_reg[22]'.
Info    : Replacing a flip-flop with a logic constant 0. [GLO-12]
        : The instance is 'core/mgmtsoc_litespimmap_data_write_reg[23]'.
Info    : Replacing a flip-flop with a logic constant 0. [GLO-12]
        : The instance is 'core/mgmtsoc_litespimmap_write_mask_reg[3]'.
Info    : Replacing a flip-flop with a logic constant 0. [GLO-12]
        : The instance is 'core/uart_phy_rx_phase_reg[0]'.
Info    : Replacing a flip-flop with a logic constant 0. [GLO-12]
        : The instance is 'core/uart_phy_rx_phase_reg[1]'.
Info    : Replacing a flip-flop with a logic constant 0. [GLO-12]
        : The instance is 'core/uart_phy_tx_phase_reg[0]'.
Info    : Replacing a flip-flop with a logic constant 0. [GLO-12]
        : The instance is 'core/uart_phy_tx_phase_reg[1]'.
Info    : Replacing a flip-flop with a logic constant 0. [GLO-12]
        : The instance is 'core/picorv32/irq_pending_reg[0]'.
Info    : Replacing a flip-flop with a logic constant 0. [GLO-12]
        : The instance is 'core/picorv32/irq_pending_reg[2]'.
Info    : Replacing a flip-flop with a logic constant 0. [GLO-12]
        : The instance is 'core/picorv32/irq_pending_reg[11]'.
Info    : Replacing a flip-flop with a logic constant 0. [GLO-12]
        : The instance is 'core/picorv32/irq_pending_reg[12]'.
Info    : Replacing a flip-flop with a logic constant 0. [GLO-12]
        : The instance is 'core/picorv32/irq_pending_reg[13]'.
Info    : Replacing a flip-flop with a logic constant 0. [GLO-12]
        : The instance is 'core/picorv32/irq_pending_reg[14]'.
Info    : Replacing a flip-flop with a logic constant 0. [GLO-12]
        : The instance is 'core/picorv32/irq_pending_reg[15]'.
Info    : Replacing a flip-flop with a logic constant 0. [GLO-12]
        : The instance is 'core/picorv32/irq_pending_reg[16]'.
Info    : Replacing a flip-flop with a logic constant 0. [GLO-12]
        : The instance is 'core/picorv32/irq_pending_reg[17]'.
Info    : Replacing a flip-flop with a logic constant 0. [GLO-12]
        : The instance is 'core/picorv32/irq_pending_reg[18]'.
Info    : Replacing a flip-flop with a logic constant 0. [GLO-12]
        : The instance is 'core/picorv32/irq_pending_reg[19]'.
Info    : Replacing a flip-flop with a logic constant 0. [GLO-12]
        : The instance is 'core/picorv32/irq_pending_reg[20]'.
Info    : Replacing a flip-flop with a logic constant 0. [GLO-12]
        : The instance is 'core/picorv32/irq_pending_reg[21]'.
Info    : Replacing a flip-flop with a logic constant 0. [GLO-12]
        : The instance is 'core/picorv32/irq_pending_reg[22]'.
Info    : Replacing a flip-flop with a logic constant 0. [GLO-12]
        : The instance is 'core/picorv32/irq_pending_reg[23]'.
Info    : Replacing a flip-flop with a logic constant 0. [GLO-12]
        : The instance is 'core/picorv32/irq_pending_reg[24]'.
Info    : Replacing a flip-flop with a logic constant 0. [GLO-12]
        : The instance is 'core/picorv32/irq_pending_reg[25]'.
Info    : Replacing a flip-flop with a logic constant 0. [GLO-12]
        : The instance is 'core/picorv32/irq_pending_reg[26]'.
Info    : Replacing a flip-flop with a logic constant 0. [GLO-12]
        : The instance is 'core/picorv32/irq_pending_reg[27]'.
Info    : Replacing a flip-flop with a logic constant 0. [GLO-12]
        : The instance is 'core/picorv32/irq_pending_reg[28]'.
Info    : Replacing a flip-flop with a logic constant 0. [GLO-12]
        : The instance is 'core/picorv32/irq_pending_reg[29]'.
Info    : Replacing a flip-flop with a logic constant 0. [GLO-12]
        : The instance is 'core/picorv32/irq_pending_reg[30]'.
Info    : Replacing a flip-flop with a logic constant 0. [GLO-12]
        : The instance is 'core/picorv32/irq_pending_reg[31]'.
Info    : Replacing a flip-flop with a logic constant 0. [GLO-12]
        : The instance is 'core/picorv32/latched_compr_reg'.
Info    : Replacing a flip-flop with a logic constant 0. [GLO-12]
        : The instance is 'core/mgmtsoc_litespimmap_data_write_reg[8]'.
Info    : Replacing a flip-flop with a logic constant 0. [GLO-12]
        : The instance is 'core/mgmtsoc_litespimmap_data_write_reg[9]'.
Info    : Replacing a flip-flop with a logic constant 0. [GLO-12]
        : The instance is 'core/mgmtsoc_litespimmap_data_write_reg[10]'.
Info    : Replacing a flip-flop with a logic constant 0. [GLO-12]
        : The instance is 'core/mgmtsoc_litespimmap_data_write_reg[11]'.
Info    : Replacing a flip-flop with a logic constant 0. [GLO-12]
        : The instance is 'core/mgmtsoc_litespimmap_data_write_reg[12]'.
Info    : Replacing a flip-flop with a logic constant 0. [GLO-12]
        : The instance is 'core/mgmtsoc_litespimmap_data_write_reg[13]'.
Info    : Replacing a flip-flop with a logic constant 0. [GLO-12]
        : The instance is 'core/mgmtsoc_litespimmap_data_write_reg[14]'.
Info    : Replacing a flip-flop with a logic constant 0. [GLO-12]
        : The instance is 'core/mgmtsoc_litespimmap_data_write_reg[15]'.
Info    : Replacing a flip-flop with a logic constant 0. [GLO-12]
        : The instance is 'core/mgmtsoc_litespimmap_write_mask_reg[2]'.
Info    : Replacing a flip-flop with a logic constant 0. [GLO-12]
        : The instance is 'core/uart_phy_rx_phase_reg[2]'.
Info    : Replacing a flip-flop with a logic constant 0. [GLO-12]
        : The instance is 'core/uart_phy_rx_phase_reg[3]'.
Info    : Replacing a flip-flop with a logic constant 0. [GLO-12]
        : The instance is 'core/uart_phy_rx_phase_reg[4]'.
Info    : Replacing a flip-flop with a logic constant 0. [GLO-12]
        : The instance is 'core/uart_phy_tx_phase_reg[2]'.
Info    : Replacing a flip-flop with a logic constant 0. [GLO-12]
        : The instance is 'core/uart_phy_tx_phase_reg[3]'.
Info    : Replacing a flip-flop with a logic constant 0. [GLO-12]
        : The instance is 'core/uart_phy_tx_phase_reg[4]'.
Info    : Replacing a flip-flop with a logic constant 0. [GLO-12]
        : The instance is 'core/mgmtsoc_litespimmap_data_write_reg[0]'.
Info    : Replacing a flip-flop with a logic constant 0. [GLO-12]
        : The instance is 'core/mgmtsoc_litespimmap_data_write_reg[1]'.
Info    : Replacing a flip-flop with a logic constant 0. [GLO-12]
        : The instance is 'core/mgmtsoc_litespimmap_data_write_reg[2]'.
Info    : Replacing a flip-flop with a logic constant 0. [GLO-12]
        : The instance is 'core/mgmtsoc_litespimmap_data_write_reg[3]'.
Info    : Replacing a flip-flop with a logic constant 0. [GLO-12]
        : The instance is 'core/mgmtsoc_litespimmap_data_write_reg[4]'.
Info    : Replacing a flip-flop with a logic constant 0. [GLO-12]
        : The instance is 'core/mgmtsoc_litespimmap_data_write_reg[5]'.
Info    : Replacing a flip-flop with a logic constant 0. [GLO-12]
        : The instance is 'core/mgmtsoc_litespimmap_data_write_reg[6]'.
Info    : Replacing a flip-flop with a logic constant 0. [GLO-12]
        : The instance is 'core/mgmtsoc_litespimmap_data_write_reg[7]'.
Info    : Replacing a flip-flop with a logic constant 0. [GLO-12]
        : The instance is 'core/mgmtsoc_litespimmap_write_mask_reg[1]'.
Info    : Replacing a flip-flop with a logic constant 0. [GLO-12]
        : The instance is 'core/mgmtsoc_litespimmap_write_mask_reg[0]'.
...done running DP early constant propagation (netlist mgmt_core_wrapper).
Warning : Message truncated because it exceeds the maximum length of 4096 characters. [MESG-6]
        : Info portion of message 'GLO-32' truncated to length 4096 from 27265
Info    : Deleting sequential instances not driving any primary outputs. [GLO-32]
        : Deleting 646 sequential instances. 
Following instances are deleted as they do not drive any primary output:
'core/interface1_bank_bus_dat_r_reg[1]', 
'core/interface1_bank_bus_dat_r_reg[2]', 
'core/interface1_bank_bus_dat_r_reg[3]', 
'core/interface1_bank_bus_dat_r_reg[4]', 
'core/interface1_bank_bus_dat_r_reg[5]', 
'core/interface1_bank_bus_dat_r_reg[6]', 
'core/interface1_bank_bus_dat_r_reg[7]', 
'core/interface1_bank_bus_dat_r_reg[8]', 
'core/interface1_bank_bus_dat_r_reg[9]', 
'core/interface1_bank_bus_dat_r_reg[10]', 
'core/interface1_bank_bus_dat_r_reg[11]', 
'core/interface1_bank_bus_dat_r_reg[12]', 
'core/interface1_bank_bus_dat_r_reg[13]', 
'core/interface1_bank_bus_dat_r_reg[14]', 
'core/interface1_bank_bus_dat_r_reg[15]', 
'core/interface1_bank_bus_dat_r_reg[16]', 
'core/interface1_bank_bus_dat_r_reg[17]', 
'core/interface1_bank_bus_dat_r_reg[18]', 
'core/interface1_bank_bus_dat_r_reg[19]', 
'core/interface1_bank_bus_dat_r_reg[20]', 
'core/interface1_bank_bus_dat_r_reg[21]', 
'core/interface1_bank_bus_dat_r_reg[22]', 
'core/interface1_bank_bus_dat_r_reg[23]', 
'core/interface1_bank_bus_dat_r_reg[24]', 
'core/interface1_bank_bus_dat_r_reg[25]', 
'core/interface1_bank_bus_dat_r_reg[26]', 
'core/interface1_bank_bus_dat_r_reg[27]', 
'core/interface1_bank_bus_dat_r_reg[28]', 
'core/interface1_bank_bus_dat_r_reg[29]', 
'core/interface1_bank_bus_dat_r_reg[30]', 
'core/interface1_bank_bus_dat_r_reg[31]', 
'core/interface2_bank_bus_dat_r_reg[1]', 
'core/interface2_bank_bus_dat_r_reg[2]', 
'core/interface2_bank_bus_dat_r_reg[3]', 
'core/interface2_bank_bus_dat_r_reg[4]', 
'core/interface2_bank_bus_dat_r_reg[5]', 
'core/interface2_bank_bus_dat_r_reg[6]', 
'core/interface2_bank_bus_dat_r_reg[7]', 
'core/interface2_bank_bus_dat_r_reg[8]', 
'core/interface2_bank_bus_dat_r_reg[9]', 
'core/interface2_bank_bus_dat_r_reg[10]', 
'core/interface2_bank_bus_dat_r_reg[11]', 
'core/interface2_bank_bus_dat_r_reg[12]', 
'core/interface2_bank_bus_dat_r_reg[13]', 
'core/interface2_bank_bus_dat_r_reg[14]', 
'core/interface2_bank_bus_dat_r_reg[15]', 
'core/interface2_bank_bus_dat_r_reg[16]', 
'core/interface2_bank_bus_dat_r_reg[17]', 
'core/interface2_bank_bus_dat_r_reg[18]', 
'core/interface2_bank_bus_dat_r_reg[19]', 
'core/interface2_bank_bus_dat_r_reg[20]', 
'core/interface2_bank_bus_dat_r_reg[21]', 
'core/interface2_bank_bus_dat_r_reg[22]', 
'core/interface2_bank_bus_dat_r_reg[23]', 
'core/interface2_bank_bus_dat_r_reg[24]', 
'core/interface2_bank_bus_dat_r_reg[25]', 
'core/interface2_bank_bus_dat_r_reg[26]', 
'core/interface2_bank_bus_dat_r_reg[27]', 
'core/interface2_bank_bus_dat_r_reg[28]', 
'core/interface2_bank_bus_dat_r_reg[29]', 
'core/interface2_bank_bus_dat_r_reg[30]', 
'core/interface2_bank_bus_dat_r_reg[31]', 
'core/interface4_bank_bus_dat_r_reg[8]', 
'core/interface4_bank_bus_dat_r_reg[9]', 
'core/interface4_bank_bus_dat_r_reg[10]', 
'core/interface4_bank_bus_dat_r_reg[11]', 
'core/interface4_bank_bus_dat_r_reg[12]', 
'core/interface4_bank_bus_dat_r_reg[13]', 
'core/interface4_bank_bus_dat_r_reg[14]', 
'core/interface4_bank_bus_dat_r_reg[15]', 
'core/interface4_bank_bus_dat_r_reg[16]', 
'core/interface4_bank_bus_dat_r_reg[17]', 
'core/interface4_bank_bus_dat_r_reg[18]', 
'core/interface4_bank_bus_dat_r_reg[19]', 
'core/interface4_bank_bus_dat_r_reg[20]', 
'core/interface4_bank_bus_dat_r_reg[21]', 
'core/interface4_bank_bus_dat_r_reg[22]', 
'core/interface4_bank_bus_dat_r_reg[23]', 
'core/interface4_bank_bus_dat_r_reg[24]', 
'core/interface4_bank_bus_dat_r_reg[25]', 
'core/interface4_bank_bus_dat_r_reg[26]', 
'core/interface4_bank_bus_dat_r_reg[27]', 
'core/interface4_bank_bus_dat_r_reg[28]', 
'core/interface4_bank_bus_dat_r_reg[29]', 
'core/interface4_bank_bus_dat_r_reg[30]', 
'core/interface4_bank_bus_dat_r_reg[31]', 
'core/interface5_bank_bus_dat_r_reg[1]', 
'core/interface5_bank_bus_dat_r_reg[2]', 
'core/interface5_bank_bus_dat_r_reg[3]', 
'core/interface5_bank_bus_dat_r_reg[4]', 
'core/interface5_bank_bus_dat_r_reg[5]', 
'core/interface5_bank_bus_dat_r_reg[6]', 
'core/interface5_bank_bus_dat_r_reg[7]', 
'core/interfac
Info    : Deleting instances not driving any primary outputs. [GLO-34]
        : Deleting 20 hierarchical instances. 
Following instances are deleted as they do not drive any primary output:
'core/ctl_grant_7714_11', 'core/ctl_litespi_grant_7823_11', 
'core/ctl_wishbone2csr_state_5883_11', 'core/mux_error_2233_9', 
'core/mux_grant_7714_11', 'core/mux_interface0_ack_5883_11', 
'core/mux_litespi_grant_7823_11', 
'core/mux_mgmtsoc_litespimmap_data_write_litespi_t_f_next_value1_3686_11', 
'core/mux_mgmtsoc_litespimmap_data_write_litespi_t_f_next_value1_3708_17', 
'core/mux_mgmtsoc_litespimmap_data_write_litespi_t_f_next_value1_3709_53', 
'core/mux_mgmtsoc_litespimmap_data_write_litespi_t_f_next_value_ce1_3794_11', 
'core/mux_mgmtsoc_litespimmap_write_mask_litespi_t_f_next_value0_3586_11', 
'core/mux_mgmtsoc_litespimmap_write_mask_litespi_t_f_next_value0_3588_17', 
'core/mux_mgmtsoc_litespimmap_write_mask_litespi_t_f_next_value0_3590_53', 
'core/mux_mgmtsoc_litespimmap_write_mask_litespi_t_f_next_value0_3615_17', 
'core/mux_mgmtsoc_litespimmap_write_mask_litespi_t_f_next_value0_3616_53', 
'core/mux_mgmtsoc_litespimmap_write_mask_litespi_t_f_next_value_ce0_3636_11', 
'core/picorv32/mux_latched_compr_1533_20', 'core/sub_4391_58', 
'core/sub_4421_58'.
Current PLE settings:

Aspect ratio        : 1.000
Shrink factor       : 1.000
Scale of res/length : 1.000
Scale of cap/length : 1.000
Net derating factor : 1.000
Thermal factor      : 0.919
Via Resistance      : 0.400 ohm (from qrc_tech_file)
Site size           : 1.910 um (from lef [tech+cell])

                                    Capacitance  
   Layer                             / Length         Data source:
 Name        Direction Utilization  (pF/micron)       qrc_tech_file
-------------------------------------------------
metal1_conn      H         0.00        0.000305  
metal2_conn      V         1.00        0.000260  
metal3_conn      H         1.00        0.000257  
metal4_conn      V         1.00        0.000260  
metal5_conn      H         1.00        0.000261  
metal6_conn      V         1.00        0.000260  
metal7_conn      H         1.00        0.000259  
metal8_conn      V         1.00        0.000257  
metal9_conn      H         1.00        0.001314  
metal10_conn     V         1.00        0.000555  
metal11_conn     H         1.00        0.000635  

                                     Resistance   
   Layer                              / Length         Data source:
 Name        Direction Utilization  (ohm/micron)       qrc_tech_file
--------------------------------------------------
metal1_conn      H         0.00         0.909621  
metal2_conn      V         1.00         0.590722  
metal3_conn      H         1.00         0.590722  
metal4_conn      V         1.00         0.590722  
metal5_conn      H         1.00         0.590722  
metal6_conn      V         1.00         0.590722  
metal7_conn      H         1.00         0.590722  
metal8_conn      V         1.00         0.195195  
metal9_conn      H         1.00         0.195195  
metal10_conn     V         1.00         0.070980  
metal11_conn     H         1.00         0.068930  

                                         Area     
   Layer                               / Length        Data source:
 Name        Direction Utilization     (micron)        lef_library
--------------------------------------------------
Metal1           H         0.00         0.060000  
Metal2           V         1.00         0.080000  
Metal3           H         1.00         0.080000  
Metal4           V         1.00         0.080000  
Metal5           H         1.00         0.080000  
Metal6           V         1.00         0.080000  
Metal7           H         1.00         0.080000  
Metal8           V         1.00         0.080000  
Metal9           H         1.00         0.080000  
Metal10          V         1.00         0.220000  
Metal11          H         1.00         0.220000  

Info    : Synthesizing. [SYNTH-1]
        : Synthesizing 'mgmt_core_wrapper' to generic gates using 'medium' effort.
Running Synthesis Turbo Flow Version 2.
PBS_Generic-Start - Elapsed_Time 0, CPU_Time 0.0
stamp 'PBS_Generic-Start' being created for table 'pbs_debug'

  Total Time (Wall) |  Stage Time (Wall)  |   % (Wall)   |    Date - Time     |  Memory   | Stage
--------------------+---------------------+--------------+--------------------+-----------+----------------------
 00:00:18(00:06:39) |  00:00:00(00:00:00) |   0.0(  0.0) |   18:53:38 (Apr13) |  693.3 MB | PBS_Generic-Start
--------------------+---------------------+--------------+--------------------+-----------+----------------------
Number of threads: 2 * 1   (id: pbs_debug, time_info v1.57)
Info: (*N*) indicates data that was populated from previously saved time_info database
Info: CPU time includes time of parent + longest thread
        Computing net loads.
Info    : Partition Based Synthesis execution skipped. [PHYS-752]
        : Design size is less than the partition size '100000' for distributed generic optimization to kick in.
Starting mux data reorder optimization [v1.0] (stage: pre_to_gen_setup, startdef: mgmt_core_wrapper, recur: true)
Completed mux data reorder optimization (accepts: 0, rejects: 0, runtime: 0.008s)

Stage: pre_to_gen_setup
------------------------------------------------------
| Transform       | Accepts | Rejects | Runtime (ms) | 
------------------------------------------------------
| hlo_mux_reorder |       0 |       0 |         8.00 | 
------------------------------------------------------
Starting mux data reorder optimization [v1.0] (stage: post_to_gen_setup, startdef: mgmt_core_wrapper, recur: true)
Completed mux data reorder optimization (accepts: 0, rejects: 0, runtime: 0.001s)

Stage: post_to_gen_setup
------------------------------------------------------
| Transform       | Accepts | Rejects | Runtime (ms) | 
------------------------------------------------------
| hlo_mux_reorder |       0 |       0 |         1.00 | 
------------------------------------------------------
Current PLE settings:

Aspect ratio        : 1.000
Shrink factor       : 1.000
Scale of res/length : 1.000
Scale of cap/length : 1.000
Net derating factor : 1.000
Thermal factor      : 0.919
Via Resistance      : 0.400 ohm (from qrc_tech_file)
Site size           : 1.910 um (from lef [tech+cell])

                                    Capacitance  
   Layer                             / Length         Data source:
 Name        Direction Utilization  (pF/micron)       qrc_tech_file
-------------------------------------------------
metal1_conn      H         0.00        0.000305  
metal2_conn      V         1.00        0.000260  
metal3_conn      H         1.00        0.000257  
metal4_conn      V         1.00        0.000260  
metal5_conn      H         1.00        0.000261  
metal6_conn      V         1.00        0.000260  
metal7_conn      H         1.00        0.000259  
metal8_conn      V         1.00        0.000257  
metal9_conn      H         1.00        0.001314  
metal10_conn     V         1.00        0.000555  
metal11_conn     H         1.00        0.000635  

                                     Resistance   
   Layer                              / Length         Data source:
 Name        Direction Utilization  (ohm/micron)       qrc_tech_file
--------------------------------------------------
metal1_conn      H         0.00         0.909621  
metal2_conn      V         1.00         0.590722  
metal3_conn      H         1.00         0.590722  
metal4_conn      V         1.00         0.590722  
metal5_conn      H         1.00         0.590722  
metal6_conn      V         1.00         0.590722  
metal7_conn      H         1.00         0.590722  
metal8_conn      V         1.00         0.195195  
metal9_conn      H         1.00         0.195195  
metal10_conn     V         1.00         0.070980  
metal11_conn     H         1.00         0.068930  

                                         Area     
   Layer                               / Length        Data source:
 Name        Direction Utilization     (micron)        lef_library
--------------------------------------------------
Metal1           H         0.00         0.060000  
Metal2           V         1.00         0.080000  
Metal3           H         1.00         0.080000  
Metal4           V         1.00         0.080000  
Metal5           H         1.00         0.080000  
Metal6           V         1.00         0.080000  
Metal7           H         1.00         0.080000  
Metal8           V         1.00         0.080000  
Metal9           H         1.00         0.080000  
Metal10          V         1.00         0.220000  
Metal11          H         1.00         0.220000  

Info    : Equivalent sequential instances have been merged. [GLO-42]
        : Instances 'decoded_imm_j_reg[1]' and 'decoded_rs2_reg[1]' in 'picorv32_ENABLE_COUNTERS0_ENABLE_COUNTERS640_ENABLE_REGS_16_311_ENABLE_REGS_DUALPORT1_LATCHED_MEM_RDATA0_TWO_STAGE_SHIFT0_TWO_CYCLE_COMPARE0_TWO_CYCLE_ALU0_CATCH_MISALIGN0_CATCH_ILLINSN1_ENABLE_PCPI0_ENABLE_MUL0_ENABLE_FAST_MUL0_ENABLE_DIV0_ENABLE_IRQ1_ENABLE_IRQ_QREGS1_ENABLE_IRQ_TIMER0_ENABLE_TRACE0_MASKED_IRQ0_LATCHED_IRQn1_PROGADDR_RESET268435456_PROGADDR_IRQ268435472_STACKADDRn1' have been merged.
        : To prevent merging of sequential instances, set the 'optimize_merge_flops' and 'optimize_merge_latches' root attributes to 'false' or the 'optimize_merge_seq' instance attribute to 'false'.
Info    : Equivalent sequential instances have been merged. [GLO-42]
        : Instances 'decoded_imm_j_reg[2]' and 'decoded_rs2_reg[2]' in 'picorv32_ENABLE_COUNTERS0_ENABLE_COUNTERS640_ENABLE_REGS_16_311_ENABLE_REGS_DUALPORT1_LATCHED_MEM_RDATA0_TWO_STAGE_SHIFT0_TWO_CYCLE_COMPARE0_TWO_CYCLE_ALU0_CATCH_MISALIGN0_CATCH_ILLINSN1_ENABLE_PCPI0_ENABLE_MUL0_ENABLE_FAST_MUL0_ENABLE_DIV0_ENABLE_IRQ1_ENABLE_IRQ_QREGS1_ENABLE_IRQ_TIMER0_ENABLE_TRACE0_MASKED_IRQ0_LATCHED_IRQn1_PROGADDR_RESET268435456_PROGADDR_IRQ268435472_STACKADDRn1' have been merged.
Info    : Equivalent sequential instances have been merged. [GLO-42]
        : Instances 'decoded_imm_j_reg[3]' and 'decoded_rs2_reg[3]' in 'picorv32_ENABLE_COUNTERS0_ENABLE_COUNTERS640_ENABLE_REGS_16_311_ENABLE_REGS_DUALPORT1_LATCHED_MEM_RDATA0_TWO_STAGE_SHIFT0_TWO_CYCLE_COMPARE0_TWO_CYCLE_ALU0_CATCH_MISALIGN0_CATCH_ILLINSN1_ENABLE_PCPI0_ENABLE_MUL0_ENABLE_FAST_MUL0_ENABLE_DIV0_ENABLE_IRQ1_ENABLE_IRQ_QREGS1_ENABLE_IRQ_TIMER0_ENABLE_TRACE0_MASKED_IRQ0_LATCHED_IRQn1_PROGADDR_RESET268435456_PROGADDR_IRQ268435472_STACKADDRn1' have been merged.
Info    : Equivalent sequential instances have been merged. [GLO-42]
        : Instances 'decoded_imm_j_reg[4]' and 'decoded_rs2_reg[4]' in 'picorv32_ENABLE_COUNTERS0_ENABLE_COUNTERS640_ENABLE_REGS_16_311_ENABLE_REGS_DUALPORT1_LATCHED_MEM_RDATA0_TWO_STAGE_SHIFT0_TWO_CYCLE_COMPARE0_TWO_CYCLE_ALU0_CATCH_MISALIGN0_CATCH_ILLINSN1_ENABLE_PCPI0_ENABLE_MUL0_ENABLE_FAST_MUL0_ENABLE_DIV0_ENABLE_IRQ1_ENABLE_IRQ_QREGS1_ENABLE_IRQ_TIMER0_ENABLE_TRACE0_MASKED_IRQ0_LATCHED_IRQn1_PROGADDR_RESET268435456_PROGADDR_IRQ268435472_STACKADDRn1' have been merged.
Info    : Equivalent sequential instances have been merged. [GLO-42]
        : Instances 'decoded_imm_j_reg[11]' and 'decoded_rs2_reg[0]' in 'picorv32_ENABLE_COUNTERS0_ENABLE_COUNTERS640_ENABLE_REGS_16_311_ENABLE_REGS_DUALPORT1_LATCHED_MEM_RDATA0_TWO_STAGE_SHIFT0_TWO_CYCLE_COMPARE0_TWO_CYCLE_ALU0_CATCH_MISALIGN0_CATCH_ILLINSN1_ENABLE_PCPI0_ENABLE_MUL0_ENABLE_FAST_MUL0_ENABLE_DIV0_ENABLE_IRQ1_ENABLE_IRQ_QREGS1_ENABLE_IRQ_TIMER0_ENABLE_TRACE0_MASKED_IRQ0_LATCHED_IRQn1_PROGADDR_RESET268435456_PROGADDR_IRQ268435472_STACKADDRn1' have been merged.
Info    : Equivalent sequential instances have been merged. [GLO-42]
        : Instances 'decoded_imm_j_reg[20]' and 'decoded_imm_j_reg[21]' in 'picorv32_ENABLE_COUNTERS0_ENABLE_COUNTERS640_ENABLE_REGS_16_311_ENABLE_REGS_DUALPORT1_LATCHED_MEM_RDATA0_TWO_STAGE_SHIFT0_TWO_CYCLE_COMPARE0_TWO_CYCLE_ALU0_CATCH_MISALIGN0_CATCH_ILLINSN1_ENABLE_PCPI0_ENABLE_MUL0_ENABLE_FAST_MUL0_ENABLE_DIV0_ENABLE_IRQ1_ENABLE_IRQ_QREGS1_ENABLE_IRQ_TIMER0_ENABLE_TRACE0_MASKED_IRQ0_LATCHED_IRQn1_PROGADDR_RESET268435456_PROGADDR_IRQ268435472_STACKADDRn1' have been merged.
Info    : Equivalent sequential instances have been merged. [GLO-42]
        : Instances 'decoded_imm_j_reg[20]' and 'decoded_imm_j_reg[22]' in 'picorv32_ENABLE_COUNTERS0_ENABLE_COUNTERS640_ENABLE_REGS_16_311_ENABLE_REGS_DUALPORT1_LATCHED_MEM_RDATA0_TWO_STAGE_SHIFT0_TWO_CYCLE_COMPARE0_TWO_CYCLE_ALU0_CATCH_MISALIGN0_CATCH_ILLINSN1_ENABLE_PCPI0_ENABLE_MUL0_ENABLE_FAST_MUL0_ENABLE_DIV0_ENABLE_IRQ1_ENABLE_IRQ_QREGS1_ENABLE_IRQ_TIMER0_ENABLE_TRACE0_MASKED_IRQ0_LATCHED_IRQn1_PROGADDR_RESET268435456_PROGADDR_IRQ268435472_STACKADDRn1' have been merged.
Info    : Equivalent sequential instances have been merged. [GLO-42]
        : Instances 'decoded_imm_j_reg[20]' and 'decoded_imm_j_reg[23]' in 'picorv32_ENABLE_COUNTERS0_ENABLE_COUNTERS640_ENABLE_REGS_16_311_ENABLE_REGS_DUALPORT1_LATCHED_MEM_RDATA0_TWO_STAGE_SHIFT0_TWO_CYCLE_COMPARE0_TWO_CYCLE_ALU0_CATCH_MISALIGN0_CATCH_ILLINSN1_ENABLE_PCPI0_ENABLE_MUL0_ENABLE_FAST_MUL0_ENABLE_DIV0_ENABLE_IRQ1_ENABLE_IRQ_QREGS1_ENABLE_IRQ_TIMER0_ENABLE_TRACE0_MASKED_IRQ0_LATCHED_IRQn1_PROGADDR_RESET268435456_PROGADDR_IRQ268435472_STACKADDRn1' have been merged.
Info    : Equivalent sequential instances have been merged. [GLO-42]
        : Instances 'decoded_imm_j_reg[20]' and 'decoded_imm_j_reg[24]' in 'picorv32_ENABLE_COUNTERS0_ENABLE_COUNTERS640_ENABLE_REGS_16_311_ENABLE_REGS_DUALPORT1_LATCHED_MEM_RDATA0_TWO_STAGE_SHIFT0_TWO_CYCLE_COMPARE0_TWO_CYCLE_ALU0_CATCH_MISALIGN0_CATCH_ILLINSN1_ENABLE_PCPI0_ENABLE_MUL0_ENABLE_FAST_MUL0_ENABLE_DIV0_ENABLE_IRQ1_ENABLE_IRQ_QREGS1_ENABLE_IRQ_TIMER0_ENABLE_TRACE0_MASKED_IRQ0_LATCHED_IRQn1_PROGADDR_RESET268435456_PROGADDR_IRQ268435472_STACKADDRn1' have been merged.
Info    : Equivalent sequential instances have been merged. [GLO-42]
        : Instances 'decoded_imm_j_reg[20]' and 'decoded_imm_j_reg[25]' in 'picorv32_ENABLE_COUNTERS0_ENABLE_COUNTERS640_ENABLE_REGS_16_311_ENABLE_REGS_DUALPORT1_LATCHED_MEM_RDATA0_TWO_STAGE_SHIFT0_TWO_CYCLE_COMPARE0_TWO_CYCLE_ALU0_CATCH_MISALIGN0_CATCH_ILLINSN1_ENABLE_PCPI0_ENABLE_MUL0_ENABLE_FAST_MUL0_ENABLE_DIV0_ENABLE_IRQ1_ENABLE_IRQ_QREGS1_ENABLE_IRQ_TIMER0_ENABLE_TRACE0_MASKED_IRQ0_LATCHED_IRQn1_PROGADDR_RESET268435456_PROGADDR_IRQ268435472_STACKADDRn1' have been merged.
Info    : Equivalent sequential instances have been merged. [GLO-42]
        : Instances 'decoded_imm_j_reg[20]' and 'decoded_imm_j_reg[26]' in 'picorv32_ENABLE_COUNTERS0_ENABLE_COUNTERS640_ENABLE_REGS_16_311_ENABLE_REGS_DUALPORT1_LATCHED_MEM_RDATA0_TWO_STAGE_SHIFT0_TWO_CYCLE_COMPARE0_TWO_CYCLE_ALU0_CATCH_MISALIGN0_CATCH_ILLINSN1_ENABLE_PCPI0_ENABLE_MUL0_ENABLE_FAST_MUL0_ENABLE_DIV0_ENABLE_IRQ1_ENABLE_IRQ_QREGS1_ENABLE_IRQ_TIMER0_ENABLE_TRACE0_MASKED_IRQ0_LATCHED_IRQn1_PROGADDR_RESET268435456_PROGADDR_IRQ268435472_STACKADDRn1' have been merged.
Info    : Equivalent sequential instances have been merged. [GLO-42]
        : Instances 'decoded_imm_j_reg[20]' and 'decoded_imm_j_reg[27]' in 'picorv32_ENABLE_COUNTERS0_ENABLE_COUNTERS640_ENABLE_REGS_16_311_ENABLE_REGS_DUALPORT1_LATCHED_MEM_RDATA0_TWO_STAGE_SHIFT0_TWO_CYCLE_COMPARE0_TWO_CYCLE_ALU0_CATCH_MISALIGN0_CATCH_ILLINSN1_ENABLE_PCPI0_ENABLE_MUL0_ENABLE_FAST_MUL0_ENABLE_DIV0_ENABLE_IRQ1_ENABLE_IRQ_QREGS1_ENABLE_IRQ_TIMER0_ENABLE_TRACE0_MASKED_IRQ0_LATCHED_IRQn1_PROGADDR_RESET268435456_PROGADDR_IRQ268435472_STACKADDRn1' have been merged.
Info    : Equivalent sequential instances have been merged. [GLO-42]
        : Instances 'decoded_imm_j_reg[20]' and 'decoded_imm_j_reg[28]' in 'picorv32_ENABLE_COUNTERS0_ENABLE_COUNTERS640_ENABLE_REGS_16_311_ENABLE_REGS_DUALPORT1_LATCHED_MEM_RDATA0_TWO_STAGE_SHIFT0_TWO_CYCLE_COMPARE0_TWO_CYCLE_ALU0_CATCH_MISALIGN0_CATCH_ILLINSN1_ENABLE_PCPI0_ENABLE_MUL0_ENABLE_FAST_MUL0_ENABLE_DIV0_ENABLE_IRQ1_ENABLE_IRQ_QREGS1_ENABLE_IRQ_TIMER0_ENABLE_TRACE0_MASKED_IRQ0_LATCHED_IRQn1_PROGADDR_RESET268435456_PROGADDR_IRQ268435472_STACKADDRn1' have been merged.
Info    : Equivalent sequential instances have been merged. [GLO-42]
        : Instances 'decoded_imm_j_reg[20]' and 'decoded_imm_j_reg[29]' in 'picorv32_ENABLE_COUNTERS0_ENABLE_COUNTERS640_ENABLE_REGS_16_311_ENABLE_REGS_DUALPORT1_LATCHED_MEM_RDATA0_TWO_STAGE_SHIFT0_TWO_CYCLE_COMPARE0_TWO_CYCLE_ALU0_CATCH_MISALIGN0_CATCH_ILLINSN1_ENABLE_PCPI0_ENABLE_MUL0_ENABLE_FAST_MUL0_ENABLE_DIV0_ENABLE_IRQ1_ENABLE_IRQ_QREGS1_ENABLE_IRQ_TIMER0_ENABLE_TRACE0_MASKED_IRQ0_LATCHED_IRQn1_PROGADDR_RESET268435456_PROGADDR_IRQ268435472_STACKADDRn1' have been merged.
Info    : Equivalent sequential instances have been merged. [GLO-42]
        : Instances 'decoded_imm_j_reg[20]' and 'decoded_imm_j_reg[30]' in 'picorv32_ENABLE_COUNTERS0_ENABLE_COUNTERS640_ENABLE_REGS_16_311_ENABLE_REGS_DUALPORT1_LATCHED_MEM_RDATA0_TWO_STAGE_SHIFT0_TWO_CYCLE_COMPARE0_TWO_CYCLE_ALU0_CATCH_MISALIGN0_CATCH_ILLINSN1_ENABLE_PCPI0_ENABLE_MUL0_ENABLE_FAST_MUL0_ENABLE_DIV0_ENABLE_IRQ1_ENABLE_IRQ_QREGS1_ENABLE_IRQ_TIMER0_ENABLE_TRACE0_MASKED_IRQ0_LATCHED_IRQn1_PROGADDR_RESET268435456_PROGADDR_IRQ268435472_STACKADDRn1' have been merged.
Info    : Equivalent sequential instances have been merged. [GLO-42]
        : Instances 'decoded_imm_j_reg[20]' and 'decoded_imm_j_reg[31]' in 'picorv32_ENABLE_COUNTERS0_ENABLE_COUNTERS640_ENABLE_REGS_16_311_ENABLE_REGS_DUALPORT1_LATCHED_MEM_RDATA0_TWO_STAGE_SHIFT0_TWO_CYCLE_COMPARE0_TWO_CYCLE_ALU0_CATCH_MISALIGN0_CATCH_ILLINSN1_ENABLE_PCPI0_ENABLE_MUL0_ENABLE_FAST_MUL0_ENABLE_DIV0_ENABLE_IRQ1_ENABLE_IRQ_QREGS1_ENABLE_IRQ_TIMER0_ENABLE_TRACE0_MASKED_IRQ0_LATCHED_IRQn1_PROGADDR_RESET268435456_PROGADDR_IRQ268435472_STACKADDRn1' have been merged.
Running Unified Mux Engine Tricks...
Completed Unified Mux Engine Tricks

Stage: pre_hlo_rtlopt
------------------------------------------------
| Trick     | Accepts | Rejects | Runtime (ms) | 
------------------------------------------------
| ume_ssm   |       0 |       0 |         0.00 | 
| ume_sweep |       0 |       0 |         1.00 | 
| ume_share |       0 |       0 |         1.00 | 
------------------------------------------------
Begin SDR optimization 
  Setting attribute of root '/': 'hier_sandbox_support_folded' = 1
#Special hiers formed inside RAM256 = 0
#Special hiers formed inside mgmt_core = 0
#Special hiers formed inside mgmt_core_wrapper = 0
#Special hiers formed inside picorv32_ENABLE_COUNTERS0_ENABLE_COUNTERS640_ENABLE_REGS_16_311_ENABLE_REGS_DUALPORT1_LATCHED_MEM_RDATA0_TWO_STAGE_SHIFT0_TWO_CYCLE_COMPARE0_TWO_CYCLE_ALU0_CATCH_MISALIGN0_CATCH_ILLINSN1_ENABLE_PCPI0_ENABLE_MUL0_ENABLE_FAST_MUL0_ENABLE_DIV0_ENABLE_IRQ1_ENABLE_IRQ_QREGS1_ENABLE_IRQ_TIMER0_ENABLE_TRACE0_MASKED_IRQ0_LATCHED_IRQn1_PROGADDR_RESET268435456_PROGADDR_IRQ268435472_STACKADDRn1 = 0
  Setting attribute of root '/': 'hier_sandbox_support_folded' = 0
No special hier is found 
End SDR optimization 
Starting recase case-box optimization [v1.0] (stage: pre_rtlopt, startdef: mgmt_core_wrapper, recur: true)
Completed recase case-box optimization (accepts: 0, rejects: 0, runtime: 0.040s)
Starting infer macro optimization [v1.0] (stage: pre_rtlopt, startdef: mgmt_core_wrapper, recur: true)
Info    : Deleting sequential instances not driving any primary outputs. [GLO-32]
        : Deleting 16 sequential instances. 
Following instances are deleted as they do not drive any primary output:
'core/picorv32/decoded_imm_j_reg[21]', 
'core/picorv32/decoded_imm_j_reg[22]', 
'core/picorv32/decoded_imm_j_reg[23]', 
'core/picorv32/decoded_imm_j_reg[24]', 
'core/picorv32/decoded_imm_j_reg[25]', 
'core/picorv32/decoded_imm_j_reg[26]', 
'core/picorv32/decoded_imm_j_reg[27]', 
'core/picorv32/decoded_imm_j_reg[28]', 
'core/picorv32/decoded_imm_j_reg[29]', 
'core/picorv32/decoded_imm_j_reg[30]', 
'core/picorv32/decoded_imm_j_reg[31]', 'core/picorv32/decoded_rs2_reg[0]', 
'core/picorv32/decoded_rs2_reg[1]', 'core/picorv32/decoded_rs2_reg[2]', 
'core/picorv32/decoded_rs2_reg[3]', 'core/picorv32/decoded_rs2_reg[4]'.
Completed infer macro optimization (accepts: 0, rejects: 212, runtime: 0.023s)
Starting decode mux sandwich optimization [v2.0] (stage: pre_rtlopt, startdef: mgmt_core_wrapper, recur: true)
Completed decode mux sandwich optimization (accepts: 0, rejects: 0, runtime: 0.000s)
Starting decode mux optimization [v1.0] (stage: pre_rtlopt, startdef: mgmt_core_wrapper, recur: true)
Completed decode mux optimization (accepts: 0, rejects: 0, runtime: 0.000s)
Starting chop wide muxes [v1.0] (stage: pre_rtlopt, startdef: mgmt_core_wrapper, recur: true)
Completed chop wide muxes (accepts: 0, rejects: 0, runtime: 0.001s)
Starting common data mux cascade opt [v1.0] (stage: pre_rtlopt, startdef: mgmt_core_wrapper, recur: true)
Completed common data mux cascade opt (accepts: 0, rejects: 0, runtime: 0.001s)
Starting mux input consolidation [v1.0] (stage: pre_rtlopt, startdef: mgmt_core_wrapper, recur: true)
Completed mux input consolidation (accepts: 0, rejects: 0, runtime: 0.003s)
Starting constant-data mux optimization [v1.0] (stage: pre_rtlopt, startdef: mgmt_core_wrapper, recur: true)
Completed constant-data mux optimization (accepts: 0, rejects: 0, runtime: 0.002s)
Starting chain-to-tree inequality transform [v2.0] (stage: pre_rtlopt, startdef: mgmt_core_wrapper, recur: true)
Completed chain-to-tree inequality transform (accepts: 0, rejects: 0, runtime: 0.023s)
Starting reconvergence optimization [v1.0] (stage: pre_rtlopt, startdef: mgmt_core_wrapper, recur: true)
Completed reconvergence optimization (accepts: 0, rejects: 0, runtime: 0.001s)
Starting logic restructure optimization [v1.0] (stage: pre_rtlopt, startdef: mgmt_core_wrapper, recur: true)
Completed logic restructure optimization (accepts: 0, rejects: 0, runtime: 0.008s)
Starting identity transform [v3.0] (stage: pre_rtlopt, startdef: mgmt_core_wrapper, recur: true)
Completed identity transform (accepts: 0, rejects: 1, runtime: 0.004s)
Starting reduce operator chain [v1.0] (stage: pre_rtlopt, startdef: mgmt_core_wrapper, recur: true)
Completed reduce operator chain (accepts: 0, rejects: 0, runtime: 0.001s)
Starting common data mux cascade opt [v1.0] (stage: pre_rtlopt, startdef: mgmt_core_wrapper, recur: true)
Completed common data mux cascade opt (accepts: 0, rejects: 0, runtime: 0.001s)
Starting mux input consolidation [v1.0] (stage: pre_rtlopt, startdef: mgmt_core_wrapper, recur: true)
Completed mux input consolidation (accepts: 0, rejects: 0, runtime: 0.003s)
Starting optimize datapath elements [v1.0] (stage: pre_rtlopt, startdef: mgmt_core_wrapper, recur: true)
          Accepted optimize datapath elements in module mgmt_core for instance(s): neq_7738_29
Completed optimize datapath elements (accepts: 1, rejects: 0, runtime: 0.001s)
Starting datapath recasting [v1.0] (stage: pre_rtlopt, startdef: mgmt_core_wrapper, recur: true)
Completed datapath recasting (accepts: 0, rejects: 0, runtime: 0.000s)
Starting word-level redundancy removal [v1.0] (stage: pre_rtlopt, startdef: mgmt_core_wrapper, recur: true)
          Accepted word-level redundancy removal in module mgmt_core for instance(s): mux_interface1_re_5843_33/ctl, depth: 10, (new driver: /constant[1], depth: 0)
          Accepted word-level redundancy removal in module mgmt_core for instance(s): mux_dbg_uart_rx_source_payload_data_4681_11/ctl, depth: 1, (new driver: /constant[1], depth: 0)
          Accepted word-level redundancy removal in module mgmt_core for instance(s): mux_dbg_uart_rx_source_payload_data_4683_17/ctl, depth: 1, (new driver: /constant[1], depth: 0)
          Accepted word-level redundancy removal in module mgmt_core for instance(s): mux_dbg_uart_rx_source_payload_data_4684_40/ctl, depth: 4, (new driver: /constant[1], depth: 0)
          Accepted word-level redundancy removal in module mgmt_core for instance(s): mux_interface1_re_5839_11/ctl, depth: 1, (new driver: /constant[0], depth: 0)
          Accepted word-level redundancy removal in module picorv32_ENABLE_COUNTERS0_ENABLE_COUNTERS640_ENABLE_REGS_16_311_ENABLE_REGS_DUALPORT1_LATCHED_MEM_RDATA0_TWO_STAGE_SHIFT0_TWO_CYCLE_COMPARE0_TWO_CYCLE_ALU0_CATCH_MISALIGN0_CATCH_ILLINSN1_ENABLE_PCPI0_ENABLE_MUL0_ENABLE_FAST_MUL0_ENABLE_DIV0_ENABLE_IRQ1_ENABLE_IRQ_QREGS1_ENABLE_IRQ_TIMER0_ENABLE_TRACE0_MASKED_IRQ0_LATCHED_IRQn1_PROGADDR_RESET268435456_PROGADDR_IRQ268435472_STACKADDRn1 for instance(s): mux_1536_17/ctl, depth: 4, (new driver: g2957/z, depth: 2)
Completed word-level redundancy removal (accepts: 6, rejects: 0, runtime: 1.012s)
Starting clip mux common data inputs [v1.0] (stage: pre_rtlopt, startdef: mgmt_core_wrapper, recur: true)
Completed clip mux common data inputs (accepts: 4, rejects: 0, runtime: 0.002s)
Starting clip the non-user hierarchies [v2.0] (stage: pre_rtlopt, startdef: mgmt_core_wrapper, recur: true)
Completed clip the non-user hierarchies (accepts: 0, rejects: 0, runtime: 0.001s)
Starting basic netlist cleanup [v1.0] (stage: pre_rtlopt, startdef: mgmt_core_wrapper, recur: true)
Completed basic netlist cleanup (accepts: 0, rejects: 0, runtime: 0.000s)

Stage: pre_rtlopt
------------------------------------------------------------------
| Transform                   | Accepts | Rejects | Runtime (ms) | 
------------------------------------------------------------------
| hlo_recase_casebox          |       0 |       0 |        40.00 | 
| hlo_infer_macro             |       0 |     212 |        23.00 | 
| hlo_decode_mux_sandwich     |       0 |       0 |         0.00 | 
| hlo_mux_decode              |       0 |       0 |         0.00 | 
| hlo_chop_mux                |       0 |       0 |         1.00 | 
| hlo_mux_cascade_opt         |       0 |       0 |         1.00 | 
| hlo_mux_consolidation       |       0 |       0 |         3.00 | 
| hlo_constant_mux_opt        |       0 |       0 |         2.00 | 
| hlo_inequality_transform    |       0 |       0 |        23.00 | 
| hlo_reconv_opt              |       0 |       0 |         1.00 | 
| hlo_restructure             |       0 |       0 |         8.00 | 
| hlo_identity_transform      |       0 |       1 |         4.00 | 
| hlo_reduce_operator_chain   |       0 |       0 |         1.00 | 
| hlo_mux_cascade_opt         |       0 |       0 |         1.00 | 
| hlo_mux_consolidation       |       0 |       0 |         3.00 | 
| hlo_optimize_datapath       |       1 |       0 |         1.00 | 
| hlo_datapath_recast         |       0 |       0 |         0.00 | 
| hlo_redundancy_removal_word |       6 |       0 |      1012.00 | 
| hlo_clip_mux_input          |       4 |       0 |         2.00 | 
| hlo_clip                    |       0 |       0 |         1.00 | 
| hlo_cleanup                 |       0 |       0 |         0.00 | 
------------------------------------------------------------------
Running Unified Mux Engine Tricks...
Completed Unified Mux Engine Tricks

Stage: post_hlo_rtlopt
--------------------------------------------------
| Trick       | Accepts | Rejects | Runtime (ms) | 
--------------------------------------------------
| ume_runtime |       0 |       0 |         0.00 | 
--------------------------------------------------
Info    : Deleting instances not driving any primary outputs. [GLO-34]
        : Deleting 1 hierarchical instance. 
Following instance is deleted as they do not drive any primary output:
'core/picorv32/ctl_1623_7'.
CAS: Converted binary mux mux_cpuregs[decoded_rs1]_1347_32 (def: picorv32_ENABLE_COUNTERS0_ENABLE_COUNTERS640_ENABLE_REGS_16_311_ENABLE_REGS_DUALPORT1_LATCHED_MEM_RDATA0_TWO_STAGE_SHIFT0_TWO_CYCLE_COMPARE0_TWO_CYCLE_ALU0_CATCH_MISALIGN0_CATCH_ILLINSN1_ENABLE_PCPI0_ENABLE_MUL0_ENABLE_FAST_MUL0_ENABLE_DIV0_ENABLE_IRQ1_ENABLE_IRQ_QREGS1_ENABLE_IRQ_TIMER0_ENABLE_TRACE0_MASKED_IRQ0_LATCHED_IRQn1_PROGADDR_RESET268435456_PROGADDR_IRQ268435472_STACKADDRn1, data: 36, sel: 6, width: 32) to onehot mux
CAS: Converted binary mux mux_cpuregs[decoded_rs2]_1348_32 (def: picorv32_ENABLE_COUNTERS0_ENABLE_COUNTERS640_ENABLE_REGS_16_311_ENABLE_REGS_DUALPORT1_LATCHED_MEM_RDATA0_TWO_STAGE_SHIFT0_TWO_CYCLE_COMPARE0_TWO_CYCLE_ALU0_CATCH_MISALIGN0_CATCH_ILLINSN1_ENABLE_PCPI0_ENABLE_MUL0_ENABLE_FAST_MUL0_ENABLE_DIV0_ENABLE_IRQ1_ENABLE_IRQ_QREGS1_ENABLE_IRQ_TIMER0_ENABLE_TRACE0_MASKED_IRQ0_LATCHED_IRQn1_PROGADDR_RESET268435456_PROGADDR_IRQ268435472_STACKADDRn1, data: 36, sel: 6, width: 32) to onehot mux
Number of big hc bmuxes before = 0
Number of non-ctl's : 3
mux_cmbsop_mgmtsoc_litespisdrphycore_source_valid_2491_11 mux_litespi_rx_demux_endpoint0_source_valid_2774_5671 mux_litespi_rx_demux_endpoint1_source_valid_2723_5673 
SOP DEBUG : Module= mgmt_core, Cluster= ctl_2491_11, ctl= 3, Non-ctl= 3
Selected impl_type 0 (ctl + 1-hot mux form) for sop cluster ctl_2491_11.
Number of non-ctl's : 5
g1226 g4786 g4787 mux_cmbsop_mgmtsoc_litespimmap_wait_3837_11 mux_mgmtsoc_litespimmap_source_payload_len_3113_11 
SOP DEBUG : Module= mgmt_core, Cluster= ctl_3837_11, ctl= 1, Non-ctl= 5
Selected impl_type 1 (pla_form1 (optimized)) for sop cluster ctl_3837_11.
Number of non-ctl's : 3
mux_dbg_uart_incr_uartwishbonebridge_next_value6_4762_17 mux_dbg_uart_incr_uartwishbonebridge_next_value_ce6_4793_17 mux_uartwishbonebridge_next_state_4705_49 
SOP DEBUG : Module= mgmt_core, Cluster= ctl_4705_49, ctl= 2, Non-ctl= 3
Selected impl_type 4 (factored_form (optimized)) for sop cluster ctl_4705_49.
Number of non-ctl's : 3
mux_cmbsop_dbg_uart_is_ongoing_5271_11 mux_comb_self5_7492_5667 mux_mgmtsoc_picorv32_idbus_we_2251_5669 
SOP DEBUG : Module= mgmt_core, Cluster= ctl_5271_11, ctl= 3, Non-ctl= 3
Selected impl_type 0 (ctl + 1-hot mux form) for sop cluster ctl_5271_11.
Number of non-ctl's : 1
mux_uart_phy_rx_enable_4279_11 
SOP DEBUG : Module= mgmt_core, Cluster= ctl_rs232phy_rs232phyrx_state_4279_11, ctl= 1, Non-ctl= 1
Selected impl_type 0 (ctl + 1-hot mux form) for sop cluster ctl_rs232phy_rs232phyrx_state_4279_11.
Number of non-ctl's : 1
mux_uart_phy_tx_enable_4135_11 
SOP DEBUG : Module= mgmt_core, Cluster= ctl_rs232phy_rs232phytx_state_4135_11, ctl= 1, Non-ctl= 1
Selected impl_type 0 (ctl + 1-hot mux form) for sop cluster ctl_rs232phy_rs232phytx_state_4135_11.
Number of non-ctl's : 3
g1441 mux_spi_master_clk_enable_4058_11 mux_spi_clk_7881_5675 
SOP DEBUG : Module= mgmt_core, Cluster= ctl_spimaster_state_4058_11, ctl= 2, Non-ctl= 3
Selected impl_type 0 (ctl + 1-hot mux form) for sop cluster ctl_spimaster_state_4058_11.
Number of non-ctl's : 1
mux_dbg_uart_rx_enable_4620_11 
SOP DEBUG : Module= mgmt_core, Cluster= ctl_uartwishbonebridge_rs232phyrx_state_4620_11, ctl= 1, Non-ctl= 1
Selected impl_type 0 (ctl + 1-hot mux form) for sop cluster ctl_uartwishbonebridge_rs232phyrx_state_4620_11.
Number of non-ctl's : 1
mux_dbg_uart_tx_enable_4490_11 
SOP DEBUG : Module= mgmt_core, Cluster= ctl_uartwishbonebridge_rs232phytx_state_4490_11, ctl= 1, Non-ctl= 1
Selected impl_type 0 (ctl + 1-hot mux form) for sop cluster ctl_uartwishbonebridge_rs232phytx_state_4490_11.
Number of non-ctl's : 15
mux_set_mem_do_rdata_1481_392 mux_set_mem_do_wdata_1481_395 mux_set_mem_do_rinst_1481_400 mux_decoder_pseudo_trigger_1481_408 mux_decoder_pseudo_trigger_1852_4400 mux_set_mem_do_rdata_1877_4414 mux_set_mem_do_wdata_1852_4426 mux_decoder_pseudo_trigger_1867_4402 mux_set_mem_do_rdata_1452_4412 mux_set_mem_do_rinst_1452_4418 mux_set_mem_do_wdata_1452_4424 mux_set_mem_do_rdata_1878_4416 mux_set_mem_do_rinst_1806_4420 mux_set_mem_do_rinst_1812_4422 mux_set_mem_do_wdata_1853_4428 
SOP DEBUG : Module= picorv32_ENABLE_COUNTERS0_ENABLE_COUNTERS640_ENABLE_REGS_16_311_ENABLE_REGS_DUALPORT1_LATCHED_MEM_RDATA0_TWO_STAGE_SHIFT0_TWO_CYCLE_COMPARE0_TWO_CYCLE_ALU0_CATCH_MISALIGN0_CATCH_ILLINSN1_ENABLE_PCPI0_ENABLE_MUL0_ENABLE_FAST_MUL0_ENABLE_DIV0_ENABLE_IRQ1_ENABLE_IRQ_QREGS1_ENABLE_IRQ_TIMER0_ENABLE_TRACE0_MASKED_IRQ0_LATCHED_IRQn1_PROGADDR_RESET268435456_PROGADDR_IRQ268435472_STACKADDRn1, Cluster= ctl_1481_9, ctl= 15, Non-ctl= 15
Selected impl_type 0 (ctl + 1-hot mux form) for sop cluster ctl_1481_9.
Number of non-ctl's : 4
mux_do_waitirq_1481_406 mux_do_waitirq_1533_4404 mux_do_waitirq_1543_4406 mux_do_waitirq_1544_4408 
SOP DEBUG : Module= picorv32_ENABLE_COUNTERS0_ENABLE_COUNTERS640_ENABLE_REGS_16_311_ENABLE_REGS_DUALPORT1_LATCHED_MEM_RDATA0_TWO_STAGE_SHIFT0_TWO_CYCLE_COMPARE0_TWO_CYCLE_ALU0_CATCH_MISALIGN0_CATCH_ILLINSN1_ENABLE_PCPI0_ENABLE_MUL0_ENABLE_FAST_MUL0_ENABLE_DIV0_ENABLE_IRQ1_ENABLE_IRQ_QREGS1_ENABLE_IRQ_TIMER0_ENABLE_TRACE0_MASKED_IRQ0_LATCHED_IRQn1_PROGADDR_RESET268435456_PROGADDR_IRQ268435472_STACKADDRn1, Cluster= ctl_1481_405, ctl= 4, Non-ctl= 4
Selected impl_type 0 (ctl + 1-hot mux form) for sop cluster ctl_1481_405.
Number of non-ctl's : 24
g2997 g2998 g3059 g3060 mux_cpu_state_1481_9 mux_decoder_pseudo_trigger_1481_9 mux_decoder_trigger_1481_9 mux_do_waitirq_1481_9 mux_irq_active_1481_9 mux_latched_branch_1481_9 mux_latched_is_lb_1481_9 mux_latched_is_lh_1481_9 mux_latched_is_lu_1481_9 mux_latched_rd_1481_9 mux_latched_stalu_1481_9 mux_latched_store_1481_9 mux_mem_do_rinst_1481_9 mux_mem_wordsize_1481_9 mux_next_irq_pending_1481_9 mux_reg_op2_1481_9 mux_set_mem_do_rdata_1481_9 mux_set_mem_do_rinst_1481_9 mux_set_mem_do_wdata_1481_9 mux_trap_1481_9 
SOP DEBUG : Module= picorv32_ENABLE_COUNTERS0_ENABLE_COUNTERS640_ENABLE_REGS_16_311_ENABLE_REGS_DUALPORT1_LATCHED_MEM_RDATA0_TWO_STAGE_SHIFT0_TWO_CYCLE_COMPARE0_TWO_CYCLE_ALU0_CATCH_MISALIGN0_CATCH_ILLINSN1_ENABLE_PCPI0_ENABLE_MUL0_ENABLE_FAST_MUL0_ENABLE_DIV0_ENABLE_IRQ1_ENABLE_IRQ_QREGS1_ENABLE_IRQ_TIMER0_ENABLE_TRACE0_MASKED_IRQ0_LATCHED_IRQn1_PROGADDR_RESET268435456_PROGADDR_IRQ268435472_STACKADDRn1, Cluster= ctl_cpu_state_1481_9, ctl= 1, Non-ctl= 24
Selected impl_type 0 (ctl + 1-hot mux form) for sop cluster ctl_cpu_state_1481_9.
Number of non-ctl's : 16
g388 g4110 g4111 g4112 g4113 g4331 g4333 g4337 g4343 g4347 g4372 g4374 g4384 g4391 mux_mem_valid_581_10 mux_mem_valid_566_4410 
SOP DEBUG : Module= picorv32_ENABLE_COUNTERS0_ENABLE_COUNTERS640_ENABLE_REGS_16_311_ENABLE_REGS_DUALPORT1_LATCHED_MEM_RDATA0_TWO_STAGE_SHIFT0_TWO_CYCLE_COMPARE0_TWO_CYCLE_ALU0_CATCH_MISALIGN0_CATCH_ILLINSN1_ENABLE_PCPI0_ENABLE_MUL0_ENABLE_FAST_MUL0_ENABLE_DIV0_ENABLE_IRQ1_ENABLE_IRQ_QREGS1_ENABLE_IRQ_TIMER0_ENABLE_TRACE0_MASKED_IRQ0_LATCHED_IRQn1_PROGADDR_RESET268435456_PROGADDR_IRQ268435472_STACKADDRn1, Cluster= ctl_mem_state_581_10, ctl= 2, Non-ctl= 16
Selected impl_type 1 (pla_form1 (optimized)) for sop cluster ctl_mem_state_581_10.
              Info: total 378 bmuxes found, 377 are converted to onehot form, and 1 are kept as binary form
Info    : Pre-processed datapath logic. [DPOPT-6]
        : Pre-processing optimizations applied to datapath logic in 'mgmt_core_wrapper':
          live_trim(7) sop(13) 
Info    : Hierarchical instance automatically ungrouped. [GLO-51]
        : Instance 'RAM256' in module 'mgmt_core' is ungrouped to improve datapath connectivity.
        : Hierarchical instances can be automatically ungrouped to allow for better area or timing optimization. To prevent this ungroup, set the root-level attribute 'auto_ungroup' to 'none'. You can also prevent individual ungroup with setting the attribute 'ungroup_ok' of instances or modules to 'false'.
Info    : Hierarchical instance automatically ungrouped. [GLO-51]
        : Instance 'picorv32' in module 'mgmt_core' is ungrouped to improve datapath connectivity.
Info    : A datapath component has been ungrouped. [GB-6]
        : The instance 'g1' of datapath component 'sub_unsigned_2822'.
Warning : Use of 'parallel_case' pragma may hinder datapath resource sharing. [RTLOPT-54]
        : Multiplexor picorv32_mux_alu_out_0_1247_3 in module mgmt_core.
Warning : Use of 'parallel_case' pragma may hinder datapath resource sharing. [RTLOPT-54]
        : Multiplexor picorv32_mux_alu_out_1264_3 in module mgmt_core.
Warning : Use of 'parallel_case' pragma may hinder datapath resource sharing. [RTLOPT-54]
        : Multiplexor picorv32_mux_cpu_state_1579_5 in module mgmt_core.
Warning : Use of 'parallel_case' pragma may hinder datapath resource sharing. [RTLOPT-54]
        : Multiplexor picorv32_mux_cpu_state_1731_8 in module mgmt_core.
Warning : Use of 'parallel_case' pragma may hinder datapath resource sharing. [RTLOPT-54]
        : Multiplexor picorv32_mux_cpuregs_wrdata_1310_4 in module mgmt_core.
Warning : Use of 'parallel_case' pragma may hinder datapath resource sharing. [RTLOPT-54]
        : Multiplexor picorv32_mux_cpuregs_write_1310_4 in module mgmt_core.
Warning : Use of 'parallel_case' pragma may hinder datapath resource sharing. [RTLOPT-54]
        : Multiplexor picorv32_mux_current_pc_1493_5 in module mgmt_core.
Warning : Use of 'parallel_case' pragma may hinder datapath resource sharing. [RTLOPT-54]
        : Multiplexor picorv32_mux_decoded_imm_1117_4 in module mgmt_core.
Warning : Use of 'parallel_case' pragma may hinder datapath resource sharing. [RTLOPT-54]
        : Multiplexor picorv32_mux_mem_do_rinst_1493_5 in module mgmt_core.
Warning : Use of 'parallel_case' pragma may hinder datapath resource sharing. [RTLOPT-54]
        : Multiplexor picorv32_mux_mem_do_rinst_1579_5 in module mgmt_core.
Warning : Maximum message print count reached. [MESG-11]
        : Maximum print count of '10' reached for message 'RTLOPT-54'.
Info    : Optimizing datapath logic. [DPOPT-1]
        : Optimizing datapath logic in 'mgmt_core_wrapper'.
Info    : Optimized a mux chain. [DPOPT-10]
        : Created Flattened Mux 'F_picorv32_mux_reg_next_pc_1533_20' in design 'CDN_DP_region_0_17'.
	The following set of instances are flattened ( picorv32_mux_reg_next_pc_1533_20 picorv32_mux_reg_next_pc_1543_55 picorv32_mux_reg_next_pc_1552_9 picorv32_mux_reg_next_pc_1562_10 ).

Info    : Implementing datapath configurations. [DPOPT-3]
        : Implementing datapath configurations for 'CDN_DP_region_0_17'
CSAGen Prep Share:0 Re-Write:0 Speculation: 0
    MaxCSA: weighted_instance_count is 96 
MaxCSA: Successfully built Maximal CSA Expression Expr0
    MaxCSA: weighted_instance_count is 122 
MaxCSA: Successfully built Maximal CSA Expression Expr1
Info    : Accepted resource sharing opportunity. [RTLOPT-30]
        : Merged the following sets of instances in 'CDN_DP_region_0_17_c7 in mgmt_core':
	  (ADD_TC_OP_29, ADD_TC_OP28)

Info    : Optimized a mux chain. [DPOPT-10]
        : Created Flattened Mux 'F_F_picorv32_mux_reg_next_pc_1533_20' in design 'CDN_DP_region_0_17_c7'.
	The following set of instances are flattened ( F_picorv32_mux_reg_next_pc_1533_20 picorv32_mux_reg_next_pc_1544_10 ).

Info    : Transformed datapath macro. [RTLOPT-40]
        : Transformed 1 datapath macros in module 'CDN_DP_region_0_17_c1' to a form more suitable for further optimization.
      Timing increment_unsigned...
        Done timing increment_unsigned.
      Timing add_unsigned_350...
        Done timing add_unsigned_350.
Info    : Accepted resource sharing opportunity. [RTLOPT-30]
        : Merged the following sets of instances in 'CDN_DP_region_0_17_c1 in mgmt_core':
	  (inc_picorv32_add_1547_33, inc_ADD_UNS_OP)

      Timing increment_unsigned_407...
        Done timing increment_unsigned_407.
Info    : Transformed datapath macro. [RTLOPT-40]
        : Transformed 1 datapath macros in module 'CDN_DP_region_0_17_c2' to a form more suitable for further optimization.
Info    : Accepted resource sharing opportunity. [RTLOPT-30]
        : Merged the following sets of instances in 'CDN_DP_region_0_17_c2 in mgmt_core':
	  (inc_picorv32_add_1547_33, inc_ADD_UNS_OP)

      Timing increment_unsigned_482...
        Done timing increment_unsigned_482.
Info    : Transformed datapath macro. [RTLOPT-40]
        : Transformed 1 datapath macros in module 'CDN_DP_region_0_17_c3' to a form more suitable for further optimization.
Info    : Accepted resource sharing opportunity. [RTLOPT-30]
        : Merged the following sets of instances in 'CDN_DP_region_0_17_c3 in mgmt_core':
	  (inc_picorv32_add_1547_33, inc_ADD_UNS_OP)

      Timing increment_unsigned_557...
        Done timing increment_unsigned_557.
Info    : Transformed datapath macro. [RTLOPT-40]
        : Transformed 1 datapath macros in module 'CDN_DP_region_0_17_c4' to a form more suitable for further optimization.
Info    : Accepted resource sharing opportunity. [RTLOPT-30]
        : Merged the following sets of instances in 'CDN_DP_region_0_17_c4 in mgmt_core':
	  (inc_picorv32_add_1547_33, inc_ADD_UNS_OP)

      Timing increment_unsigned_632...
        Done timing increment_unsigned_632.
Info    : Transformed datapath macro. [RTLOPT-40]
        : Transformed 1 datapath macros in module 'CDN_DP_region_0_17_c5' to a form more suitable for further optimization.
Info    : Accepted resource sharing opportunity. [RTLOPT-30]
        : Merged the following sets of instances in 'CDN_DP_region_0_17_c5 in mgmt_core':
	  (inc_picorv32_add_1547_33, inc_ADD_UNS_OP)

      Timing increment_unsigned_707...
        Done timing increment_unsigned_707.
Info    : Transformed datapath macro. [RTLOPT-40]
        : Transformed 1 datapath macros in module 'CDN_DP_region_0_17_c6' to a form more suitable for further optimization.
Info    : Accepted resource sharing opportunity. [RTLOPT-30]
        : Merged the following sets of instances in 'CDN_DP_region_0_17_c6 in mgmt_core':
	  (ADD_UNS_OP, picorv32_add_1547_33)

      Timing increment_unsigned_770...
        Done timing increment_unsigned_770.
CDN_DP_region_0_17 level = 0 loads = 1 drivers = 0
CDN_DP_region_0_17_c0 in mgmt_core: area: 14368513950 ,dp = 8 mux = 19 sg = slow         worst_clk_period: -1.0000 
    wns: 0  norm_wns:  -1.0000 
    fail_endp: -1 
    tns:  0  tns_per_endp:  -1.0000   norm_tns_per_endp:  -1.0000 
    tns_sense_max:  -1.0000  tns_sense_avg:  -1.0000   tns_sense_num: -1
 skipped
CDN_DP_region_0_17_c1 in mgmt_core: area: 12322736685 ,dp = 4 mux = 19 sg = fast         worst_clk_period: -1.0000 
    wns: 0  norm_wns:  -1.0000 
    fail_endp: -1 
    tns:  0  tns_per_endp:  -1.0000   norm_tns_per_endp:  -1.0000 
    tns_sense_max:  -1.0000  tns_sense_avg:  -1.0000   tns_sense_num: -1
 is current best
CDN_DP_region_0_17_c2 in mgmt_core: area: 12322736685 ,dp = 4 mux = 19 sg = very_slow    worst_clk_period: -1.0000 
    wns: 0  norm_wns:  -1.0000 
    fail_endp: -1 
    tns:  0  tns_per_endp:  -1.0000   norm_tns_per_endp:  -1.0000 
    tns_sense_max:  -1.0000  tns_sense_avg:  -1.0000   tns_sense_num: -1
 is current best
CDN_DP_region_0_17_c3 in mgmt_core: area: 12322736685 ,dp = 4 mux = 19 sg = very_fast    worst_clk_period: -1.0000 
    wns: 0  norm_wns:  -1.0000 
    fail_endp: -1 
    tns:  0  tns_per_endp:  -1.0000   norm_tns_per_endp:  -1.0000 
    tns_sense_max:  -1.0000  tns_sense_avg:  -1.0000   tns_sense_num: -1
 is current best
CDN_DP_region_0_17_c4 in mgmt_core: area: 12322736685 ,dp = 4 mux = 19 sg = very_fast    worst_clk_period: -1.0000 
    wns: 0  norm_wns:  -1.0000 
    fail_endp: -1 
    tns:  0  tns_per_endp:  -1.0000   norm_tns_per_endp:  -1.0000 
    tns_sense_max:  -1.0000  tns_sense_avg:  -1.0000   tns_sense_num: -1
 is current best
CDN_DP_region_0_17_c5 in mgmt_core: area: 12322736685 ,dp = 4 mux = 19 sg = very_fast    worst_clk_period: -1.0000 
    wns: 0  norm_wns:  -1.0000 
    fail_endp: -1 
    tns:  0  tns_per_endp:  -1.0000   norm_tns_per_endp:  -1.0000 
    tns_sense_max:  -1.0000  tns_sense_avg:  -1.0000   tns_sense_num: -1
 is current best
CDN_DP_region_0_17_c6 in mgmt_core: area: 12322736685 ,dp = 4 mux = 19 sg = very_fast    worst_clk_period: -1.0000 
    wns: 0  norm_wns:  -1.0000 
    fail_endp: -1 
    tns:  0  tns_per_endp:  -1.0000   norm_tns_per_endp:  -1.0000 
    tns_sense_max:  -1.0000  tns_sense_avg:  -1.0000   tns_sense_num: -1
 is current best
CDN_DP_region_0_17_c7 in mgmt_core: area: 12397517055 ,dp = 3 mux = 20 sg = very_fast    worst_clk_period: -1.0000 
    wns: 0  norm_wns:  -1.0000 
    fail_endp: -1 
    tns:  0  tns_per_endp:  -1.0000   norm_tns_per_endp:  -1.0000 
    tns_sense_max:  -1.0000  tns_sense_avg:  -1.0000   tns_sense_num: -1

Best config: CDN_DP_region_0_17_c6 in mgmt_core: area: 12322736685 ,dp = 4 mux = 19 sg = very_fast    worst_clk_period: -1.0000 
    wns: 0  norm_wns:  -1.0000 
    fail_endp: -1 
    tns:  0  tns_per_endp:  -1.0000   norm_tns_per_endp:  -1.0000 
    tns_sense_max:  -1.0000  tns_sense_avg:  -1.0000   tns_sense_num: -1
  Smallest config area : 12322736685.  Fastest config wns;  0
##>+----------------------------------------------------------------------------------------------------------------------------------------------------------------+
##>Summary table of configs (Best config is CDN_DP_region_0_17_c6)
##>+----------------------------------------------------------------------------------------------------------------------------------------------------------------+
##>                     0                  1                  2                  3                  4                  5                  6                  7            
##>+----------------------------------------------------------------------------------------------------------------------------------------------------------------+
##>           Area      14368513950        12322736685        12322736685        12322736685        12322736685        12322736685        12322736685        12397517055  
##>            WNS         +3284.80           +3208.90           +3208.90           +3208.90           +3208.90           +3208.90           +3208.90           +3072.10  
##>            TNS                0                  0                  0                  0                  0                  0                  0                  0  
##>    Num Rewrite                0                  1                  1                  1                  1                  1                  1                  0  
##>     Num Factor                0                  0                  0                  0                  0                  0                  0                  0  
##>      Num Share                0                  1                  1                  1                  1                  1                  1                  1  
##>   Num CmultCse                0                  0                  0                  0                  0                  0                  0                  0  
##>   Num Downsize                0                  0                  0                  0                  0                  0                  0                  0  
##>  Num Speculate                0                  0                  0                  0                  0                  0                  0                  0  
##>     Runtime(s)                0                  0                  0                  0                  0                  0                  0                  0  
+----------------------------------------------------------------------------------------------------------------------------------------------------------------+
##>
##>
##>+-----------------------------------------------------------------------------------------------------------------------------------------------------------------------------------------------------+
##>Optimization Step DEBUG Table for config CDN_DP_region_0_17_c6
##>
##>                          Step                        Area   (  % Chg)         WNS (Change)          TNS (Change)                Power   (  % Chg)        Runtime (s)        Comment                   
##>+-----------------------------------------------------------------------------------------------------------------------------------------------------------------------------------------------------+
##>createMaxCarrySave              START            14368513950 (       )    107377467.20 (        )          0 (        )                    0 (       )              
##> datapath_rewrite_one_def       START            14368513950 (  +0.00)    107377467.20 (   +0.00)          0 (       0)                    0 (  +0.00)              
##>  fast_cse_elim                 START            14368513950 (  +0.00)    107377467.20 (   +0.00)          0 (       0)                    0 (  +0.00)              
##>                                  END            14347148130 (  -0.15)    107377467.20 (   +0.00)          0 (       0)                    0 (  +0.00)           0  
##>  fast_cse_elim                 START            14347148130 (  +0.00)    107377467.20 (   +0.00)          0 (       0)                    0 (  +0.00)              
##>                                  END            14347148130 (  +0.00)    107377467.20 (   +0.00)          0 (       0)                    0 (  +0.00)           0  
##>  rewrite                       START            14347148130 (  +0.00)    107377467.20 (   +0.00)          0 (       0)                    0 (  +0.00)              (na,csaa) inc_with_select --> inc_ci
##>                                  END            15143024925 (  +5.55)    107377467.20 (   +0.00)          0 (       0)                    0 (  +0.00)           0  
##>  rewrite                       START            14347148130 (  -5.26)    107377467.20 (   +0.00)          0 (       0)                    0 (  +0.00)              (na,csaa) inc_ci_with_select_version1 --> inc_ci_with_select_version2
##>                                  END            15143024925 (  +5.55)    107377467.20 (   +0.00)          0 (       0)                    0 (  +0.00)           0  
##>  rewrite                       START            14347148130 (  -5.26)    107377467.20 (   +0.00)          0 (       0)                    0 (  +0.00)              (a,ar) add_c_ohmux_version1 --> add_c_ohmux_version2
##>                                  END            15143024925 (  +5.55)    107377467.20 (   +0.00)          0 (       0)                    0 (  +0.00)           0  
##>  fast_cse_elim                 START            15143024925 (  +0.00)    107377467.20 (   +0.00)          0 (       0)                    0 (  +0.00)              
##>                                  END            15143024925 (  +0.00)    107377467.20 (   +0.00)          0 (       0)                    0 (  +0.00)           0  
##>  fast_cse_elim                 START            15143024925 (  +0.00)    107377467.20 (   +0.00)          0 (       0)                    0 (  +0.00)              
##>                                  END            15143024925 (  +0.00)    107377467.20 (   +0.00)          0 (       0)                    0 (  +0.00)           0  
##>                                  END            15143024925 (  +5.39)    107377467.20 (   +0.00)          0 (       0)                    0 (  +0.00)           0  
##> dpopt_share_one_def            START            15143024925 (  +0.00)    107377467.20 (   +0.00)          0 (       0)                    0 (  +0.00)              
##>                                  END            13439100780 ( -11.25)    107377326.00 ( -141.20)          0 (       0)                    0 (  +0.00)           0  
##> csa_opto                       START            13439100780 (  +0.00)    214748364.70 (+107371038.70)          0 (       0)                    0 (  +0.00)              
##>                                  END            13262832765 (  -1.31)    214748364.70 (   +0.00)          0 (       0)                    0 (  +0.00)           0  
##>                                  END            13262832765 (  -7.70)    214748364.70 (+107370897.50)          0 (       0)                    0 (  +0.00)           0  
##>canonicalize_by_names           START            13262832765 (  +0.00)    214748364.70 (   +0.00)          0 (       0)                    0 (  +0.00)              
##>                                  END            13262832765 (  +0.00)    214748364.70 (   +0.00)          0 (       0)                    0 (  +0.00)           0  
##>datapath_rewrite_post_csa_one_  START            13262832765 (  +0.00)    214748364.70 (   +0.00)          0 (       0)                    0 (  +0.00)              
##>                                  END            13262832765 (  +0.00)    214748364.70 (   +0.00)          0 (       0)                    0 (  +0.00)           0  
##>datapath_csa_factoring_one_gde  START            13262832765 (  +0.00)    214748364.70 (   +0.00)          0 (       0)                    0 (  +0.00)              
##>                                  END            13262832765 (  +0.00)    214748364.70 (   +0.00)          0 (       0)                    0 (  +0.00)           0  
##>dpopt_share_one_def             START            13262832765 (  +0.00)    214748364.70 (   +0.00)          0 (       0)                    0 (  +0.00)              
##>                                  END            13262832765 (  +0.00)    214748364.70 (   +0.00)          0 (       0)                    0 (  +0.00)           0  
##>datapath_rewrite_post_share     START            13262832765 (  +0.00)    214748364.70 (   +0.00)          0 (       0)                    0 (  +0.00)              
##>                                  END            13262832765 (  +0.00)    214748364.70 (   +0.00)          0 (       0)                    0 (  +0.00)           0  
##>dp_combine_const_mult_with_com  START            13262832765 (  +0.00)    214748364.70 (   +0.00)          0 (       0)                    0 (  +0.00)              
##>                                  END            13262832765 (  +0.00)    214748364.70 (   +0.00)          0 (       0)                    0 (  +0.00)           0  
##>speculate_in_gdef               START            13262832765 (  +0.00)    214748364.70 (   +0.00)          0 (       0)                    0 (  +0.00)              
##> pre_speculate_mux_merge        START            13262832765 (  +0.00)    214748364.70 (   +0.00)          0 (       0)                    0 (  +0.00)              
##>                                  END            13262832765 (  +0.00)    214748364.70 (   +0.00)          0 (       0)                    0 (  +0.00)           0  
##>                                  END            13262832765 (  +0.00)    214748364.70 (   +0.00)          0 (       0)                    0 (  +0.00)           0  
##>dp_operator_level_decompositio  START            13262832765 (  +0.00)    214748364.70 (   +0.00)          0 (       0)                    0 (  +0.00)              
##>                                  END            13262832765 (  +0.00)    214748364.70 (   +0.00)          0 (       0)                    0 (  +0.00)           0  
##>selective_flatten_dp_config     START            13262832765 (  +0.00)    214748364.70 (   +0.00)          0 (       0)                    0 (  +0.00)              
##>                                  END            12643223985 (  -4.67)    214748364.70 (   +0.00)          0 (       0)                    0 (  +0.00)           0  
##>createMaxCarrySave              START            12643223985 (  +0.00)    214748364.70 (   +0.00)          0 (       0)                    0 (  +0.00)              
##> datapath_rewrite_one_def       START            12643223985 (  +0.00)    214748364.70 (   +0.00)          0 (       0)                    0 (  +0.00)              
##>  fast_cse_elim                 START            12643223985 (  +0.00)    214748364.70 (   +0.00)          0 (       0)                    0 (  +0.00)              
##>                                  END            12643223985 (  +0.00)    214748364.70 (   +0.00)          0 (       0)                    0 (  +0.00)           0  
##>  fast_cse_elim                 START            12643223985 (  +0.00)    214748364.70 (   +0.00)          0 (       0)                    0 (  +0.00)              
##>                                  END            12643223985 (  +0.00)    214748364.70 (   +0.00)          0 (       0)                    0 (  +0.00)           0  
##>                                  END            12643223985 (  +0.00)    214748364.70 (   +0.00)          0 (       0)                    0 (  +0.00)           0  
##> dpopt_share_one_def            START            12643223985 (  +0.00)    214748364.70 (   +0.00)          0 (       0)                    0 (  +0.00)              
##>                                  END            12643223985 (  +0.00)    214748364.70 (   +0.00)          0 (       0)                    0 (  +0.00)           0  
##> csa_opto                       START            12643223985 (  +0.00)    214748364.70 (   +0.00)          0 (       0)                    0 (  +0.00)              
##>                                  END            12643223985 (  +0.00)    214748364.70 (   +0.00)          0 (       0)                    0 (  +0.00)           0  
##>                                  END            12643223985 (  +0.00)    214748364.70 (   +0.00)          0 (       0)                    0 (  +0.00)           0  
##>context_based_simplify          START            12600492345 (  -0.34)    214748364.70 (   +0.00)          0 (       0)                    0 (  +0.00)              
##>                                  END            12386834145 (  -1.70)    214748364.70 (   +0.00)          0 (       0)                    0 (  +0.00)           0  
##>group_csa_final_adder_dp        START            12386834145 (  +0.00)    214748364.70 (   +0.00)          0 (       0)                    0 (  +0.00)              
##>                                  END            12386834145 (  +0.00)    214748364.70 (   +0.00)          0 (       0)                    0 (  +0.00)           0  
##>dpopt_flatten_critical_muxes_i  START            12386834145 (  +0.00)    214748364.70 (   +0.00)          0 (       0)                    0 (  +0.00)              
##>                                  END            12386834145 (  +0.00)    214748364.70 (   +0.00)          0 (       0)                    0 (  +0.00)           0  
##>speculate_in_gdef               START            12386834145 (  +0.00)    214748364.70 (   +0.00)          0 (       0)                    0 (  +0.00)              
##> pre_speculate_mux_merge        START            12386834145 (  +0.00)    214748364.70 (   +0.00)          0 (       0)                    0 (  +0.00)              
##>                                  END            12386834145 (  +0.00)    214748364.70 (   +0.00)          0 (       0)                    0 (  +0.00)           0  
##>                                  END            12386834145 (  +0.00)    214748364.70 (   +0.00)          0 (       0)                    0 (  +0.00)           0  
##>create_score                    START            12322736685 (  -0.52)     3208.90 (-214745155.80)          0 (       0)                    0 (  +0.00)              
##>                                  END            12322736685 (  +0.00)     3208.90 (   +0.00)          0 (       0)                    0 (  +0.00)           0  
##>+-----------------------------------------------------------------------------------------------------------------------------------------------------------------------------------------------------+
Committed config: CDN_DP_region_0_17_c6
Info    : Done implementing datapath configurations. [DPOPT-4]
        : Selected 'very_fast' configuration 6 for module 'CDN_DP_region_0_17_c6'.
          Optimizations applied to 'very_fast' configuration:
            rewriting(1), factoring(0), sharing(1), cmultcse(0), downsizing(0), speculation(0)
Info    : Implementing datapath configurations. [DPOPT-3]
        : Implementing datapath configurations for 'CDN_DP_region_0_1'
CSAGen Prep Share:0 Re-Write:0 Speculation: 0
CDN_DP_region_0_1 level = 0 loads = 0 drivers = 0
CDN_DP_region_0_1_c0 in mgmt_core: area: 1645168140 ,dp = 1 mux = 1 sg = slow         worst_clk_period: -1.0000 
    wns: 0  norm_wns:  -1.0000 
    fail_endp: -1 
    tns:  0  tns_per_endp:  -1.0000   norm_tns_per_endp:  -1.0000 
    tns_sense_max:  -1.0000  tns_sense_avg:  -1.0000   tns_sense_num: -1
 skipped
CDN_DP_region_0_1_c1 in mgmt_core: area: 1645168140 ,dp = 1 mux = 1 sg = fast         worst_clk_period: -1.0000 
    wns: 0  norm_wns:  -1.0000 
    fail_endp: -1 
    tns:  0  tns_per_endp:  -1.0000   norm_tns_per_endp:  -1.0000 
    tns_sense_max:  -1.0000  tns_sense_avg:  -1.0000   tns_sense_num: -1
 is current best
CDN_DP_region_0_1_c2 in mgmt_core: area: 1645168140 ,dp = 1 mux = 1 sg = very_slow    worst_clk_period: -1.0000 
    wns: 0  norm_wns:  -1.0000 
    fail_endp: -1 
    tns:  0  tns_per_endp:  -1.0000   norm_tns_per_endp:  -1.0000 
    tns_sense_max:  -1.0000  tns_sense_avg:  -1.0000   tns_sense_num: -1
 is current best
CDN_DP_region_0_1_c3 in mgmt_core: area: 1645168140 ,dp = 1 mux = 1 sg = very_fast    worst_clk_period: -1.0000 
    wns: 0  norm_wns:  -1.0000 
    fail_endp: -1 
    tns:  0  tns_per_endp:  -1.0000   norm_tns_per_endp:  -1.0000 
    tns_sense_max:  -1.0000  tns_sense_avg:  -1.0000   tns_sense_num: -1
 is current best
CDN_DP_region_0_1_c4 in mgmt_core: area: 1645168140 ,dp = 1 mux = 1 sg = very_fast    worst_clk_period: -1.0000 
    wns: 0  norm_wns:  -1.0000 
    fail_endp: -1 
    tns:  0  tns_per_endp:  -1.0000   norm_tns_per_endp:  -1.0000 
    tns_sense_max:  -1.0000  tns_sense_avg:  -1.0000   tns_sense_num: -1
 is current best
CDN_DP_region_0_1_c5 in mgmt_core: area: 1645168140 ,dp = 1 mux = 1 sg = very_fast    worst_clk_period: -1.0000 
    wns: 0  norm_wns:  -1.0000 
    fail_endp: -1 
    tns:  0  tns_per_endp:  -1.0000   norm_tns_per_endp:  -1.0000 
    tns_sense_max:  -1.0000  tns_sense_avg:  -1.0000   tns_sense_num: -1
 is current best
CDN_DP_region_0_1_c6 in mgmt_core: area: 1645168140 ,dp = 1 mux = 1 sg = very_fast    worst_clk_period: -1.0000 
    wns: 0  norm_wns:  -1.0000 
    fail_endp: -1 
    tns:  0  tns_per_endp:  -1.0000   norm_tns_per_endp:  -1.0000 
    tns_sense_max:  -1.0000  tns_sense_avg:  -1.0000   tns_sense_num: -1
 is current best
CDN_DP_region_0_1_c7 in mgmt_core: area: 1645168140 ,dp = 1 mux = 1 sg = very_fast    worst_clk_period: -1.0000 
    wns: 0  norm_wns:  -1.0000 
    fail_endp: -1 
    tns:  0  tns_per_endp:  -1.0000   norm_tns_per_endp:  -1.0000 
    tns_sense_max:  -1.0000  tns_sense_avg:  -1.0000   tns_sense_num: -1
 is current best
Best config: CDN_DP_region_0_1_c7 in mgmt_core: area: 1645168140 ,dp = 1 mux = 1 sg = very_fast    worst_clk_period: -1.0000 
    wns: 0  norm_wns:  -1.0000 
    fail_endp: -1 
    tns:  0  tns_per_endp:  -1.0000   norm_tns_per_endp:  -1.0000 
    tns_sense_max:  -1.0000  tns_sense_avg:  -1.0000   tns_sense_num: -1
  Smallest config area : 1645168140.  Fastest config wns;  0
##>+----------------------------------------------------------------------------------------------------------------------------------------------------------------+
##>Summary table of configs (Best config is CDN_DP_region_0_1_c7)
##>+----------------------------------------------------------------------------------------------------------------------------------------------------------------+
##>                     0                  1                  2                  3                  4                  5                  6                  7            
##>+----------------------------------------------------------------------------------------------------------------------------------------------------------------+
##>           Area       1645168140         1645168140         1645168140         1645168140         1645168140         1645168140         1645168140         1645168140  
##>            WNS         +3690.60           +3690.60           +3690.60           +3690.60           +3690.60           +3690.60           +3690.60           +3690.60  
##>            TNS                0                  0                  0                  0                  0                  0                  0                  0  
##>    Num Rewrite                0                  0                  0                  0                  0                  0                  0                  0  
##>     Num Factor                0                  0                  0                  0                  0                  0                  0                  0  
##>      Num Share                0                  0                  0                  0                  0                  0                  0                  0  
##>   Num CmultCse                0                  0                  0                  0                  0                  0                  0                  0  
##>   Num Downsize                0                  0                  0                  0                  0                  0                  0                  0  
##>  Num Speculate                0                  0                  0                  0                  0                  0                  0                  0  
##>     Runtime(s)                0                  0                  0                  0                  0                  0                  0                  0  
+----------------------------------------------------------------------------------------------------------------------------------------------------------------+
##>
##>
##>+-----------------------------------------------------------------------------------------------------------------------------------------------------------------------------------------------------+
##>Optimization Step DEBUG Table for config CDN_DP_region_0_1_c7
##>
##>                          Step                        Area   (  % Chg)         WNS (Change)          TNS (Change)                Power   (  % Chg)        Runtime (s)        Comment                   
##>+-----------------------------------------------------------------------------------------------------------------------------------------------------------------------------------------------------+
##>EquationExtraction              START             1645168140 (       )     3690.60 (        )          0 (        )                    0 (       )              
##>                                  END             1645168140 (  +0.00)     3690.60 (   +0.00)          0 (       0)                    0 (  +0.00)           0  
##>createMaxCarrySave              START             1645168140 (  +0.00)     3690.60 (   +0.00)          0 (       0)                    0 (  +0.00)              
##> datapath_rewrite_one_def       START             1645168140 (  +0.00)     3690.60 (   +0.00)          0 (       0)                    0 (  +0.00)              
##>                                  END             1645168140 (  +0.00)     3690.60 (   +0.00)          0 (       0)                    0 (  +0.00)           0  
##> csa_opto                       START             1645168140 (  +0.00)     3690.60 (   +0.00)          0 (       0)                    0 (  +0.00)              
##>                                  END             1645168140 (  +0.00)     3690.60 (   +0.00)          0 (       0)                    0 (  +0.00)           0  
##>                                  END             1645168140 (  +0.00)     3690.60 (   +0.00)          0 (       0)                    0 (  +0.00)           0  
##>canonicalize_by_names           START             1645168140 (  +0.00)     3690.60 (   +0.00)          0 (       0)                    0 (  +0.00)              
##>                                  END             1645168140 (  +0.00)     3690.60 (   +0.00)          0 (       0)                    0 (  +0.00)           0  
##>datapath_rewrite_post_csa_one_  START             1645168140 (  +0.00)     3690.60 (   +0.00)          0 (       0)                    0 (  +0.00)              
##>                                  END             1645168140 (  +0.00)     3690.60 (   +0.00)          0 (       0)                    0 (  +0.00)           0  
##>datapath_csa_factoring_one_gde  START             1645168140 (  +0.00)     3690.60 (   +0.00)          0 (       0)                    0 (  +0.00)              
##>                                  END             1645168140 (  +0.00)     3690.60 (   +0.00)          0 (       0)                    0 (  +0.00)           0  
##>dpopt_share_one_def             START             1645168140 (  +0.00)     3690.60 (   +0.00)          0 (       0)                    0 (  +0.00)              
##>                                  END             1645168140 (  +0.00)     3690.60 (   +0.00)          0 (       0)                    0 (  +0.00)           0  
##>datapath_rewrite_post_share     START             1645168140 (  +0.00)     3690.60 (   +0.00)          0 (       0)                    0 (  +0.00)              
##>                                  END             1645168140 (  +0.00)     3690.60 (   +0.00)          0 (       0)                    0 (  +0.00)           0  
##>dp_combine_const_mult_with_com  START             1645168140 (  +0.00)     3690.60 (   +0.00)          0 (       0)                    0 (  +0.00)              
##>                                  END             1645168140 (  +0.00)     3690.60 (   +0.00)          0 (       0)                    0 (  +0.00)           0  
##>dp_operator_level_decompositio  START             1645168140 (  +0.00)     3690.60 (   +0.00)          0 (       0)                    0 (  +0.00)              
##>                                  END             1645168140 (  +0.00)     3690.60 (   +0.00)          0 (       0)                    0 (  +0.00)           0  
##>selective_flatten_dp_config     START             1645168140 (  +0.00)     3690.60 (   +0.00)          0 (       0)                    0 (  +0.00)              
##>                                  END             1645168140 (  +0.00)     3690.60 (   +0.00)          0 (       0)                    0 (  +0.00)           0  
##>createMaxCarrySave              START             1645168140 (  +0.00)     3690.60 (   +0.00)          0 (       0)                    0 (  +0.00)              
##> datapath_rewrite_one_def       START             1645168140 (  +0.00)     3690.60 (   +0.00)          0 (       0)                    0 (  +0.00)              
##>  fast_cse_elim                 START             1645168140 (  +0.00)     3690.60 (   +0.00)          0 (       0)                    0 (  +0.00)              
##>                                  END             1645168140 (  +0.00)     3690.60 (   +0.00)          0 (       0)                    0 (  +0.00)           0  
##>  fast_cse_elim                 START             1645168140 (  +0.00)     3690.60 (   +0.00)          0 (       0)                    0 (  +0.00)              
##>                                  END             1645168140 (  +0.00)     3690.60 (   +0.00)          0 (       0)                    0 (  +0.00)           0  
##>                                  END             1645168140 (  +0.00)     3690.60 (   +0.00)          0 (       0)                    0 (  +0.00)           0  
##> csa_opto                       START             1645168140 (  +0.00)     3690.60 (   +0.00)          0 (       0)                    0 (  +0.00)              
##>                                  END             1645168140 (  +0.00)     3690.60 (   +0.00)          0 (       0)                    0 (  +0.00)           0  
##>                                  END             1645168140 (  +0.00)     3690.60 (   +0.00)          0 (       0)                    0 (  +0.00)           0  
##>context_based_simplify          START             1645168140 (  +0.00)     3690.60 (   +0.00)          0 (       0)                    0 (  +0.00)              
##>                                  END             1645168140 (  +0.00)     3690.60 (   +0.00)          0 (       0)                    0 (  +0.00)           0  
##>group_csa_final_adder_dp        START             1645168140 (  +0.00)     3690.60 (   +0.00)          0 (       0)                    0 (  +0.00)              
##>                                  END             1645168140 (  +0.00)     3690.60 (   +0.00)          0 (       0)                    0 (  +0.00)           0  
##>dpopt_flatten_critical_muxes_i  START             1645168140 (  +0.00)     3690.60 (   +0.00)          0 (       0)                    0 (  +0.00)              
##>                                  END             1645168140 (  +0.00)     3690.60 (   +0.00)          0 (       0)                    0 (  +0.00)           0  
##>create_score                    START             1645168140 (  +0.00)     3690.60 (   +0.00)          0 (       0)                    0 (  +0.00)              
##>                                  END             1645168140 (  +0.00)     3690.60 (   +0.00)          0 (       0)                    0 (  +0.00)           0  
##>+-----------------------------------------------------------------------------------------------------------------------------------------------------------------------------------------------------+
Committed config: CDN_DP_region_0_1_c7
Info    : Done implementing datapath configurations. [DPOPT-4]
        : Selected 'very_fast' configuration 7 for module 'CDN_DP_region_0_1_c7'.
          Optimizations applied to 'very_fast' configuration:
            rewriting(0), factoring(0), sharing(0), cmultcse(0), downsizing(0), speculation(0)
Info    : Implementing datapath configurations. [DPOPT-3]
        : Implementing datapath configurations for 'CDN_DP_region_0_0'
CSAGen Prep Share:0 Re-Write:0 Speculation: 0
CDN_DP_region_0_0 level = 0 loads = 0 drivers = 0
CDN_DP_region_0_0_c0 in mgmt_core: area: 1645168140 ,dp = 1 mux = 1 sg = slow         worst_clk_period: -1.0000 
    wns: 0  norm_wns:  -1.0000 
    fail_endp: -1 
    tns:  0  tns_per_endp:  -1.0000   norm_tns_per_endp:  -1.0000 
    tns_sense_max:  -1.0000  tns_sense_avg:  -1.0000   tns_sense_num: -1
 skipped
CDN_DP_region_0_0_c1 in mgmt_core: area: 1645168140 ,dp = 1 mux = 1 sg = fast         worst_clk_period: -1.0000 
    wns: 0  norm_wns:  -1.0000 
    fail_endp: -1 
    tns:  0  tns_per_endp:  -1.0000   norm_tns_per_endp:  -1.0000 
    tns_sense_max:  -1.0000  tns_sense_avg:  -1.0000   tns_sense_num: -1
 is current best
CDN_DP_region_0_0_c2 in mgmt_core: area: 1645168140 ,dp = 1 mux = 1 sg = very_slow    worst_clk_period: -1.0000 
    wns: 0  norm_wns:  -1.0000 
    fail_endp: -1 
    tns:  0  tns_per_endp:  -1.0000   norm_tns_per_endp:  -1.0000 
    tns_sense_max:  -1.0000  tns_sense_avg:  -1.0000   tns_sense_num: -1
 is current best
CDN_DP_region_0_0_c3 in mgmt_core: area: 1645168140 ,dp = 1 mux = 1 sg = very_fast    worst_clk_period: -1.0000 
    wns: 0  norm_wns:  -1.0000 
    fail_endp: -1 
    tns:  0  tns_per_endp:  -1.0000   norm_tns_per_endp:  -1.0000 
    tns_sense_max:  -1.0000  tns_sense_avg:  -1.0000   tns_sense_num: -1
 is current best
CDN_DP_region_0_0_c4 in mgmt_core: area: 1645168140 ,dp = 1 mux = 1 sg = very_fast    worst_clk_period: -1.0000 
    wns: 0  norm_wns:  -1.0000 
    fail_endp: -1 
    tns:  0  tns_per_endp:  -1.0000   norm_tns_per_endp:  -1.0000 
    tns_sense_max:  -1.0000  tns_sense_avg:  -1.0000   tns_sense_num: -1
 is current best
CDN_DP_region_0_0_c5 in mgmt_core: area: 1645168140 ,dp = 1 mux = 1 sg = very_fast    worst_clk_period: -1.0000 
    wns: 0  norm_wns:  -1.0000 
    fail_endp: -1 
    tns:  0  tns_per_endp:  -1.0000   norm_tns_per_endp:  -1.0000 
    tns_sense_max:  -1.0000  tns_sense_avg:  -1.0000   tns_sense_num: -1
 is current best
CDN_DP_region_0_0_c6 in mgmt_core: area: 1645168140 ,dp = 1 mux = 1 sg = very_fast    worst_clk_period: -1.0000 
    wns: 0  norm_wns:  -1.0000 
    fail_endp: -1 
    tns:  0  tns_per_endp:  -1.0000   norm_tns_per_endp:  -1.0000 
    tns_sense_max:  -1.0000  tns_sense_avg:  -1.0000   tns_sense_num: -1
 is current best
CDN_DP_region_0_0_c7 in mgmt_core: area: 1645168140 ,dp = 1 mux = 1 sg = very_fast    worst_clk_period: -1.0000 
    wns: 0  norm_wns:  -1.0000 
    fail_endp: -1 
    tns:  0  tns_per_endp:  -1.0000   norm_tns_per_endp:  -1.0000 
    tns_sense_max:  -1.0000  tns_sense_avg:  -1.0000   tns_sense_num: -1
 is current best
Best config: CDN_DP_region_0_0_c7 in mgmt_core: area: 1645168140 ,dp = 1 mux = 1 sg = very_fast    worst_clk_period: -1.0000 
    wns: 0  norm_wns:  -1.0000 
    fail_endp: -1 
    tns:  0  tns_per_endp:  -1.0000   norm_tns_per_endp:  -1.0000 
    tns_sense_max:  -1.0000  tns_sense_avg:  -1.0000   tns_sense_num: -1
  Smallest config area : 1645168140.  Fastest config wns;  0
##>+----------------------------------------------------------------------------------------------------------------------------------------------------------------+
##>Summary table of configs (Best config is CDN_DP_region_0_0_c7)
##>+----------------------------------------------------------------------------------------------------------------------------------------------------------------+
##>                     0                  1                  2                  3                  4                  5                  6                  7            
##>+----------------------------------------------------------------------------------------------------------------------------------------------------------------+
##>           Area       1645168140         1645168140         1645168140         1645168140         1645168140         1645168140         1645168140         1645168140  
##>            WNS         +3690.60           +3690.60           +3690.60           +3690.60           +3690.60           +3690.60           +3690.60           +3690.60  
##>            TNS                0                  0                  0                  0                  0                  0                  0                  0  
##>    Num Rewrite                0                  0                  0                  0                  0                  0                  0                  0  
##>     Num Factor                0                  0                  0                  0                  0                  0                  0                  0  
##>      Num Share                0                  0                  0                  0                  0                  0                  0                  0  
##>   Num CmultCse                0                  0                  0                  0                  0                  0                  0                  0  
##>   Num Downsize                0                  0                  0                  0                  0                  0                  0                  0  
##>  Num Speculate                0                  0                  0                  0                  0                  0                  0                  0  
##>     Runtime(s)                0                  0                  0                  0                  0                  0                  0                  0  
+----------------------------------------------------------------------------------------------------------------------------------------------------------------+
##>
##>
##>+-----------------------------------------------------------------------------------------------------------------------------------------------------------------------------------------------------+
##>Optimization Step DEBUG Table for config CDN_DP_region_0_0_c7
##>
##>                          Step                        Area   (  % Chg)         WNS (Change)          TNS (Change)                Power   (  % Chg)        Runtime (s)        Comment                   
##>+-----------------------------------------------------------------------------------------------------------------------------------------------------------------------------------------------------+
##>EquationExtraction              START             1645168140 (       )     3690.60 (        )          0 (        )                    0 (       )              
##>                                  END             1645168140 (  +0.00)     3690.60 (   +0.00)          0 (       0)                    0 (  +0.00)           0  
##>createMaxCarrySave              START             1645168140 (  +0.00)     3690.60 (   +0.00)          0 (       0)                    0 (  +0.00)              
##> datapath_rewrite_one_def       START             1645168140 (  +0.00)     3690.60 (   +0.00)          0 (       0)                    0 (  +0.00)              
##>                                  END             1645168140 (  +0.00)     3690.60 (   +0.00)          0 (       0)                    0 (  +0.00)           0  
##> csa_opto                       START             1645168140 (  +0.00)     3690.60 (   +0.00)          0 (       0)                    0 (  +0.00)              
##>                                  END             1645168140 (  +0.00)     3690.60 (   +0.00)          0 (       0)                    0 (  +0.00)           0  
##>                                  END             1645168140 (  +0.00)     3690.60 (   +0.00)          0 (       0)                    0 (  +0.00)           0  
##>canonicalize_by_names           START             1645168140 (  +0.00)     3690.60 (   +0.00)          0 (       0)                    0 (  +0.00)              
##>                                  END             1645168140 (  +0.00)     3690.60 (   +0.00)          0 (       0)                    0 (  +0.00)           0  
##>datapath_rewrite_post_csa_one_  START             1645168140 (  +0.00)     3690.60 (   +0.00)          0 (       0)                    0 (  +0.00)              
##>                                  END             1645168140 (  +0.00)     3690.60 (   +0.00)          0 (       0)                    0 (  +0.00)           0  
##>datapath_csa_factoring_one_gde  START             1645168140 (  +0.00)     3690.60 (   +0.00)          0 (       0)                    0 (  +0.00)              
##>                                  END             1645168140 (  +0.00)     3690.60 (   +0.00)          0 (       0)                    0 (  +0.00)           0  
##>dpopt_share_one_def             START             1645168140 (  +0.00)     3690.60 (   +0.00)          0 (       0)                    0 (  +0.00)              
##>                                  END             1645168140 (  +0.00)     3690.60 (   +0.00)          0 (       0)                    0 (  +0.00)           0  
##>datapath_rewrite_post_share     START             1645168140 (  +0.00)     3690.60 (   +0.00)          0 (       0)                    0 (  +0.00)              
##>                                  END             1645168140 (  +0.00)     3690.60 (   +0.00)          0 (       0)                    0 (  +0.00)           0  
##>dp_combine_const_mult_with_com  START             1645168140 (  +0.00)     3690.60 (   +0.00)          0 (       0)                    0 (  +0.00)              
##>                                  END             1645168140 (  +0.00)     3690.60 (   +0.00)          0 (       0)                    0 (  +0.00)           0  
##>dp_operator_level_decompositio  START             1645168140 (  +0.00)     3690.60 (   +0.00)          0 (       0)                    0 (  +0.00)              
##>                                  END             1645168140 (  +0.00)     3690.60 (   +0.00)          0 (       0)                    0 (  +0.00)           0  
##>selective_flatten_dp_config     START             1645168140 (  +0.00)     3690.60 (   +0.00)          0 (       0)                    0 (  +0.00)              
##>                                  END             1645168140 (  +0.00)     3690.60 (   +0.00)          0 (       0)                    0 (  +0.00)           0  
##>createMaxCarrySave              START             1645168140 (  +0.00)     3690.60 (   +0.00)          0 (       0)                    0 (  +0.00)              
##> datapath_rewrite_one_def       START             1645168140 (  +0.00)     3690.60 (   +0.00)          0 (       0)                    0 (  +0.00)              
##>  fast_cse_elim                 START             1645168140 (  +0.00)     3690.60 (   +0.00)          0 (       0)                    0 (  +0.00)              
##>                                  END             1645168140 (  +0.00)     3690.60 (   +0.00)          0 (       0)                    0 (  +0.00)           0  
##>  fast_cse_elim                 START             1645168140 (  +0.00)     3690.60 (   +0.00)          0 (       0)                    0 (  +0.00)              
##>                                  END             1645168140 (  +0.00)     3690.60 (   +0.00)          0 (       0)                    0 (  +0.00)           0  
##>                                  END             1645168140 (  +0.00)     3690.60 (   +0.00)          0 (       0)                    0 (  +0.00)           0  
##> csa_opto                       START             1645168140 (  +0.00)     3690.60 (   +0.00)          0 (       0)                    0 (  +0.00)              
##>                                  END             1645168140 (  +0.00)     3690.60 (   +0.00)          0 (       0)                    0 (  +0.00)           0  
##>                                  END             1645168140 (  +0.00)     3690.60 (   +0.00)          0 (       0)                    0 (  +0.00)           0  
##>context_based_simplify          START             1645168140 (  +0.00)     3690.60 (   +0.00)          0 (       0)                    0 (  +0.00)              
##>                                  END             1645168140 (  +0.00)     3690.60 (   +0.00)          0 (       0)                    0 (  +0.00)           0  
##>group_csa_final_adder_dp        START             1645168140 (  +0.00)     3690.60 (   +0.00)          0 (       0)                    0 (  +0.00)              
##>                                  END             1645168140 (  +0.00)     3690.60 (   +0.00)          0 (       0)                    0 (  +0.00)           0  
##>dpopt_flatten_critical_muxes_i  START             1645168140 (  +0.00)     3690.60 (   +0.00)          0 (       0)                    0 (  +0.00)              
##>                                  END             1645168140 (  +0.00)     3690.60 (   +0.00)          0 (       0)                    0 (  +0.00)           0  
##>create_score                    START             1645168140 (  +0.00)     3690.60 (   +0.00)          0 (       0)                    0 (  +0.00)              
##>                                  END             1645168140 (  +0.00)     3690.60 (   +0.00)          0 (       0)                    0 (  +0.00)           0  
##>+-----------------------------------------------------------------------------------------------------------------------------------------------------------------------------------------------------+
Committed config: CDN_DP_region_0_0_c7
Info    : Done implementing datapath configurations. [DPOPT-4]
        : Selected 'very_fast' configuration 7 for module 'CDN_DP_region_0_0_c7'.
          Optimizations applied to 'very_fast' configuration:
            rewriting(0), factoring(0), sharing(0), cmultcse(0), downsizing(0), speculation(0)
Info    : Optimized a mux chain. [DPOPT-10]
        : Created Flattened Mux 'F_picorv32_mux_alu_out_1264_3' in design 'CDN_DP_region_0_3'.
	The following set of instances are flattened ( picorv32_mux_alu_out_1264_3 picorv32_mux_1235_18 ).

Info    : Implementing datapath configurations. [DPOPT-3]
        : Implementing datapath configurations for 'CDN_DP_region_0_3'
CSAGen Prep Share:0 Re-Write:3 Speculation: 0
    MaxCSA: weighted_instance_count is 324 
MaxCSA: Successfully built Maximal CSA Expression Expr2
Info    : Accepted resource sharing opportunity. [RTLOPT-30]
        : Merged the following sets of instances in 'CDN_DP_region_0_3_c7 in mgmt_core':
	  (SUB_TC_OP_3, SUB_TC_OP_2, SUB_TC_OP_1)

      Timing cmp6_unsigned_861...
        Done timing cmp6_unsigned_861.
      Timing addsub_unsigned_871...
        Done timing addsub_unsigned_871.
Info    : Accepted resource sharing opportunity. [RTLOPT-30]
        : Merged the following sets of instances in 'CDN_DP_region_0_3_c1 in mgmt_core':
	  (picorv32_sub_1235_38, picorv32_add_1235_58)

      Timing lt_signed_rtlopto_model_920...
        Done timing lt_signed_rtlopto_model_920.
      Timing lt_unsigned_rtlopto_model_921...
        Done timing lt_unsigned_rtlopto_model_921.
Info    : Accepted resource sharing opportunity. [RTLOPT-30]
        : Merged the following sets of instances in 'CDN_DP_region_0_3_c2 in mgmt_core':
	  (picorv32_sub_1235_38, picorv32_add_1235_58)

      Timing lt_signed_rtlopto_model_985...
        Done timing lt_signed_rtlopto_model_985.
      Timing lt_unsigned_rtlopto_model_986...
        Done timing lt_unsigned_rtlopto_model_986.
Info    : Accepted resource sharing opportunity. [RTLOPT-30]
        : Merged the following sets of instances in 'CDN_DP_region_0_3_c3 in mgmt_core':
	  (picorv32_sub_1235_38, picorv32_add_1235_58)

      Timing lt_signed_rtlopto_model_1050...
        Done timing lt_signed_rtlopto_model_1050.
      Timing lt_unsigned_rtlopto_model_1051...
        Done timing lt_unsigned_rtlopto_model_1051.
Info    : Accepted resource sharing opportunity. [RTLOPT-30]
        : Merged the following sets of instances in 'CDN_DP_region_0_3_c4 in mgmt_core':
	  (picorv32_sub_1235_38, picorv32_add_1235_58)

      Timing lt_signed_rtlopto_model_1115...
        Done timing lt_signed_rtlopto_model_1115.
      Timing lt_unsigned_rtlopto_model_1116...
        Done timing lt_unsigned_rtlopto_model_1116.
Info    : Accepted resource sharing opportunity. [RTLOPT-30]
        : Merged the following sets of instances in 'CDN_DP_region_0_3_c5 in mgmt_core':
	  (picorv32_sub_1235_38, picorv32_add_1235_58)

      Timing lt_signed_rtlopto_model_1180...
        Done timing lt_signed_rtlopto_model_1180.
      Timing lt_unsigned_rtlopto_model_1181...
        Done timing lt_unsigned_rtlopto_model_1181.
Info    : Accepted resource sharing opportunity. [RTLOPT-30]
        : Merged the following sets of instances in 'CDN_DP_region_0_3_c6 in mgmt_core':
	  (picorv32_sub_1235_38, picorv32_add_1235_58)

      Timing lt_signed_rtlopto_model_1261...
        Done timing lt_signed_rtlopto_model_1261.
      Timing lt_unsigned_rtlopto_model_1262...
        Done timing lt_unsigned_rtlopto_model_1262.
CDN_DP_region_0_3 level = 1 loads = 1 drivers = 2 is driven by : CDN_DP_region_0_5 CDN_DP_region_0_17 
CDN_DP_region_0_3_c0 in mgmt_core: area: 16836266160 ,dp = 11 mux = 9 sg = slow         worst_clk_period: -1.0000 
    wns: 0  norm_wns:  -1.0000 
    fail_endp: -1 
    tns:  0  tns_per_endp:  -1.0000   norm_tns_per_endp:  -1.0000 
    tns_sense_max:  -1.0000  tns_sense_avg:  -1.0000   tns_sense_num: -1
 skipped
CDN_DP_region_0_3_c1 in mgmt_core: area: 11537542800 ,dp = 4 mux = 10 sg = fast         worst_clk_period: -1.0000 
    wns: 0  norm_wns:  -1.0000 
    fail_endp: -1 
    tns:  0  tns_per_endp:  -1.0000   norm_tns_per_endp:  -1.0000 
    tns_sense_max:  -1.0000  tns_sense_avg:  -1.0000   tns_sense_num: -1
 is current best
CDN_DP_region_0_3_c2 in mgmt_core: area: 11537542800 ,dp = 4 mux = 10 sg = very_slow    worst_clk_period: -1.0000 
    wns: 0  norm_wns:  -1.0000 
    fail_endp: -1 
    tns:  0  tns_per_endp:  -1.0000   norm_tns_per_endp:  -1.0000 
    tns_sense_max:  -1.0000  tns_sense_avg:  -1.0000   tns_sense_num: -1
 is current best
CDN_DP_region_0_3_c3 in mgmt_core: area: 11537542800 ,dp = 4 mux = 10 sg = very_fast    worst_clk_period: -1.0000 
    wns: 0  norm_wns:  -1.0000 
    fail_endp: -1 
    tns:  0  tns_per_endp:  -1.0000   norm_tns_per_endp:  -1.0000 
    tns_sense_max:  -1.0000  tns_sense_avg:  -1.0000   tns_sense_num: -1
 is current best
CDN_DP_region_0_3_c4 in mgmt_core: area: 11537542800 ,dp = 4 mux = 10 sg = very_fast    worst_clk_period: -1.0000 
    wns: 0  norm_wns:  -1.0000 
    fail_endp: -1 
    tns:  0  tns_per_endp:  -1.0000   norm_tns_per_endp:  -1.0000 
    tns_sense_max:  -1.0000  tns_sense_avg:  -1.0000   tns_sense_num: -1
 is current best
CDN_DP_region_0_3_c5 in mgmt_core: area: 11537542800 ,dp = 4 mux = 10 sg = very_fast    worst_clk_period: -1.0000 
    wns: 0  norm_wns:  -1.0000 
    fail_endp: -1 
    tns:  0  tns_per_endp:  -1.0000   norm_tns_per_endp:  -1.0000 
    tns_sense_max:  -1.0000  tns_sense_avg:  -1.0000   tns_sense_num: -1
 is current best
CDN_DP_region_0_3_c6 in mgmt_core: area: 11537542800 ,dp = 4 mux = 10 sg = very_fast    worst_clk_period: -1.0000 
    wns: 0  norm_wns:  -1.0000 
    fail_endp: -1 
    tns:  0  tns_per_endp:  -1.0000   norm_tns_per_endp:  -1.0000 
    tns_sense_max:  -1.0000  tns_sense_avg:  -1.0000   tns_sense_num: -1
 is current best
CDN_DP_region_0_3_c7 in mgmt_core: area: 16665339600 ,dp = 3 mux = 9 sg = very_fast    worst_clk_period: -1.0000 
    wns: 0  norm_wns:  -1.0000 
    fail_endp: -1 
    tns:  0  tns_per_endp:  -1.0000   norm_tns_per_endp:  -1.0000 
    tns_sense_max:  -1.0000  tns_sense_avg:  -1.0000   tns_sense_num: -1

Best config: CDN_DP_region_0_3_c6 in mgmt_core: area: 11537542800 ,dp = 4 mux = 10 sg = very_fast    worst_clk_period: -1.0000 
    wns: 0  norm_wns:  -1.0000 
    fail_endp: -1 
    tns:  0  tns_per_endp:  -1.0000   norm_tns_per_endp:  -1.0000 
    tns_sense_max:  -1.0000  tns_sense_avg:  -1.0000   tns_sense_num: -1
  Smallest config area : 11537542800.  Fastest config wns;  0
##>+----------------------------------------------------------------------------------------------------------------------------------------------------------------+
##>Summary table of configs (Best config is CDN_DP_region_0_3_c6)
##>+----------------------------------------------------------------------------------------------------------------------------------------------------------------+
##>                     0                  1                  2                  3                  4                  5                  6                  7            
##>+----------------------------------------------------------------------------------------------------------------------------------------------------------------+
##>           Area      16836266160        11537542800        11537542800        11537542800        11537542800        11537542800        11537542800        16665339600  
##>            WNS         +3088.90           +3088.90           +3088.90           +3088.90           +3088.90           +3088.90           +3088.90           +3088.90  
##>            TNS                0                  0                  0                  0                  0                  0                  0                  0  
##>    Num Rewrite                0                  0                  0                  0                  0                  0                  0                  3  
##>     Num Factor                0                  0                  0                  0                  0                  0                  0                  0  
##>      Num Share                0                  1                  1                  1                  1                  1                  1                  1  
##>   Num CmultCse                0                  0                  0                  0                  0                  0                  0                  0  
##>   Num Downsize                0                  0                  0                  0                  0                  0                  0                  0  
##>  Num Speculate                0                  0                  0                  0                  0                  0                  0                  0  
##>     Runtime(s)                0                  0                  0                  0                  0                  0                  0                  0  
+----------------------------------------------------------------------------------------------------------------------------------------------------------------+
##>
##>
##>+-----------------------------------------------------------------------------------------------------------------------------------------------------------------------------------------------------+
##>Optimization Step DEBUG Table for config CDN_DP_region_0_3_c6
##>
##>                          Step                        Area   (  % Chg)         WNS (Change)          TNS (Change)                Power   (  % Chg)        Runtime (s)        Comment                   
##>+-----------------------------------------------------------------------------------------------------------------------------------------------------------------------------------------------------+
##>createMaxCarrySave              START            16836266160 (       )    107377271.30 (        )          0 (        )                    0 (       )              
##> datapath_rewrite_one_def       START            16836266160 (  +0.00)    107377271.30 (   +0.00)          0 (       0)                    0 (  +0.00)              
##>  fast_cse_elim                 START            16836266160 (  +0.00)    107377271.30 (   +0.00)          0 (       0)                    0 (  +0.00)              
##>                                  END            16836266160 (  +0.00)    107377271.30 (   +0.00)          0 (       0)                    0 (  +0.00)           0  
##>  fast_cse_elim                 START            16836266160 (  +0.00)    107377271.30 (   +0.00)          0 (       0)                    0 (  +0.00)              
##>                                  END            16836266160 (  +0.00)    107377271.30 (   +0.00)          0 (       0)                    0 (  +0.00)           0  
##>                                  END            16836266160 (  +0.00)    107377271.30 (   +0.00)          0 (       0)                    0 (  +0.00)           0  
##> dpopt_share_one_def            START            16836266160 (  +0.00)    107377271.30 (   +0.00)          0 (       0)                    0 (  +0.00)              
##>                                  END            13262832765 ( -21.22)    107377271.30 (   +0.00)          0 (       0)                    0 (  +0.00)           0  
##> csa_opto                       START            13262832765 (  +0.00)    214748364.70 (+107371093.40)          0 (       0)                    0 (  +0.00)              
##>                                  END            13262832765 (  +0.00)    214748364.70 (   +0.00)          0 (       0)                    0 (  +0.00)           0  
##>                                  END            13262832765 ( -21.22)    214748364.70 (+107371093.40)          0 (       0)                    0 (  +0.00)           0  
##>canonicalize_by_names           START            13262832765 (  +0.00)    214748364.70 (   +0.00)          0 (       0)                    0 (  +0.00)              
##>                                  END            13262832765 (  +0.00)    214748364.70 (   +0.00)          0 (       0)                    0 (  +0.00)           0  
##>datapath_rewrite_post_csa_one_  START            13262832765 (  +0.00)    214748364.70 (   +0.00)          0 (       0)                    0 (  +0.00)              
##>                                  END            13262832765 (  +0.00)    214748364.70 (   +0.00)          0 (       0)                    0 (  +0.00)           0  
##>datapath_csa_factoring_one_gde  START            13262832765 (  +0.00)    214748364.70 (   +0.00)          0 (       0)                    0 (  +0.00)              
##>                                  END            13262832765 (  +0.00)    214748364.70 (   +0.00)          0 (       0)                    0 (  +0.00)           0  
##>dpopt_share_one_def             START            13262832765 (  +0.00)    214748364.70 (   +0.00)          0 (       0)                    0 (  +0.00)              
##>                                  END            13262832765 (  +0.00)    214748364.70 (   +0.00)          0 (       0)                    0 (  +0.00)           0  
##>datapath_rewrite_post_share     START            13262832765 (  +0.00)    214748364.70 (   +0.00)          0 (       0)                    0 (  +0.00)              
##>                                  END            13262832765 (  +0.00)    214748364.70 (   +0.00)          0 (       0)                    0 (  +0.00)           0  
##>dp_combine_const_mult_with_com  START            13262832765 (  +0.00)    214748364.70 (   +0.00)          0 (       0)                    0 (  +0.00)              
##>                                  END            13262832765 (  +0.00)    214748364.70 (   +0.00)          0 (       0)                    0 (  +0.00)           0  
##>speculate_in_gdef               START            13262832765 (  +0.00)    214748364.70 (   +0.00)          0 (       0)                    0 (  +0.00)              
##> pre_speculate_mux_merge        START            13262832765 (  +0.00)    214748364.70 (   +0.00)          0 (       0)                    0 (  +0.00)              
##>                                  END            13262832765 (  +0.00)    214748364.70 (   +0.00)          0 (       0)                    0 (  +0.00)           0  
##>                                  END            13262832765 (  +0.00)    214748364.70 (   +0.00)          0 (       0)                    0 (  +0.00)           0  
##>dp_operator_level_decompositio  START            13262832765 (  +0.00)    214748364.70 (   +0.00)          0 (       0)                    0 (  +0.00)              
##>                                  END            13262832765 (  +0.00)    214748364.70 (   +0.00)          0 (       0)                    0 (  +0.00)           0  
##>selective_flatten_dp_config     START            13262832765 (  +0.00)    214748364.70 (   +0.00)          0 (       0)                    0 (  +0.00)              
##>                                  END            13001101470 (  -1.97)    214748364.70 (   +0.00)          0 (       0)                    0 (  +0.00)           0  
##>createMaxCarrySave              START            13001101470 (  +0.00)    214748364.70 (   +0.00)          0 (       0)                    0 (  +0.00)              
##> datapath_rewrite_one_def       START            13001101470 (  +0.00)    214748364.70 (   +0.00)          0 (       0)                    0 (  +0.00)              
##>  fast_cse_elim                 START            13001101470 (  +0.00)    214748364.70 (   +0.00)          0 (       0)                    0 (  +0.00)              
##>                                  END            13001101470 (  +0.00)    214748364.70 (   +0.00)          0 (       0)                    0 (  +0.00)           0  
##>  fast_cse_elim                 START            13001101470 (  +0.00)    214748364.70 (   +0.00)          0 (       0)                    0 (  +0.00)              
##>                                  END            13001101470 (  +0.00)    214748364.70 (   +0.00)          0 (       0)                    0 (  +0.00)           0  
##>                                  END            13001101470 (  +0.00)    214748364.70 (   +0.00)          0 (       0)                    0 (  +0.00)           0  
##> dpopt_share_one_def            START            13001101470 (  +0.00)    214748364.70 (   +0.00)          0 (       0)                    0 (  +0.00)              
##>                                  END            13001101470 (  +0.00)    214748364.70 (   +0.00)          0 (       0)                    0 (  +0.00)           0  
##> csa_opto                       START            13001101470 (  +0.00)    214748364.70 (   +0.00)          0 (       0)                    0 (  +0.00)              
##>                                  END            13001101470 (  +0.00)    214748364.70 (   +0.00)          0 (       0)                    0 (  +0.00)           0  
##>                                  END            13001101470 (  +0.00)    214748364.70 (   +0.00)          0 (       0)                    0 (  +0.00)           0  
##>context_based_simplify          START            12274663590 (  -5.59)    214748364.70 (   +0.00)          0 (       0)                    0 (  +0.00)              
##>                                  END            11537542800 (  -6.01)    214748364.70 (   +0.00)          0 (       0)                    0 (  +0.00)           0  
##>group_csa_final_adder_dp        START            11537542800 (  +0.00)    214748364.70 (   +0.00)          0 (       0)                    0 (  +0.00)              
##>                                  END            11537542800 (  +0.00)    214748364.70 (   +0.00)          0 (       0)                    0 (  +0.00)           0  
##>dpopt_flatten_critical_muxes_i  START            11537542800 (  +0.00)    214748364.70 (   +0.00)          0 (       0)                    0 (  +0.00)              
##>                                  END            11537542800 (  +0.00)    214748364.70 (   +0.00)          0 (       0)                    0 (  +0.00)           0  
##>speculate_in_gdef               START            11537542800 (  +0.00)    214748364.70 (   +0.00)          0 (       0)                    0 (  +0.00)              
##> pre_speculate_mux_merge        START            11537542800 (  +0.00)    214748364.70 (   +0.00)          0 (       0)                    0 (  +0.00)              
##>                                  END            11537542800 (  +0.00)    214748364.70 (   +0.00)          0 (       0)                    0 (  +0.00)           0  
##>                                  END            11537542800 (  +0.00)    214748364.70 (   +0.00)          0 (       0)                    0 (  +0.00)           0  
##>create_score                    START            11537542800 (  +0.00)     3088.90 (-214745275.80)          0 (       0)                    0 (  +0.00)              
##>                                  END            11537542800 (  +0.00)     3088.90 (   +0.00)          0 (       0)                    0 (  +0.00)           0  
##>+-----------------------------------------------------------------------------------------------------------------------------------------------------------------------------------------------------+
Committed config: CDN_DP_region_0_3_c6
Info    : Done implementing datapath configurations. [DPOPT-4]
        : Selected 'very_fast' configuration 6 for module 'CDN_DP_region_0_3_c6'.
          Optimizations applied to 'very_fast' configuration:
            rewriting(0), factoring(0), sharing(1), cmultcse(0), downsizing(0), speculation(0)
Info    : Implementing datapath configurations. [DPOPT-3]
        : Implementing datapath configurations for 'CDN_DP_region_0_6'
CSAGen Prep Share:0 Re-Write:0 Speculation: 0
CDN_DP_region_0_6 level = 0 loads = 1 drivers = 0
CDN_DP_region_0_6_c0 in mgmt_core: area: 1313997930 ,dp = 0 mux = 2 sg = slow         worst_clk_period: -1.0000 
    wns: 0  norm_wns:  -1.0000 
    fail_endp: -1 
    tns:  0  tns_per_endp:  -1.0000   norm_tns_per_endp:  -1.0000 
    tns_sense_max:  -1.0000  tns_sense_avg:  -1.0000   tns_sense_num: -1
 skipped
CDN_DP_region_0_6_c1 in mgmt_core: area: 1313997930 ,dp = 0 mux = 2 sg = fast         worst_clk_period: -1.0000 
    wns: 0  norm_wns:  -1.0000 
    fail_endp: -1 
    tns:  0  tns_per_endp:  -1.0000   norm_tns_per_endp:  -1.0000 
    tns_sense_max:  -1.0000  tns_sense_avg:  -1.0000   tns_sense_num: -1
 is current best
CDN_DP_region_0_6_c2 in mgmt_core: area: 1313997930 ,dp = 0 mux = 2 sg = very_slow    worst_clk_period: -1.0000 
    wns: 0  norm_wns:  -1.0000 
    fail_endp: -1 
    tns:  0  tns_per_endp:  -1.0000   norm_tns_per_endp:  -1.0000 
    tns_sense_max:  -1.0000  tns_sense_avg:  -1.0000   tns_sense_num: -1
 is current best
CDN_DP_region_0_6_c3 in mgmt_core: area: 1313997930 ,dp = 0 mux = 2 sg = very_fast    worst_clk_period: -1.0000 
    wns: 0  norm_wns:  -1.0000 
    fail_endp: -1 
    tns:  0  tns_per_endp:  -1.0000   norm_tns_per_endp:  -1.0000 
    tns_sense_max:  -1.0000  tns_sense_avg:  -1.0000   tns_sense_num: -1
 is current best
CDN_DP_region_0_6_c4 in mgmt_core: area: 1313997930 ,dp = 0 mux = 2 sg = very_fast    worst_clk_period: -1.0000 
    wns: 0  norm_wns:  -1.0000 
    fail_endp: -1 
    tns:  0  tns_per_endp:  -1.0000   norm_tns_per_endp:  -1.0000 
    tns_sense_max:  -1.0000  tns_sense_avg:  -1.0000   tns_sense_num: -1
 is current best
CDN_DP_region_0_6_c5 in mgmt_core: area: 1313997930 ,dp = 0 mux = 2 sg = very_fast    worst_clk_period: -1.0000 
    wns: 0  norm_wns:  -1.0000 
    fail_endp: -1 
    tns:  0  tns_per_endp:  -1.0000   norm_tns_per_endp:  -1.0000 
    tns_sense_max:  -1.0000  tns_sense_avg:  -1.0000   tns_sense_num: -1
 is current best
CDN_DP_region_0_6_c6 in mgmt_core: area: 1313997930 ,dp = 0 mux = 2 sg = very_fast    worst_clk_period: -1.0000 
    wns: 0  norm_wns:  -1.0000 
    fail_endp: -1 
    tns:  0  tns_per_endp:  -1.0000   norm_tns_per_endp:  -1.0000 
    tns_sense_max:  -1.0000  tns_sense_avg:  -1.0000   tns_sense_num: -1
 is current best
CDN_DP_region_0_6_c7 in mgmt_core: area: 1313997930 ,dp = 0 mux = 2 sg = very_fast    worst_clk_period: -1.0000 
    wns: 0  norm_wns:  -1.0000 
    fail_endp: -1 
    tns:  0  tns_per_endp:  -1.0000   norm_tns_per_endp:  -1.0000 
    tns_sense_max:  -1.0000  tns_sense_avg:  -1.0000   tns_sense_num: -1
 is current best
Best config: CDN_DP_region_0_6_c7 in mgmt_core: area: 1313997930 ,dp = 0 mux = 2 sg = very_fast    worst_clk_period: -1.0000 
    wns: 0  norm_wns:  -1.0000 
    fail_endp: -1 
    tns:  0  tns_per_endp:  -1.0000   norm_tns_per_endp:  -1.0000 
    tns_sense_max:  -1.0000  tns_sense_avg:  -1.0000   tns_sense_num: -1
  Smallest config area : 1313997930.  Fastest config wns;  0
##>+----------------------------------------------------------------------------------------------------------------------------------------------------------------+
##>Summary table of configs (Best config is CDN_DP_region_0_6_c7)
##>+----------------------------------------------------------------------------------------------------------------------------------------------------------------+
##>                     0                  1                  2                  3                  4                  5                  6                  7            
##>+----------------------------------------------------------------------------------------------------------------------------------------------------------------+
##>           Area       1313997930         1313997930         1313997930         1313997930         1313997930         1313997930         1313997930         1313997930  
##>            WNS         +3370.60           +3370.60           +3370.60           +3370.60           +3370.60           +3370.60           +3370.60           +3370.60  
##>            TNS                0                  0                  0                  0                  0                  0                  0                  0  
##>    Num Rewrite                0                  0                  0                  0                  0                  0                  0                  0  
##>     Num Factor                0                  0                  0                  0                  0                  0                  0                  0  
##>      Num Share                0                  0                  0                  0                  0                  0                  0                  0  
##>   Num CmultCse                0                  0                  0                  0                  0                  0                  0                  0  
##>   Num Downsize                0                  0                  0                  0                  0                  0                  0                  0  
##>  Num Speculate                0                  0                  0                  0                  0                  0                  0                  0  
##>     Runtime(s)                0                  0                  0                  0                  0                  0                  0                  0  
+----------------------------------------------------------------------------------------------------------------------------------------------------------------+
##>
##>
##>+-----------------------------------------------------------------------------------------------------------------------------------------------------------------------------------------------------+
##>Optimization Step DEBUG Table for config CDN_DP_region_0_6_c7
##>
##>                          Step                        Area   (  % Chg)         WNS (Change)          TNS (Change)                Power   (  % Chg)        Runtime (s)        Comment                   
##>+-----------------------------------------------------------------------------------------------------------------------------------------------------------------------------------------------------+
##>EquationExtraction              START             1313997930 (       )     3370.60 (        )          0 (        )                    0 (       )              
##>                                  END             1313997930 (  +0.00)     3370.60 (   +0.00)          0 (       0)                    0 (  +0.00)           0  
##>createMaxCarrySave              START             1313997930 (  +0.00)     3370.60 (   +0.00)          0 (       0)                    0 (  +0.00)              
##> datapath_rewrite_one_def       START             1313997930 (  +0.00)     3370.60 (   +0.00)          0 (       0)                    0 (  +0.00)              
##>                                  END             1313997930 (  +0.00)     3370.60 (   +0.00)          0 (       0)                    0 (  +0.00)           0  
##> csa_opto                       START             1313997930 (  +0.00)     3370.60 (   +0.00)          0 (       0)                    0 (  +0.00)              
##>                                  END             1313997930 (  +0.00)     3370.60 (   +0.00)          0 (       0)                    0 (  +0.00)           0  
##>                                  END             1313997930 (  +0.00)     3370.60 (   +0.00)          0 (       0)                    0 (  +0.00)           0  
##>canonicalize_by_names           START             1313997930 (  +0.00)     3370.60 (   +0.00)          0 (       0)                    0 (  +0.00)              
##>                                  END             1313997930 (  +0.00)     3370.60 (   +0.00)          0 (       0)                    0 (  +0.00)           0  
##>datapath_rewrite_post_csa_one_  START             1313997930 (  +0.00)     3370.60 (   +0.00)          0 (       0)                    0 (  +0.00)              
##>                                  END             1313997930 (  +0.00)     3370.60 (   +0.00)          0 (       0)                    0 (  +0.00)           0  
##>datapath_csa_factoring_one_gde  START             1313997930 (  +0.00)     3370.60 (   +0.00)          0 (       0)                    0 (  +0.00)              
##>                                  END             1313997930 (  +0.00)     3370.60 (   +0.00)          0 (       0)                    0 (  +0.00)           0  
##>dpopt_share_one_def             START             1313997930 (  +0.00)     3370.60 (   +0.00)          0 (       0)                    0 (  +0.00)              
##>                                  END             1313997930 (  +0.00)     3370.60 (   +0.00)          0 (       0)                    0 (  +0.00)           0  
##>datapath_rewrite_post_share     START             1313997930 (  +0.00)     3370.60 (   +0.00)          0 (       0)                    0 (  +0.00)              
##>                                  END             1313997930 (  +0.00)     3370.60 (   +0.00)          0 (       0)                    0 (  +0.00)           0  
##>dp_combine_const_mult_with_com  START             1313997930 (  +0.00)     3370.60 (   +0.00)          0 (       0)                    0 (  +0.00)              
##>                                  END             1313997930 (  +0.00)     3370.60 (   +0.00)          0 (       0)                    0 (  +0.00)           0  
##>dp_operator_level_decompositio  START             1313997930 (  +0.00)     3370.60 (   +0.00)          0 (       0)                    0 (  +0.00)              
##>                                  END             1313997930 (  +0.00)     3370.60 (   +0.00)          0 (       0)                    0 (  +0.00)           0  
##>selective_flatten_dp_config     START             1313997930 (  +0.00)     3370.60 (   +0.00)          0 (       0)                    0 (  +0.00)              
##>                                  END             1313997930 (  +0.00)     3370.60 (   +0.00)          0 (       0)                    0 (  +0.00)           0  
##>createMaxCarrySave              START             1313997930 (  +0.00)     3370.60 (   +0.00)          0 (       0)                    0 (  +0.00)              
##> datapath_rewrite_one_def       START             1313997930 (  +0.00)     3370.60 (   +0.00)          0 (       0)                    0 (  +0.00)              
##>  fast_cse_elim                 START             1313997930 (  +0.00)     3370.60 (   +0.00)          0 (       0)                    0 (  +0.00)              
##>                                  END             1313997930 (  +0.00)     3370.60 (   +0.00)          0 (       0)                    0 (  +0.00)           0  
##>  fast_cse_elim                 START             1313997930 (  +0.00)     3370.60 (   +0.00)          0 (       0)                    0 (  +0.00)              
##>                                  END             1313997930 (  +0.00)     3370.60 (   +0.00)          0 (       0)                    0 (  +0.00)           0  
##>                                  END             1313997930 (  +0.00)     3370.60 (   +0.00)          0 (       0)                    0 (  +0.00)           0  
##> csa_opto                       START             1313997930 (  +0.00)     3370.60 (   +0.00)          0 (       0)                    0 (  +0.00)              
##>                                  END             1313997930 (  +0.00)     3370.60 (   +0.00)          0 (       0)                    0 (  +0.00)           0  
##>                                  END             1313997930 (  +0.00)     3370.60 (   +0.00)          0 (       0)                    0 (  +0.00)           0  
##>context_based_simplify          START             1313997930 (  +0.00)     3370.60 (   +0.00)          0 (       0)                    0 (  +0.00)              
##>                                  END             1313997930 (  +0.00)     3370.60 (   +0.00)          0 (       0)                    0 (  +0.00)           0  
##>group_csa_final_adder_dp        START             1313997930 (  +0.00)     3370.60 (   +0.00)          0 (       0)                    0 (  +0.00)              
##>                                  END             1313997930 (  +0.00)     3370.60 (   +0.00)          0 (       0)                    0 (  +0.00)           0  
##>dpopt_flatten_critical_muxes_i  START             1313997930 (  +0.00)     3370.60 (   +0.00)          0 (       0)                    0 (  +0.00)              
##>                                  END             1313997930 (  +0.00)     3370.60 (   +0.00)          0 (       0)                    0 (  +0.00)           0  
##>create_score                    START             1313997930 (  +0.00)     3370.60 (   +0.00)          0 (       0)                    0 (  +0.00)              
##>                                  END             1313997930 (  +0.00)     3370.60 (   +0.00)          0 (       0)                    0 (  +0.00)           0  
##>+-----------------------------------------------------------------------------------------------------------------------------------------------------------------------------------------------------+
Committed config: CDN_DP_region_0_6_c7
Info    : Done implementing datapath configurations. [DPOPT-4]
        : Selected 'very_fast' configuration 7 for module 'CDN_DP_region_0_6_c7'.
          Optimizations applied to 'very_fast' configuration:
            rewriting(0), factoring(0), sharing(0), cmultcse(0), downsizing(0), speculation(0)
Info    : Implementing datapath configurations. [DPOPT-3]
        : Implementing datapath configurations for 'CDN_DP_region_0_2'
CSAGen Prep Share:0 Re-Write:0 Speculation: 0
CDN_DP_region_0_2 level = 0 loads = 0 drivers = 0
CDN_DP_region_0_2_c0 in mgmt_core: area: 2147264910 ,dp = 1 mux = 1 sg = slow         worst_clk_period: -1.0000 
    wns: 0  norm_wns:  -1.0000 
    fail_endp: -1 
    tns:  0  tns_per_endp:  -1.0000   norm_tns_per_endp:  -1.0000 
    tns_sense_max:  -1.0000  tns_sense_avg:  -1.0000   tns_sense_num: -1
 skipped
CDN_DP_region_0_2_c1 in mgmt_core: area: 2093850360 ,dp = 0 mux = 1 sg = fast         worst_clk_period: -1.0000 
    wns: 0  norm_wns:  -1.0000 
    fail_endp: -1 
    tns:  0  tns_per_endp:  -1.0000   norm_tns_per_endp:  -1.0000 
    tns_sense_max:  -1.0000  tns_sense_avg:  -1.0000   tns_sense_num: -1
 is current best
CDN_DP_region_0_2_c2 in mgmt_core: area: 2093850360 ,dp = 0 mux = 1 sg = very_slow    worst_clk_period: -1.0000 
    wns: 0  norm_wns:  -1.0000 
    fail_endp: -1 
    tns:  0  tns_per_endp:  -1.0000   norm_tns_per_endp:  -1.0000 
    tns_sense_max:  -1.0000  tns_sense_avg:  -1.0000   tns_sense_num: -1
 is current best
CDN_DP_region_0_2_c3 in mgmt_core: area: 2093850360 ,dp = 0 mux = 1 sg = very_fast    worst_clk_period: -1.0000 
    wns: 0  norm_wns:  -1.0000 
    fail_endp: -1 
    tns:  0  tns_per_endp:  -1.0000   norm_tns_per_endp:  -1.0000 
    tns_sense_max:  -1.0000  tns_sense_avg:  -1.0000   tns_sense_num: -1
 is current best
CDN_DP_region_0_2_c4 in mgmt_core: area: 2093850360 ,dp = 0 mux = 1 sg = very_fast    worst_clk_period: -1.0000 
    wns: 0  norm_wns:  -1.0000 
    fail_endp: -1 
    tns:  0  tns_per_endp:  -1.0000   norm_tns_per_endp:  -1.0000 
    tns_sense_max:  -1.0000  tns_sense_avg:  -1.0000   tns_sense_num: -1
 is current best
CDN_DP_region_0_2_c5 in mgmt_core: area: 2093850360 ,dp = 0 mux = 1 sg = very_fast    worst_clk_period: -1.0000 
    wns: 0  norm_wns:  -1.0000 
    fail_endp: -1 
    tns:  0  tns_per_endp:  -1.0000   norm_tns_per_endp:  -1.0000 
    tns_sense_max:  -1.0000  tns_sense_avg:  -1.0000   tns_sense_num: -1
 is current best
CDN_DP_region_0_2_c6 in mgmt_core: area: 2093850360 ,dp = 0 mux = 1 sg = very_fast    worst_clk_period: -1.0000 
    wns: 0  norm_wns:  -1.0000 
    fail_endp: -1 
    tns:  0  tns_per_endp:  -1.0000   norm_tns_per_endp:  -1.0000 
    tns_sense_max:  -1.0000  tns_sense_avg:  -1.0000   tns_sense_num: -1
 is current best
CDN_DP_region_0_2_c7 in mgmt_core: area: 2093850360 ,dp = 0 mux = 1 sg = very_fast    worst_clk_period: -1.0000 
    wns: 0  norm_wns:  -1.0000 
    fail_endp: -1 
    tns:  0  tns_per_endp:  -1.0000   norm_tns_per_endp:  -1.0000 
    tns_sense_max:  -1.0000  tns_sense_avg:  -1.0000   tns_sense_num: -1
 is current best
Best config: CDN_DP_region_0_2_c7 in mgmt_core: area: 2093850360 ,dp = 0 mux = 1 sg = very_fast    worst_clk_period: -1.0000 
    wns: 0  norm_wns:  -1.0000 
    fail_endp: -1 
    tns:  0  tns_per_endp:  -1.0000   norm_tns_per_endp:  -1.0000 
    tns_sense_max:  -1.0000  tns_sense_avg:  -1.0000   tns_sense_num: -1
  Smallest config area : 2093850360.  Fastest config wns;  0
##>+----------------------------------------------------------------------------------------------------------------------------------------------------------------+
##>Summary table of configs (Best config is CDN_DP_region_0_2_c7)
##>+----------------------------------------------------------------------------------------------------------------------------------------------------------------+
##>                     0                  1                  2                  3                  4                  5                  6                  7            
##>+----------------------------------------------------------------------------------------------------------------------------------------------------------------+
##>           Area       2147264910         2093850360         2093850360         2093850360         2093850360         2093850360         2093850360         2093850360  
##>            WNS         +3284.80           +3283.60           +3283.60           +3283.60           +3283.60           +3283.60           +3283.60           +3283.60  
##>            TNS                0                  0                  0                  0                  0                  0                  0                  0  
##>    Num Rewrite                0                  0                  0                  0                  0                  0                  0                  0  
##>     Num Factor                0                  0                  0                  0                  0                  0                  0                  0  
##>      Num Share                0                  0                  0                  0                  0                  0                  0                  0  
##>   Num CmultCse                0                  0                  0                  0                  0                  0                  0                  0  
##>   Num Downsize                0                  0                  0                  0                  0                  0                  0                  0  
##>  Num Speculate                0                  0                  0                  0                  0                  0                  0                  0  
##>     Runtime(s)                0                  0                  0                  0                  0                  0                  0                  0  
+----------------------------------------------------------------------------------------------------------------------------------------------------------------+
##>
##>
##>+-----------------------------------------------------------------------------------------------------------------------------------------------------------------------------------------------------+
##>Optimization Step DEBUG Table for config CDN_DP_region_0_2_c7
##>
##>                          Step                        Area   (  % Chg)         WNS (Change)          TNS (Change)                Power   (  % Chg)        Runtime (s)        Comment                   
##>+-----------------------------------------------------------------------------------------------------------------------------------------------------------------------------------------------------+
##>EquationExtraction              START             2147264910 (       )     3284.80 (        )          0 (        )                    0 (       )              
##>                                  END             2147264910 (  +0.00)     3284.80 (   +0.00)          0 (       0)                    0 (  +0.00)           0  
##>createMaxCarrySave              START             2147264910 (  +0.00)     3284.80 (   +0.00)          0 (       0)                    0 (  +0.00)              
##> datapath_rewrite_one_def       START             2147264910 (  +0.00)     3284.80 (   +0.00)          0 (       0)                    0 (  +0.00)              
##>                                  END             2147264910 (  +0.00)     3284.80 (   +0.00)          0 (       0)                    0 (  +0.00)           0  
##> csa_opto                       START             2147264910 (  +0.00)     3284.80 (   +0.00)          0 (       0)                    0 (  +0.00)              
##>                                  END             2147264910 (  +0.00)     3284.80 (   +0.00)          0 (       0)                    0 (  +0.00)           0  
##>                                  END             2147264910 (  +0.00)     3284.80 (   +0.00)          0 (       0)                    0 (  +0.00)           0  
##>canonicalize_by_names           START             2147264910 (  +0.00)     3284.80 (   +0.00)          0 (       0)                    0 (  +0.00)              
##>                                  END             2147264910 (  +0.00)     3284.80 (   +0.00)          0 (       0)                    0 (  +0.00)           0  
##>datapath_rewrite_post_csa_one_  START             2147264910 (  +0.00)     3284.80 (   +0.00)          0 (       0)                    0 (  +0.00)              
##>                                  END             2147264910 (  +0.00)     3284.80 (   +0.00)          0 (       0)                    0 (  +0.00)           0  
##>datapath_csa_factoring_one_gde  START             2147264910 (  +0.00)     3284.80 (   +0.00)          0 (       0)                    0 (  +0.00)              
##>                                  END             2147264910 (  +0.00)     3284.80 (   +0.00)          0 (       0)                    0 (  +0.00)           0  
##>dpopt_share_one_def             START             2147264910 (  +0.00)     3284.80 (   +0.00)          0 (       0)                    0 (  +0.00)              
##>                                  END             2147264910 (  +0.00)     3284.80 (   +0.00)          0 (       0)                    0 (  +0.00)           0  
##>datapath_rewrite_post_share     START             2147264910 (  +0.00)     3284.80 (   +0.00)          0 (       0)                    0 (  +0.00)              
##>                                  END             2147264910 (  +0.00)     3284.80 (   +0.00)          0 (       0)                    0 (  +0.00)           0  
##>dp_combine_const_mult_with_com  START             2147264910 (  +0.00)     3284.80 (   +0.00)          0 (       0)                    0 (  +0.00)              
##>                                  END             2147264910 (  +0.00)     3284.80 (   +0.00)          0 (       0)                    0 (  +0.00)           0  
##>dp_operator_level_decompositio  START             2147264910 (  +0.00)     3284.80 (   +0.00)          0 (       0)                    0 (  +0.00)              
##>                                  END             2147264910 (  +0.00)     3284.80 (   +0.00)          0 (       0)                    0 (  +0.00)           0  
##>selective_flatten_dp_config     START             2147264910 (  +0.00)     3284.80 (   +0.00)          0 (       0)                    0 (  +0.00)              
##>                                  END             2147264910 (  +0.00)     3284.80 (   +0.00)          0 (       0)                    0 (  +0.00)           0  
##>createMaxCarrySave              START             2147264910 (  +0.00)     3284.80 (   +0.00)          0 (       0)                    0 (  +0.00)              
##> datapath_rewrite_one_def       START             2147264910 (  +0.00)     3284.80 (   +0.00)          0 (       0)                    0 (  +0.00)              
##>  fast_cse_elim                 START             2147264910 (  +0.00)     3284.80 (   +0.00)          0 (       0)                    0 (  +0.00)              
##>                                  END             2147264910 (  +0.00)     3284.80 (   +0.00)          0 (       0)                    0 (  +0.00)           0  
##>  fast_cse_elim                 START             2147264910 (  +0.00)     3284.80 (   +0.00)          0 (       0)                    0 (  +0.00)              
##>                                  END             2147264910 (  +0.00)     3284.80 (   +0.00)          0 (       0)                    0 (  +0.00)           0  
##>                                  END             2147264910 (  +0.00)     3284.80 (   +0.00)          0 (       0)                    0 (  +0.00)           0  
##> csa_opto                       START             2147264910 (  +0.00)     3284.80 (   +0.00)          0 (       0)                    0 (  +0.00)              
##>                                  END             2147264910 (  +0.00)     3284.80 (   +0.00)          0 (       0)                    0 (  +0.00)           0  
##>                                  END             2147264910 (  +0.00)     3284.80 (   +0.00)          0 (       0)                    0 (  +0.00)           0  
##>context_based_simplify          START             2093850360 (  -2.49)     3283.60 (   -1.20)          0 (       0)                    0 (  +0.00)              
##>                                  END             2093850360 (  +0.00)     3283.60 (   +0.00)          0 (       0)                    0 (  +0.00)           0  
##>group_csa_final_adder_dp        START             2093850360 (  +0.00)     3283.60 (   +0.00)          0 (       0)                    0 (  +0.00)              
##>                                  END             2093850360 (  +0.00)     3283.60 (   +0.00)          0 (       0)                    0 (  +0.00)           0  
##>dpopt_flatten_critical_muxes_i  START             2093850360 (  +0.00)     3283.60 (   +0.00)          0 (       0)                    0 (  +0.00)              
##>                                  END             2093850360 (  +0.00)     3283.60 (   +0.00)          0 (       0)                    0 (  +0.00)           0  
##>create_score                    START             2093850360 (  +0.00)     3283.60 (   +0.00)          0 (       0)                    0 (  +0.00)              
##>                                  END             2093850360 (  +0.00)     3283.60 (   +0.00)          0 (       0)                    0 (  +0.00)           0  
##>+-----------------------------------------------------------------------------------------------------------------------------------------------------------------------------------------------------+
Committed config: CDN_DP_region_0_2_c7
Info    : Done implementing datapath configurations. [DPOPT-4]
        : Selected 'very_fast' configuration 7 for module 'CDN_DP_region_0_2_c7'.
          Optimizations applied to 'very_fast' configuration:
            rewriting(0), factoring(0), sharing(0), cmultcse(0), downsizing(0), speculation(0)
Info    : Optimized a mux chain. [DPOPT-10]
        : Created Flattened Mux 'F_mux_uart_phy_rx_count_rs232phy_rs232phyrx_next_value0_4253_11' in design 'CDN_DP_region_0_9'.
	The following set of instances are flattened ( mux_uart_phy_rx_count_rs232phy_rs232phyrx_next_value0_4253_11 mux_uart_phy_rx_count_rs232phy_rs232phyrx_next_value0_4255_17 ).

Info    : Implementing datapath configurations. [DPOPT-3]
        : Implementing datapath configurations for 'CDN_DP_region_0_9'
CSAGen Prep Share:0 Re-Write:0 Speculation: 0
    MaxCSA: weighted_instance_count is 8 
MaxCSA: Successfully built Maximal CSA Expression Expr3
    MaxCSA: weighted_instance_count is 56 
MaxCSA: Successfully built Maximal CSA Expression Expr4
      Timing increment_unsigned_1289...
        Done timing increment_unsigned_1289.
      Timing increment_unsigned_1291_1297...
        Done timing increment_unsigned_1291_1297.
      Timing increment_unsigned_1291_1306...
        Done timing increment_unsigned_1291_1306.
      Timing increment_unsigned_1291_1315...
        Done timing increment_unsigned_1291_1315.
      Timing increment_unsigned_1291_1324...
        Done timing increment_unsigned_1291_1324.
      Timing increment_unsigned_1291_1333...
        Done timing increment_unsigned_1291_1333.
      Timing increment_unsigned_1291_1342...
        Done timing increment_unsigned_1291_1342.
      Timing increment_unsigned_1291_1351...
        Done timing increment_unsigned_1291_1351.
CDN_DP_region_0_9 level = 0 loads = 1 drivers = 0
CDN_DP_region_0_9_c0 in mgmt_core: area: 2820288240 ,dp = 2 mux = 17 sg = slow         worst_clk_period: -1.0000 
    wns: 0  norm_wns:  -1.0000 
    fail_endp: -1 
    tns:  0  tns_per_endp:  -1.0000   norm_tns_per_endp:  -1.0000 
    tns_sense_max:  -1.0000  tns_sense_avg:  -1.0000   tns_sense_num: -1
 skipped
CDN_DP_region_0_9_c1 in mgmt_core: area: 2793580965 ,dp = 2 mux = 17 sg = fast         worst_clk_period: -1.0000 
    wns: 0  norm_wns:  -1.0000 
    fail_endp: -1 
    tns:  0  tns_per_endp:  -1.0000   norm_tns_per_endp:  -1.0000 
    tns_sense_max:  -1.0000  tns_sense_avg:  -1.0000   tns_sense_num: -1
 is current best
CDN_DP_region_0_9_c2 in mgmt_core: area: 2793580965 ,dp = 2 mux = 17 sg = very_slow    worst_clk_period: -1.0000 
    wns: 0  norm_wns:  -1.0000 
    fail_endp: -1 
    tns:  0  tns_per_endp:  -1.0000   norm_tns_per_endp:  -1.0000 
    tns_sense_max:  -1.0000  tns_sense_avg:  -1.0000   tns_sense_num: -1
 is current best
CDN_DP_region_0_9_c3 in mgmt_core: area: 2793580965 ,dp = 2 mux = 17 sg = very_fast    worst_clk_period: -1.0000 
    wns: 0  norm_wns:  -1.0000 
    fail_endp: -1 
    tns:  0  tns_per_endp:  -1.0000   norm_tns_per_endp:  -1.0000 
    tns_sense_max:  -1.0000  tns_sense_avg:  -1.0000   tns_sense_num: -1
 is current best
CDN_DP_region_0_9_c4 in mgmt_core: area: 2793580965 ,dp = 2 mux = 17 sg = very_fast    worst_clk_period: -1.0000 
    wns: 0  norm_wns:  -1.0000 
    fail_endp: -1 
    tns:  0  tns_per_endp:  -1.0000   norm_tns_per_endp:  -1.0000 
    tns_sense_max:  -1.0000  tns_sense_avg:  -1.0000   tns_sense_num: -1
 is current best
CDN_DP_region_0_9_c5 in mgmt_core: area: 2793580965 ,dp = 2 mux = 17 sg = very_fast    worst_clk_period: -1.0000 
    wns: 0  norm_wns:  -1.0000 
    fail_endp: -1 
    tns:  0  tns_per_endp:  -1.0000   norm_tns_per_endp:  -1.0000 
    tns_sense_max:  -1.0000  tns_sense_avg:  -1.0000   tns_sense_num: -1
 is current best
CDN_DP_region_0_9_c6 in mgmt_core: area: 2793580965 ,dp = 2 mux = 17 sg = very_fast    worst_clk_period: -1.0000 
    wns: 0  norm_wns:  -1.0000 
    fail_endp: -1 
    tns:  0  tns_per_endp:  -1.0000   norm_tns_per_endp:  -1.0000 
    tns_sense_max:  -1.0000  tns_sense_avg:  -1.0000   tns_sense_num: -1
 is current best
CDN_DP_region_0_9_c7 in mgmt_core: area: 2793580965 ,dp = 2 mux = 17 sg = very_fast    worst_clk_period: -1.0000 
    wns: 0  norm_wns:  -1.0000 
    fail_endp: -1 
    tns:  0  tns_per_endp:  -1.0000   norm_tns_per_endp:  -1.0000 
    tns_sense_max:  -1.0000  tns_sense_avg:  -1.0000   tns_sense_num: -1
 is current best
Best config: CDN_DP_region_0_9_c7 in mgmt_core: area: 2793580965 ,dp = 2 mux = 17 sg = very_fast    worst_clk_period: -1.0000 
    wns: 0  norm_wns:  -1.0000 
    fail_endp: -1 
    tns:  0  tns_per_endp:  -1.0000   norm_tns_per_endp:  -1.0000 
    tns_sense_max:  -1.0000  tns_sense_avg:  -1.0000   tns_sense_num: -1
  Smallest config area : 2793580965.  Fastest config wns;  0
##>+----------------------------------------------------------------------------------------------------------------------------------------------------------------+
##>Summary table of configs (Best config is CDN_DP_region_0_9_c7)
##>+----------------------------------------------------------------------------------------------------------------------------------------------------------------+
##>                     0                  1                  2                  3                  4                  5                  6                  7            
##>+----------------------------------------------------------------------------------------------------------------------------------------------------------------+
##>           Area       2820288240         2793580965         2793580965         2793580965         2793580965         2793580965         2793580965         2793580965  
##>            WNS         +3539.30           +3539.30           +3539.30           +3539.30           +3539.30           +3539.30           +3539.30           +3539.30  
##>            TNS                0                  0                  0                  0                  0                  0                  0                  0  
##>    Num Rewrite                0                  0                  0                  0                  0                  0                  0                  0  
##>     Num Factor                0                  0                  0                  0                  0                  0                  0                  0  
##>      Num Share                0                  0                  0                  0                  0                  0                  0                  0  
##>   Num CmultCse                0                  0                  0                  0                  0                  0                  0                  0  
##>   Num Downsize                0                  0                  0                  0                  0                  0                  0                  0  
##>  Num Speculate                0                  0                  0                  0                  0                  0                  0                  0  
##>     Runtime(s)                0                  0                  0                  0                  0                  0                  0                  0  
+----------------------------------------------------------------------------------------------------------------------------------------------------------------+
##>
##>
##>+-----------------------------------------------------------------------------------------------------------------------------------------------------------------------------------------------------+
##>Optimization Step DEBUG Table for config CDN_DP_region_0_9_c7
##>
##>                          Step                        Area   (  % Chg)         WNS (Change)          TNS (Change)                Power   (  % Chg)        Runtime (s)        Comment                   
##>+-----------------------------------------------------------------------------------------------------------------------------------------------------------------------------------------------------+
##>EquationExtraction              START             2820288240 (       )     3539.30 (        )          0 (        )                    0 (       )              
##> rewrite                        START             4636382940 ( +64.39)     3503.10 (  -36.20)          0 (       0)                    0 (  +0.00)              (a,ar) Expr3_from --> Expr3_to
##>                                  END             4780602225 (  +3.11)     3503.10 (   +0.00)          0 (       0)                    0 (  +0.00)           0  
##> rewrite                        START             4780602225 (  +0.00)     3503.10 (   +0.00)          0 (       0)                    0 (  +0.00)              (a,ar) Expr4_from --> Expr4_to
##>                                  END             6302916900 ( +31.84)     3503.10 (   +0.00)          0 (       0)                    0 (  +0.00)           0  
##>                                  END             2820288240 (  +0.00)     3539.30 (   +0.00)          0 (       0)                    0 (  +0.00)           0  
##>createMaxCarrySave              START             2820288240 (  +0.00)     3539.30 (   +0.00)          0 (       0)                    0 (  +0.00)              
##> datapath_rewrite_one_def       START             2820288240 (  +0.00)     3539.30 (   +0.00)          0 (       0)                    0 (  +0.00)              
##>                                  END             2820288240 (  +0.00)     3539.30 (   +0.00)          0 (       0)                    0 (  +0.00)           0  
##> csa_opto                       START             2820288240 (  +0.00)     3539.30 (   +0.00)          0 (       0)                    0 (  +0.00)              
##>                                  END             2825629695 (  +0.19)     3539.30 (   +0.00)          0 (       0)                    0 (  +0.00)           0  
##>                                  END             2825629695 (  +0.19)     3539.30 (   +0.00)          0 (       0)                    0 (  +0.00)           0  
##>canonicalize_by_names           START             2825629695 (  +0.00)     3539.30 (   +0.00)          0 (       0)                    0 (  +0.00)              
##>                                  END             2825629695 (  +0.00)     3539.30 (   +0.00)          0 (       0)                    0 (  +0.00)           0  
##>datapath_rewrite_post_csa_one_  START             2825629695 (  +0.00)     3539.30 (   +0.00)          0 (       0)                    0 (  +0.00)              
##>                                  END             2825629695 (  +0.00)     3539.30 (   +0.00)          0 (       0)                    0 (  +0.00)           0  
##>datapath_csa_factoring_one_gde  START             2825629695 (  +0.00)     3539.30 (   +0.00)          0 (       0)                    0 (  +0.00)              
##>                                  END             2825629695 (  +0.00)     3539.30 (   +0.00)          0 (       0)                    0 (  +0.00)           0  
##>dpopt_share_one_def             START             2825629695 (  +0.00)     3539.30 (   +0.00)          0 (       0)                    0 (  +0.00)              
##>                                  END             2825629695 (  +0.00)     3539.30 (   +0.00)          0 (       0)                    0 (  +0.00)           0  
##>datapath_rewrite_post_share     START             2825629695 (  +0.00)     3539.30 (   +0.00)          0 (       0)                    0 (  +0.00)              
##>                                  END             2825629695 (  +0.00)     3539.30 (   +0.00)          0 (       0)                    0 (  +0.00)           0  
##>dp_combine_const_mult_with_com  START             2825629695 (  +0.00)     3539.30 (   +0.00)          0 (       0)                    0 (  +0.00)              
##>                                  END             2825629695 (  +0.00)     3539.30 (   +0.00)          0 (       0)                    0 (  +0.00)           0  
##>dp_operator_level_decompositio  START             2825629695 (  +0.00)     3539.30 (   +0.00)          0 (       0)                    0 (  +0.00)              
##>                                  END             2825629695 (  +0.00)     3539.30 (   +0.00)          0 (       0)                    0 (  +0.00)           0  
##>selective_flatten_dp_config     START             2825629695 (  +0.00)     3539.30 (   +0.00)          0 (       0)                    0 (  +0.00)              
##>                                  END             2825629695 (  +0.00)     3539.30 (   +0.00)          0 (       0)                    0 (  +0.00)           0  
##>createMaxCarrySave              START             2825629695 (  +0.00)     3539.30 (   +0.00)          0 (       0)                    0 (  +0.00)              
##> datapath_rewrite_one_def       START             2825629695 (  +0.00)     3539.30 (   +0.00)          0 (       0)                    0 (  +0.00)              
##>  fast_cse_elim                 START             2825629695 (  +0.00)     3539.30 (   +0.00)          0 (       0)                    0 (  +0.00)              
##>                                  END             2825629695 (  +0.00)     3539.30 (   +0.00)          0 (       0)                    0 (  +0.00)           0  
##>  fast_cse_elim                 START             2825629695 (  +0.00)     3539.30 (   +0.00)          0 (       0)                    0 (  +0.00)              
##>                                  END             2825629695 (  +0.00)     3539.30 (   +0.00)          0 (       0)                    0 (  +0.00)           0  
##>                                  END             2825629695 (  +0.00)     3539.30 (   +0.00)          0 (       0)                    0 (  +0.00)           0  
##> csa_opto                       START             2825629695 (  +0.00)     3539.30 (   +0.00)          0 (       0)                    0 (  +0.00)              
##>                                  END             2825629695 (  +0.00)     3539.30 (   +0.00)          0 (       0)                    0 (  +0.00)           0  
##>                                  END             2825629695 (  +0.00)     3539.30 (   +0.00)          0 (       0)                    0 (  +0.00)           0  
##>context_based_simplify          START             2804263875 (  -0.76)     3539.30 (   +0.00)          0 (       0)                    0 (  +0.00)              
##>                                  END             2793580965 (  -0.38)     3539.30 (   +0.00)          0 (       0)                    0 (  +0.00)           0  
##>group_csa_final_adder_dp        START             2793580965 (  +0.00)     3539.30 (   +0.00)          0 (       0)                    0 (  +0.00)              
##>                                  END             2793580965 (  +0.00)     3539.30 (   +0.00)          0 (       0)                    0 (  +0.00)           0  
##>dpopt_flatten_critical_muxes_i  START             2793580965 (  +0.00)     3539.30 (   +0.00)          0 (       0)                    0 (  +0.00)              
##>                                  END             2793580965 (  +0.00)     3539.30 (   +0.00)          0 (       0)                    0 (  +0.00)           0  
##>create_score                    START             2793580965 (  +0.00)     3539.30 (   +0.00)          0 (       0)                    0 (  +0.00)              
##>                                  END             2793580965 (  +0.00)     3539.30 (   +0.00)          0 (       0)                    0 (  +0.00)           0  
##>+-----------------------------------------------------------------------------------------------------------------------------------------------------------------------------------------------------+
Committed config: CDN_DP_region_0_9_c7
Info    : Done implementing datapath configurations. [DPOPT-4]
        : Selected 'very_fast' configuration 7 for module 'CDN_DP_region_0_9_c7'.
          Optimizations applied to 'very_fast' configuration:
            rewriting(0), factoring(0), sharing(0), cmultcse(0), downsizing(0), speculation(0)
Info    : Implementing datapath configurations. [DPOPT-3]
        : Implementing datapath configurations for 'CDN_DP_region_0_4'
CSAGen Prep Share:0 Re-Write:0 Speculation: 0
CDN_DP_region_0_4 level = 0 loads = 0 drivers = 0
CDN_DP_region_0_4_c0 in mgmt_core: area: 1078973910 ,dp = 1 mux = 1 sg = slow         worst_clk_period: -1.0000 
    wns: 0  norm_wns:  -1.0000 
    fail_endp: -1 
    tns:  0  tns_per_endp:  -1.0000   norm_tns_per_endp:  -1.0000 
    tns_sense_max:  -1.0000  tns_sense_avg:  -1.0000   tns_sense_num: -1
 skipped
CDN_DP_region_0_4_c1 in mgmt_core: area: 1078973910 ,dp = 1 mux = 1 sg = fast         worst_clk_period: -1.0000 
    wns: 0  norm_wns:  -1.0000 
    fail_endp: -1 
    tns:  0  tns_per_endp:  -1.0000   norm_tns_per_endp:  -1.0000 
    tns_sense_max:  -1.0000  tns_sense_avg:  -1.0000   tns_sense_num: -1
 is current best
CDN_DP_region_0_4_c2 in mgmt_core: area: 1078973910 ,dp = 1 mux = 1 sg = very_slow    worst_clk_period: -1.0000 
    wns: 0  norm_wns:  -1.0000 
    fail_endp: -1 
    tns:  0  tns_per_endp:  -1.0000   norm_tns_per_endp:  -1.0000 
    tns_sense_max:  -1.0000  tns_sense_avg:  -1.0000   tns_sense_num: -1
 is current best
CDN_DP_region_0_4_c3 in mgmt_core: area: 1078973910 ,dp = 1 mux = 1 sg = very_fast    worst_clk_period: -1.0000 
    wns: 0  norm_wns:  -1.0000 
    fail_endp: -1 
    tns:  0  tns_per_endp:  -1.0000   norm_tns_per_endp:  -1.0000 
    tns_sense_max:  -1.0000  tns_sense_avg:  -1.0000   tns_sense_num: -1
 is current best
CDN_DP_region_0_4_c4 in mgmt_core: area: 1078973910 ,dp = 1 mux = 1 sg = very_fast    worst_clk_period: -1.0000 
    wns: 0  norm_wns:  -1.0000 
    fail_endp: -1 
    tns:  0  tns_per_endp:  -1.0000   norm_tns_per_endp:  -1.0000 
    tns_sense_max:  -1.0000  tns_sense_avg:  -1.0000   tns_sense_num: -1
 is current best
CDN_DP_region_0_4_c5 in mgmt_core: area: 1078973910 ,dp = 1 mux = 1 sg = very_fast    worst_clk_period: -1.0000 
    wns: 0  norm_wns:  -1.0000 
    fail_endp: -1 
    tns:  0  tns_per_endp:  -1.0000   norm_tns_per_endp:  -1.0000 
    tns_sense_max:  -1.0000  tns_sense_avg:  -1.0000   tns_sense_num: -1
 is current best
CDN_DP_region_0_4_c6 in mgmt_core: area: 1078973910 ,dp = 1 mux = 1 sg = very_fast    worst_clk_period: -1.0000 
    wns: 0  norm_wns:  -1.0000 
    fail_endp: -1 
    tns:  0  tns_per_endp:  -1.0000   norm_tns_per_endp:  -1.0000 
    tns_sense_max:  -1.0000  tns_sense_avg:  -1.0000   tns_sense_num: -1
 is current best
CDN_DP_region_0_4_c7 in mgmt_core: area: 1078973910 ,dp = 1 mux = 1 sg = very_fast    worst_clk_period: -1.0000 
    wns: 0  norm_wns:  -1.0000 
    fail_endp: -1 
    tns:  0  tns_per_endp:  -1.0000   norm_tns_per_endp:  -1.0000 
    tns_sense_max:  -1.0000  tns_sense_avg:  -1.0000   tns_sense_num: -1
 is current best
Best config: CDN_DP_region_0_4_c7 in mgmt_core: area: 1078973910 ,dp = 1 mux = 1 sg = very_fast    worst_clk_period: -1.0000 
    wns: 0  norm_wns:  -1.0000 
    fail_endp: -1 
    tns:  0  tns_per_endp:  -1.0000   norm_tns_per_endp:  -1.0000 
    tns_sense_max:  -1.0000  tns_sense_avg:  -1.0000   tns_sense_num: -1
  Smallest config area : 1078973910.  Fastest config wns;  0
##>+----------------------------------------------------------------------------------------------------------------------------------------------------------------+
##>Summary table of configs (Best config is CDN_DP_region_0_4_c7)
##>+----------------------------------------------------------------------------------------------------------------------------------------------------------------+
##>                     0                  1                  2                  3                  4                  5                  6                  7            
##>+----------------------------------------------------------------------------------------------------------------------------------------------------------------+
##>           Area       1078973910         1078973910         1078973910         1078973910         1078973910         1078973910         1078973910         1078973910  
##>            WNS         +3383.10           +3383.10           +3383.10           +3383.10           +3383.10           +3383.10           +3383.10           +3383.10  
##>            TNS                0                  0                  0                  0                  0                  0                  0                  0  
##>    Num Rewrite                0                  0                  0                  0                  0                  0                  0                  0  
##>     Num Factor                0                  0                  0                  0                  0                  0                  0                  0  
##>      Num Share                0                  0                  0                  0                  0                  0                  0                  0  
##>   Num CmultCse                0                  0                  0                  0                  0                  0                  0                  0  
##>   Num Downsize                0                  0                  0                  0                  0                  0                  0                  0  
##>  Num Speculate                0                  0                  0                  0                  0                  0                  0                  0  
##>     Runtime(s)                0                  0                  0                  0                  0                  0                  0                  0  
+----------------------------------------------------------------------------------------------------------------------------------------------------------------+
##>
##>
##>+-----------------------------------------------------------------------------------------------------------------------------------------------------------------------------------------------------+
##>Optimization Step DEBUG Table for config CDN_DP_region_0_4_c7
##>
##>                          Step                        Area   (  % Chg)         WNS (Change)          TNS (Change)                Power   (  % Chg)        Runtime (s)        Comment                   
##>+-----------------------------------------------------------------------------------------------------------------------------------------------------------------------------------------------------+
##>EquationExtraction              START             1078973910 (       )     3383.10 (        )          0 (        )                    0 (       )              
##>                                  END             1078973910 (  +0.00)     3383.10 (   +0.00)          0 (       0)                    0 (  +0.00)           0  
##>createMaxCarrySave              START             1078973910 (  +0.00)     3383.10 (   +0.00)          0 (       0)                    0 (  +0.00)              
##> datapath_rewrite_one_def       START             1078973910 (  +0.00)     3383.10 (   +0.00)          0 (       0)                    0 (  +0.00)              
##>                                  END             1078973910 (  +0.00)     3383.10 (   +0.00)          0 (       0)                    0 (  +0.00)           0  
##> csa_opto                       START             1078973910 (  +0.00)     3383.10 (   +0.00)          0 (       0)                    0 (  +0.00)              
##>                                  END             1078973910 (  +0.00)     3383.10 (   +0.00)          0 (       0)                    0 (  +0.00)           0  
##>                                  END             1078973910 (  +0.00)     3383.10 (   +0.00)          0 (       0)                    0 (  +0.00)           0  
##>canonicalize_by_names           START             1078973910 (  +0.00)     3383.10 (   +0.00)          0 (       0)                    0 (  +0.00)              
##>                                  END             1078973910 (  +0.00)     3383.10 (   +0.00)          0 (       0)                    0 (  +0.00)           0  
##>datapath_rewrite_post_csa_one_  START             1078973910 (  +0.00)     3383.10 (   +0.00)          0 (       0)                    0 (  +0.00)              
##>                                  END             1078973910 (  +0.00)     3383.10 (   +0.00)          0 (       0)                    0 (  +0.00)           0  
##>datapath_csa_factoring_one_gde  START             1078973910 (  +0.00)     3383.10 (   +0.00)          0 (       0)                    0 (  +0.00)              
##>                                  END             1078973910 (  +0.00)     3383.10 (   +0.00)          0 (       0)                    0 (  +0.00)           0  
##>dpopt_share_one_def             START             1078973910 (  +0.00)     3383.10 (   +0.00)          0 (       0)                    0 (  +0.00)              
##>                                  END             1078973910 (  +0.00)     3383.10 (   +0.00)          0 (       0)                    0 (  +0.00)           0  
##>datapath_rewrite_post_share     START             1078973910 (  +0.00)     3383.10 (   +0.00)          0 (       0)                    0 (  +0.00)              
##>                                  END             1078973910 (  +0.00)     3383.10 (   +0.00)          0 (       0)                    0 (  +0.00)           0  
##>dp_combine_const_mult_with_com  START             1078973910 (  +0.00)     3383.10 (   +0.00)          0 (       0)                    0 (  +0.00)              
##>                                  END             1078973910 (  +0.00)     3383.10 (   +0.00)          0 (       0)                    0 (  +0.00)           0  
##>dp_operator_level_decompositio  START             1078973910 (  +0.00)     3383.10 (   +0.00)          0 (       0)                    0 (  +0.00)              
##>                                  END             1078973910 (  +0.00)     3383.10 (   +0.00)          0 (       0)                    0 (  +0.00)           0  
##>selective_flatten_dp_config     START             1078973910 (  +0.00)     3383.10 (   +0.00)          0 (       0)                    0 (  +0.00)              
##>                                  END             1078973910 (  +0.00)     3383.10 (   +0.00)          0 (       0)                    0 (  +0.00)           0  
##>createMaxCarrySave              START             1078973910 (  +0.00)     3383.10 (   +0.00)          0 (       0)                    0 (  +0.00)              
##> datapath_rewrite_one_def       START             1078973910 (  +0.00)     3383.10 (   +0.00)          0 (       0)                    0 (  +0.00)              
##>  fast_cse_elim                 START             1078973910 (  +0.00)     3383.10 (   +0.00)          0 (       0)                    0 (  +0.00)              
##>                                  END             1078973910 (  +0.00)     3383.10 (   +0.00)          0 (       0)                    0 (  +0.00)           0  
##>  fast_cse_elim                 START             1078973910 (  +0.00)     3383.10 (   +0.00)          0 (       0)                    0 (  +0.00)              
##>                                  END             1078973910 (  +0.00)     3383.10 (   +0.00)          0 (       0)                    0 (  +0.00)           0  
##>                                  END             1078973910 (  +0.00)     3383.10 (   +0.00)          0 (       0)                    0 (  +0.00)           0  
##> csa_opto                       START             1078973910 (  +0.00)     3383.10 (   +0.00)          0 (       0)                    0 (  +0.00)              
##>                                  END             1078973910 (  +0.00)     3383.10 (   +0.00)          0 (       0)                    0 (  +0.00)           0  
##>                                  END             1078973910 (  +0.00)     3383.10 (   +0.00)          0 (       0)                    0 (  +0.00)           0  
##>context_based_simplify          START             1078973910 (  +0.00)     3383.10 (   +0.00)          0 (       0)                    0 (  +0.00)              
##>                                  END             1078973910 (  +0.00)     3383.10 (   +0.00)          0 (       0)                    0 (  +0.00)           0  
##>group_csa_final_adder_dp        START             1078973910 (  +0.00)     3383.10 (   +0.00)          0 (       0)                    0 (  +0.00)              
##>                                  END             1078973910 (  +0.00)     3383.10 (   +0.00)          0 (       0)                    0 (  +0.00)           0  
##>dpopt_flatten_critical_muxes_i  START             1078973910 (  +0.00)     3383.10 (   +0.00)          0 (       0)                    0 (  +0.00)              
##>                                  END             1078973910 (  +0.00)     3383.10 (   +0.00)          0 (       0)                    0 (  +0.00)           0  
##>create_score                    START             1078973910 (  +0.00)     3383.10 (   +0.00)          0 (       0)                    0 (  +0.00)              
##>                                  END             1078973910 (  +0.00)     3383.10 (   +0.00)          0 (       0)                    0 (  +0.00)           0  
##>+-----------------------------------------------------------------------------------------------------------------------------------------------------------------------------------------------------+
Committed config: CDN_DP_region_0_4_c7
Info    : Done implementing datapath configurations. [DPOPT-4]
        : Selected 'very_fast' configuration 7 for module 'CDN_DP_region_0_4_c7'.
          Optimizations applied to 'very_fast' configuration:
            rewriting(0), factoring(0), sharing(0), cmultcse(0), downsizing(0), speculation(0)
Info    : Implementing datapath configurations. [DPOPT-3]
        : Implementing datapath configurations for 'CDN_DP_region_0_21'
CSAGen Prep Share:0 Re-Write:0 Speculation: 0
    MaxCSA: weighted_instance_count is 64 
MaxCSA: Successfully built Maximal CSA Expression Expr5
      Timing increment_unsigned_1371...
        Done timing increment_unsigned_1371.
      Timing increment_unsigned_1373_1375...
        Done timing increment_unsigned_1373_1375.
      Timing increment_unsigned_1373_1380...
        Done timing increment_unsigned_1373_1380.
      Timing increment_unsigned_1373_1385...
        Done timing increment_unsigned_1373_1385.
      Timing increment_unsigned_1373_1390...
        Done timing increment_unsigned_1373_1390.
      Timing increment_unsigned_1373_1395...
        Done timing increment_unsigned_1373_1395.
      Timing increment_unsigned_1373_1400...
        Done timing increment_unsigned_1373_1400.
      Timing increment_unsigned_1373_1405...
        Done timing increment_unsigned_1373_1405.
CDN_DP_region_0_21 level = 0 loads = 0 drivers = 0
CDN_DP_region_0_21_c0 in mgmt_core: area: 1559704860 ,dp = 1 mux = 0 sg = slow         worst_clk_period: -1.0000 
    wns: 0  norm_wns:  -1.0000 
    fail_endp: -1 
    tns:  0  tns_per_endp:  -1.0000   norm_tns_per_endp:  -1.0000 
    tns_sense_max:  -1.0000  tns_sense_avg:  -1.0000   tns_sense_num: -1
 skipped
CDN_DP_region_0_21_c1 in mgmt_core: area: 1137729915 ,dp = 1 mux = 0 sg = fast         worst_clk_period: -1.0000 
    wns: 0  norm_wns:  -1.0000 
    fail_endp: -1 
    tns:  0  tns_per_endp:  -1.0000   norm_tns_per_endp:  -1.0000 
    tns_sense_max:  -1.0000  tns_sense_avg:  -1.0000   tns_sense_num: -1
 is current best
CDN_DP_region_0_21_c2 in mgmt_core: area: 1137729915 ,dp = 1 mux = 0 sg = very_slow    worst_clk_period: -1.0000 
    wns: 0  norm_wns:  -1.0000 
    fail_endp: -1 
    tns:  0  tns_per_endp:  -1.0000   norm_tns_per_endp:  -1.0000 
    tns_sense_max:  -1.0000  tns_sense_avg:  -1.0000   tns_sense_num: -1
 is current best
CDN_DP_region_0_21_c3 in mgmt_core: area: 1137729915 ,dp = 1 mux = 0 sg = very_fast    worst_clk_period: -1.0000 
    wns: 0  norm_wns:  -1.0000 
    fail_endp: -1 
    tns:  0  tns_per_endp:  -1.0000   norm_tns_per_endp:  -1.0000 
    tns_sense_max:  -1.0000  tns_sense_avg:  -1.0000   tns_sense_num: -1
 is current best
CDN_DP_region_0_21_c4 in mgmt_core: area: 1137729915 ,dp = 1 mux = 0 sg = very_fast    worst_clk_period: -1.0000 
    wns: 0  norm_wns:  -1.0000 
    fail_endp: -1 
    tns:  0  tns_per_endp:  -1.0000   norm_tns_per_endp:  -1.0000 
    tns_sense_max:  -1.0000  tns_sense_avg:  -1.0000   tns_sense_num: -1
 is current best
CDN_DP_region_0_21_c5 in mgmt_core: area: 1137729915 ,dp = 1 mux = 0 sg = very_fast    worst_clk_period: -1.0000 
    wns: 0  norm_wns:  -1.0000 
    fail_endp: -1 
    tns:  0  tns_per_endp:  -1.0000   norm_tns_per_endp:  -1.0000 
    tns_sense_max:  -1.0000  tns_sense_avg:  -1.0000   tns_sense_num: -1
 is current best
CDN_DP_region_0_21_c6 in mgmt_core: area: 1137729915 ,dp = 1 mux = 0 sg = very_fast    worst_clk_period: -1.0000 
    wns: 0  norm_wns:  -1.0000 
    fail_endp: -1 
    tns:  0  tns_per_endp:  -1.0000   norm_tns_per_endp:  -1.0000 
    tns_sense_max:  -1.0000  tns_sense_avg:  -1.0000   tns_sense_num: -1
 is current best
CDN_DP_region_0_21_c7 in mgmt_core: area: 1137729915 ,dp = 1 mux = 0 sg = very_fast    worst_clk_period: -1.0000 
    wns: 0  norm_wns:  -1.0000 
    fail_endp: -1 
    tns:  0  tns_per_endp:  -1.0000   norm_tns_per_endp:  -1.0000 
    tns_sense_max:  -1.0000  tns_sense_avg:  -1.0000   tns_sense_num: -1
 is current best
Best config: CDN_DP_region_0_21_c7 in mgmt_core: area: 1137729915 ,dp = 1 mux = 0 sg = very_fast    worst_clk_period: -1.0000 
    wns: 0  norm_wns:  -1.0000 
    fail_endp: -1 
    tns:  0  tns_per_endp:  -1.0000   norm_tns_per_endp:  -1.0000 
    tns_sense_max:  -1.0000  tns_sense_avg:  -1.0000   tns_sense_num: -1
  Smallest config area : 1137729915.  Fastest config wns;  0
##>+----------------------------------------------------------------------------------------------------------------------------------------------------------------+
##>Summary table of configs (Best config is CDN_DP_region_0_21_c7)
##>+----------------------------------------------------------------------------------------------------------------------------------------------------------------+
##>                     0                  1                  2                  3                  4                  5                  6                  7            
##>+----------------------------------------------------------------------------------------------------------------------------------------------------------------+
##>           Area       1559704860         1137729915         1137729915         1137729915         1137729915         1137729915         1137729915         1137729915  
##>            WNS         +3570.10           +3634.10           +3634.10           +3634.10           +3634.10           +3634.10           +3634.10           +3634.10  
##>            TNS                0                  0                  0                  0                  0                  0                  0                  0  
##>    Num Rewrite                0                  0                  0                  0                  0                  0                  0                  0  
##>     Num Factor                0                  0                  0                  0                  0                  0                  0                  0  
##>      Num Share                0                  0                  0                  0                  0                  0                  0                  0  
##>   Num CmultCse                0                  0                  0                  0                  0                  0                  0                  0  
##>   Num Downsize                0                  0                  0                  0                  0                  0                  0                  0  
##>  Num Speculate                0                  0                  0                  0                  0                  0                  0                  0  
##>     Runtime(s)                0                  0                  0                  0                  0                  0                  0                  0  
+----------------------------------------------------------------------------------------------------------------------------------------------------------------+
##>
##>
##>+-----------------------------------------------------------------------------------------------------------------------------------------------------------------------------------------------------+
##>Optimization Step DEBUG Table for config CDN_DP_region_0_21_c7
##>
##>                          Step                        Area   (  % Chg)         WNS (Change)          TNS (Change)                Power   (  % Chg)        Runtime (s)        Comment                   
##>+-----------------------------------------------------------------------------------------------------------------------------------------------------------------------------------------------------+
##>EquationExtraction              START             1559704860 (       )     3570.10 (        )          0 (        )                    0 (       )              
##> rewrite                        START             2750849325 ( +76.37)     3557.60 (  -12.50)          0 (       0)                    0 (  +0.00)              (a,ar) Expr5_from --> Expr5_to
##>                                  END             5560454655 (+102.14)     3557.60 (   +0.00)          0 (       0)                    0 (  +0.00)           0  
##>                                  END             1559704860 (  +0.00)     3570.10 (   +0.00)          0 (       0)                    0 (  +0.00)           0  
##>createMaxCarrySave              START             1559704860 (  +0.00)     3570.10 (   +0.00)          0 (       0)                    0 (  +0.00)              
##> datapath_rewrite_one_def       START             1559704860 (  +0.00)     3570.10 (   +0.00)          0 (       0)                    0 (  +0.00)              
##>                                  END             1559704860 (  +0.00)     3570.10 (   +0.00)          0 (       0)                    0 (  +0.00)           0  
##> csa_opto                       START             1559704860 (  +0.00)     3570.10 (   +0.00)          0 (       0)                    0 (  +0.00)              
##>                                  END             1388778300 ( -10.96)     3610.70 (  +40.60)          0 (       0)                    0 (  +0.00)           0  
##>                                  END             1388778300 ( -10.96)     3610.70 (  +40.60)          0 (       0)                    0 (  +0.00)           0  
##>canonicalize_by_names           START             1388778300 (  +0.00)     3610.70 (   +0.00)          0 (       0)                    0 (  +0.00)              
##>                                  END             1388778300 (  +0.00)     3610.70 (   +0.00)          0 (       0)                    0 (  +0.00)           0  
##>datapath_rewrite_post_csa_one_  START             1388778300 (  +0.00)     3610.70 (   +0.00)          0 (       0)                    0 (  +0.00)              
##>                                  END             1388778300 (  +0.00)     3610.70 (   +0.00)          0 (       0)                    0 (  +0.00)           0  
##>datapath_csa_factoring_one_gde  START             1388778300 (  +0.00)     3610.70 (   +0.00)          0 (       0)                    0 (  +0.00)              
##>                                  END             1388778300 (  +0.00)     3610.70 (   +0.00)          0 (       0)                    0 (  +0.00)           0  
##>dpopt_share_one_def             START             1388778300 (  +0.00)     3610.70 (   +0.00)          0 (       0)                    0 (  +0.00)              
##>                                  END             1388778300 (  +0.00)     3610.70 (   +0.00)          0 (       0)                    0 (  +0.00)           0  
##>datapath_rewrite_post_share     START             1388778300 (  +0.00)     3610.70 (   +0.00)          0 (       0)                    0 (  +0.00)              
##>                                  END             1388778300 (  +0.00)     3610.70 (   +0.00)          0 (       0)                    0 (  +0.00)           0  
##>dp_combine_const_mult_with_com  START             1388778300 (  +0.00)     3610.70 (   +0.00)          0 (       0)                    0 (  +0.00)              
##>                                  END             1388778300 (  +0.00)     3610.70 (   +0.00)          0 (       0)                    0 (  +0.00)           0  
##>dp_operator_level_decompositio  START             1388778300 (  +0.00)     3610.70 (   +0.00)          0 (       0)                    0 (  +0.00)              
##>                                  END             1388778300 (  +0.00)     3610.70 (   +0.00)          0 (       0)                    0 (  +0.00)           0  
##>selective_flatten_dp_config     START             1388778300 (  +0.00)     3610.70 (   +0.00)          0 (       0)                    0 (  +0.00)              
##>                                  END             1388778300 (  +0.00)     3610.70 (   +0.00)          0 (       0)                    0 (  +0.00)           0  
##>createMaxCarrySave              START             1388778300 (  +0.00)     3610.70 (   +0.00)          0 (       0)                    0 (  +0.00)              
##> datapath_rewrite_one_def       START             1388778300 (  +0.00)     3610.70 (   +0.00)          0 (       0)                    0 (  +0.00)              
##>  fast_cse_elim                 START             1388778300 (  +0.00)     3610.70 (   +0.00)          0 (       0)                    0 (  +0.00)              
##>                                  END             1388778300 (  +0.00)     3610.70 (   +0.00)          0 (       0)                    0 (  +0.00)           0  
##>  fast_cse_elim                 START             1388778300 (  +0.00)     3610.70 (   +0.00)          0 (       0)                    0 (  +0.00)              
##>                                  END             1388778300 (  +0.00)     3610.70 (   +0.00)          0 (       0)                    0 (  +0.00)           0  
##>                                  END             1388778300 (  +0.00)     3610.70 (   +0.00)          0 (       0)                    0 (  +0.00)           0  
##> csa_opto                       START             1388778300 (  +0.00)     3610.70 (   +0.00)          0 (       0)                    0 (  +0.00)              
##>                                  END             1388778300 (  +0.00)     3610.70 (   +0.00)          0 (       0)                    0 (  +0.00)           0  
##>                                  END             1388778300 (  +0.00)     3610.70 (   +0.00)          0 (       0)                    0 (  +0.00)           0  
##>context_based_simplify          START             1367412480 (  -1.54)     3621.30 (  +10.60)          0 (       0)                    0 (  +0.00)              
##>                                  END             1137729915 ( -16.80)     3634.10 (  +12.80)          0 (       0)                    0 (  +0.00)           0  
##>group_csa_final_adder_dp        START             1137729915 (  +0.00)     3634.10 (   +0.00)          0 (       0)                    0 (  +0.00)              
##>                                  END             1137729915 (  +0.00)     3634.10 (   +0.00)          0 (       0)                    0 (  +0.00)           0  
##>dpopt_flatten_critical_muxes_i  START             1137729915 (  +0.00)     3634.10 (   +0.00)          0 (       0)                    0 (  +0.00)              
##>                                  END             1137729915 (  +0.00)     3634.10 (   +0.00)          0 (       0)                    0 (  +0.00)           0  
##>create_score                    START             1137729915 (  +0.00)     3634.10 (   +0.00)          0 (       0)                    0 (  +0.00)              
##>                                  END             1137729915 (  +0.00)     3634.10 (   +0.00)          0 (       0)                    0 (  +0.00)           0  
##>+-----------------------------------------------------------------------------------------------------------------------------------------------------------------------------------------------------+
Committed config: CDN_DP_region_0_21_c7
Info    : Done implementing datapath configurations. [DPOPT-4]
        : Selected 'very_fast' configuration 7 for module 'CDN_DP_region_0_21_c7'.
          Optimizations applied to 'very_fast' configuration:
            rewriting(0), factoring(0), sharing(0), cmultcse(0), downsizing(0), speculation(0)
Info    : Implementing datapath configurations. [DPOPT-3]
        : Implementing datapath configurations for 'CDN_DP_region_0_13'
CSAGen Prep Share:0 Re-Write:0 Speculation: 0
    MaxCSA: weighted_instance_count is 40 
MaxCSA: Successfully built Maximal CSA Expression Expr6
      Timing decrement_unsigned...
        Done timing decrement_unsigned.
      Timing decrement_unsigned_1410_1413...
        Done timing decrement_unsigned_1410_1413.
      Timing decrement_unsigned_1410_1419...
        Done timing decrement_unsigned_1410_1419.
      Timing decrement_unsigned_1410_1425...
        Done timing decrement_unsigned_1410_1425.
      Timing decrement_unsigned_1410_1431...
        Done timing decrement_unsigned_1410_1431.
      Timing decrement_unsigned_1410_1437...
        Done timing decrement_unsigned_1410_1437.
      Timing decrement_unsigned_1410_1443...
        Done timing decrement_unsigned_1410_1443.
      Timing decrement_unsigned_1410_1449...
        Done timing decrement_unsigned_1410_1449.
CDN_DP_region_0_13 level = 3 loads = 0 drivers = 1 is driven by : CDN_DP_region_0_5 
CDN_DP_region_0_13_c0 in mgmt_core: area: 1148412825 ,dp = 1 mux = 1 sg = slow         worst_clk_period: -1.0000 
    wns: 0  norm_wns:  -1.0000 
    fail_endp: -1 
    tns:  0  tns_per_endp:  -1.0000   norm_tns_per_endp:  -1.0000 
    tns_sense_max:  -1.0000  tns_sense_avg:  -1.0000   tns_sense_num: -1
 skipped
CDN_DP_region_0_13_c1 in mgmt_core: area: 1046925180 ,dp = 1 mux = 1 sg = fast         worst_clk_period: -1.0000 
    wns: 0  norm_wns:  -1.0000 
    fail_endp: -1 
    tns:  0  tns_per_endp:  -1.0000   norm_tns_per_endp:  -1.0000 
    tns_sense_max:  -1.0000  tns_sense_avg:  -1.0000   tns_sense_num: -1
 is current best
CDN_DP_region_0_13_c2 in mgmt_core: area: 1046925180 ,dp = 1 mux = 1 sg = very_slow    worst_clk_period: -1.0000 
    wns: 0  norm_wns:  -1.0000 
    fail_endp: -1 
    tns:  0  tns_per_endp:  -1.0000   norm_tns_per_endp:  -1.0000 
    tns_sense_max:  -1.0000  tns_sense_avg:  -1.0000   tns_sense_num: -1
 is current best
CDN_DP_region_0_13_c3 in mgmt_core: area: 1046925180 ,dp = 1 mux = 1 sg = very_fast    worst_clk_period: -1.0000 
    wns: 0  norm_wns:  -1.0000 
    fail_endp: -1 
    tns:  0  tns_per_endp:  -1.0000   norm_tns_per_endp:  -1.0000 
    tns_sense_max:  -1.0000  tns_sense_avg:  -1.0000   tns_sense_num: -1
 is current best
CDN_DP_region_0_13_c4 in mgmt_core: area: 1046925180 ,dp = 1 mux = 1 sg = very_fast    worst_clk_period: -1.0000 
    wns: 0  norm_wns:  -1.0000 
    fail_endp: -1 
    tns:  0  tns_per_endp:  -1.0000   norm_tns_per_endp:  -1.0000 
    tns_sense_max:  -1.0000  tns_sense_avg:  -1.0000   tns_sense_num: -1
 is current best
CDN_DP_region_0_13_c5 in mgmt_core: area: 1046925180 ,dp = 1 mux = 1 sg = very_fast    worst_clk_period: -1.0000 
    wns: 0  norm_wns:  -1.0000 
    fail_endp: -1 
    tns:  0  tns_per_endp:  -1.0000   norm_tns_per_endp:  -1.0000 
    tns_sense_max:  -1.0000  tns_sense_avg:  -1.0000   tns_sense_num: -1
 is current best
CDN_DP_region_0_13_c6 in mgmt_core: area: 1046925180 ,dp = 1 mux = 1 sg = very_fast    worst_clk_period: -1.0000 
    wns: 0  norm_wns:  -1.0000 
    fail_endp: -1 
    tns:  0  tns_per_endp:  -1.0000   norm_tns_per_endp:  -1.0000 
    tns_sense_max:  -1.0000  tns_sense_avg:  -1.0000   tns_sense_num: -1
 is current best
CDN_DP_region_0_13_c7 in mgmt_core: area: 1046925180 ,dp = 1 mux = 1 sg = very_fast    worst_clk_period: -1.0000 
    wns: 0  norm_wns:  -1.0000 
    fail_endp: -1 
    tns:  0  tns_per_endp:  -1.0000   norm_tns_per_endp:  -1.0000 
    tns_sense_max:  -1.0000  tns_sense_avg:  -1.0000   tns_sense_num: -1
 is current best
Best config: CDN_DP_region_0_13_c7 in mgmt_core: area: 1046925180 ,dp = 1 mux = 1 sg = very_fast    worst_clk_period: -1.0000 
    wns: 0  norm_wns:  -1.0000 
    fail_endp: -1 
    tns:  0  tns_per_endp:  -1.0000   norm_tns_per_endp:  -1.0000 
    tns_sense_max:  -1.0000  tns_sense_avg:  -1.0000   tns_sense_num: -1
  Smallest config area : 1046925180.  Fastest config wns;  0
##>+----------------------------------------------------------------------------------------------------------------------------------------------------------------+
##>Summary table of configs (Best config is CDN_DP_region_0_13_c7)
##>+----------------------------------------------------------------------------------------------------------------------------------------------------------------+
##>                     0                  1                  2                  3                  4                  5                  6                  7            
##>+----------------------------------------------------------------------------------------------------------------------------------------------------------------+
##>           Area       1148412825         1046925180         1046925180         1046925180         1046925180         1046925180         1046925180         1046925180  
##>            WNS         +3229.00           +3229.00           +3229.00           +3229.00           +3229.00           +3229.00           +3229.00           +3229.00  
##>            TNS                0                  0                  0                  0                  0                  0                  0                  0  
##>    Num Rewrite                0                  0                  0                  0                  0                  0                  0                  0  
##>     Num Factor                0                  0                  0                  0                  0                  0                  0                  0  
##>      Num Share                0                  0                  0                  0                  0                  0                  0                  0  
##>   Num CmultCse                0                  0                  0                  0                  0                  0                  0                  0  
##>   Num Downsize                0                  0                  0                  0                  0                  0                  0                  0  
##>  Num Speculate                0                  0                  0                  0                  0                  0                  0                  0  
##>     Runtime(s)                0                  0                  0                  0                  0                  0                  0                  0  
+----------------------------------------------------------------------------------------------------------------------------------------------------------------+
##>
##>
##>+-----------------------------------------------------------------------------------------------------------------------------------------------------------------------------------------------------+
##>Optimization Step DEBUG Table for config CDN_DP_region_0_13_c7
##>
##>                          Step                        Area   (  % Chg)         WNS (Change)          TNS (Change)                Power   (  % Chg)        Runtime (s)        Comment                   
##>+-----------------------------------------------------------------------------------------------------------------------------------------------------------------------------------------------------+
##>EquationExtraction              START             1148412825 (       )     3229.00 (        )          0 (        )                    0 (       )              
##> rewrite                        START             2302167105 (+100.47)     3218.40 (  -10.60)          0 (       0)                    0 (  +0.00)              (a,ar) Expr6_from --> Expr6_to
##>                                  END             3343750830 ( +45.24)     3218.40 (   +0.00)          0 (       0)                    0 (  +0.00)           0  
##>                                  END             1148412825 (  +0.00)     3229.00 (   +0.00)          0 (       0)                    0 (  +0.00)           0  
##>createMaxCarrySave              START             1148412825 (  +0.00)     3229.00 (   +0.00)          0 (       0)                    0 (  +0.00)              
##> datapath_rewrite_one_def       START             1148412825 (  +0.00)     3229.00 (   +0.00)          0 (       0)                    0 (  +0.00)              
##>                                  END             1148412825 (  +0.00)     3229.00 (   +0.00)          0 (       0)                    0 (  +0.00)           0  
##> csa_opto                       START             1148412825 (  +0.00)     3229.00 (   +0.00)          0 (       0)                    0 (  +0.00)              
##>                                  END             1265924835 ( +10.23)     3229.00 (   +0.00)          0 (       0)                    0 (  +0.00)           0  
##>                                  END             1265924835 ( +10.23)     3229.00 (   +0.00)          0 (       0)                    0 (  +0.00)           0  
##>canonicalize_by_names           START             1265924835 (  +0.00)     3229.00 (   +0.00)          0 (       0)                    0 (  +0.00)              
##>                                  END             1265924835 (  +0.00)     3229.00 (   +0.00)          0 (       0)                    0 (  +0.00)           0  
##>datapath_rewrite_post_csa_one_  START             1265924835 (  +0.00)     3229.00 (   +0.00)          0 (       0)                    0 (  +0.00)              
##>                                  END             1265924835 (  +0.00)     3229.00 (   +0.00)          0 (       0)                    0 (  +0.00)           0  
##>datapath_csa_factoring_one_gde  START             1265924835 (  +0.00)     3229.00 (   +0.00)          0 (       0)                    0 (  +0.00)              
##>                                  END             1265924835 (  +0.00)     3229.00 (   +0.00)          0 (       0)                    0 (  +0.00)           0  
##>dpopt_share_one_def             START             1265924835 (  +0.00)     3229.00 (   +0.00)          0 (       0)                    0 (  +0.00)              
##>                                  END             1265924835 (  +0.00)     3229.00 (   +0.00)          0 (       0)                    0 (  +0.00)           0  
##>datapath_rewrite_post_share     START             1265924835 (  +0.00)     3229.00 (   +0.00)          0 (       0)                    0 (  +0.00)              
##>                                  END             1265924835 (  +0.00)     3229.00 (   +0.00)          0 (       0)                    0 (  +0.00)           0  
##>dp_combine_const_mult_with_com  START             1265924835 (  +0.00)     3229.00 (   +0.00)          0 (       0)                    0 (  +0.00)              
##>                                  END             1265924835 (  +0.00)     3229.00 (   +0.00)          0 (       0)                    0 (  +0.00)           0  
##>dp_operator_level_decompositio  START             1265924835 (  +0.00)     3229.00 (   +0.00)          0 (       0)                    0 (  +0.00)              
##>                                  END             1265924835 (  +0.00)     3229.00 (   +0.00)          0 (       0)                    0 (  +0.00)           0  
##>selective_flatten_dp_config     START             1265924835 (  +0.00)     3229.00 (   +0.00)          0 (       0)                    0 (  +0.00)              
##>                                  END             1265924835 (  +0.00)     3229.00 (   +0.00)          0 (       0)                    0 (  +0.00)           0  
##>createMaxCarrySave              START             1265924835 (  +0.00)     3229.00 (   +0.00)          0 (       0)                    0 (  +0.00)              
##> datapath_rewrite_one_def       START             1265924835 (  +0.00)     3229.00 (   +0.00)          0 (       0)                    0 (  +0.00)              
##>  fast_cse_elim                 START             1265924835 (  +0.00)     3229.00 (   +0.00)          0 (       0)                    0 (  +0.00)              
##>                                  END             1265924835 (  +0.00)     3229.00 (   +0.00)          0 (       0)                    0 (  +0.00)           0  
##>  fast_cse_elim                 START             1265924835 (  +0.00)     3229.00 (   +0.00)          0 (       0)                    0 (  +0.00)              
##>                                  END             1265924835 (  +0.00)     3229.00 (   +0.00)          0 (       0)                    0 (  +0.00)           0  
##>                                  END             1265924835 (  +0.00)     3229.00 (   +0.00)          0 (       0)                    0 (  +0.00)           0  
##> csa_opto                       START             1265924835 (  +0.00)     3229.00 (   +0.00)          0 (       0)                    0 (  +0.00)              
##>                                  END             1265924835 (  +0.00)     3229.00 (   +0.00)          0 (       0)                    0 (  +0.00)           0  
##>                                  END             1265924835 (  +0.00)     3229.00 (   +0.00)          0 (       0)                    0 (  +0.00)           0  
##>context_based_simplify          START             1239217560 (  -2.11)     3229.00 (   +0.00)          0 (       0)                    0 (  +0.00)              
##>                                  END             1046925180 ( -15.52)     3229.00 (   +0.00)          0 (       0)                    0 (  +0.00)           0  
##>group_csa_final_adder_dp        START             1046925180 (  +0.00)     3229.00 (   +0.00)          0 (       0)                    0 (  +0.00)              
##>                                  END             1046925180 (  +0.00)     3229.00 (   +0.00)          0 (       0)                    0 (  +0.00)           0  
##>dpopt_flatten_critical_muxes_i  START             1046925180 (  +0.00)     3229.00 (   +0.00)          0 (       0)                    0 (  +0.00)              
##>                                  END             1046925180 (  +0.00)     3229.00 (   +0.00)          0 (       0)                    0 (  +0.00)           0  
##>create_score                    START             1046925180 (  +0.00)     3229.00 (   +0.00)          0 (       0)                    0 (  +0.00)              
##>                                  END             1046925180 (  +0.00)     3229.00 (   +0.00)          0 (       0)                    0 (  +0.00)           0  
##>+-----------------------------------------------------------------------------------------------------------------------------------------------------------------------------------------------------+
Committed config: CDN_DP_region_0_13_c7
Info    : Done implementing datapath configurations. [DPOPT-4]
        : Selected 'very_fast' configuration 7 for module 'CDN_DP_region_0_13_c7'.
          Optimizations applied to 'very_fast' configuration:
            rewriting(0), factoring(0), sharing(0), cmultcse(0), downsizing(0), speculation(0)
Info    : Implementing datapath configurations. [DPOPT-3]
        : Implementing datapath configurations for 'CDN_DP_region_0_12'
CSAGen Prep Share:0 Re-Write:0 Speculation: 0
    MaxCSA: weighted_instance_count is 40 
MaxCSA: Successfully built Maximal CSA Expression Expr7
      Timing decrement_unsigned_1410_1459...
        Done timing decrement_unsigned_1410_1459.
      Timing decrement_unsigned_1410_1465...
        Done timing decrement_unsigned_1410_1465.
      Timing decrement_unsigned_1410_1471...
        Done timing decrement_unsigned_1410_1471.
      Timing decrement_unsigned_1410_1477...
        Done timing decrement_unsigned_1410_1477.
      Timing decrement_unsigned_1410_1483...
        Done timing decrement_unsigned_1410_1483.
      Timing decrement_unsigned_1410_1489...
        Done timing decrement_unsigned_1410_1489.
      Timing decrement_unsigned_1410_1495...
        Done timing decrement_unsigned_1410_1495.
CDN_DP_region_0_12 level = 0 loads = 0 drivers = 0
CDN_DP_region_0_12_c0 in mgmt_core: area: 1148412825 ,dp = 1 mux = 1 sg = slow         worst_clk_period: -1.0000 
    wns: 0  norm_wns:  -1.0000 
    fail_endp: -1 
    tns:  0  tns_per_endp:  -1.0000   norm_tns_per_endp:  -1.0000 
    tns_sense_max:  -1.0000  tns_sense_avg:  -1.0000   tns_sense_num: -1
 skipped
CDN_DP_region_0_12_c1 in mgmt_core: area: 1046925180 ,dp = 1 mux = 1 sg = fast         worst_clk_period: -1.0000 
    wns: 0  norm_wns:  -1.0000 
    fail_endp: -1 
    tns:  0  tns_per_endp:  -1.0000   norm_tns_per_endp:  -1.0000 
    tns_sense_max:  -1.0000  tns_sense_avg:  -1.0000   tns_sense_num: -1
 is current best
CDN_DP_region_0_12_c2 in mgmt_core: area: 1046925180 ,dp = 1 mux = 1 sg = very_slow    worst_clk_period: -1.0000 
    wns: 0  norm_wns:  -1.0000 
    fail_endp: -1 
    tns:  0  tns_per_endp:  -1.0000   norm_tns_per_endp:  -1.0000 
    tns_sense_max:  -1.0000  tns_sense_avg:  -1.0000   tns_sense_num: -1
 is current best
CDN_DP_region_0_12_c3 in mgmt_core: area: 1046925180 ,dp = 1 mux = 1 sg = very_fast    worst_clk_period: -1.0000 
    wns: 0  norm_wns:  -1.0000 
    fail_endp: -1 
    tns:  0  tns_per_endp:  -1.0000   norm_tns_per_endp:  -1.0000 
    tns_sense_max:  -1.0000  tns_sense_avg:  -1.0000   tns_sense_num: -1
 is current best
CDN_DP_region_0_12_c4 in mgmt_core: area: 1046925180 ,dp = 1 mux = 1 sg = very_fast    worst_clk_period: -1.0000 
    wns: 0  norm_wns:  -1.0000 
    fail_endp: -1 
    tns:  0  tns_per_endp:  -1.0000   norm_tns_per_endp:  -1.0000 
    tns_sense_max:  -1.0000  tns_sense_avg:  -1.0000   tns_sense_num: -1
 is current best
CDN_DP_region_0_12_c5 in mgmt_core: area: 1046925180 ,dp = 1 mux = 1 sg = very_fast    worst_clk_period: -1.0000 
    wns: 0  norm_wns:  -1.0000 
    fail_endp: -1 
    tns:  0  tns_per_endp:  -1.0000   norm_tns_per_endp:  -1.0000 
    tns_sense_max:  -1.0000  tns_sense_avg:  -1.0000   tns_sense_num: -1
 is current best
CDN_DP_region_0_12_c6 in mgmt_core: area: 1046925180 ,dp = 1 mux = 1 sg = very_fast    worst_clk_period: -1.0000 
    wns: 0  norm_wns:  -1.0000 
    fail_endp: -1 
    tns:  0  tns_per_endp:  -1.0000   norm_tns_per_endp:  -1.0000 
    tns_sense_max:  -1.0000  tns_sense_avg:  -1.0000   tns_sense_num: -1
 is current best
CDN_DP_region_0_12_c7 in mgmt_core: area: 1046925180 ,dp = 1 mux = 1 sg = very_fast    worst_clk_period: -1.0000 
    wns: 0  norm_wns:  -1.0000 
    fail_endp: -1 
    tns:  0  tns_per_endp:  -1.0000   norm_tns_per_endp:  -1.0000 
    tns_sense_max:  -1.0000  tns_sense_avg:  -1.0000   tns_sense_num: -1
 is current best
Best config: CDN_DP_region_0_12_c7 in mgmt_core: area: 1046925180 ,dp = 1 mux = 1 sg = very_fast    worst_clk_period: -1.0000 
    wns: 0  norm_wns:  -1.0000 
    fail_endp: -1 
    tns:  0  tns_per_endp:  -1.0000   norm_tns_per_endp:  -1.0000 
    tns_sense_max:  -1.0000  tns_sense_avg:  -1.0000   tns_sense_num: -1
  Smallest config area : 1046925180.  Fastest config wns;  0
##>+----------------------------------------------------------------------------------------------------------------------------------------------------------------+
##>Summary table of configs (Best config is CDN_DP_region_0_12_c7)
##>+----------------------------------------------------------------------------------------------------------------------------------------------------------------+
##>                     0                  1                  2                  3                  4                  5                  6                  7            
##>+----------------------------------------------------------------------------------------------------------------------------------------------------------------+
##>           Area       1148412825         1046925180         1046925180         1046925180         1046925180         1046925180         1046925180         1046925180  
##>            WNS         +3558.60           +3629.30           +3629.30           +3629.30           +3629.30           +3629.30           +3629.30           +3629.30  
##>            TNS                0                  0                  0                  0                  0                  0                  0                  0  
##>    Num Rewrite                0                  0                  0                  0                  0                  0                  0                  0  
##>     Num Factor                0                  0                  0                  0                  0                  0                  0                  0  
##>      Num Share                0                  0                  0                  0                  0                  0                  0                  0  
##>   Num CmultCse                0                  0                  0                  0                  0                  0                  0                  0  
##>   Num Downsize                0                  0                  0                  0                  0                  0                  0                  0  
##>  Num Speculate                0                  0                  0                  0                  0                  0                  0                  0  
##>     Runtime(s)                0                  0                  0                  0                  0                  0                  0                  0  
+----------------------------------------------------------------------------------------------------------------------------------------------------------------+
##>
##>
##>+-----------------------------------------------------------------------------------------------------------------------------------------------------------------------------------------------------+
##>Optimization Step DEBUG Table for config CDN_DP_region_0_12_c7
##>
##>                          Step                        Area   (  % Chg)         WNS (Change)          TNS (Change)                Power   (  % Chg)        Runtime (s)        Comment                   
##>+-----------------------------------------------------------------------------------------------------------------------------------------------------------------------------------------------------+
##>EquationExtraction              START             1148412825 (       )     3558.60 (        )          0 (        )                    0 (       )              
##> rewrite                        START             2302167105 (+100.47)     3537.70 (  -20.90)          0 (       0)                    0 (  +0.00)              (a,ar) Expr7_from --> Expr7_to
##>                                  END             3343750830 ( +45.24)     3537.70 (   +0.00)          0 (       0)                    0 (  +0.00)           0  
##>                                  END             1148412825 (  +0.00)     3558.60 (   +0.00)          0 (       0)                    0 (  +0.00)           0  
##>createMaxCarrySave              START             1148412825 (  +0.00)     3558.60 (   +0.00)          0 (       0)                    0 (  +0.00)              
##> datapath_rewrite_one_def       START             1148412825 (  +0.00)     3558.60 (   +0.00)          0 (       0)                    0 (  +0.00)              
##>                                  END             1148412825 (  +0.00)     3558.60 (   +0.00)          0 (       0)                    0 (  +0.00)           0  
##> csa_opto                       START             1148412825 (  +0.00)     3558.60 (   +0.00)          0 (       0)                    0 (  +0.00)              
##>                                  END             1265924835 ( +10.23)     3593.10 (  +34.50)          0 (       0)                    0 (  +0.00)           0  
##>                                  END             1265924835 ( +10.23)     3593.10 (  +34.50)          0 (       0)                    0 (  +0.00)           0  
##>canonicalize_by_names           START             1265924835 (  +0.00)     3593.10 (   +0.00)          0 (       0)                    0 (  +0.00)              
##>                                  END             1265924835 (  +0.00)     3593.10 (   +0.00)          0 (       0)                    0 (  +0.00)           0  
##>datapath_rewrite_post_csa_one_  START             1265924835 (  +0.00)     3593.10 (   +0.00)          0 (       0)                    0 (  +0.00)              
##>                                  END             1265924835 (  +0.00)     3593.10 (   +0.00)          0 (       0)                    0 (  +0.00)           0  
##>datapath_csa_factoring_one_gde  START             1265924835 (  +0.00)     3593.10 (   +0.00)          0 (       0)                    0 (  +0.00)              
##>                                  END             1265924835 (  +0.00)     3593.10 (   +0.00)          0 (       0)                    0 (  +0.00)           0  
##>dpopt_share_one_def             START             1265924835 (  +0.00)     3593.10 (   +0.00)          0 (       0)                    0 (  +0.00)              
##>                                  END             1265924835 (  +0.00)     3593.10 (   +0.00)          0 (       0)                    0 (  +0.00)           0  
##>datapath_rewrite_post_share     START             1265924835 (  +0.00)     3593.10 (   +0.00)          0 (       0)                    0 (  +0.00)              
##>                                  END             1265924835 (  +0.00)     3593.10 (   +0.00)          0 (       0)                    0 (  +0.00)           0  
##>dp_combine_const_mult_with_com  START             1265924835 (  +0.00)     3593.10 (   +0.00)          0 (       0)                    0 (  +0.00)              
##>                                  END             1265924835 (  +0.00)     3593.10 (   +0.00)          0 (       0)                    0 (  +0.00)           0  
##>dp_operator_level_decompositio  START             1265924835 (  +0.00)     3593.10 (   +0.00)          0 (       0)                    0 (  +0.00)              
##>                                  END             1265924835 (  +0.00)     3593.10 (   +0.00)          0 (       0)                    0 (  +0.00)           0  
##>selective_flatten_dp_config     START             1265924835 (  +0.00)     3593.10 (   +0.00)          0 (       0)                    0 (  +0.00)              
##>                                  END             1265924835 (  +0.00)     3593.10 (   +0.00)          0 (       0)                    0 (  +0.00)           0  
##>createMaxCarrySave              START             1265924835 (  +0.00)     3593.10 (   +0.00)          0 (       0)                    0 (  +0.00)              
##> datapath_rewrite_one_def       START             1265924835 (  +0.00)     3593.10 (   +0.00)          0 (       0)                    0 (  +0.00)              
##>  fast_cse_elim                 START             1265924835 (  +0.00)     3593.10 (   +0.00)          0 (       0)                    0 (  +0.00)              
##>                                  END             1265924835 (  +0.00)     3593.10 (   +0.00)          0 (       0)                    0 (  +0.00)           0  
##>  fast_cse_elim                 START             1265924835 (  +0.00)     3593.10 (   +0.00)          0 (       0)                    0 (  +0.00)              
##>                                  END             1265924835 (  +0.00)     3593.10 (   +0.00)          0 (       0)                    0 (  +0.00)           0  
##>                                  END             1265924835 (  +0.00)     3593.10 (   +0.00)          0 (       0)                    0 (  +0.00)           0  
##> csa_opto                       START             1265924835 (  +0.00)     3593.10 (   +0.00)          0 (       0)                    0 (  +0.00)              
##>                                  END             1265924835 (  +0.00)     3593.10 (   +0.00)          0 (       0)                    0 (  +0.00)           0  
##>                                  END             1265924835 (  +0.00)     3593.10 (   +0.00)          0 (       0)                    0 (  +0.00)           0  
##>context_based_simplify          START             1239217560 (  -2.11)     3606.10 (  +13.00)          0 (       0)                    0 (  +0.00)              
##>                                  END             1046925180 ( -15.52)     3629.30 (  +23.20)          0 (       0)                    0 (  +0.00)           0  
##>group_csa_final_adder_dp        START             1046925180 (  +0.00)     3629.30 (   +0.00)          0 (       0)                    0 (  +0.00)              
##>                                  END             1046925180 (  +0.00)     3629.30 (   +0.00)          0 (       0)                    0 (  +0.00)           0  
##>dpopt_flatten_critical_muxes_i  START             1046925180 (  +0.00)     3629.30 (   +0.00)          0 (       0)                    0 (  +0.00)              
##>                                  END             1046925180 (  +0.00)     3629.30 (   +0.00)          0 (       0)                    0 (  +0.00)           0  
##>create_score                    START             1046925180 (  +0.00)     3629.30 (   +0.00)          0 (       0)                    0 (  +0.00)              
##>                                  END             1046925180 (  +0.00)     3629.30 (   +0.00)          0 (       0)                    0 (  +0.00)           0  
##>+-----------------------------------------------------------------------------------------------------------------------------------------------------------------------------------------------------+
Committed config: CDN_DP_region_0_12_c7
Info    : Done implementing datapath configurations. [DPOPT-4]
        : Selected 'very_fast' configuration 7 for module 'CDN_DP_region_0_12_c7'.
          Optimizations applied to 'very_fast' configuration:
            rewriting(0), factoring(0), sharing(0), cmultcse(0), downsizing(0), speculation(0)
Info    : Implementing datapath configurations. [DPOPT-3]
        : Implementing datapath configurations for 'CDN_DP_region_0_10'
CSAGen Prep Share:0 Re-Write:1 Speculation: 0
    MaxCSA: weighted_instance_count is 34 
MaxCSA: Successfully built Maximal CSA Expression Expr8
      Timing increment_unsigned_1514...
        Done timing increment_unsigned_1514.
      Timing increment_unsigned_1516_1520...
        Done timing increment_unsigned_1516_1520.
      Timing lt_unsigned_432_rtlopto_model_1521...
        Done timing lt_unsigned_432_rtlopto_model_1521.
      Timing increment_unsigned_1516_1528...
        Done timing increment_unsigned_1516_1528.
      Timing lt_unsigned_432_rtlopto_model_1529...
        Done timing lt_unsigned_432_rtlopto_model_1529.
      Timing increment_unsigned_1516_1536...
        Done timing increment_unsigned_1516_1536.
      Timing lt_unsigned_432_rtlopto_model_1537...
        Done timing lt_unsigned_432_rtlopto_model_1537.
      Timing increment_unsigned_1516_1544...
        Done timing increment_unsigned_1516_1544.
      Timing lt_unsigned_432_rtlopto_model_1545...
        Done timing lt_unsigned_432_rtlopto_model_1545.
      Timing increment_unsigned_1516_1552...
        Done timing increment_unsigned_1516_1552.
      Timing lt_unsigned_432_rtlopto_model_1553...
        Done timing lt_unsigned_432_rtlopto_model_1553.
      Timing increment_unsigned_1516_1560...
        Done timing increment_unsigned_1516_1560.
      Timing lt_unsigned_432_rtlopto_model_1561...
        Done timing lt_unsigned_432_rtlopto_model_1561.
CDN_DP_region_0_10 level = 0 loads = 0 drivers = 0
CDN_DP_region_0_10_c0 in mgmt_core: area: 865315710 ,dp = 2 mux = 1 sg = slow         worst_clk_period: -1.0000 
    wns: 0  norm_wns:  -1.0000 
    fail_endp: -1 
    tns:  0  tns_per_endp:  -1.0000   norm_tns_per_endp:  -1.0000 
    tns_sense_max:  -1.0000  tns_sense_avg:  -1.0000   tns_sense_num: -1
 skipped
CDN_DP_region_0_10_c1 in mgmt_core: area: 710413515 ,dp = 2 mux = 1 sg = fast         worst_clk_period: -1.0000 
    wns: 0  norm_wns:  -1.0000 
    fail_endp: -1 
    tns:  0  tns_per_endp:  -1.0000   norm_tns_per_endp:  -1.0000 
    tns_sense_max:  -1.0000  tns_sense_avg:  -1.0000   tns_sense_num: -1
 is current best
CDN_DP_region_0_10_c2 in mgmt_core: area: 710413515 ,dp = 2 mux = 1 sg = very_slow    worst_clk_period: -1.0000 
    wns: 0  norm_wns:  -1.0000 
    fail_endp: -1 
    tns:  0  tns_per_endp:  -1.0000   norm_tns_per_endp:  -1.0000 
    tns_sense_max:  -1.0000  tns_sense_avg:  -1.0000   tns_sense_num: -1
 is current best
CDN_DP_region_0_10_c3 in mgmt_core: area: 710413515 ,dp = 2 mux = 1 sg = very_fast    worst_clk_period: -1.0000 
    wns: 0  norm_wns:  -1.0000 
    fail_endp: -1 
    tns:  0  tns_per_endp:  -1.0000   norm_tns_per_endp:  -1.0000 
    tns_sense_max:  -1.0000  tns_sense_avg:  -1.0000   tns_sense_num: -1
 is current best
CDN_DP_region_0_10_c4 in mgmt_core: area: 710413515 ,dp = 2 mux = 1 sg = very_fast    worst_clk_period: -1.0000 
    wns: 0  norm_wns:  -1.0000 
    fail_endp: -1 
    tns:  0  tns_per_endp:  -1.0000   norm_tns_per_endp:  -1.0000 
    tns_sense_max:  -1.0000  tns_sense_avg:  -1.0000   tns_sense_num: -1
 is current best
CDN_DP_region_0_10_c5 in mgmt_core: area: 710413515 ,dp = 2 mux = 1 sg = very_fast    worst_clk_period: -1.0000 
    wns: 0  norm_wns:  -1.0000 
    fail_endp: -1 
    tns:  0  tns_per_endp:  -1.0000   norm_tns_per_endp:  -1.0000 
    tns_sense_max:  -1.0000  tns_sense_avg:  -1.0000   tns_sense_num: -1
 is current best
CDN_DP_region_0_10_c6 in mgmt_core: area: 710413515 ,dp = 2 mux = 1 sg = very_fast    worst_clk_period: -1.0000 
    wns: 0  norm_wns:  -1.0000 
    fail_endp: -1 
    tns:  0  tns_per_endp:  -1.0000   norm_tns_per_endp:  -1.0000 
    tns_sense_max:  -1.0000  tns_sense_avg:  -1.0000   tns_sense_num: -1
 is current best
CDN_DP_region_0_10_c7 in mgmt_core: area: 1196485920 ,dp = 2 mux = 1 sg = very_fast    worst_clk_period: -1.0000 
    wns: 0  norm_wns:  -1.0000 
    fail_endp: -1 
    tns:  0  tns_per_endp:  -1.0000   norm_tns_per_endp:  -1.0000 
    tns_sense_max:  -1.0000  tns_sense_avg:  -1.0000   tns_sense_num: -1

Best config: CDN_DP_region_0_10_c6 in mgmt_core: area: 710413515 ,dp = 2 mux = 1 sg = very_fast    worst_clk_period: -1.0000 
    wns: 0  norm_wns:  -1.0000 
    fail_endp: -1 
    tns:  0  tns_per_endp:  -1.0000   norm_tns_per_endp:  -1.0000 
    tns_sense_max:  -1.0000  tns_sense_avg:  -1.0000   tns_sense_num: -1
  Smallest config area : 710413515.  Fastest config wns;  0
##>+----------------------------------------------------------------------------------------------------------------------------------------------------------------+
##>Summary table of configs (Best config is CDN_DP_region_0_10_c6)
##>+----------------------------------------------------------------------------------------------------------------------------------------------------------------+
##>                     0                  1                  2                  3                  4                  5                  6                  7            
##>+----------------------------------------------------------------------------------------------------------------------------------------------------------------+
##>           Area        865315710          710413515          710413515          710413515          710413515          710413515          710413515         1196485920  
##>            WNS         +3486.20           +3486.20           +3486.20           +3486.20           +3486.20           +3486.20           +3486.20           +3486.20  
##>            TNS                0                  0                  0                  0                  0                  0                  0                  0  
##>    Num Rewrite                0                  0                  0                  0                  0                  0                  0                  1  
##>     Num Factor                0                  0                  0                  0                  0                  0                  0                  0  
##>      Num Share                0                  0                  0                  0                  0                  0                  0                  0  
##>   Num CmultCse                0                  0                  0                  0                  0                  0                  0                  0  
##>   Num Downsize                0                  0                  0                  0                  0                  0                  0                  0  
##>  Num Speculate                0                  0                  0                  0                  0                  0                  0                  0  
##>     Runtime(s)                0                  0                  0                  0                  0                  0                  0                  0  
+----------------------------------------------------------------------------------------------------------------------------------------------------------------+
##>
##>
##>+-----------------------------------------------------------------------------------------------------------------------------------------------------------------------------------------------------+
##>Optimization Step DEBUG Table for config CDN_DP_region_0_10_c6
##>
##>                          Step                        Area   (  % Chg)         WNS (Change)          TNS (Change)                Power   (  % Chg)        Runtime (s)        Comment                   
##>+-----------------------------------------------------------------------------------------------------------------------------------------------------------------------------------------------------+
##>createMaxCarrySave              START              865315710 (       )    107377668.60 (        )          0 (        )                    0 (       )              
##> datapath_rewrite_one_def       START              865315710 (  +0.00)    107377668.60 (   +0.00)          0 (       0)                    0 (  +0.00)              
##>  fast_cse_elim                 START              865315710 (  +0.00)    107377668.60 (   +0.00)          0 (       0)                    0 (  +0.00)              
##>                                  END              865315710 (  +0.00)    107377668.60 (   +0.00)          0 (       0)                    0 (  +0.00)           0  
##>  fast_cse_elim                 START              865315710 (  +0.00)    107377668.60 (   +0.00)          0 (       0)                    0 (  +0.00)              
##>                                  END              865315710 (  +0.00)    107377668.60 (   +0.00)          0 (       0)                    0 (  +0.00)           0  
##>                                  END              865315710 (  +0.00)    107377668.60 (   +0.00)          0 (       0)                    0 (  +0.00)           0  
##> dpopt_share_one_def            START              865315710 (  +0.00)    107377668.60 (   +0.00)          0 (       0)                    0 (  +0.00)              
##>                                  END              865315710 (  +0.00)    107377668.60 (   +0.00)          0 (       0)                    0 (  +0.00)           0  
##> csa_opto                       START              865315710 (  +0.00)    214748364.70 (+107370696.10)          0 (       0)                    0 (  +0.00)              
##>                                  END              849291345 (  -1.85)    214748364.70 (   +0.00)          0 (       0)                    0 (  +0.00)           0  
##>                                  END              849291345 (  -1.85)    214748364.70 (+107370696.10)          0 (       0)                    0 (  +0.00)           0  
##>canonicalize_by_names           START              849291345 (  +0.00)    214748364.70 (   +0.00)          0 (       0)                    0 (  +0.00)              
##>                                  END              849291345 (  +0.00)    214748364.70 (   +0.00)          0 (       0)                    0 (  +0.00)           0  
##>datapath_rewrite_post_csa_one_  START              849291345 (  +0.00)    214748364.70 (   +0.00)          0 (       0)                    0 (  +0.00)              
##>                                  END              849291345 (  +0.00)    214748364.70 (   +0.00)          0 (       0)                    0 (  +0.00)           0  
##>datapath_csa_factoring_one_gde  START              849291345 (  +0.00)    214748364.70 (   +0.00)          0 (       0)                    0 (  +0.00)              
##>                                  END              849291345 (  +0.00)    214748364.70 (   +0.00)          0 (       0)                    0 (  +0.00)           0  
##>dpopt_share_one_def             START              849291345 (  +0.00)    214748364.70 (   +0.00)          0 (       0)                    0 (  +0.00)              
##>                                  END              849291345 (  +0.00)    214748364.70 (   +0.00)          0 (       0)                    0 (  +0.00)           0  
##>datapath_rewrite_post_share     START              849291345 (  +0.00)    214748364.70 (   +0.00)          0 (       0)                    0 (  +0.00)              
##>                                  END              849291345 (  +0.00)    214748364.70 (   +0.00)          0 (       0)                    0 (  +0.00)           0  
##>dp_combine_const_mult_with_com  START              849291345 (  +0.00)    214748364.70 (   +0.00)          0 (       0)                    0 (  +0.00)              
##>                                  END              849291345 (  +0.00)    214748364.70 (   +0.00)          0 (       0)                    0 (  +0.00)           0  
##>dp_operator_level_decompositio  START              849291345 (  +0.00)    214748364.70 (   +0.00)          0 (       0)                    0 (  +0.00)              
##>                                  END              849291345 (  +0.00)    214748364.70 (   +0.00)          0 (       0)                    0 (  +0.00)           0  
##>selective_flatten_dp_config     START              849291345 (  +0.00)    214748364.70 (   +0.00)          0 (       0)                    0 (  +0.00)              
##>                                  END              849291345 (  +0.00)    214748364.70 (   +0.00)          0 (       0)                    0 (  +0.00)           0  
##>createMaxCarrySave              START              849291345 (  +0.00)    214748364.70 (   +0.00)          0 (       0)                    0 (  +0.00)              
##> datapath_rewrite_one_def       START              849291345 (  +0.00)    214748364.70 (   +0.00)          0 (       0)                    0 (  +0.00)              
##>  fast_cse_elim                 START              849291345 (  +0.00)    214748364.70 (   +0.00)          0 (       0)                    0 (  +0.00)              
##>                                  END              849291345 (  +0.00)    214748364.70 (   +0.00)          0 (       0)                    0 (  +0.00)           0  
##>  fast_cse_elim                 START              849291345 (  +0.00)    214748364.70 (   +0.00)          0 (       0)                    0 (  +0.00)              
##>                                  END              849291345 (  +0.00)    214748364.70 (   +0.00)          0 (       0)                    0 (  +0.00)           0  
##>                                  END              849291345 (  +0.00)    214748364.70 (   +0.00)          0 (       0)                    0 (  +0.00)           0  
##> dpopt_share_one_def            START              849291345 (  +0.00)    214748364.70 (   +0.00)          0 (       0)                    0 (  +0.00)              
##>                                  END              849291345 (  +0.00)    214748364.70 (   +0.00)          0 (       0)                    0 (  +0.00)           0  
##> csa_opto                       START              849291345 (  +0.00)    214748364.70 (   +0.00)          0 (       0)                    0 (  +0.00)              
##>                                  END              849291345 (  +0.00)    214748364.70 (   +0.00)          0 (       0)                    0 (  +0.00)           0  
##>                                  END              849291345 (  +0.00)    214748364.70 (   +0.00)          0 (       0)                    0 (  +0.00)           0  
##>context_based_simplify          START              827925525 (  -2.52)    214748364.70 (   +0.00)          0 (       0)                    0 (  +0.00)              
##>                                  END              710413515 ( -14.19)    214748364.70 (   +0.00)          0 (       0)                    0 (  +0.00)           0  
##>group_csa_final_adder_dp        START              710413515 (  +0.00)    214748364.70 (   +0.00)          0 (       0)                    0 (  +0.00)              
##>                                  END              710413515 (  +0.00)    214748364.70 (   +0.00)          0 (       0)                    0 (  +0.00)           0  
##>dpopt_flatten_critical_muxes_i  START              710413515 (  +0.00)    214748364.70 (   +0.00)          0 (       0)                    0 (  +0.00)              
##>                                  END              710413515 (  +0.00)    214748364.70 (   +0.00)          0 (       0)                    0 (  +0.00)           0  
##>create_score                    START              710413515 (  +0.00)     3486.20 (-214744878.50)          0 (       0)                    0 (  +0.00)              
##>                                  END              710413515 (  +0.00)     3486.20 (   +0.00)          0 (       0)                    0 (  +0.00)           0  
##>+-----------------------------------------------------------------------------------------------------------------------------------------------------------------------------------------------------+
Committed config: CDN_DP_region_0_10_c6
Info    : Done implementing datapath configurations. [DPOPT-4]
        : Selected 'very_fast' configuration 6 for module 'CDN_DP_region_0_10_c6'.
          Optimizations applied to 'very_fast' configuration:
            rewriting(0), factoring(0), sharing(0), cmultcse(0), downsizing(0), speculation(0)
Info    : Implementing datapath configurations. [DPOPT-3]
        : Implementing datapath configurations for 'CDN_DP_region_0_11'
CSAGen Prep Share:0 Re-Write:0 Speculation: 0
    MaxCSA: weighted_instance_count is 18 
MaxCSA: Successfully built Maximal CSA Expression Expr9
      Timing decrement_unsigned_1566...
        Done timing decrement_unsigned_1566.
      Timing decrement_unsigned_1568_1571...
        Done timing decrement_unsigned_1568_1571.
      Timing decrement_unsigned_1568_1577...
        Done timing decrement_unsigned_1568_1577.
      Timing decrement_unsigned_1568_1583...
        Done timing decrement_unsigned_1568_1583.
      Timing decrement_unsigned_1568_1589...
        Done timing decrement_unsigned_1568_1589.
      Timing decrement_unsigned_1568_1595...
        Done timing decrement_unsigned_1568_1595.
      Timing decrement_unsigned_1568_1601...
        Done timing decrement_unsigned_1568_1601.
      Timing decrement_unsigned_1568_1607...
        Done timing decrement_unsigned_1568_1607.
CDN_DP_region_0_11 level = 0 loads = 0 drivers = 0
CDN_DP_region_0_11_c0 in mgmt_core: area: 464706585 ,dp = 1 mux = 1 sg = slow         worst_clk_period: -1.0000 
    wns: 0  norm_wns:  -1.0000 
    fail_endp: -1 
    tns:  0  tns_per_endp:  -1.0000   norm_tns_per_endp:  -1.0000 
    tns_sense_max:  -1.0000  tns_sense_avg:  -1.0000   tns_sense_num: -1
 skipped
CDN_DP_region_0_11_c1 in mgmt_core: area: 427316400 ,dp = 1 mux = 1 sg = fast         worst_clk_period: -1.0000 
    wns: 0  norm_wns:  -1.0000 
    fail_endp: -1 
    tns:  0  tns_per_endp:  -1.0000   norm_tns_per_endp:  -1.0000 
    tns_sense_max:  -1.0000  tns_sense_avg:  -1.0000   tns_sense_num: -1
 is current best
CDN_DP_region_0_11_c2 in mgmt_core: area: 427316400 ,dp = 1 mux = 1 sg = very_slow    worst_clk_period: -1.0000 
    wns: 0  norm_wns:  -1.0000 
    fail_endp: -1 
    tns:  0  tns_per_endp:  -1.0000   norm_tns_per_endp:  -1.0000 
    tns_sense_max:  -1.0000  tns_sense_avg:  -1.0000   tns_sense_num: -1
 is current best
CDN_DP_region_0_11_c3 in mgmt_core: area: 427316400 ,dp = 1 mux = 1 sg = very_fast    worst_clk_period: -1.0000 
    wns: 0  norm_wns:  -1.0000 
    fail_endp: -1 
    tns:  0  tns_per_endp:  -1.0000   norm_tns_per_endp:  -1.0000 
    tns_sense_max:  -1.0000  tns_sense_avg:  -1.0000   tns_sense_num: -1
 is current best
CDN_DP_region_0_11_c4 in mgmt_core: area: 427316400 ,dp = 1 mux = 1 sg = very_fast    worst_clk_period: -1.0000 
    wns: 0  norm_wns:  -1.0000 
    fail_endp: -1 
    tns:  0  tns_per_endp:  -1.0000   norm_tns_per_endp:  -1.0000 
    tns_sense_max:  -1.0000  tns_sense_avg:  -1.0000   tns_sense_num: -1
 is current best
CDN_DP_region_0_11_c5 in mgmt_core: area: 427316400 ,dp = 1 mux = 1 sg = very_fast    worst_clk_period: -1.0000 
    wns: 0  norm_wns:  -1.0000 
    fail_endp: -1 
    tns:  0  tns_per_endp:  -1.0000   norm_tns_per_endp:  -1.0000 
    tns_sense_max:  -1.0000  tns_sense_avg:  -1.0000   tns_sense_num: -1
 is current best
CDN_DP_region_0_11_c6 in mgmt_core: area: 427316400 ,dp = 1 mux = 1 sg = very_fast    worst_clk_period: -1.0000 
    wns: 0  norm_wns:  -1.0000 
    fail_endp: -1 
    tns:  0  tns_per_endp:  -1.0000   norm_tns_per_endp:  -1.0000 
    tns_sense_max:  -1.0000  tns_sense_avg:  -1.0000   tns_sense_num: -1
 is current best
CDN_DP_region_0_11_c7 in mgmt_core: area: 427316400 ,dp = 1 mux = 1 sg = very_fast    worst_clk_period: -1.0000 
    wns: 0  norm_wns:  -1.0000 
    fail_endp: -1 
    tns:  0  tns_per_endp:  -1.0000   norm_tns_per_endp:  -1.0000 
    tns_sense_max:  -1.0000  tns_sense_avg:  -1.0000   tns_sense_num: -1
 is current best
Best config: CDN_DP_region_0_11_c7 in mgmt_core: area: 427316400 ,dp = 1 mux = 1 sg = very_fast    worst_clk_period: -1.0000 
    wns: 0  norm_wns:  -1.0000 
    fail_endp: -1 
    tns:  0  tns_per_endp:  -1.0000   norm_tns_per_endp:  -1.0000 
    tns_sense_max:  -1.0000  tns_sense_avg:  -1.0000   tns_sense_num: -1
  Smallest config area : 427316400.  Fastest config wns;  0
##>+----------------------------------------------------------------------------------------------------------------------------------------------------------------+
##>Summary table of configs (Best config is CDN_DP_region_0_11_c7)
##>+----------------------------------------------------------------------------------------------------------------------------------------------------------------+
##>                     0                  1                  2                  3                  4                  5                  6                  7            
##>+----------------------------------------------------------------------------------------------------------------------------------------------------------------+
##>           Area        464706585          427316400          427316400          427316400          427316400          427316400          427316400          427316400  
##>            WNS         +3649.50           +3662.70           +3662.70           +3662.70           +3662.70           +3662.70           +3662.70           +3662.70  
##>            TNS                0                  0                  0                  0                  0                  0                  0                  0  
##>    Num Rewrite                0                  0                  0                  0                  0                  0                  0                  0  
##>     Num Factor                0                  0                  0                  0                  0                  0                  0                  0  
##>      Num Share                0                  0                  0                  0                  0                  0                  0                  0  
##>   Num CmultCse                0                  0                  0                  0                  0                  0                  0                  0  
##>   Num Downsize                0                  0                  0                  0                  0                  0                  0                  0  
##>  Num Speculate                0                  0                  0                  0                  0                  0                  0                  0  
##>     Runtime(s)                0                  0                  0                  0                  0                  0                  0                  0  
+----------------------------------------------------------------------------------------------------------------------------------------------------------------+
##>
##>
##>+-----------------------------------------------------------------------------------------------------------------------------------------------------------------------------------------------------+
##>Optimization Step DEBUG Table for config CDN_DP_region_0_11_c7
##>
##>                          Step                        Area   (  % Chg)         WNS (Change)          TNS (Change)                Power   (  % Chg)        Runtime (s)        Comment                   
##>+-----------------------------------------------------------------------------------------------------------------------------------------------------------------------------------------------------+
##>EquationExtraction              START              464706585 (       )     3649.50 (        )          0 (        )                    0 (       )              
##> rewrite                        START              865315710 ( +86.21)     3630.30 (  -19.20)          0 (       0)                    0 (  +0.00)              (a,ar) Expr9_from --> Expr9_to
##>                                  END             1281949200 ( +48.15)     3630.30 (   +0.00)          0 (       0)                    0 (  +0.00)           0  
##>                                  END              464706585 (  +0.00)     3649.50 (   +0.00)          0 (       0)                    0 (  +0.00)           0  
##>createMaxCarrySave              START              464706585 (  +0.00)     3649.50 (   +0.00)          0 (       0)                    0 (  +0.00)              
##> datapath_rewrite_one_def       START              464706585 (  +0.00)     3649.50 (   +0.00)          0 (       0)                    0 (  +0.00)              
##>                                  END              464706585 (  +0.00)     3649.50 (   +0.00)          0 (       0)                    0 (  +0.00)           0  
##> csa_opto                       START              464706585 (  +0.00)     3649.50 (   +0.00)          0 (       0)                    0 (  +0.00)              
##>                                  END              512779680 ( +10.34)     3654.70 (   +5.20)          0 (       0)                    0 (  +0.00)           0  
##>                                  END              512779680 ( +10.34)     3654.70 (   +5.20)          0 (       0)                    0 (  +0.00)           0  
##>canonicalize_by_names           START              512779680 (  +0.00)     3654.70 (   +0.00)          0 (       0)                    0 (  +0.00)              
##>                                  END              512779680 (  +0.00)     3654.70 (   +0.00)          0 (       0)                    0 (  +0.00)           0  
##>datapath_rewrite_post_csa_one_  START              512779680 (  +0.00)     3654.70 (   +0.00)          0 (       0)                    0 (  +0.00)              
##>                                  END              512779680 (  +0.00)     3654.70 (   +0.00)          0 (       0)                    0 (  +0.00)           0  
##>datapath_csa_factoring_one_gde  START              512779680 (  +0.00)     3654.70 (   +0.00)          0 (       0)                    0 (  +0.00)              
##>                                  END              512779680 (  +0.00)     3654.70 (   +0.00)          0 (       0)                    0 (  +0.00)           0  
##>dpopt_share_one_def             START              512779680 (  +0.00)     3654.70 (   +0.00)          0 (       0)                    0 (  +0.00)              
##>                                  END              512779680 (  +0.00)     3654.70 (   +0.00)          0 (       0)                    0 (  +0.00)           0  
##>datapath_rewrite_post_share     START              512779680 (  +0.00)     3654.70 (   +0.00)          0 (       0)                    0 (  +0.00)              
##>                                  END              512779680 (  +0.00)     3654.70 (   +0.00)          0 (       0)                    0 (  +0.00)           0  
##>dp_combine_const_mult_with_com  START              512779680 (  +0.00)     3654.70 (   +0.00)          0 (       0)                    0 (  +0.00)              
##>                                  END              512779680 (  +0.00)     3654.70 (   +0.00)          0 (       0)                    0 (  +0.00)           0  
##>dp_operator_level_decompositio  START              512779680 (  +0.00)     3654.70 (   +0.00)          0 (       0)                    0 (  +0.00)              
##>                                  END              512779680 (  +0.00)     3654.70 (   +0.00)          0 (       0)                    0 (  +0.00)           0  
##>selective_flatten_dp_config     START              512779680 (  +0.00)     3654.70 (   +0.00)          0 (       0)                    0 (  +0.00)              
##>                                  END              512779680 (  +0.00)     3654.70 (   +0.00)          0 (       0)                    0 (  +0.00)           0  
##>createMaxCarrySave              START              512779680 (  +0.00)     3654.70 (   +0.00)          0 (       0)                    0 (  +0.00)              
##> datapath_rewrite_one_def       START              512779680 (  +0.00)     3654.70 (   +0.00)          0 (       0)                    0 (  +0.00)              
##>  fast_cse_elim                 START              512779680 (  +0.00)     3654.70 (   +0.00)          0 (       0)                    0 (  +0.00)              
##>                                  END              512779680 (  +0.00)     3654.70 (   +0.00)          0 (       0)                    0 (  +0.00)           0  
##>  fast_cse_elim                 START              512779680 (  +0.00)     3654.70 (   +0.00)          0 (       0)                    0 (  +0.00)              
##>                                  END              512779680 (  +0.00)     3654.70 (   +0.00)          0 (       0)                    0 (  +0.00)           0  
##>                                  END              512779680 (  +0.00)     3654.70 (   +0.00)          0 (       0)                    0 (  +0.00)           0  
##> csa_opto                       START              512779680 (  +0.00)     3654.70 (   +0.00)          0 (       0)                    0 (  +0.00)              
##>                                  END              512779680 (  +0.00)     3654.70 (   +0.00)          0 (       0)                    0 (  +0.00)           0  
##>                                  END              512779680 (  +0.00)     3654.70 (   +0.00)          0 (       0)                    0 (  +0.00)           0  
##>context_based_simplify          START              486072405 (  -5.21)     3662.70 (   +8.00)          0 (       0)                    0 (  +0.00)              
##>                                  END              427316400 ( -12.09)     3662.70 (   +0.00)          0 (       0)                    0 (  +0.00)           0  
##>group_csa_final_adder_dp        START              427316400 (  +0.00)     3662.70 (   +0.00)          0 (       0)                    0 (  +0.00)              
##>                                  END              427316400 (  +0.00)     3662.70 (   +0.00)          0 (       0)                    0 (  +0.00)           0  
##>dpopt_flatten_critical_muxes_i  START              427316400 (  +0.00)     3662.70 (   +0.00)          0 (       0)                    0 (  +0.00)              
##>                                  END              427316400 (  +0.00)     3662.70 (   +0.00)          0 (       0)                    0 (  +0.00)           0  
##>create_score                    START              427316400 (  +0.00)     3662.70 (   +0.00)          0 (       0)                    0 (  +0.00)              
##>                                  END              427316400 (  +0.00)     3662.70 (   +0.00)          0 (       0)                    0 (  +0.00)           0  
##>+-----------------------------------------------------------------------------------------------------------------------------------------------------------------------------------------------------+
Committed config: CDN_DP_region_0_11_c7
Info    : Done implementing datapath configurations. [DPOPT-4]
        : Selected 'very_fast' configuration 7 for module 'CDN_DP_region_0_11_c7'.
          Optimizations applied to 'very_fast' configuration:
            rewriting(0), factoring(0), sharing(0), cmultcse(0), downsizing(0), speculation(0)
Info    : Implementing datapath configurations. [DPOPT-3]
        : Implementing datapath configurations for 'CDN_DP_region_0_8'
CSAGen Prep Share:0 Re-Write:0 Speculation: 0
    MaxCSA: weighted_instance_count is 8 
MaxCSA: Successfully built Maximal CSA Expression Expr10
    MaxCSA: weighted_instance_count is 20 
MaxCSA: Successfully built Maximal CSA Expression Expr11
Info    : Transformed datapath macro. [RTLOPT-40]
        : Transformed 1 datapath macros in module 'CDN_DP_region_0_8_c7' to a form more suitable for further optimization.
      Timing increment_unsigned_1291_1627...
        Done timing increment_unsigned_1291_1627.
      Timing decrement_unsigned_1632...
        Done timing decrement_unsigned_1632.
      Timing increment_unsigned_1634...
        Done timing increment_unsigned_1634.
      Timing addsub_unsigned_1641...
        Done timing addsub_unsigned_1641.
      Timing decrement_unsigned_1646_1653...
        Done timing decrement_unsigned_1646_1653.
      Timing increment_unsigned_1291_1654...
        Done timing increment_unsigned_1291_1654.
      Timing increment_unsigned_1647_1655...
        Done timing increment_unsigned_1647_1655.
      Timing decrement_unsigned_1646_1682...
        Done timing decrement_unsigned_1646_1682.
      Timing increment_unsigned_1291_1683...
        Done timing increment_unsigned_1291_1683.
      Timing increment_unsigned_1647_1684...
        Done timing increment_unsigned_1647_1684.
      Timing decrement_unsigned_1646_1711...
        Done timing decrement_unsigned_1646_1711.
      Timing increment_unsigned_1291_1712...
        Done timing increment_unsigned_1291_1712.
      Timing increment_unsigned_1647_1713...
        Done timing increment_unsigned_1647_1713.
      Timing decrement_unsigned_1646_1740...
        Done timing decrement_unsigned_1646_1740.
      Timing increment_unsigned_1291_1741...
        Done timing increment_unsigned_1291_1741.
      Timing increment_unsigned_1647_1742...
        Done timing increment_unsigned_1647_1742.
      Timing decrement_unsigned_1646_1769...
        Done timing decrement_unsigned_1646_1769.
      Timing increment_unsigned_1291_1770...
        Done timing increment_unsigned_1291_1770.
      Timing increment_unsigned_1647_1771...
        Done timing increment_unsigned_1647_1771.
      Timing decrement_unsigned_1646_1816...
        Done timing decrement_unsigned_1646_1816.
      Timing increment_unsigned_1291_1817...
        Done timing increment_unsigned_1291_1817.
      Timing increment_unsigned_1647_1818...
        Done timing increment_unsigned_1647_1818.
CDN_DP_region_0_8 level = 1 loads = 0 drivers = 1 is driven by : CDN_DP_region_0_9 
CDN_DP_region_0_8_c0 in mgmt_core: area: 443340765 ,dp = 3 mux = 1 sg = slow         worst_clk_period: -1.0000 
    wns: 0  norm_wns:  -1.0000 
    fail_endp: -1 
    tns:  0  tns_per_endp:  -1.0000   norm_tns_per_endp:  -1.0000 
    tns_sense_max:  -1.0000  tns_sense_avg:  -1.0000   tns_sense_num: -1
 skipped
CDN_DP_region_0_8_c1 in mgmt_core: area: 363218940 ,dp = 3 mux = 1 sg = fast         worst_clk_period: -1.0000 
    wns: 0  norm_wns:  -1.0000 
    fail_endp: -1 
    tns:  0  tns_per_endp:  -1.0000   norm_tns_per_endp:  -1.0000 
    tns_sense_max:  -1.0000  tns_sense_avg:  -1.0000   tns_sense_num: -1
 is current best
CDN_DP_region_0_8_c2 in mgmt_core: area: 363218940 ,dp = 3 mux = 1 sg = very_slow    worst_clk_period: -1.0000 
    wns: 0  norm_wns:  -1.0000 
    fail_endp: -1 
    tns:  0  tns_per_endp:  -1.0000   norm_tns_per_endp:  -1.0000 
    tns_sense_max:  -1.0000  tns_sense_avg:  -1.0000   tns_sense_num: -1
 is current best
CDN_DP_region_0_8_c3 in mgmt_core: area: 363218940 ,dp = 3 mux = 1 sg = very_fast    worst_clk_period: -1.0000 
    wns: 0  norm_wns:  -1.0000 
    fail_endp: -1 
    tns:  0  tns_per_endp:  -1.0000   norm_tns_per_endp:  -1.0000 
    tns_sense_max:  -1.0000  tns_sense_avg:  -1.0000   tns_sense_num: -1
 is current best
CDN_DP_region_0_8_c4 in mgmt_core: area: 363218940 ,dp = 3 mux = 1 sg = very_fast    worst_clk_period: -1.0000 
    wns: 0  norm_wns:  -1.0000 
    fail_endp: -1 
    tns:  0  tns_per_endp:  -1.0000   norm_tns_per_endp:  -1.0000 
    tns_sense_max:  -1.0000  tns_sense_avg:  -1.0000   tns_sense_num: -1
 is current best
CDN_DP_region_0_8_c5 in mgmt_core: area: 363218940 ,dp = 3 mux = 1 sg = very_fast    worst_clk_period: -1.0000 
    wns: 0  norm_wns:  -1.0000 
    fail_endp: -1 
    tns:  0  tns_per_endp:  -1.0000   norm_tns_per_endp:  -1.0000 
    tns_sense_max:  -1.0000  tns_sense_avg:  -1.0000   tns_sense_num: -1
 is current best
CDN_DP_region_0_8_c6 in mgmt_core: area: 363218940 ,dp = 3 mux = 1 sg = very_fast    worst_clk_period: -1.0000 
    wns: 0  norm_wns:  -1.0000 
    fail_endp: -1 
    tns:  0  tns_per_endp:  -1.0000   norm_tns_per_endp:  -1.0000 
    tns_sense_max:  -1.0000  tns_sense_avg:  -1.0000   tns_sense_num: -1
 is current best
CDN_DP_region_0_8_c7 in mgmt_core: area: 491413860 ,dp = 2 mux = 1 sg = very_fast    worst_clk_period: -1.0000 
    wns: 0  norm_wns:  -1.0000 
    fail_endp: -1 
    tns:  0  tns_per_endp:  -1.0000   norm_tns_per_endp:  -1.0000 
    tns_sense_max:  -1.0000  tns_sense_avg:  -1.0000   tns_sense_num: -1

Best config: CDN_DP_region_0_8_c6 in mgmt_core: area: 363218940 ,dp = 3 mux = 1 sg = very_fast    worst_clk_period: -1.0000 
    wns: 0  norm_wns:  -1.0000 
    fail_endp: -1 
    tns:  0  tns_per_endp:  -1.0000   norm_tns_per_endp:  -1.0000 
    tns_sense_max:  -1.0000  tns_sense_avg:  -1.0000   tns_sense_num: -1
  Smallest config area : 363218940.  Fastest config wns;  0
##>+----------------------------------------------------------------------------------------------------------------------------------------------------------------+
##>Summary table of configs (Best config is CDN_DP_region_0_8_c6)
##>+----------------------------------------------------------------------------------------------------------------------------------------------------------------+
##>                     0                  1                  2                  3                  4                  5                  6                  7            
##>+----------------------------------------------------------------------------------------------------------------------------------------------------------------+
##>           Area        443340765          363218940          363218940          363218940          363218940          363218940          363218940          491413860  
##>            WNS         +3534.50           +3534.50           +3534.50           +3534.50           +3534.50           +3534.50           +3534.50           +3372.60  
##>            TNS                0                  0                  0                  0                  0                  0                  0                  0  
##>    Num Rewrite                0                  0                  0                  0                  0                  0                  0                  1  
##>     Num Factor                0                  0                  0                  0                  0                  0                  0                  0  
##>      Num Share                0                  0                  0                  0                  0                  0                  0                  0  
##>   Num CmultCse                0                  0                  0                  0                  0                  0                  0                  0  
##>   Num Downsize                0                  0                  0                  0                  0                  0                  0                  0  
##>  Num Speculate                0                  0                  0                  0                  0                  0                  0                  0  
##>     Runtime(s)                0                  0                  0                  0                  0                  0                  0                  0  
+----------------------------------------------------------------------------------------------------------------------------------------------------------------+
##>
##>
##>+-----------------------------------------------------------------------------------------------------------------------------------------------------------------------------------------------------+
##>Optimization Step DEBUG Table for config CDN_DP_region_0_8_c6
##>
##>                          Step                        Area   (  % Chg)         WNS (Change)          TNS (Change)                Power   (  % Chg)        Runtime (s)        Comment                   
##>+-----------------------------------------------------------------------------------------------------------------------------------------------------------------------------------------------------+
##>createMaxCarrySave              START              443340765 (       )    107377716.90 (        )          0 (        )                    0 (       )              
##> datapath_rewrite_one_def       START              443340765 (  +0.00)    107377716.90 (   +0.00)          0 (       0)                    0 (  +0.00)              
##>  fast_cse_elim                 START              443340765 (  +0.00)    107377716.90 (   +0.00)          0 (       0)                    0 (  +0.00)              
##>                                  END              443340765 (  +0.00)    107377716.90 (   +0.00)          0 (       0)                    0 (  +0.00)           0  
##>  fast_cse_elim                 START              443340765 (  +0.00)    107377716.90 (   +0.00)          0 (       0)                    0 (  +0.00)              
##>                                  END              443340765 (  +0.00)    107377716.90 (   +0.00)          0 (       0)                    0 (  +0.00)           0  
##>  rewrite                       START              443340765 (  +0.00)    107377716.90 (   +0.00)          0 (       0)                    0 (  +0.00)              (na,csaa) uneven_sub_add_with_select --> uneven_sub_add_with_mux_v2
##>                                  END              518121135 ( +16.87)    107377578.80 ( -138.10)          0 (       0)                    0 (  +0.00)           0  
##>                                  END              443340765 (  +0.00)    107377716.90 (   +0.00)          0 (       0)                    0 (  +0.00)           0  
##> dpopt_share_one_def            START              443340765 (  +0.00)    107377716.90 (   +0.00)          0 (       0)                    0 (  +0.00)              
##>                                  END              443340765 (  +0.00)    107377716.90 (   +0.00)          0 (       0)                    0 (  +0.00)           0  
##> csa_opto                       START              443340765 (  +0.00)    214748364.70 (+107370647.80)          0 (       0)                    0 (  +0.00)              
##>                                  END              491413860 ( +10.84)    214748364.70 (   +0.00)          0 (       0)                    0 (  +0.00)           0  
##>                                  END              491413860 ( +10.84)    214748364.70 (+107370647.80)          0 (       0)                    0 (  +0.00)           0  
##>canonicalize_by_names           START              491413860 (  +0.00)    214748364.70 (   +0.00)          0 (       0)                    0 (  +0.00)              
##>                                  END              491413860 (  +0.00)    214748364.70 (   +0.00)          0 (       0)                    0 (  +0.00)           0  
##>datapath_rewrite_post_csa_one_  START              491413860 (  +0.00)    214748364.70 (   +0.00)          0 (       0)                    0 (  +0.00)              
##>                                  END              491413860 (  +0.00)    214748364.70 (   +0.00)          0 (       0)                    0 (  +0.00)           0  
##>datapath_csa_factoring_one_gde  START              491413860 (  +0.00)    214748364.70 (   +0.00)          0 (       0)                    0 (  +0.00)              
##>                                  END              491413860 (  +0.00)    214748364.70 (   +0.00)          0 (       0)                    0 (  +0.00)           0  
##>dpopt_share_one_def             START              491413860 (  +0.00)    214748364.70 (   +0.00)          0 (       0)                    0 (  +0.00)              
##>                                  END              491413860 (  +0.00)    214748364.70 (   +0.00)          0 (       0)                    0 (  +0.00)           0  
##>datapath_rewrite_post_share     START              491413860 (  +0.00)    214748364.70 (   +0.00)          0 (       0)                    0 (  +0.00)              
##>                                  END              491413860 (  +0.00)    214748364.70 (   +0.00)          0 (       0)                    0 (  +0.00)           0  
##>dp_combine_const_mult_with_com  START              491413860 (  +0.00)    214748364.70 (   +0.00)          0 (       0)                    0 (  +0.00)              
##>                                  END              491413860 (  +0.00)    214748364.70 (   +0.00)          0 (       0)                    0 (  +0.00)           0  
##>dp_operator_level_decompositio  START              491413860 (  +0.00)    214748364.70 (   +0.00)          0 (       0)                    0 (  +0.00)              
##>                                  END              491413860 (  +0.00)    214748364.70 (   +0.00)          0 (       0)                    0 (  +0.00)           0  
##>selective_flatten_dp_config     START              491413860 (  +0.00)    214748364.70 (   +0.00)          0 (       0)                    0 (  +0.00)              
##>                                  END              491413860 (  +0.00)    214748364.70 (   +0.00)          0 (       0)                    0 (  +0.00)           0  
##>createMaxCarrySave              START              491413860 (  +0.00)    214748364.70 (   +0.00)          0 (       0)                    0 (  +0.00)              
##> datapath_rewrite_one_def       START              491413860 (  +0.00)    214748364.70 (   +0.00)          0 (       0)                    0 (  +0.00)              
##>  fast_cse_elim                 START              491413860 (  +0.00)    214748364.70 (   +0.00)          0 (       0)                    0 (  +0.00)              
##>                                  END              491413860 (  +0.00)    214748364.70 (   +0.00)          0 (       0)                    0 (  +0.00)           0  
##>  fast_cse_elim                 START              491413860 (  +0.00)    214748364.70 (   +0.00)          0 (       0)                    0 (  +0.00)              
##>                                  END              491413860 (  +0.00)    214748364.70 (   +0.00)          0 (       0)                    0 (  +0.00)           0  
##>                                  END              491413860 (  +0.00)    214748364.70 (   +0.00)          0 (       0)                    0 (  +0.00)           0  
##> dpopt_share_one_def            START              491413860 (  +0.00)    214748364.70 (   +0.00)          0 (       0)                    0 (  +0.00)              
##>                                  END              491413860 (  +0.00)    214748364.70 (   +0.00)          0 (       0)                    0 (  +0.00)           0  
##> csa_opto                       START              491413860 (  +0.00)    214748364.70 (   +0.00)          0 (       0)                    0 (  +0.00)              
##>                                  END              491413860 (  +0.00)    214748364.70 (   +0.00)          0 (       0)                    0 (  +0.00)           0  
##>                                  END              491413860 (  +0.00)    214748364.70 (   +0.00)          0 (       0)                    0 (  +0.00)           0  
##>context_based_simplify          START              421974945 ( -14.13)    214748364.70 (   +0.00)          0 (       0)                    0 (  +0.00)              
##>                                  END              363218940 ( -13.92)    214748364.70 (   +0.00)          0 (       0)                    0 (  +0.00)           0  
##>group_csa_final_adder_dp        START              363218940 (  +0.00)    214748364.70 (   +0.00)          0 (       0)                    0 (  +0.00)              
##>                                  END              363218940 (  +0.00)    214748364.70 (   +0.00)          0 (       0)                    0 (  +0.00)           0  
##>dpopt_flatten_critical_muxes_i  START              363218940 (  +0.00)    214748364.70 (   +0.00)          0 (       0)                    0 (  +0.00)              
##>                                  END              363218940 (  +0.00)    214748364.70 (   +0.00)          0 (       0)                    0 (  +0.00)           0  
##>create_score                    START              363218940 (  +0.00)     3534.50 (-214744830.20)          0 (       0)                    0 (  +0.00)              
##>                                  END              363218940 (  +0.00)     3534.50 (   +0.00)          0 (       0)                    0 (  +0.00)           0  
##>+-----------------------------------------------------------------------------------------------------------------------------------------------------------------------------------------------------+
Committed config: CDN_DP_region_0_8_c6
Info    : Done implementing datapath configurations. [DPOPT-4]
        : Selected 'very_fast' configuration 6 for module 'CDN_DP_region_0_8_c6'.
          Optimizations applied to 'very_fast' configuration:
            rewriting(0), factoring(0), sharing(0), cmultcse(0), downsizing(0), speculation(0)
Info    : Implementing datapath configurations. [DPOPT-3]
        : Implementing datapath configurations for 'CDN_DP_region_0_7'
CSAGen Prep Share:0 Re-Write:0 Speculation: 0
    MaxCSA: weighted_instance_count is 8 
MaxCSA: Successfully built Maximal CSA Expression Expr12
    MaxCSA: weighted_instance_count is 20 
MaxCSA: Successfully built Maximal CSA Expression Expr13
Info    : Transformed datapath macro. [RTLOPT-40]
        : Transformed 1 datapath macros in module 'CDN_DP_region_0_7_c7' to a form more suitable for further optimization.
      Timing increment_unsigned_1291_1842...
        Done timing increment_unsigned_1291_1842.
      Timing decrement_unsigned_1646_1869...
        Done timing decrement_unsigned_1646_1869.
      Timing increment_unsigned_1291_1870...
        Done timing increment_unsigned_1291_1870.
      Timing increment_unsigned_1647_1871...
        Done timing increment_unsigned_1647_1871.
      Timing decrement_unsigned_1646_1898...
        Done timing decrement_unsigned_1646_1898.
      Timing increment_unsigned_1291_1899...
        Done timing increment_unsigned_1291_1899.
      Timing increment_unsigned_1647_1900...
        Done timing increment_unsigned_1647_1900.
      Timing decrement_unsigned_1646_1927...
        Done timing decrement_unsigned_1646_1927.
      Timing increment_unsigned_1291_1928...
        Done timing increment_unsigned_1291_1928.
      Timing increment_unsigned_1647_1929...
        Done timing increment_unsigned_1647_1929.
      Timing decrement_unsigned_1646_1956...
        Done timing decrement_unsigned_1646_1956.
      Timing increment_unsigned_1291_1957...
        Done timing increment_unsigned_1291_1957.
      Timing increment_unsigned_1647_1958...
        Done timing increment_unsigned_1647_1958.
      Timing decrement_unsigned_1646_1985...
        Done timing decrement_unsigned_1646_1985.
      Timing increment_unsigned_1291_1986...
        Done timing increment_unsigned_1291_1986.
      Timing increment_unsigned_1647_1987...
        Done timing increment_unsigned_1647_1987.
      Timing decrement_unsigned_1646_2032...
        Done timing decrement_unsigned_1646_2032.
      Timing increment_unsigned_1291_2033...
        Done timing increment_unsigned_1291_2033.
      Timing increment_unsigned_1647_2034...
        Done timing increment_unsigned_1647_2034.
CDN_DP_region_0_7 level = 3 loads = 0 drivers = 1 is driven by : CDN_DP_region_0_5 
CDN_DP_region_0_7_c0 in mgmt_core: area: 443340765 ,dp = 3 mux = 1 sg = slow         worst_clk_period: -1.0000 
    wns: 0  norm_wns:  -1.0000 
    fail_endp: -1 
    tns:  0  tns_per_endp:  -1.0000   norm_tns_per_endp:  -1.0000 
    tns_sense_max:  -1.0000  tns_sense_avg:  -1.0000   tns_sense_num: -1
 skipped
CDN_DP_region_0_7_c1 in mgmt_core: area: 363218940 ,dp = 3 mux = 1 sg = fast         worst_clk_period: -1.0000 
    wns: 0  norm_wns:  -1.0000 
    fail_endp: -1 
    tns:  0  tns_per_endp:  -1.0000   norm_tns_per_endp:  -1.0000 
    tns_sense_max:  -1.0000  tns_sense_avg:  -1.0000   tns_sense_num: -1
 is current best
CDN_DP_region_0_7_c2 in mgmt_core: area: 363218940 ,dp = 3 mux = 1 sg = very_slow    worst_clk_period: -1.0000 
    wns: 0  norm_wns:  -1.0000 
    fail_endp: -1 
    tns:  0  tns_per_endp:  -1.0000   norm_tns_per_endp:  -1.0000 
    tns_sense_max:  -1.0000  tns_sense_avg:  -1.0000   tns_sense_num: -1
 is current best
CDN_DP_region_0_7_c3 in mgmt_core: area: 363218940 ,dp = 3 mux = 1 sg = very_fast    worst_clk_period: -1.0000 
    wns: 0  norm_wns:  -1.0000 
    fail_endp: -1 
    tns:  0  tns_per_endp:  -1.0000   norm_tns_per_endp:  -1.0000 
    tns_sense_max:  -1.0000  tns_sense_avg:  -1.0000   tns_sense_num: -1
 is current best
CDN_DP_region_0_7_c4 in mgmt_core: area: 363218940 ,dp = 3 mux = 1 sg = very_fast    worst_clk_period: -1.0000 
    wns: 0  norm_wns:  -1.0000 
    fail_endp: -1 
    tns:  0  tns_per_endp:  -1.0000   norm_tns_per_endp:  -1.0000 
    tns_sense_max:  -1.0000  tns_sense_avg:  -1.0000   tns_sense_num: -1
 is current best
CDN_DP_region_0_7_c5 in mgmt_core: area: 363218940 ,dp = 3 mux = 1 sg = very_fast    worst_clk_period: -1.0000 
    wns: 0  norm_wns:  -1.0000 
    fail_endp: -1 
    tns:  0  tns_per_endp:  -1.0000   norm_tns_per_endp:  -1.0000 
    tns_sense_max:  -1.0000  tns_sense_avg:  -1.0000   tns_sense_num: -1
 is current best
CDN_DP_region_0_7_c6 in mgmt_core: area: 363218940 ,dp = 3 mux = 1 sg = very_fast    worst_clk_period: -1.0000 
    wns: 0  norm_wns:  -1.0000 
    fail_endp: -1 
    tns:  0  tns_per_endp:  -1.0000   norm_tns_per_endp:  -1.0000 
    tns_sense_max:  -1.0000  tns_sense_avg:  -1.0000   tns_sense_num: -1
 is current best
CDN_DP_region_0_7_c7 in mgmt_core: area: 491413860 ,dp = 2 mux = 1 sg = very_fast    worst_clk_period: -1.0000 
    wns: 0  norm_wns:  -1.0000 
    fail_endp: -1 
    tns:  0  tns_per_endp:  -1.0000   norm_tns_per_endp:  -1.0000 
    tns_sense_max:  -1.0000  tns_sense_avg:  -1.0000   tns_sense_num: -1

Best config: CDN_DP_region_0_7_c6 in mgmt_core: area: 363218940 ,dp = 3 mux = 1 sg = very_fast    worst_clk_period: -1.0000 
    wns: 0  norm_wns:  -1.0000 
    fail_endp: -1 
    tns:  0  tns_per_endp:  -1.0000   norm_tns_per_endp:  -1.0000 
    tns_sense_max:  -1.0000  tns_sense_avg:  -1.0000   tns_sense_num: -1
  Smallest config area : 363218940.  Fastest config wns;  0
##>+----------------------------------------------------------------------------------------------------------------------------------------------------------------+
##>Summary table of configs (Best config is CDN_DP_region_0_7_c6)
##>+----------------------------------------------------------------------------------------------------------------------------------------------------------------+
##>                     0                  1                  2                  3                  4                  5                  6                  7            
##>+----------------------------------------------------------------------------------------------------------------------------------------------------------------+
##>           Area        443340765          363218940          363218940          363218940          363218940          363218940          363218940          491413860  
##>            WNS         +3203.80           +3203.80           +3203.80           +3203.80           +3203.80           +3203.80           +3203.80           +3031.70  
##>            TNS                0                  0                  0                  0                  0                  0                  0                  0  
##>    Num Rewrite                0                  0                  0                  0                  0                  0                  0                  1  
##>     Num Factor                0                  0                  0                  0                  0                  0                  0                  0  
##>      Num Share                0                  0                  0                  0                  0                  0                  0                  0  
##>   Num CmultCse                0                  0                  0                  0                  0                  0                  0                  0  
##>   Num Downsize                0                  0                  0                  0                  0                  0                  0                  0  
##>  Num Speculate                0                  0                  0                  0                  0                  0                  0                  0  
##>     Runtime(s)                0                  0                  0                  0                  0                  0                  0                  0  
+----------------------------------------------------------------------------------------------------------------------------------------------------------------+
##>
##>
##>+-----------------------------------------------------------------------------------------------------------------------------------------------------------------------------------------------------+
##>Optimization Step DEBUG Table for config CDN_DP_region_0_7_c6
##>
##>                          Step                        Area   (  % Chg)         WNS (Change)          TNS (Change)                Power   (  % Chg)        Runtime (s)        Comment                   
##>+-----------------------------------------------------------------------------------------------------------------------------------------------------------------------------------------------------+
##>createMaxCarrySave              START              443340765 (       )    107377386.20 (        )          0 (        )                    0 (       )              
##> datapath_rewrite_one_def       START              443340765 (  +0.00)    107377386.20 (   +0.00)          0 (       0)                    0 (  +0.00)              
##>  fast_cse_elim                 START              443340765 (  +0.00)    107377386.20 (   +0.00)          0 (       0)                    0 (  +0.00)              
##>                                  END              443340765 (  +0.00)    107377386.20 (   +0.00)          0 (       0)                    0 (  +0.00)           0  
##>  fast_cse_elim                 START              443340765 (  +0.00)    107377386.20 (   +0.00)          0 (       0)                    0 (  +0.00)              
##>                                  END              443340765 (  +0.00)    107377386.20 (   +0.00)          0 (       0)                    0 (  +0.00)           0  
##>  rewrite                       START              443340765 (  +0.00)    107377386.20 (   +0.00)          0 (       0)                    0 (  +0.00)              (na,csaa) uneven_sub_add_with_select --> uneven_sub_add_with_mux_v2
##>                                  END              518121135 ( +16.87)    107377237.90 ( -148.30)          0 (       0)                    0 (  +0.00)           0  
##>                                  END              443340765 (  +0.00)    107377386.20 (   +0.00)          0 (       0)                    0 (  +0.00)           0  
##> dpopt_share_one_def            START              443340765 (  +0.00)    107377386.20 (   +0.00)          0 (       0)                    0 (  +0.00)              
##>                                  END              443340765 (  +0.00)    107377386.20 (   +0.00)          0 (       0)                    0 (  +0.00)           0  
##> csa_opto                       START              443340765 (  +0.00)    214748364.70 (+107370978.50)          0 (       0)                    0 (  +0.00)              
##>                                  END              491413860 ( +10.84)    214748364.70 (   +0.00)          0 (       0)                    0 (  +0.00)           0  
##>                                  END              491413860 ( +10.84)    214748364.70 (+107370978.50)          0 (       0)                    0 (  +0.00)           0  
##>canonicalize_by_names           START              491413860 (  +0.00)    214748364.70 (   +0.00)          0 (       0)                    0 (  +0.00)              
##>                                  END              491413860 (  +0.00)    214748364.70 (   +0.00)          0 (       0)                    0 (  +0.00)           0  
##>datapath_rewrite_post_csa_one_  START              491413860 (  +0.00)    214748364.70 (   +0.00)          0 (       0)                    0 (  +0.00)              
##>                                  END              491413860 (  +0.00)    214748364.70 (   +0.00)          0 (       0)                    0 (  +0.00)           0  
##>datapath_csa_factoring_one_gde  START              491413860 (  +0.00)    214748364.70 (   +0.00)          0 (       0)                    0 (  +0.00)              
##>                                  END              491413860 (  +0.00)    214748364.70 (   +0.00)          0 (       0)                    0 (  +0.00)           0  
##>dpopt_share_one_def             START              491413860 (  +0.00)    214748364.70 (   +0.00)          0 (       0)                    0 (  +0.00)              
##>                                  END              491413860 (  +0.00)    214748364.70 (   +0.00)          0 (       0)                    0 (  +0.00)           0  
##>datapath_rewrite_post_share     START              491413860 (  +0.00)    214748364.70 (   +0.00)          0 (       0)                    0 (  +0.00)              
##>                                  END              491413860 (  +0.00)    214748364.70 (   +0.00)          0 (       0)                    0 (  +0.00)           0  
##>dp_combine_const_mult_with_com  START              491413860 (  +0.00)    214748364.70 (   +0.00)          0 (       0)                    0 (  +0.00)              
##>                                  END              491413860 (  +0.00)    214748364.70 (   +0.00)          0 (       0)                    0 (  +0.00)           0  
##>dp_operator_level_decompositio  START              491413860 (  +0.00)    214748364.70 (   +0.00)          0 (       0)                    0 (  +0.00)              
##>                                  END              491413860 (  +0.00)    214748364.70 (   +0.00)          0 (       0)                    0 (  +0.00)           0  
##>selective_flatten_dp_config     START              491413860 (  +0.00)    214748364.70 (   +0.00)          0 (       0)                    0 (  +0.00)              
##>                                  END              491413860 (  +0.00)    214748364.70 (   +0.00)          0 (       0)                    0 (  +0.00)           0  
##>createMaxCarrySave              START              491413860 (  +0.00)    214748364.70 (   +0.00)          0 (       0)                    0 (  +0.00)              
##> datapath_rewrite_one_def       START              491413860 (  +0.00)    214748364.70 (   +0.00)          0 (       0)                    0 (  +0.00)              
##>  fast_cse_elim                 START              491413860 (  +0.00)    214748364.70 (   +0.00)          0 (       0)                    0 (  +0.00)              
##>                                  END              491413860 (  +0.00)    214748364.70 (   +0.00)          0 (       0)                    0 (  +0.00)           0  
##>  fast_cse_elim                 START              491413860 (  +0.00)    214748364.70 (   +0.00)          0 (       0)                    0 (  +0.00)              
##>                                  END              491413860 (  +0.00)    214748364.70 (   +0.00)          0 (       0)                    0 (  +0.00)           0  
##>                                  END              491413860 (  +0.00)    214748364.70 (   +0.00)          0 (       0)                    0 (  +0.00)           0  
##> dpopt_share_one_def            START              491413860 (  +0.00)    214748364.70 (   +0.00)          0 (       0)                    0 (  +0.00)              
##>                                  END              491413860 (  +0.00)    214748364.70 (   +0.00)          0 (       0)                    0 (  +0.00)           0  
##> csa_opto                       START              491413860 (  +0.00)    214748364.70 (   +0.00)          0 (       0)                    0 (  +0.00)              
##>                                  END              491413860 (  +0.00)    214748364.70 (   +0.00)          0 (       0)                    0 (  +0.00)           0  
##>                                  END              491413860 (  +0.00)    214748364.70 (   +0.00)          0 (       0)                    0 (  +0.00)           0  
##>context_based_simplify          START              421974945 ( -14.13)    214748364.70 (   +0.00)          0 (       0)                    0 (  +0.00)              
##>                                  END              363218940 ( -13.92)    214748364.70 (   +0.00)          0 (       0)                    0 (  +0.00)           0  
##>group_csa_final_adder_dp        START              363218940 (  +0.00)    214748364.70 (   +0.00)          0 (       0)                    0 (  +0.00)              
##>                                  END              363218940 (  +0.00)    214748364.70 (   +0.00)          0 (       0)                    0 (  +0.00)           0  
##>dpopt_flatten_critical_muxes_i  START              363218940 (  +0.00)    214748364.70 (   +0.00)          0 (       0)                    0 (  +0.00)              
##>                                  END              363218940 (  +0.00)    214748364.70 (   +0.00)          0 (       0)                    0 (  +0.00)           0  
##>create_score                    START              363218940 (  +0.00)     3203.80 (-214745160.90)          0 (       0)                    0 (  +0.00)              
##>                                  END              363218940 (  +0.00)     3203.80 (   +0.00)          0 (       0)                    0 (  +0.00)           0  
##>+-----------------------------------------------------------------------------------------------------------------------------------------------------------------------------------------------------+
Committed config: CDN_DP_region_0_7_c6
Info    : Done implementing datapath configurations. [DPOPT-4]
        : Selected 'very_fast' configuration 6 for module 'CDN_DP_region_0_7_c6'.
          Optimizations applied to 'very_fast' configuration:
            rewriting(0), factoring(0), sharing(0), cmultcse(0), downsizing(0), speculation(0)
Info    : Implementing datapath configurations. [DPOPT-3]
        : Implementing datapath configurations for 'CDN_DP_region_0_18'
CSAGen Prep Share:0 Re-Write:1 Speculation: 0
    MaxCSA: weighted_instance_count is 18 
MaxCSA: Successfully built Maximal CSA Expression Expr14
      Timing gt_unsigned_2823_rtlopto_model_2044...
        Done timing gt_unsigned_2823_rtlopto_model_2044.
      Timing gt_unsigned_2823_rtlopto_model_2046...
        Done timing gt_unsigned_2823_rtlopto_model_2046.
      Timing gt_unsigned_2823_rtlopto_model_2048...
        Done timing gt_unsigned_2823_rtlopto_model_2048.
      Timing gt_unsigned_2823_rtlopto_model_2050...
        Done timing gt_unsigned_2823_rtlopto_model_2050.
      Timing gt_unsigned_2823_rtlopto_model_2052...
        Done timing gt_unsigned_2823_rtlopto_model_2052.
      Timing gt_unsigned_2823_rtlopto_model_2054...
        Done timing gt_unsigned_2823_rtlopto_model_2054.
CDN_DP_region_0_18 level = 0 loads = 0 drivers = 0
CDN_DP_region_0_18_c0 in mgmt_core: area: 101487645 ,dp = 1 mux = 0 sg = slow         worst_clk_period: -1.0000 
    wns: 0  norm_wns:  -1.0000 
    fail_endp: -1 
    tns:  0  tns_per_endp:  -1.0000   norm_tns_per_endp:  -1.0000 
    tns_sense_max:  -1.0000  tns_sense_avg:  -1.0000   tns_sense_num: -1
 skipped
CDN_DP_region_0_18_c1 in mgmt_core: area: 74780370 ,dp = 1 mux = 0 sg = fast         worst_clk_period: -1.0000 
    wns: 0  norm_wns:  -1.0000 
    fail_endp: -1 
    tns:  0  tns_per_endp:  -1.0000   norm_tns_per_endp:  -1.0000 
    tns_sense_max:  -1.0000  tns_sense_avg:  -1.0000   tns_sense_num: -1
 is current best
CDN_DP_region_0_18_c2 in mgmt_core: area: 74780370 ,dp = 1 mux = 0 sg = very_slow    worst_clk_period: -1.0000 
    wns: 0  norm_wns:  -1.0000 
    fail_endp: -1 
    tns:  0  tns_per_endp:  -1.0000   norm_tns_per_endp:  -1.0000 
    tns_sense_max:  -1.0000  tns_sense_avg:  -1.0000   tns_sense_num: -1
 is current best
CDN_DP_region_0_18_c3 in mgmt_core: area: 74780370 ,dp = 1 mux = 0 sg = very_fast    worst_clk_period: -1.0000 
    wns: 0  norm_wns:  -1.0000 
    fail_endp: -1 
    tns:  0  tns_per_endp:  -1.0000   norm_tns_per_endp:  -1.0000 
    tns_sense_max:  -1.0000  tns_sense_avg:  -1.0000   tns_sense_num: -1
 is current best
CDN_DP_region_0_18_c4 in mgmt_core: area: 74780370 ,dp = 1 mux = 0 sg = very_fast    worst_clk_period: -1.0000 
    wns: 0  norm_wns:  -1.0000 
    fail_endp: -1 
    tns:  0  tns_per_endp:  -1.0000   norm_tns_per_endp:  -1.0000 
    tns_sense_max:  -1.0000  tns_sense_avg:  -1.0000   tns_sense_num: -1
 is current best
CDN_DP_region_0_18_c5 in mgmt_core: area: 74780370 ,dp = 1 mux = 0 sg = very_fast    worst_clk_period: -1.0000 
    wns: 0  norm_wns:  -1.0000 
    fail_endp: -1 
    tns:  0  tns_per_endp:  -1.0000   norm_tns_per_endp:  -1.0000 
    tns_sense_max:  -1.0000  tns_sense_avg:  -1.0000   tns_sense_num: -1
 is current best
CDN_DP_region_0_18_c6 in mgmt_core: area: 74780370 ,dp = 1 mux = 0 sg = very_fast    worst_clk_period: -1.0000 
    wns: 0  norm_wns:  -1.0000 
    fail_endp: -1 
    tns:  0  tns_per_endp:  -1.0000   norm_tns_per_endp:  -1.0000 
    tns_sense_max:  -1.0000  tns_sense_avg:  -1.0000   tns_sense_num: -1
 is current best
CDN_DP_region_0_18_c7 in mgmt_core: area: 272414205 ,dp = 1 mux = 0 sg = very_fast    worst_clk_period: -1.0000 
    wns: 0  norm_wns:  -1.0000 
    fail_endp: -1 
    tns:  0  tns_per_endp:  -1.0000   norm_tns_per_endp:  -1.0000 
    tns_sense_max:  -1.0000  tns_sense_avg:  -1.0000   tns_sense_num: -1

Best config: CDN_DP_region_0_18_c6 in mgmt_core: area: 74780370 ,dp = 1 mux = 0 sg = very_fast    worst_clk_period: -1.0000 
    wns: 0  norm_wns:  -1.0000 
    fail_endp: -1 
    tns:  0  tns_per_endp:  -1.0000   norm_tns_per_endp:  -1.0000 
    tns_sense_max:  -1.0000  tns_sense_avg:  -1.0000   tns_sense_num: -1
  Smallest config area : 74780370.  Fastest config wns;  0
##>+----------------------------------------------------------------------------------------------------------------------------------------------------------------+
##>Summary table of configs (Best config is CDN_DP_region_0_18_c6)
##>+----------------------------------------------------------------------------------------------------------------------------------------------------------------+
##>                     0                  1                  2                  3                  4                  5                  6                  7            
##>+----------------------------------------------------------------------------------------------------------------------------------------------------------------+
##>           Area        101487645           74780370           74780370           74780370           74780370           74780370           74780370          272414205  
##>            WNS         +3486.20           +3524.60           +3524.60           +3524.60           +3524.60           +3524.60           +3524.60           +3461.30  
##>            TNS                0                  0                  0                  0                  0                  0                  0                  0  
##>    Num Rewrite                0                  0                  0                  0                  0                  0                  0                  1  
##>     Num Factor                0                  0                  0                  0                  0                  0                  0                  0  
##>      Num Share                0                  0                  0                  0                  0                  0                  0                  0  
##>   Num CmultCse                0                  0                  0                  0                  0                  0                  0                  0  
##>   Num Downsize                0                  0                  0                  0                  0                  0                  0                  0  
##>  Num Speculate                0                  0                  0                  0                  0                  0                  0                  0  
##>     Runtime(s)                0                  0                  0                  0                  0                  0                  0                  0  
+----------------------------------------------------------------------------------------------------------------------------------------------------------------+
##>
##>
##>+-----------------------------------------------------------------------------------------------------------------------------------------------------------------------------------------------------+
##>Optimization Step DEBUG Table for config CDN_DP_region_0_18_c6
##>
##>                          Step                        Area   (  % Chg)         WNS (Change)          TNS (Change)                Power   (  % Chg)        Runtime (s)        Comment                   
##>+-----------------------------------------------------------------------------------------------------------------------------------------------------------------------------------------------------+
##>createMaxCarrySave              START              101487645 (       )    107377668.60 (        )          0 (        )                    0 (       )              
##> datapath_rewrite_one_def       START              101487645 (  +0.00)    107377668.60 (   +0.00)          0 (       0)                    0 (  +0.00)              
##>  fast_cse_elim                 START              101487645 (  +0.00)    107377668.60 (   +0.00)          0 (       0)                    0 (  +0.00)              
##>                                  END              101487645 (  +0.00)    107377668.60 (   +0.00)          0 (       0)                    0 (  +0.00)           0  
##>  fast_cse_elim                 START              101487645 (  +0.00)    107377668.60 (   +0.00)          0 (       0)                    0 (  +0.00)              
##>                                  END              101487645 (  +0.00)    107377668.60 (   +0.00)          0 (       0)                    0 (  +0.00)           0  
##>                                  END              101487645 (  +0.00)    107377668.60 (   +0.00)          0 (       0)                    0 (  +0.00)           0  
##> dpopt_share_one_def            START              101487645 (  +0.00)    107377668.60 (   +0.00)          0 (       0)                    0 (  +0.00)              
##>                                  END              101487645 (  +0.00)    107377668.60 (   +0.00)          0 (       0)                    0 (  +0.00)           0  
##> csa_opto                       START              101487645 (  +0.00)    214748364.70 (+107370696.10)          0 (       0)                    0 (  +0.00)              
##>                                  END              101487645 (  +0.00)    214748364.70 (   +0.00)          0 (       0)                    0 (  +0.00)           0  
##>                                  END              101487645 (  +0.00)    214748364.70 (+107370696.10)          0 (       0)                    0 (  +0.00)           0  
##>canonicalize_by_names           START              101487645 (  +0.00)    214748364.70 (   +0.00)          0 (       0)                    0 (  +0.00)              
##>                                  END              101487645 (  +0.00)    214748364.70 (   +0.00)          0 (       0)                    0 (  +0.00)           0  
##>datapath_rewrite_post_csa_one_  START              101487645 (  +0.00)    214748364.70 (   +0.00)          0 (       0)                    0 (  +0.00)              
##>                                  END              101487645 (  +0.00)    214748364.70 (   +0.00)          0 (       0)                    0 (  +0.00)           0  
##>datapath_csa_factoring_one_gde  START              101487645 (  +0.00)    214748364.70 (   +0.00)          0 (       0)                    0 (  +0.00)              
##>                                  END              101487645 (  +0.00)    214748364.70 (   +0.00)          0 (       0)                    0 (  +0.00)           0  
##>dpopt_share_one_def             START              101487645 (  +0.00)    214748364.70 (   +0.00)          0 (       0)                    0 (  +0.00)              
##>                                  END              101487645 (  +0.00)    214748364.70 (   +0.00)          0 (       0)                    0 (  +0.00)           0  
##>datapath_rewrite_post_share     START              101487645 (  +0.00)    214748364.70 (   +0.00)          0 (       0)                    0 (  +0.00)              
##>                                  END              101487645 (  +0.00)    214748364.70 (   +0.00)          0 (       0)                    0 (  +0.00)           0  
##>dp_combine_const_mult_with_com  START              101487645 (  +0.00)    214748364.70 (   +0.00)          0 (       0)                    0 (  +0.00)              
##>                                  END              101487645 (  +0.00)    214748364.70 (   +0.00)          0 (       0)                    0 (  +0.00)           0  
##>dp_operator_level_decompositio  START              101487645 (  +0.00)    214748364.70 (   +0.00)          0 (       0)                    0 (  +0.00)              
##>                                  END              101487645 (  +0.00)    214748364.70 (   +0.00)          0 (       0)                    0 (  +0.00)           0  
##>selective_flatten_dp_config     START              101487645 (  +0.00)    214748364.70 (   +0.00)          0 (       0)                    0 (  +0.00)              
##>                                  END              101487645 (  +0.00)    214748364.70 (   +0.00)          0 (       0)                    0 (  +0.00)           0  
##>createMaxCarrySave              START              101487645 (  +0.00)    214748364.70 (   +0.00)          0 (       0)                    0 (  +0.00)              
##> datapath_rewrite_one_def       START              101487645 (  +0.00)    214748364.70 (   +0.00)          0 (       0)                    0 (  +0.00)              
##>  fast_cse_elim                 START              101487645 (  +0.00)    214748364.70 (   +0.00)          0 (       0)                    0 (  +0.00)              
##>                                  END              101487645 (  +0.00)    214748364.70 (   +0.00)          0 (       0)                    0 (  +0.00)           0  
##>  fast_cse_elim                 START              101487645 (  +0.00)    214748364.70 (   +0.00)          0 (       0)                    0 (  +0.00)              
##>                                  END              101487645 (  +0.00)    214748364.70 (   +0.00)          0 (       0)                    0 (  +0.00)           0  
##>                                  END              101487645 (  +0.00)    214748364.70 (   +0.00)          0 (       0)                    0 (  +0.00)           0  
##> dpopt_share_one_def            START              101487645 (  +0.00)    214748364.70 (   +0.00)          0 (       0)                    0 (  +0.00)              
##>                                  END              101487645 (  +0.00)    214748364.70 (   +0.00)          0 (       0)                    0 (  +0.00)           0  
##> csa_opto                       START              101487645 (  +0.00)    214748364.70 (   +0.00)          0 (       0)                    0 (  +0.00)              
##>                                  END              101487645 (  +0.00)    214748364.70 (   +0.00)          0 (       0)                    0 (  +0.00)           0  
##>                                  END              101487645 (  +0.00)    214748364.70 (   +0.00)          0 (       0)                    0 (  +0.00)           0  
##>context_based_simplify          START              101487645 (  +0.00)    214748364.70 (   +0.00)          0 (       0)                    0 (  +0.00)              
##>                                  END               74780370 ( -26.32)    214748364.70 (   +0.00)          0 (       0)                    0 (  +0.00)           0  
##>group_csa_final_adder_dp        START               74780370 (  +0.00)    214748364.70 (   +0.00)          0 (       0)                    0 (  +0.00)              
##>                                  END               74780370 (  +0.00)    214748364.70 (   +0.00)          0 (       0)                    0 (  +0.00)           0  
##>dpopt_flatten_critical_muxes_i  START               74780370 (  +0.00)    214748364.70 (   +0.00)          0 (       0)                    0 (  +0.00)              
##>                                  END               74780370 (  +0.00)    214748364.70 (   +0.00)          0 (       0)                    0 (  +0.00)           0  
##>create_score                    START               74780370 (  +0.00)     3524.60 (-214744840.10)          0 (       0)                    0 (  +0.00)              
##>                                  END               74780370 (  +0.00)     3524.60 (   +0.00)          0 (       0)                    0 (  +0.00)           0  
##>+-----------------------------------------------------------------------------------------------------------------------------------------------------------------------------------------------------+
Committed config: CDN_DP_region_0_18_c6
Info    : Done implementing datapath configurations. [DPOPT-4]
        : Selected 'very_fast' configuration 6 for module 'CDN_DP_region_0_18_c6'.
          Optimizations applied to 'very_fast' configuration:
            rewriting(0), factoring(0), sharing(0), cmultcse(0), downsizing(0), speculation(0)
Info    : Implementing datapath configurations. [DPOPT-3]
        : Implementing datapath configurations for 'CDN_DP_region_0_16'
CSAGen Prep Share:0 Re-Write:0 Speculation: 0
    MaxCSA: weighted_instance_count is 16 
MaxCSA: Successfully built Maximal CSA Expression Expr15
      Timing decrement_unsigned_2058...
        Done timing decrement_unsigned_2058.
      Timing decrement_unsigned_2060_2062...
        Done timing decrement_unsigned_2060_2062.
      Timing decrement_unsigned_2060_2067...
        Done timing decrement_unsigned_2060_2067.
      Timing decrement_unsigned_2060_2072...
        Done timing decrement_unsigned_2060_2072.
      Timing decrement_unsigned_2060_2077...
        Done timing decrement_unsigned_2060_2077.
      Timing decrement_unsigned_2060_2082...
        Done timing decrement_unsigned_2060_2082.
      Timing decrement_unsigned_2060_2087...
        Done timing decrement_unsigned_2060_2087.
      Timing decrement_unsigned_2060_2092...
        Done timing decrement_unsigned_2060_2092.
CDN_DP_region_0_16 level = 0 loads = 0 drivers = 0
CDN_DP_region_0_16_c0 in mgmt_core: area: 208316745 ,dp = 1 mux = 0 sg = slow         worst_clk_period: -1.0000 
    wns: 0  norm_wns:  -1.0000 
    fail_endp: -1 
    tns:  0  tns_per_endp:  -1.0000   norm_tns_per_endp:  -1.0000 
    tns_sense_max:  -1.0000  tns_sense_avg:  -1.0000   tns_sense_num: -1
 skipped
CDN_DP_region_0_16_c1 in mgmt_core: area: 176268015 ,dp = 1 mux = 0 sg = fast         worst_clk_period: -1.0000 
    wns: 0  norm_wns:  -1.0000 
    fail_endp: -1 
    tns:  0  tns_per_endp:  -1.0000   norm_tns_per_endp:  -1.0000 
    tns_sense_max:  -1.0000  tns_sense_avg:  -1.0000   tns_sense_num: -1
 is current best
CDN_DP_region_0_16_c2 in mgmt_core: area: 176268015 ,dp = 1 mux = 0 sg = very_slow    worst_clk_period: -1.0000 
    wns: 0  norm_wns:  -1.0000 
    fail_endp: -1 
    tns:  0  tns_per_endp:  -1.0000   norm_tns_per_endp:  -1.0000 
    tns_sense_max:  -1.0000  tns_sense_avg:  -1.0000   tns_sense_num: -1
 is current best
CDN_DP_region_0_16_c3 in mgmt_core: area: 176268015 ,dp = 1 mux = 0 sg = very_fast    worst_clk_period: -1.0000 
    wns: 0  norm_wns:  -1.0000 
    fail_endp: -1 
    tns:  0  tns_per_endp:  -1.0000   norm_tns_per_endp:  -1.0000 
    tns_sense_max:  -1.0000  tns_sense_avg:  -1.0000   tns_sense_num: -1
 is current best
CDN_DP_region_0_16_c4 in mgmt_core: area: 176268015 ,dp = 1 mux = 0 sg = very_fast    worst_clk_period: -1.0000 
    wns: 0  norm_wns:  -1.0000 
    fail_endp: -1 
    tns:  0  tns_per_endp:  -1.0000   norm_tns_per_endp:  -1.0000 
    tns_sense_max:  -1.0000  tns_sense_avg:  -1.0000   tns_sense_num: -1
 is current best
CDN_DP_region_0_16_c5 in mgmt_core: area: 176268015 ,dp = 1 mux = 0 sg = very_fast    worst_clk_period: -1.0000 
    wns: 0  norm_wns:  -1.0000 
    fail_endp: -1 
    tns:  0  tns_per_endp:  -1.0000   norm_tns_per_endp:  -1.0000 
    tns_sense_max:  -1.0000  tns_sense_avg:  -1.0000   tns_sense_num: -1
 is current best
CDN_DP_region_0_16_c6 in mgmt_core: area: 176268015 ,dp = 1 mux = 0 sg = very_fast    worst_clk_period: -1.0000 
    wns: 0  norm_wns:  -1.0000 
    fail_endp: -1 
    tns:  0  tns_per_endp:  -1.0000   norm_tns_per_endp:  -1.0000 
    tns_sense_max:  -1.0000  tns_sense_avg:  -1.0000   tns_sense_num: -1
 is current best
CDN_DP_region_0_16_c7 in mgmt_core: area: 176268015 ,dp = 1 mux = 0 sg = very_fast    worst_clk_period: -1.0000 
    wns: 0  norm_wns:  -1.0000 
    fail_endp: -1 
    tns:  0  tns_per_endp:  -1.0000   norm_tns_per_endp:  -1.0000 
    tns_sense_max:  -1.0000  tns_sense_avg:  -1.0000   tns_sense_num: -1
 is current best
Best config: CDN_DP_region_0_16_c7 in mgmt_core: area: 176268015 ,dp = 1 mux = 0 sg = very_fast    worst_clk_period: -1.0000 
    wns: 0  norm_wns:  -1.0000 
    fail_endp: -1 
    tns:  0  tns_per_endp:  -1.0000   norm_tns_per_endp:  -1.0000 
    tns_sense_max:  -1.0000  tns_sense_avg:  -1.0000   tns_sense_num: -1
  Smallest config area : 176268015.  Fastest config wns;  0
##>+----------------------------------------------------------------------------------------------------------------------------------------------------------------+
##>Summary table of configs (Best config is CDN_DP_region_0_16_c7)
##>+----------------------------------------------------------------------------------------------------------------------------------------------------------------+
##>                     0                  1                  2                  3                  4                  5                  6                  7            
##>+----------------------------------------------------------------------------------------------------------------------------------------------------------------+
##>           Area        208316745          176268015          176268015          176268015          176268015          176268015          176268015          176268015  
##>            WNS         +3508.20           +3549.10           +3549.10           +3549.10           +3549.10           +3549.10           +3549.10           +3549.10  
##>            TNS                0                  0                  0                  0                  0                  0                  0                  0  
##>    Num Rewrite                0                  0                  0                  0                  0                  0                  0                  0  
##>     Num Factor                0                  0                  0                  0                  0                  0                  0                  0  
##>      Num Share                0                  0                  0                  0                  0                  0                  0                  0  
##>   Num CmultCse                0                  0                  0                  0                  0                  0                  0                  0  
##>   Num Downsize                0                  0                  0                  0                  0                  0                  0                  0  
##>  Num Speculate                0                  0                  0                  0                  0                  0                  0                  0  
##>     Runtime(s)                0                  0                  0                  0                  0                  0                  0                  0  
+----------------------------------------------------------------------------------------------------------------------------------------------------------------+
##>
##>
##>+-----------------------------------------------------------------------------------------------------------------------------------------------------------------------------------------------------+
##>Optimization Step DEBUG Table for config CDN_DP_region_0_16_c7
##>
##>                          Step                        Area   (  % Chg)         WNS (Change)          TNS (Change)                Power   (  % Chg)        Runtime (s)        Comment                   
##>+-----------------------------------------------------------------------------------------------------------------------------------------------------------------------------------------------------+
##>EquationExtraction              START              208316745 (       )     3508.20 (        )          0 (        )                    0 (       )              
##> rewrite                        START              571535685 (+174.36)     3497.00 (  -11.20)          0 (       0)                    0 (  +0.00)              (a,ar) Expr15_from --> Expr15_to
##>                                  END              865315710 ( +51.40)     3497.00 (   +0.00)          0 (       0)                    0 (  +0.00)           0  
##>                                  END              208316745 (  +0.00)     3508.20 (   +0.00)          0 (       0)                    0 (  +0.00)           0  
##>createMaxCarrySave              START              208316745 (  +0.00)     3508.20 (   +0.00)          0 (       0)                    0 (  +0.00)              
##> datapath_rewrite_one_def       START              208316745 (  +0.00)     3508.20 (   +0.00)          0 (       0)                    0 (  +0.00)              
##>                                  END              208316745 (  +0.00)     3508.20 (   +0.00)          0 (       0)                    0 (  +0.00)           0  
##> csa_opto                       START              208316745 (  +0.00)     3508.20 (   +0.00)          0 (       0)                    0 (  +0.00)              
##>                                  END              245706930 ( +17.95)     3512.90 (   +4.70)          0 (       0)                    0 (  +0.00)           0  
##>                                  END              245706930 ( +17.95)     3512.90 (   +4.70)          0 (       0)                    0 (  +0.00)           0  
##>canonicalize_by_names           START              245706930 (  +0.00)     3512.90 (   +0.00)          0 (       0)                    0 (  +0.00)              
##>                                  END              245706930 (  +0.00)     3512.90 (   +0.00)          0 (       0)                    0 (  +0.00)           0  
##>datapath_rewrite_post_csa_one_  START              245706930 (  +0.00)     3512.90 (   +0.00)          0 (       0)                    0 (  +0.00)              
##>                                  END              245706930 (  +0.00)     3512.90 (   +0.00)          0 (       0)                    0 (  +0.00)           0  
##>datapath_csa_factoring_one_gde  START              245706930 (  +0.00)     3512.90 (   +0.00)          0 (       0)                    0 (  +0.00)              
##>                                  END              245706930 (  +0.00)     3512.90 (   +0.00)          0 (       0)                    0 (  +0.00)           0  
##>dpopt_share_one_def             START              245706930 (  +0.00)     3512.90 (   +0.00)          0 (       0)                    0 (  +0.00)              
##>                                  END              245706930 (  +0.00)     3512.90 (   +0.00)          0 (       0)                    0 (  +0.00)           0  
##>datapath_rewrite_post_share     START              245706930 (  +0.00)     3512.90 (   +0.00)          0 (       0)                    0 (  +0.00)              
##>                                  END              245706930 (  +0.00)     3512.90 (   +0.00)          0 (       0)                    0 (  +0.00)           0  
##>dp_combine_const_mult_with_com  START              245706930 (  +0.00)     3512.90 (   +0.00)          0 (       0)                    0 (  +0.00)              
##>                                  END              245706930 (  +0.00)     3512.90 (   +0.00)          0 (       0)                    0 (  +0.00)           0  
##>dp_operator_level_decompositio  START              245706930 (  +0.00)     3512.90 (   +0.00)          0 (       0)                    0 (  +0.00)              
##>                                  END              245706930 (  +0.00)     3512.90 (   +0.00)          0 (       0)                    0 (  +0.00)           0  
##>selective_flatten_dp_config     START              245706930 (  +0.00)     3512.90 (   +0.00)          0 (       0)                    0 (  +0.00)              
##>                                  END              245706930 (  +0.00)     3512.90 (   +0.00)          0 (       0)                    0 (  +0.00)           0  
##>createMaxCarrySave              START              245706930 (  +0.00)     3512.90 (   +0.00)          0 (       0)                    0 (  +0.00)              
##> datapath_rewrite_one_def       START              245706930 (  +0.00)     3512.90 (   +0.00)          0 (       0)                    0 (  +0.00)              
##>  fast_cse_elim                 START              245706930 (  +0.00)     3512.90 (   +0.00)          0 (       0)                    0 (  +0.00)              
##>                                  END              245706930 (  +0.00)     3512.90 (   +0.00)          0 (       0)                    0 (  +0.00)           0  
##>  fast_cse_elim                 START              245706930 (  +0.00)     3512.90 (   +0.00)          0 (       0)                    0 (  +0.00)              
##>                                  END              245706930 (  +0.00)     3512.90 (   +0.00)          0 (       0)                    0 (  +0.00)           0  
##>                                  END              245706930 (  +0.00)     3512.90 (   +0.00)          0 (       0)                    0 (  +0.00)           0  
##> csa_opto                       START              245706930 (  +0.00)     3512.90 (   +0.00)          0 (       0)                    0 (  +0.00)              
##>                                  END              245706930 (  +0.00)     3512.90 (   +0.00)          0 (       0)                    0 (  +0.00)           0  
##>                                  END              245706930 (  +0.00)     3512.90 (   +0.00)          0 (       0)                    0 (  +0.00)           0  
##>context_based_simplify          START              218999655 ( -10.87)     3529.60 (  +16.70)          0 (       0)                    0 (  +0.00)              
##>                                  END              176268015 ( -19.51)     3549.10 (  +19.50)          0 (       0)                    0 (  +0.00)           0  
##>group_csa_final_adder_dp        START              176268015 (  +0.00)     3549.10 (   +0.00)          0 (       0)                    0 (  +0.00)              
##>                                  END              176268015 (  +0.00)     3549.10 (   +0.00)          0 (       0)                    0 (  +0.00)           0  
##>dpopt_flatten_critical_muxes_i  START              176268015 (  +0.00)     3549.10 (   +0.00)          0 (       0)                    0 (  +0.00)              
##>                                  END              176268015 (  +0.00)     3549.10 (   +0.00)          0 (       0)                    0 (  +0.00)           0  
##>create_score                    START              176268015 (  +0.00)     3549.10 (   +0.00)          0 (       0)                    0 (  +0.00)              
##>                                  END              176268015 (  +0.00)     3549.10 (   +0.00)          0 (       0)                    0 (  +0.00)           0  
##>+-----------------------------------------------------------------------------------------------------------------------------------------------------------------------------------------------------+
Committed config: CDN_DP_region_0_16_c7
Info    : Done implementing datapath configurations. [DPOPT-4]
        : Selected 'very_fast' configuration 7 for module 'CDN_DP_region_0_16_c7'.
          Optimizations applied to 'very_fast' configuration:
            rewriting(0), factoring(0), sharing(0), cmultcse(0), downsizing(0), speculation(0)
Info    : Implementing datapath configurations. [DPOPT-3]
        : Implementing datapath configurations for 'CDN_DP_region_0_15'
CSAGen Prep Share:0 Re-Write:0 Speculation: 0
    MaxCSA: weighted_instance_count is 16 
MaxCSA: Successfully built Maximal CSA Expression Expr16
      Timing decrement_unsigned_2060_2100...
        Done timing decrement_unsigned_2060_2100.
      Timing decrement_unsigned_2060_2105...
        Done timing decrement_unsigned_2060_2105.
      Timing decrement_unsigned_2060_2110...
        Done timing decrement_unsigned_2060_2110.
      Timing decrement_unsigned_2060_2115...
        Done timing decrement_unsigned_2060_2115.
      Timing decrement_unsigned_2060_2120...
        Done timing decrement_unsigned_2060_2120.
      Timing decrement_unsigned_2060_2125...
        Done timing decrement_unsigned_2060_2125.
      Timing decrement_unsigned_2060_2130...
        Done timing decrement_unsigned_2060_2130.
CDN_DP_region_0_15 level = 0 loads = 0 drivers = 0
CDN_DP_region_0_15_c0 in mgmt_core: area: 208316745 ,dp = 1 mux = 0 sg = slow         worst_clk_period: -1.0000 
    wns: 0  norm_wns:  -1.0000 
    fail_endp: -1 
    tns:  0  tns_per_endp:  -1.0000   norm_tns_per_endp:  -1.0000 
    tns_sense_max:  -1.0000  tns_sense_avg:  -1.0000   tns_sense_num: -1
 skipped
CDN_DP_region_0_15_c1 in mgmt_core: area: 176268015 ,dp = 1 mux = 0 sg = fast         worst_clk_period: -1.0000 
    wns: 0  norm_wns:  -1.0000 
    fail_endp: -1 
    tns:  0  tns_per_endp:  -1.0000   norm_tns_per_endp:  -1.0000 
    tns_sense_max:  -1.0000  tns_sense_avg:  -1.0000   tns_sense_num: -1
 is current best
CDN_DP_region_0_15_c2 in mgmt_core: area: 176268015 ,dp = 1 mux = 0 sg = very_slow    worst_clk_period: -1.0000 
    wns: 0  norm_wns:  -1.0000 
    fail_endp: -1 
    tns:  0  tns_per_endp:  -1.0000   norm_tns_per_endp:  -1.0000 
    tns_sense_max:  -1.0000  tns_sense_avg:  -1.0000   tns_sense_num: -1
 is current best
CDN_DP_region_0_15_c3 in mgmt_core: area: 176268015 ,dp = 1 mux = 0 sg = very_fast    worst_clk_period: -1.0000 
    wns: 0  norm_wns:  -1.0000 
    fail_endp: -1 
    tns:  0  tns_per_endp:  -1.0000   norm_tns_per_endp:  -1.0000 
    tns_sense_max:  -1.0000  tns_sense_avg:  -1.0000   tns_sense_num: -1
 is current best
CDN_DP_region_0_15_c4 in mgmt_core: area: 176268015 ,dp = 1 mux = 0 sg = very_fast    worst_clk_period: -1.0000 
    wns: 0  norm_wns:  -1.0000 
    fail_endp: -1 
    tns:  0  tns_per_endp:  -1.0000   norm_tns_per_endp:  -1.0000 
    tns_sense_max:  -1.0000  tns_sense_avg:  -1.0000   tns_sense_num: -1
 is current best
CDN_DP_region_0_15_c5 in mgmt_core: area: 176268015 ,dp = 1 mux = 0 sg = very_fast    worst_clk_period: -1.0000 
    wns: 0  norm_wns:  -1.0000 
    fail_endp: -1 
    tns:  0  tns_per_endp:  -1.0000   norm_tns_per_endp:  -1.0000 
    tns_sense_max:  -1.0000  tns_sense_avg:  -1.0000   tns_sense_num: -1
 is current best
CDN_DP_region_0_15_c6 in mgmt_core: area: 176268015 ,dp = 1 mux = 0 sg = very_fast    worst_clk_period: -1.0000 
    wns: 0  norm_wns:  -1.0000 
    fail_endp: -1 
    tns:  0  tns_per_endp:  -1.0000   norm_tns_per_endp:  -1.0000 
    tns_sense_max:  -1.0000  tns_sense_avg:  -1.0000   tns_sense_num: -1
 is current best
CDN_DP_region_0_15_c7 in mgmt_core: area: 176268015 ,dp = 1 mux = 0 sg = very_fast    worst_clk_period: -1.0000 
    wns: 0  norm_wns:  -1.0000 
    fail_endp: -1 
    tns:  0  tns_per_endp:  -1.0000   norm_tns_per_endp:  -1.0000 
    tns_sense_max:  -1.0000  tns_sense_avg:  -1.0000   tns_sense_num: -1
 is current best
Best config: CDN_DP_region_0_15_c7 in mgmt_core: area: 176268015 ,dp = 1 mux = 0 sg = very_fast    worst_clk_period: -1.0000 
    wns: 0  norm_wns:  -1.0000 
    fail_endp: -1 
    tns:  0  tns_per_endp:  -1.0000   norm_tns_per_endp:  -1.0000 
    tns_sense_max:  -1.0000  tns_sense_avg:  -1.0000   tns_sense_num: -1
  Smallest config area : 176268015.  Fastest config wns;  0
##>+----------------------------------------------------------------------------------------------------------------------------------------------------------------+
##>Summary table of configs (Best config is CDN_DP_region_0_15_c7)
##>+----------------------------------------------------------------------------------------------------------------------------------------------------------------+
##>                     0                  1                  2                  3                  4                  5                  6                  7            
##>+----------------------------------------------------------------------------------------------------------------------------------------------------------------+
##>           Area        208316745          176268015          176268015          176268015          176268015          176268015          176268015          176268015  
##>            WNS         +3410.80           +3451.70           +3451.70           +3451.70           +3451.70           +3451.70           +3451.70           +3451.70  
##>            TNS                0                  0                  0                  0                  0                  0                  0                  0  
##>    Num Rewrite                0                  0                  0                  0                  0                  0                  0                  0  
##>     Num Factor                0                  0                  0                  0                  0                  0                  0                  0  
##>      Num Share                0                  0                  0                  0                  0                  0                  0                  0  
##>   Num CmultCse                0                  0                  0                  0                  0                  0                  0                  0  
##>   Num Downsize                0                  0                  0                  0                  0                  0                  0                  0  
##>  Num Speculate                0                  0                  0                  0                  0                  0                  0                  0  
##>     Runtime(s)                0                  0                  0                  0                  0                  0                  0                  0  
+----------------------------------------------------------------------------------------------------------------------------------------------------------------+
##>
##>
##>+-----------------------------------------------------------------------------------------------------------------------------------------------------------------------------------------------------+
##>Optimization Step DEBUG Table for config CDN_DP_region_0_15_c7
##>
##>                          Step                        Area   (  % Chg)         WNS (Change)          TNS (Change)                Power   (  % Chg)        Runtime (s)        Comment                   
##>+-----------------------------------------------------------------------------------------------------------------------------------------------------------------------------------------------------+
##>EquationExtraction              START              208316745 (       )     3410.80 (        )          0 (        )                    0 (       )              
##> rewrite                        START              571535685 (+174.36)     3399.60 (  -11.20)          0 (       0)                    0 (  +0.00)              (a,ar) Expr16_from --> Expr16_to
##>                                  END              865315710 ( +51.40)     3399.60 (   +0.00)          0 (       0)                    0 (  +0.00)           0  
##>                                  END              208316745 (  +0.00)     3410.80 (   +0.00)          0 (       0)                    0 (  +0.00)           0  
##>createMaxCarrySave              START              208316745 (  +0.00)     3410.80 (   +0.00)          0 (       0)                    0 (  +0.00)              
##> datapath_rewrite_one_def       START              208316745 (  +0.00)     3410.80 (   +0.00)          0 (       0)                    0 (  +0.00)              
##>                                  END              208316745 (  +0.00)     3410.80 (   +0.00)          0 (       0)                    0 (  +0.00)           0  
##> csa_opto                       START              208316745 (  +0.00)     3410.80 (   +0.00)          0 (       0)                    0 (  +0.00)              
##>                                  END              245706930 ( +17.95)     3415.50 (   +4.70)          0 (       0)                    0 (  +0.00)           0  
##>                                  END              245706930 ( +17.95)     3415.50 (   +4.70)          0 (       0)                    0 (  +0.00)           0  
##>canonicalize_by_names           START              245706930 (  +0.00)     3415.50 (   +0.00)          0 (       0)                    0 (  +0.00)              
##>                                  END              245706930 (  +0.00)     3415.50 (   +0.00)          0 (       0)                    0 (  +0.00)           0  
##>datapath_rewrite_post_csa_one_  START              245706930 (  +0.00)     3415.50 (   +0.00)          0 (       0)                    0 (  +0.00)              
##>                                  END              245706930 (  +0.00)     3415.50 (   +0.00)          0 (       0)                    0 (  +0.00)           0  
##>datapath_csa_factoring_one_gde  START              245706930 (  +0.00)     3415.50 (   +0.00)          0 (       0)                    0 (  +0.00)              
##>                                  END              245706930 (  +0.00)     3415.50 (   +0.00)          0 (       0)                    0 (  +0.00)           0  
##>dpopt_share_one_def             START              245706930 (  +0.00)     3415.50 (   +0.00)          0 (       0)                    0 (  +0.00)              
##>                                  END              245706930 (  +0.00)     3415.50 (   +0.00)          0 (       0)                    0 (  +0.00)           0  
##>datapath_rewrite_post_share     START              245706930 (  +0.00)     3415.50 (   +0.00)          0 (       0)                    0 (  +0.00)              
##>                                  END              245706930 (  +0.00)     3415.50 (   +0.00)          0 (       0)                    0 (  +0.00)           0  
##>dp_combine_const_mult_with_com  START              245706930 (  +0.00)     3415.50 (   +0.00)          0 (       0)                    0 (  +0.00)              
##>                                  END              245706930 (  +0.00)     3415.50 (   +0.00)          0 (       0)                    0 (  +0.00)           0  
##>dp_operator_level_decompositio  START              245706930 (  +0.00)     3415.50 (   +0.00)          0 (       0)                    0 (  +0.00)              
##>                                  END              245706930 (  +0.00)     3415.50 (   +0.00)          0 (       0)                    0 (  +0.00)           0  
##>selective_flatten_dp_config     START              245706930 (  +0.00)     3415.50 (   +0.00)          0 (       0)                    0 (  +0.00)              
##>                                  END              245706930 (  +0.00)     3415.50 (   +0.00)          0 (       0)                    0 (  +0.00)           0  
##>createMaxCarrySave              START              245706930 (  +0.00)     3415.50 (   +0.00)          0 (       0)                    0 (  +0.00)              
##> datapath_rewrite_one_def       START              245706930 (  +0.00)     3415.50 (   +0.00)          0 (       0)                    0 (  +0.00)              
##>  fast_cse_elim                 START              245706930 (  +0.00)     3415.50 (   +0.00)          0 (       0)                    0 (  +0.00)              
##>                                  END              245706930 (  +0.00)     3415.50 (   +0.00)          0 (       0)                    0 (  +0.00)           0  
##>  fast_cse_elim                 START              245706930 (  +0.00)     3415.50 (   +0.00)          0 (       0)                    0 (  +0.00)              
##>                                  END              245706930 (  +0.00)     3415.50 (   +0.00)          0 (       0)                    0 (  +0.00)           0  
##>                                  END              245706930 (  +0.00)     3415.50 (   +0.00)          0 (       0)                    0 (  +0.00)           0  
##> csa_opto                       START              245706930 (  +0.00)     3415.50 (   +0.00)          0 (       0)                    0 (  +0.00)              
##>                                  END              245706930 (  +0.00)     3415.50 (   +0.00)          0 (       0)                    0 (  +0.00)           0  
##>                                  END              245706930 (  +0.00)     3415.50 (   +0.00)          0 (       0)                    0 (  +0.00)           0  
##>context_based_simplify          START              218999655 ( -10.87)     3432.20 (  +16.70)          0 (       0)                    0 (  +0.00)              
##>                                  END              176268015 ( -19.51)     3451.70 (  +19.50)          0 (       0)                    0 (  +0.00)           0  
##>group_csa_final_adder_dp        START              176268015 (  +0.00)     3451.70 (   +0.00)          0 (       0)                    0 (  +0.00)              
##>                                  END              176268015 (  +0.00)     3451.70 (   +0.00)          0 (       0)                    0 (  +0.00)           0  
##>dpopt_flatten_critical_muxes_i  START              176268015 (  +0.00)     3451.70 (   +0.00)          0 (       0)                    0 (  +0.00)              
##>                                  END              176268015 (  +0.00)     3451.70 (   +0.00)          0 (       0)                    0 (  +0.00)           0  
##>create_score                    START              176268015 (  +0.00)     3451.70 (   +0.00)          0 (       0)                    0 (  +0.00)              
##>                                  END              176268015 (  +0.00)     3451.70 (   +0.00)          0 (       0)                    0 (  +0.00)           0  
##>+-----------------------------------------------------------------------------------------------------------------------------------------------------------------------------------------------------+
Committed config: CDN_DP_region_0_15_c7
Info    : Done implementing datapath configurations. [DPOPT-4]
        : Selected 'very_fast' configuration 7 for module 'CDN_DP_region_0_15_c7'.
          Optimizations applied to 'very_fast' configuration:
            rewriting(0), factoring(0), sharing(0), cmultcse(0), downsizing(0), speculation(0)
Info    : Implementing datapath configurations. [DPOPT-3]
        : Implementing datapath configurations for 'CDN_DP_region_0_20'
CSAGen Prep Share:0 Re-Write:0 Speculation: 0
    MaxCSA: weighted_instance_count is 8 
MaxCSA: Successfully built Maximal CSA Expression Expr17
      Timing increment_unsigned_1291_2138...
        Done timing increment_unsigned_1291_2138.
      Timing increment_unsigned_1291_2143...
        Done timing increment_unsigned_1291_2143.
      Timing increment_unsigned_1291_2148...
        Done timing increment_unsigned_1291_2148.
      Timing increment_unsigned_1291_2153...
        Done timing increment_unsigned_1291_2153.
      Timing increment_unsigned_1291_2158...
        Done timing increment_unsigned_1291_2158.
      Timing increment_unsigned_1291_2163...
        Done timing increment_unsigned_1291_2163.
      Timing increment_unsigned_1291_2168...
        Done timing increment_unsigned_1291_2168.
CDN_DP_region_0_20 level = 0 loads = 0 drivers = 0
CDN_DP_region_0_20_c0 in mgmt_core: area: 85463280 ,dp = 1 mux = 0 sg = slow         worst_clk_period: -1.0000 
    wns: 0  norm_wns:  -1.0000 
    fail_endp: -1 
    tns:  0  tns_per_endp:  -1.0000   norm_tns_per_endp:  -1.0000 
    tns_sense_max:  -1.0000  tns_sense_avg:  -1.0000   tns_sense_num: -1
 skipped
CDN_DP_region_0_20_c1 in mgmt_core: area: 58756005 ,dp = 1 mux = 0 sg = fast         worst_clk_period: -1.0000 
    wns: 0  norm_wns:  -1.0000 
    fail_endp: -1 
    tns:  0  tns_per_endp:  -1.0000   norm_tns_per_endp:  -1.0000 
    tns_sense_max:  -1.0000  tns_sense_avg:  -1.0000   tns_sense_num: -1
 is current best
CDN_DP_region_0_20_c2 in mgmt_core: area: 58756005 ,dp = 1 mux = 0 sg = very_slow    worst_clk_period: -1.0000 
    wns: 0  norm_wns:  -1.0000 
    fail_endp: -1 
    tns:  0  tns_per_endp:  -1.0000   norm_tns_per_endp:  -1.0000 
    tns_sense_max:  -1.0000  tns_sense_avg:  -1.0000   tns_sense_num: -1
 is current best
CDN_DP_region_0_20_c3 in mgmt_core: area: 58756005 ,dp = 1 mux = 0 sg = very_fast    worst_clk_period: -1.0000 
    wns: 0  norm_wns:  -1.0000 
    fail_endp: -1 
    tns:  0  tns_per_endp:  -1.0000   norm_tns_per_endp:  -1.0000 
    tns_sense_max:  -1.0000  tns_sense_avg:  -1.0000   tns_sense_num: -1
 is current best
CDN_DP_region_0_20_c4 in mgmt_core: area: 58756005 ,dp = 1 mux = 0 sg = very_fast    worst_clk_period: -1.0000 
    wns: 0  norm_wns:  -1.0000 
    fail_endp: -1 
    tns:  0  tns_per_endp:  -1.0000   norm_tns_per_endp:  -1.0000 
    tns_sense_max:  -1.0000  tns_sense_avg:  -1.0000   tns_sense_num: -1
 is current best
CDN_DP_region_0_20_c5 in mgmt_core: area: 58756005 ,dp = 1 mux = 0 sg = very_fast    worst_clk_period: -1.0000 
    wns: 0  norm_wns:  -1.0000 
    fail_endp: -1 
    tns:  0  tns_per_endp:  -1.0000   norm_tns_per_endp:  -1.0000 
    tns_sense_max:  -1.0000  tns_sense_avg:  -1.0000   tns_sense_num: -1
 is current best
CDN_DP_region_0_20_c6 in mgmt_core: area: 58756005 ,dp = 1 mux = 0 sg = very_fast    worst_clk_period: -1.0000 
    wns: 0  norm_wns:  -1.0000 
    fail_endp: -1 
    tns:  0  tns_per_endp:  -1.0000   norm_tns_per_endp:  -1.0000 
    tns_sense_max:  -1.0000  tns_sense_avg:  -1.0000   tns_sense_num: -1
 is current best
CDN_DP_region_0_20_c7 in mgmt_core: area: 58756005 ,dp = 1 mux = 0 sg = very_fast    worst_clk_period: -1.0000 
    wns: 0  norm_wns:  -1.0000 
    fail_endp: -1 
    tns:  0  tns_per_endp:  -1.0000   norm_tns_per_endp:  -1.0000 
    tns_sense_max:  -1.0000  tns_sense_avg:  -1.0000   tns_sense_num: -1
 is current best
Best config: CDN_DP_region_0_20_c7 in mgmt_core: area: 58756005 ,dp = 1 mux = 0 sg = very_fast    worst_clk_period: -1.0000 
    wns: 0  norm_wns:  -1.0000 
    fail_endp: -1 
    tns:  0  tns_per_endp:  -1.0000   norm_tns_per_endp:  -1.0000 
    tns_sense_max:  -1.0000  tns_sense_avg:  -1.0000   tns_sense_num: -1
  Smallest config area : 58756005.  Fastest config wns;  0
##>+----------------------------------------------------------------------------------------------------------------------------------------------------------------+
##>Summary table of configs (Best config is CDN_DP_region_0_20_c7)
##>+----------------------------------------------------------------------------------------------------------------------------------------------------------------+
##>                     0                  1                  2                  3                  4                  5                  6                  7            
##>+----------------------------------------------------------------------------------------------------------------------------------------------------------------+
##>           Area         85463280           58756005           58756005           58756005           58756005           58756005           58756005           58756005  
##>            WNS         +3690.60           +3690.60           +3690.60           +3690.60           +3690.60           +3690.60           +3690.60           +3690.60  
##>            TNS                0                  0                  0                  0                  0                  0                  0                  0  
##>    Num Rewrite                0                  0                  0                  0                  0                  0                  0                  0  
##>     Num Factor                0                  0                  0                  0                  0                  0                  0                  0  
##>      Num Share                0                  0                  0                  0                  0                  0                  0                  0  
##>   Num CmultCse                0                  0                  0                  0                  0                  0                  0                  0  
##>   Num Downsize                0                  0                  0                  0                  0                  0                  0                  0  
##>  Num Speculate                0                  0                  0                  0                  0                  0                  0                  0  
##>     Runtime(s)                0                  0                  0                  0                  0                  0                  0                  0  
+----------------------------------------------------------------------------------------------------------------------------------------------------------------+
##>
##>
##>+-----------------------------------------------------------------------------------------------------------------------------------------------------------------------------------------------------+
##>Optimization Step DEBUG Table for config CDN_DP_region_0_20_c7
##>
##>                          Step                        Area   (  % Chg)         WNS (Change)          TNS (Change)                Power   (  % Chg)        Runtime (s)        Comment                   
##>+-----------------------------------------------------------------------------------------------------------------------------------------------------------------------------------------------------+
##>EquationExtraction              START               85463280 (       )     3690.60 (        )          0 (        )                    0 (       )              
##> rewrite                        START              165585105 ( +93.75)     3681.80 (   -8.80)          0 (       0)                    0 (  +0.00)              (a,ar) Expr17_from --> Expr17_to
##>                                  END              309804390 ( +87.10)     3681.80 (   +0.00)          0 (       0)                    0 (  +0.00)           0  
##>                                  END               85463280 (  +0.00)     3690.60 (   +0.00)          0 (       0)                    0 (  +0.00)           0  
##>createMaxCarrySave              START               85463280 (  +0.00)     3690.60 (   +0.00)          0 (       0)                    0 (  +0.00)              
##> datapath_rewrite_one_def       START               85463280 (  +0.00)     3690.60 (   +0.00)          0 (       0)                    0 (  +0.00)              
##>                                  END               85463280 (  +0.00)     3690.60 (   +0.00)          0 (       0)                    0 (  +0.00)           0  
##> csa_opto                       START               85463280 (  +0.00)     3690.60 (   +0.00)          0 (       0)                    0 (  +0.00)              
##>                                  END               90804735 (  +6.25)     3690.60 (   +0.00)          0 (       0)                    0 (  +0.00)           0  
##>                                  END               90804735 (  +6.25)     3690.60 (   +0.00)          0 (       0)                    0 (  +0.00)           0  
##>canonicalize_by_names           START               90804735 (  +0.00)     3690.60 (   +0.00)          0 (       0)                    0 (  +0.00)              
##>                                  END               90804735 (  +0.00)     3690.60 (   +0.00)          0 (       0)                    0 (  +0.00)           0  
##>datapath_rewrite_post_csa_one_  START               90804735 (  +0.00)     3690.60 (   +0.00)          0 (       0)                    0 (  +0.00)              
##>                                  END               90804735 (  +0.00)     3690.60 (   +0.00)          0 (       0)                    0 (  +0.00)           0  
##>datapath_csa_factoring_one_gde  START               90804735 (  +0.00)     3690.60 (   +0.00)          0 (       0)                    0 (  +0.00)              
##>                                  END               90804735 (  +0.00)     3690.60 (   +0.00)          0 (       0)                    0 (  +0.00)           0  
##>dpopt_share_one_def             START               90804735 (  +0.00)     3690.60 (   +0.00)          0 (       0)                    0 (  +0.00)              
##>                                  END               90804735 (  +0.00)     3690.60 (   +0.00)          0 (       0)                    0 (  +0.00)           0  
##>datapath_rewrite_post_share     START               90804735 (  +0.00)     3690.60 (   +0.00)          0 (       0)                    0 (  +0.00)              
##>                                  END               90804735 (  +0.00)     3690.60 (   +0.00)          0 (       0)                    0 (  +0.00)           0  
##>dp_combine_const_mult_with_com  START               90804735 (  +0.00)     3690.60 (   +0.00)          0 (       0)                    0 (  +0.00)              
##>                                  END               90804735 (  +0.00)     3690.60 (   +0.00)          0 (       0)                    0 (  +0.00)           0  
##>dp_operator_level_decompositio  START               90804735 (  +0.00)     3690.60 (   +0.00)          0 (       0)                    0 (  +0.00)              
##>                                  END               90804735 (  +0.00)     3690.60 (   +0.00)          0 (       0)                    0 (  +0.00)           0  
##>selective_flatten_dp_config     START               90804735 (  +0.00)     3690.60 (   +0.00)          0 (       0)                    0 (  +0.00)              
##>                                  END               90804735 (  +0.00)     3690.60 (   +0.00)          0 (       0)                    0 (  +0.00)           0  
##>createMaxCarrySave              START               90804735 (  +0.00)     3690.60 (   +0.00)          0 (       0)                    0 (  +0.00)              
##> datapath_rewrite_one_def       START               90804735 (  +0.00)     3690.60 (   +0.00)          0 (       0)                    0 (  +0.00)              
##>  fast_cse_elim                 START               90804735 (  +0.00)     3690.60 (   +0.00)          0 (       0)                    0 (  +0.00)              
##>                                  END               90804735 (  +0.00)     3690.60 (   +0.00)          0 (       0)                    0 (  +0.00)           0  
##>  fast_cse_elim                 START               90804735 (  +0.00)     3690.60 (   +0.00)          0 (       0)                    0 (  +0.00)              
##>                                  END               90804735 (  +0.00)     3690.60 (   +0.00)          0 (       0)                    0 (  +0.00)           0  
##>                                  END               90804735 (  +0.00)     3690.60 (   +0.00)          0 (       0)                    0 (  +0.00)           0  
##> csa_opto                       START               90804735 (  +0.00)     3690.60 (   +0.00)          0 (       0)                    0 (  +0.00)              
##>                                  END               90804735 (  +0.00)     3690.60 (   +0.00)          0 (       0)                    0 (  +0.00)           0  
##>                                  END               90804735 (  +0.00)     3690.60 (   +0.00)          0 (       0)                    0 (  +0.00)           0  
##>context_based_simplify          START               69438915 ( -23.53)     3690.60 (   +0.00)          0 (       0)                    0 (  +0.00)              
##>                                  END               58756005 ( -15.38)     3690.60 (   +0.00)          0 (       0)                    0 (  +0.00)           0  
##>group_csa_final_adder_dp        START               58756005 (  +0.00)     3690.60 (   +0.00)          0 (       0)                    0 (  +0.00)              
##>                                  END               58756005 (  +0.00)     3690.60 (   +0.00)          0 (       0)                    0 (  +0.00)           0  
##>dpopt_flatten_critical_muxes_i  START               58756005 (  +0.00)     3690.60 (   +0.00)          0 (       0)                    0 (  +0.00)              
##>                                  END               58756005 (  +0.00)     3690.60 (   +0.00)          0 (       0)                    0 (  +0.00)           0  
##>create_score                    START               58756005 (  +0.00)     3690.60 (   +0.00)          0 (       0)                    0 (  +0.00)              
##>                                  END               58756005 (  +0.00)     3690.60 (   +0.00)          0 (       0)                    0 (  +0.00)           0  
##>+-----------------------------------------------------------------------------------------------------------------------------------------------------------------------------------------------------+
Committed config: CDN_DP_region_0_20_c7
Info    : Done implementing datapath configurations. [DPOPT-4]
        : Selected 'very_fast' configuration 7 for module 'CDN_DP_region_0_20_c7'.
          Optimizations applied to 'very_fast' configuration:
            rewriting(0), factoring(0), sharing(0), cmultcse(0), downsizing(0), speculation(0)
Info    : Implementing datapath configurations. [DPOPT-3]
        : Implementing datapath configurations for 'CDN_DP_region_0_19'
CSAGen Prep Share:0 Re-Write:0 Speculation: 0
    MaxCSA: weighted_instance_count is 8 
MaxCSA: Successfully built Maximal CSA Expression Expr18
      Timing increment_unsigned_1291_2176...
        Done timing increment_unsigned_1291_2176.
      Timing increment_unsigned_1291_2181...
        Done timing increment_unsigned_1291_2181.
      Timing increment_unsigned_1291_2186...
        Done timing increment_unsigned_1291_2186.
      Timing increment_unsigned_1291_2191...
        Done timing increment_unsigned_1291_2191.
      Timing increment_unsigned_1291_2196...
        Done timing increment_unsigned_1291_2196.
      Timing increment_unsigned_1291_2201...
        Done timing increment_unsigned_1291_2201.
      Timing increment_unsigned_1291_2206...
        Done timing increment_unsigned_1291_2206.
CDN_DP_region_0_19 level = 0 loads = 0 drivers = 0
CDN_DP_region_0_19_c0 in mgmt_core: area: 85463280 ,dp = 1 mux = 0 sg = slow         worst_clk_period: -1.0000 
    wns: 0  norm_wns:  -1.0000 
    fail_endp: -1 
    tns:  0  tns_per_endp:  -1.0000   norm_tns_per_endp:  -1.0000 
    tns_sense_max:  -1.0000  tns_sense_avg:  -1.0000   tns_sense_num: -1
 skipped
CDN_DP_region_0_19_c1 in mgmt_core: area: 58756005 ,dp = 1 mux = 0 sg = fast         worst_clk_period: -1.0000 
    wns: 0  norm_wns:  -1.0000 
    fail_endp: -1 
    tns:  0  tns_per_endp:  -1.0000   norm_tns_per_endp:  -1.0000 
    tns_sense_max:  -1.0000  tns_sense_avg:  -1.0000   tns_sense_num: -1
 is current best
CDN_DP_region_0_19_c2 in mgmt_core: area: 58756005 ,dp = 1 mux = 0 sg = very_slow    worst_clk_period: -1.0000 
    wns: 0  norm_wns:  -1.0000 
    fail_endp: -1 
    tns:  0  tns_per_endp:  -1.0000   norm_tns_per_endp:  -1.0000 
    tns_sense_max:  -1.0000  tns_sense_avg:  -1.0000   tns_sense_num: -1
 is current best
CDN_DP_region_0_19_c3 in mgmt_core: area: 58756005 ,dp = 1 mux = 0 sg = very_fast    worst_clk_period: -1.0000 
    wns: 0  norm_wns:  -1.0000 
    fail_endp: -1 
    tns:  0  tns_per_endp:  -1.0000   norm_tns_per_endp:  -1.0000 
    tns_sense_max:  -1.0000  tns_sense_avg:  -1.0000   tns_sense_num: -1
 is current best
CDN_DP_region_0_19_c4 in mgmt_core: area: 58756005 ,dp = 1 mux = 0 sg = very_fast    worst_clk_period: -1.0000 
    wns: 0  norm_wns:  -1.0000 
    fail_endp: -1 
    tns:  0  tns_per_endp:  -1.0000   norm_tns_per_endp:  -1.0000 
    tns_sense_max:  -1.0000  tns_sense_avg:  -1.0000   tns_sense_num: -1
 is current best
CDN_DP_region_0_19_c5 in mgmt_core: area: 58756005 ,dp = 1 mux = 0 sg = very_fast    worst_clk_period: -1.0000 
    wns: 0  norm_wns:  -1.0000 
    fail_endp: -1 
    tns:  0  tns_per_endp:  -1.0000   norm_tns_per_endp:  -1.0000 
    tns_sense_max:  -1.0000  tns_sense_avg:  -1.0000   tns_sense_num: -1
 is current best
CDN_DP_region_0_19_c6 in mgmt_core: area: 58756005 ,dp = 1 mux = 0 sg = very_fast    worst_clk_period: -1.0000 
    wns: 0  norm_wns:  -1.0000 
    fail_endp: -1 
    tns:  0  tns_per_endp:  -1.0000   norm_tns_per_endp:  -1.0000 
    tns_sense_max:  -1.0000  tns_sense_avg:  -1.0000   tns_sense_num: -1
 is current best
CDN_DP_region_0_19_c7 in mgmt_core: area: 58756005 ,dp = 1 mux = 0 sg = very_fast    worst_clk_period: -1.0000 
    wns: 0  norm_wns:  -1.0000 
    fail_endp: -1 
    tns:  0  tns_per_endp:  -1.0000   norm_tns_per_endp:  -1.0000 
    tns_sense_max:  -1.0000  tns_sense_avg:  -1.0000   tns_sense_num: -1
 is current best
Best config: CDN_DP_region_0_19_c7 in mgmt_core: area: 58756005 ,dp = 1 mux = 0 sg = very_fast    worst_clk_period: -1.0000 
    wns: 0  norm_wns:  -1.0000 
    fail_endp: -1 
    tns:  0  tns_per_endp:  -1.0000   norm_tns_per_endp:  -1.0000 
    tns_sense_max:  -1.0000  tns_sense_avg:  -1.0000   tns_sense_num: -1
  Smallest config area : 58756005.  Fastest config wns;  0
##>+----------------------------------------------------------------------------------------------------------------------------------------------------------------+
##>Summary table of configs (Best config is CDN_DP_region_0_19_c7)
##>+----------------------------------------------------------------------------------------------------------------------------------------------------------------+
##>                     0                  1                  2                  3                  4                  5                  6                  7            
##>+----------------------------------------------------------------------------------------------------------------------------------------------------------------+
##>           Area         85463280           58756005           58756005           58756005           58756005           58756005           58756005           58756005  
##>            WNS         +3690.60           +3690.60           +3690.60           +3690.60           +3690.60           +3690.60           +3690.60           +3690.60  
##>            TNS                0                  0                  0                  0                  0                  0                  0                  0  
##>    Num Rewrite                0                  0                  0                  0                  0                  0                  0                  0  
##>     Num Factor                0                  0                  0                  0                  0                  0                  0                  0  
##>      Num Share                0                  0                  0                  0                  0                  0                  0                  0  
##>   Num CmultCse                0                  0                  0                  0                  0                  0                  0                  0  
##>   Num Downsize                0                  0                  0                  0                  0                  0                  0                  0  
##>  Num Speculate                0                  0                  0                  0                  0                  0                  0                  0  
##>     Runtime(s)                0                  0                  0                  0                  0                  0                  0                  0  
+----------------------------------------------------------------------------------------------------------------------------------------------------------------+
##>
##>
##>+-----------------------------------------------------------------------------------------------------------------------------------------------------------------------------------------------------+
##>Optimization Step DEBUG Table for config CDN_DP_region_0_19_c7
##>
##>                          Step                        Area   (  % Chg)         WNS (Change)          TNS (Change)                Power   (  % Chg)        Runtime (s)        Comment                   
##>+-----------------------------------------------------------------------------------------------------------------------------------------------------------------------------------------------------+
##>EquationExtraction              START               85463280 (       )     3690.60 (        )          0 (        )                    0 (       )              
##> rewrite                        START              165585105 ( +93.75)     3681.80 (   -8.80)          0 (       0)                    0 (  +0.00)              (a,ar) Expr18_from --> Expr18_to
##>                                  END              309804390 ( +87.10)     3681.80 (   +0.00)          0 (       0)                    0 (  +0.00)           0  
##>                                  END               85463280 (  +0.00)     3690.60 (   +0.00)          0 (       0)                    0 (  +0.00)           0  
##>createMaxCarrySave              START               85463280 (  +0.00)     3690.60 (   +0.00)          0 (       0)                    0 (  +0.00)              
##> datapath_rewrite_one_def       START               85463280 (  +0.00)     3690.60 (   +0.00)          0 (       0)                    0 (  +0.00)              
##>                                  END               85463280 (  +0.00)     3690.60 (   +0.00)          0 (       0)                    0 (  +0.00)           0  
##> csa_opto                       START               85463280 (  +0.00)     3690.60 (   +0.00)          0 (       0)                    0 (  +0.00)              
##>                                  END               90804735 (  +6.25)     3690.60 (   +0.00)          0 (       0)                    0 (  +0.00)           0  
##>                                  END               90804735 (  +6.25)     3690.60 (   +0.00)          0 (       0)                    0 (  +0.00)           0  
##>canonicalize_by_names           START               90804735 (  +0.00)     3690.60 (   +0.00)          0 (       0)                    0 (  +0.00)              
##>                                  END               90804735 (  +0.00)     3690.60 (   +0.00)          0 (       0)                    0 (  +0.00)           0  
##>datapath_rewrite_post_csa_one_  START               90804735 (  +0.00)     3690.60 (   +0.00)          0 (       0)                    0 (  +0.00)              
##>                                  END               90804735 (  +0.00)     3690.60 (   +0.00)          0 (       0)                    0 (  +0.00)           0  
##>datapath_csa_factoring_one_gde  START               90804735 (  +0.00)     3690.60 (   +0.00)          0 (       0)                    0 (  +0.00)              
##>                                  END               90804735 (  +0.00)     3690.60 (   +0.00)          0 (       0)                    0 (  +0.00)           0  
##>dpopt_share_one_def             START               90804735 (  +0.00)     3690.60 (   +0.00)          0 (       0)                    0 (  +0.00)              
##>                                  END               90804735 (  +0.00)     3690.60 (   +0.00)          0 (       0)                    0 (  +0.00)           0  
##>datapath_rewrite_post_share     START               90804735 (  +0.00)     3690.60 (   +0.00)          0 (       0)                    0 (  +0.00)              
##>                                  END               90804735 (  +0.00)     3690.60 (   +0.00)          0 (       0)                    0 (  +0.00)           0  
##>dp_combine_const_mult_with_com  START               90804735 (  +0.00)     3690.60 (   +0.00)          0 (       0)                    0 (  +0.00)              
##>                                  END               90804735 (  +0.00)     3690.60 (   +0.00)          0 (       0)                    0 (  +0.00)           0  
##>dp_operator_level_decompositio  START               90804735 (  +0.00)     3690.60 (   +0.00)          0 (       0)                    0 (  +0.00)              
##>                                  END               90804735 (  +0.00)     3690.60 (   +0.00)          0 (       0)                    0 (  +0.00)           0  
##>selective_flatten_dp_config     START               90804735 (  +0.00)     3690.60 (   +0.00)          0 (       0)                    0 (  +0.00)              
##>                                  END               90804735 (  +0.00)     3690.60 (   +0.00)          0 (       0)                    0 (  +0.00)           0  
##>createMaxCarrySave              START               90804735 (  +0.00)     3690.60 (   +0.00)          0 (       0)                    0 (  +0.00)              
##> datapath_rewrite_one_def       START               90804735 (  +0.00)     3690.60 (   +0.00)          0 (       0)                    0 (  +0.00)              
##>  fast_cse_elim                 START               90804735 (  +0.00)     3690.60 (   +0.00)          0 (       0)                    0 (  +0.00)              
##>                                  END               90804735 (  +0.00)     3690.60 (   +0.00)          0 (       0)                    0 (  +0.00)           0  
##>  fast_cse_elim                 START               90804735 (  +0.00)     3690.60 (   +0.00)          0 (       0)                    0 (  +0.00)              
##>                                  END               90804735 (  +0.00)     3690.60 (   +0.00)          0 (       0)                    0 (  +0.00)           0  
##>                                  END               90804735 (  +0.00)     3690.60 (   +0.00)          0 (       0)                    0 (  +0.00)           0  
##> csa_opto                       START               90804735 (  +0.00)     3690.60 (   +0.00)          0 (       0)                    0 (  +0.00)              
##>                                  END               90804735 (  +0.00)     3690.60 (   +0.00)          0 (       0)                    0 (  +0.00)           0  
##>                                  END               90804735 (  +0.00)     3690.60 (   +0.00)          0 (       0)                    0 (  +0.00)           0  
##>context_based_simplify          START               69438915 ( -23.53)     3690.60 (   +0.00)          0 (       0)                    0 (  +0.00)              
##>                                  END               58756005 ( -15.38)     3690.60 (   +0.00)          0 (       0)                    0 (  +0.00)           0  
##>group_csa_final_adder_dp        START               58756005 (  +0.00)     3690.60 (   +0.00)          0 (       0)                    0 (  +0.00)              
##>                                  END               58756005 (  +0.00)     3690.60 (   +0.00)          0 (       0)                    0 (  +0.00)           0  
##>dpopt_flatten_critical_muxes_i  START               58756005 (  +0.00)     3690.60 (   +0.00)          0 (       0)                    0 (  +0.00)              
##>                                  END               58756005 (  +0.00)     3690.60 (   +0.00)          0 (       0)                    0 (  +0.00)           0  
##>create_score                    START               58756005 (  +0.00)     3690.60 (   +0.00)          0 (       0)                    0 (  +0.00)              
##>                                  END               58756005 (  +0.00)     3690.60 (   +0.00)          0 (       0)                    0 (  +0.00)           0  
##>+-----------------------------------------------------------------------------------------------------------------------------------------------------------------------------------------------------+
Committed config: CDN_DP_region_0_19_c7
Info    : Done implementing datapath configurations. [DPOPT-4]
        : Selected 'very_fast' configuration 7 for module 'CDN_DP_region_0_19_c7'.
          Optimizations applied to 'very_fast' configuration:
            rewriting(0), factoring(0), sharing(0), cmultcse(0), downsizing(0), speculation(0)
Warning : Maximum message print count reached. [MESG-11]
        : Maximum print count of '20' reached for message 'DPOPT-3'.
CSAGen Prep Share:0 Re-Write:0 Speculation: 0
    MaxCSA: weighted_instance_count is 6 
MaxCSA: Successfully built Maximal CSA Expression Expr19
      Timing decrement_unsigned_2210...
        Done timing decrement_unsigned_2210.
      Timing decrement_unsigned_2212_2214...
        Done timing decrement_unsigned_2212_2214.
      Timing decrement_unsigned_2212_2219...
        Done timing decrement_unsigned_2212_2219.
      Timing decrement_unsigned_2212_2224...
        Done timing decrement_unsigned_2212_2224.
      Timing decrement_unsigned_2212_2229...
        Done timing decrement_unsigned_2212_2229.
      Timing decrement_unsigned_2212_2234...
        Done timing decrement_unsigned_2212_2234.
      Timing decrement_unsigned_2212_2239...
        Done timing decrement_unsigned_2212_2239.
      Timing decrement_unsigned_2212_2244...
        Done timing decrement_unsigned_2212_2244.
CDN_DP_region_0_14 level = 0 loads = 0 drivers = 0
CDN_DP_region_0_14_c0 in mgmt_core: area: 42731640 ,dp = 1 mux = 0 sg = slow         worst_clk_period: -1.0000 
    wns: 0  norm_wns:  -1.0000 
    fail_endp: -1 
    tns:  0  tns_per_endp:  -1.0000   norm_tns_per_endp:  -1.0000 
    tns_sense_max:  -1.0000  tns_sense_avg:  -1.0000   tns_sense_num: -1
 skipped
CDN_DP_region_0_14_c1 in mgmt_core: area: 37390185 ,dp = 1 mux = 0 sg = fast         worst_clk_period: -1.0000 
    wns: 0  norm_wns:  -1.0000 
    fail_endp: -1 
    tns:  0  tns_per_endp:  -1.0000   norm_tns_per_endp:  -1.0000 
    tns_sense_max:  -1.0000  tns_sense_avg:  -1.0000   tns_sense_num: -1
 is current best
CDN_DP_region_0_14_c2 in mgmt_core: area: 37390185 ,dp = 1 mux = 0 sg = very_slow    worst_clk_period: -1.0000 
    wns: 0  norm_wns:  -1.0000 
    fail_endp: -1 
    tns:  0  tns_per_endp:  -1.0000   norm_tns_per_endp:  -1.0000 
    tns_sense_max:  -1.0000  tns_sense_avg:  -1.0000   tns_sense_num: -1
 is current best
CDN_DP_region_0_14_c3 in mgmt_core: area: 37390185 ,dp = 1 mux = 0 sg = very_fast    worst_clk_period: -1.0000 
    wns: 0  norm_wns:  -1.0000 
    fail_endp: -1 
    tns:  0  tns_per_endp:  -1.0000   norm_tns_per_endp:  -1.0000 
    tns_sense_max:  -1.0000  tns_sense_avg:  -1.0000   tns_sense_num: -1
 is current best
CDN_DP_region_0_14_c4 in mgmt_core: area: 37390185 ,dp = 1 mux = 0 sg = very_fast    worst_clk_period: -1.0000 
    wns: 0  norm_wns:  -1.0000 
    fail_endp: -1 
    tns:  0  tns_per_endp:  -1.0000   norm_tns_per_endp:  -1.0000 
    tns_sense_max:  -1.0000  tns_sense_avg:  -1.0000   tns_sense_num: -1
 is current best
CDN_DP_region_0_14_c5 in mgmt_core: area: 37390185 ,dp = 1 mux = 0 sg = very_fast    worst_clk_period: -1.0000 
    wns: 0  norm_wns:  -1.0000 
    fail_endp: -1 
    tns:  0  tns_per_endp:  -1.0000   norm_tns_per_endp:  -1.0000 
    tns_sense_max:  -1.0000  tns_sense_avg:  -1.0000   tns_sense_num: -1
 is current best
CDN_DP_region_0_14_c6 in mgmt_core: area: 37390185 ,dp = 1 mux = 0 sg = very_fast    worst_clk_period: -1.0000 
    wns: 0  norm_wns:  -1.0000 
    fail_endp: -1 
    tns:  0  tns_per_endp:  -1.0000   norm_tns_per_endp:  -1.0000 
    tns_sense_max:  -1.0000  tns_sense_avg:  -1.0000   tns_sense_num: -1
 is current best
CDN_DP_region_0_14_c7 in mgmt_core: area: 37390185 ,dp = 1 mux = 0 sg = very_fast    worst_clk_period: -1.0000 
    wns: 0  norm_wns:  -1.0000 
    fail_endp: -1 
    tns:  0  tns_per_endp:  -1.0000   norm_tns_per_endp:  -1.0000 
    tns_sense_max:  -1.0000  tns_sense_avg:  -1.0000   tns_sense_num: -1
 is current best
Best config: CDN_DP_region_0_14_c7 in mgmt_core: area: 37390185 ,dp = 1 mux = 0 sg = very_fast    worst_clk_period: -1.0000 
    wns: 0  norm_wns:  -1.0000 
    fail_endp: -1 
    tns:  0  tns_per_endp:  -1.0000   norm_tns_per_endp:  -1.0000 
    tns_sense_max:  -1.0000  tns_sense_avg:  -1.0000   tns_sense_num: -1
  Smallest config area : 37390185.  Fastest config wns;  0
##>+----------------------------------------------------------------------------------------------------------------------------------------------------------------+
##>Summary table of configs (Best config is CDN_DP_region_0_14_c7)
##>+----------------------------------------------------------------------------------------------------------------------------------------------------------------+
##>                     0                  1                  2                  3                  4                  5                  6                  7            
##>+----------------------------------------------------------------------------------------------------------------------------------------------------------------+
##>           Area         42731640           37390185           37390185           37390185           37390185           37390185           37390185           37390185  
##>            WNS         +3708.90           +3708.90           +3708.90           +3708.90           +3708.90           +3708.90           +3708.90           +3708.90  
##>            TNS                0                  0                  0                  0                  0                  0                  0                  0  
##>    Num Rewrite                0                  0                  0                  0                  0                  0                  0                  0  
##>     Num Factor                0                  0                  0                  0                  0                  0                  0                  0  
##>      Num Share                0                  0                  0                  0                  0                  0                  0                  0  
##>   Num CmultCse                0                  0                  0                  0                  0                  0                  0                  0  
##>   Num Downsize                0                  0                  0                  0                  0                  0                  0                  0  
##>  Num Speculate                0                  0                  0                  0                  0                  0                  0                  0  
##>     Runtime(s)                0                  0                  0                  0                  0                  0                  0                  0  
+----------------------------------------------------------------------------------------------------------------------------------------------------------------+
##>
##>
##>+-----------------------------------------------------------------------------------------------------------------------------------------------------------------------------------------------------+
##>Optimization Step DEBUG Table for config CDN_DP_region_0_14_c7
##>
##>                          Step                        Area   (  % Chg)         WNS (Change)          TNS (Change)                Power   (  % Chg)        Runtime (s)        Comment                   
##>+-----------------------------------------------------------------------------------------------------------------------------------------------------------------------------------------------------+
##>EquationExtraction              START               42731640 (       )     3708.90 (        )          0 (        )                    0 (       )              
##> rewrite                        START              112170555 (+162.50)     3702.00 (   -6.90)          0 (       0)                    0 (  +0.00)              (a,ar) Expr19_from --> Expr19_to
##>                                  END              208316745 ( +85.71)     3702.00 (   +0.00)          0 (       0)                    0 (  +0.00)           0  
##>                                  END               42731640 (  +0.00)     3708.90 (   +0.00)          0 (       0)                    0 (  +0.00)           0  
##>createMaxCarrySave              START               42731640 (  +0.00)     3708.90 (   +0.00)          0 (       0)                    0 (  +0.00)              
##> datapath_rewrite_one_def       START               42731640 (  +0.00)     3708.90 (   +0.00)          0 (       0)                    0 (  +0.00)              
##>                                  END               42731640 (  +0.00)     3708.90 (   +0.00)          0 (       0)                    0 (  +0.00)           0  
##> csa_opto                       START               42731640 (  +0.00)     3708.90 (   +0.00)          0 (       0)                    0 (  +0.00)              
##>                                  END               64097460 ( +50.00)     3708.90 (   +0.00)          0 (       0)                    0 (  +0.00)           0  
##>                                  END               64097460 ( +50.00)     3708.90 (   +0.00)          0 (       0)                    0 (  +0.00)           0  
##>canonicalize_by_names           START               64097460 (  +0.00)     3708.90 (   +0.00)          0 (       0)                    0 (  +0.00)              
##>                                  END               64097460 (  +0.00)     3708.90 (   +0.00)          0 (       0)                    0 (  +0.00)           0  
##>datapath_rewrite_post_csa_one_  START               64097460 (  +0.00)     3708.90 (   +0.00)          0 (       0)                    0 (  +0.00)              
##>                                  END               64097460 (  +0.00)     3708.90 (   +0.00)          0 (       0)                    0 (  +0.00)           0  
##>datapath_csa_factoring_one_gde  START               64097460 (  +0.00)     3708.90 (   +0.00)          0 (       0)                    0 (  +0.00)              
##>                                  END               64097460 (  +0.00)     3708.90 (   +0.00)          0 (       0)                    0 (  +0.00)           0  
##>dpopt_share_one_def             START               64097460 (  +0.00)     3708.90 (   +0.00)          0 (       0)                    0 (  +0.00)              
##>                                  END               64097460 (  +0.00)     3708.90 (   +0.00)          0 (       0)                    0 (  +0.00)           0  
##>datapath_rewrite_post_share     START               64097460 (  +0.00)     3708.90 (   +0.00)          0 (       0)                    0 (  +0.00)              
##>                                  END               64097460 (  +0.00)     3708.90 (   +0.00)          0 (       0)                    0 (  +0.00)           0  
##>dp_combine_const_mult_with_com  START               64097460 (  +0.00)     3708.90 (   +0.00)          0 (       0)                    0 (  +0.00)              
##>                                  END               64097460 (  +0.00)     3708.90 (   +0.00)          0 (       0)                    0 (  +0.00)           0  
##>dp_operator_level_decompositio  START               64097460 (  +0.00)     3708.90 (   +0.00)          0 (       0)                    0 (  +0.00)              
##>                                  END               64097460 (  +0.00)     3708.90 (   +0.00)          0 (       0)                    0 (  +0.00)           0  
##>selective_flatten_dp_config     START               64097460 (  +0.00)     3708.90 (   +0.00)          0 (       0)                    0 (  +0.00)              
##>                                  END               64097460 (  +0.00)     3708.90 (   +0.00)          0 (       0)                    0 (  +0.00)           0  
##>createMaxCarrySave              START               64097460 (  +0.00)     3708.90 (   +0.00)          0 (       0)                    0 (  +0.00)              
##> datapath_rewrite_one_def       START               64097460 (  +0.00)     3708.90 (   +0.00)          0 (       0)                    0 (  +0.00)              
##>  fast_cse_elim                 START               64097460 (  +0.00)     3708.90 (   +0.00)          0 (       0)                    0 (  +0.00)              
##>                                  END               64097460 (  +0.00)     3708.90 (   +0.00)          0 (       0)                    0 (  +0.00)           0  
##>  fast_cse_elim                 START               64097460 (  +0.00)     3708.90 (   +0.00)          0 (       0)                    0 (  +0.00)              
##>                                  END               64097460 (  +0.00)     3708.90 (   +0.00)          0 (       0)                    0 (  +0.00)           0  
##>                                  END               64097460 (  +0.00)     3708.90 (   +0.00)          0 (       0)                    0 (  +0.00)           0  
##> csa_opto                       START               64097460 (  +0.00)     3708.90 (   +0.00)          0 (       0)                    0 (  +0.00)              
##>                                  END               64097460 (  +0.00)     3708.90 (   +0.00)          0 (       0)                    0 (  +0.00)           0  
##>                                  END               64097460 (  +0.00)     3708.90 (   +0.00)          0 (       0)                    0 (  +0.00)           0  
##>context_based_simplify          START               37390185 ( -41.67)     3708.90 (   +0.00)          0 (       0)                    0 (  +0.00)              
##>                                  END               37390185 (  +0.00)     3708.90 (   +0.00)          0 (       0)                    0 (  +0.00)           0  
##>group_csa_final_adder_dp        START               37390185 (  +0.00)     3708.90 (   +0.00)          0 (       0)                    0 (  +0.00)              
##>                                  END               37390185 (  +0.00)     3708.90 (   +0.00)          0 (       0)                    0 (  +0.00)           0  
##>dpopt_flatten_critical_muxes_i  START               37390185 (  +0.00)     3708.90 (   +0.00)          0 (       0)                    0 (  +0.00)              
##>                                  END               37390185 (  +0.00)     3708.90 (   +0.00)          0 (       0)                    0 (  +0.00)           0  
##>create_score                    START               37390185 (  +0.00)     3708.90 (   +0.00)          0 (       0)                    0 (  +0.00)              
##>                                  END               37390185 (  +0.00)     3708.90 (   +0.00)          0 (       0)                    0 (  +0.00)           0  
##>+-----------------------------------------------------------------------------------------------------------------------------------------------------------------------------------------------------+
Committed config: CDN_DP_region_0_14_c7
Warning : Maximum message print count reached. [MESG-11]
        : Maximum print count of '20' reached for message 'DPOPT-4'.
          Optimizations applied to 'very_fast' configuration:
            rewriting(0), factoring(0), sharing(0), cmultcse(0), downsizing(0), speculation(0)
Info    : Optimized a mux chain. [DPOPT-10]
        : Created Flattened Mux 'F_mux_dbg_uart_addr_bytes_count_uartwishbonebridge_next_value1_5011_11' in design 'CDN_DP_region_0_5'.
	The following set of instances are flattened ( mux_dbg_uart_addr_bytes_count_uartwishbonebridge_next_value1_5011_11 mux_dbg_uart_addr_bytes_count_uartwishbonebridge_next_value1_5015_17 ).

Info    : Optimized a mux chain. [DPOPT-10]
        : Created Flattened Mux 'F_mux_dbg_uart_incr_8050_9' in design 'CDN_DP_region_0_5'.
	The following set of instances are flattened ( mux_dbg_uart_incr_8050_9 mux_dbg_uart_incr_uartwishbonebridge_next_value6_4758_11 ).

Info    : Optimized a mux chain. [DPOPT-10]
        : Created Flattened Mux 'F_mux_dbg_uart_rx_count_uartwishbonebridge_rs232phyrx_next_value0_4607_11' in design 'CDN_DP_region_0_5'.
	The following set of instances are flattened ( mux_dbg_uart_rx_count_uartwishbonebridge_rs232phyrx_next_value0_4607_11 mux_dbg_uart_rx_count_uartwishbonebridge_rs232phyrx_next_value0_4609_17 ).

Info    : Optimized a mux chain. [DPOPT-10]
        : Created Flattened Mux 'F_mux_dbg_uart_tx_count_uartwishbonebridge_rs232phytx_next_value0_4477_11' in design 'CDN_DP_region_0_5'.
	The following set of instances are flattened ( mux_dbg_uart_tx_count_uartwishbonebridge_rs232phytx_next_value0_4477_11 mux_dbg_uart_tx_count_uartwishbonebridge_rs232phytx_next_value0_4479_17 ).

Info    : Optimized a mux chain. [DPOPT-10]
        : Created Flattened Mux 'F_mux_mgmtsoc_value_7743_9' in design 'CDN_DP_region_0_5'.
	The following set of instances are flattened ( mux_mgmtsoc_value_7743_9 mux_mgmtsoc_value_7744_28 ).

Info    : Optimized a mux chain. [DPOPT-10]
        : Created Flattened Mux 'F_mux_spi_master_clk_divider1_7881_9' in design 'CDN_DP_region_0_5'.
	The following set of instances are flattened ( mux_spi_master_clk_divider1_7881_9 mux_spi_master_clk_divider1_7884_13 ).

Info    : Optimized a mux chain. [DPOPT-10]
        : Created Flattened Mux 'F_mux_spi_master_miso_latch_3975_11' in design 'CDN_DP_region_0_5'.
	The following set of instances are flattened ( mux_spi_master_miso_latch_3975_11 mux_spi_master_miso_latch_3981_17 ).

Info    : Optimized a mux chain. [DPOPT-10]
        : Created Flattened Mux 'F_mux_uart_phy_tx_count_rs232phy_rs232phytx_next_value0_4109_11' in design 'CDN_DP_region_0_5'.
	The following set of instances are flattened ( mux_uart_phy_tx_count_rs232phy_rs232phytx_next_value0_4109_11 mux_uart_phy_tx_count_rs232phy_rs232phytx_next_value0_4111_17 ).

Info    : Optimized a mux chain. [DPOPT-10]
        : Created Flattened Mux 'F_mux_dbg_uart_address_uartwishbonebridge_next_value5_5241_11' in design 'CDN_DP_region_0_5'.
	The following set of instances are flattened ( mux_dbg_uart_address_uartwishbonebridge_next_value5_5241_11 mux_dbg_uart_address_uartwishbonebridge_next_value5_5252_17 ).

Info    : Optimized a mux chain. [DPOPT-10]
        : Created Flattened Mux 'F_F_mux_dbg_uart_address_uartwishbonebridge_next_value5_5241_11' in design 'CDN_DP_region_0_5'.
	The following set of instances are flattened ( F_mux_dbg_uart_address_uartwishbonebridge_next_value5_5241_11 mux_dbg_uart_address_uartwishbonebridge_next_value5_5259_17 mux_dbg_uart_address_uartwishbonebridge_next_value5_5260_48 ).

Info    : Optimized a mux chain. [DPOPT-10]
        : Created Flattened Mux 'F_mux_dbg_uart_words_count_uartwishbonebridge_next_value2_5057_11' in design 'CDN_DP_region_0_5'.
	The following set of instances are flattened ( mux_dbg_uart_words_count_uartwishbonebridge_next_value2_5057_11 mux_dbg_uart_words_count_uartwishbonebridge_next_value2_5065_17 ).

Info    : Optimized a mux chain. [DPOPT-10]
        : Created Flattened Mux 'F_F_mux_dbg_uart_words_count_uartwishbonebridge_next_value2_5057_11' in design 'CDN_DP_region_0_5'.
	The following set of instances are flattened ( F_mux_dbg_uart_words_count_uartwishbonebridge_next_value2_5057_11 mux_dbg_uart_words_count_uartwishbonebridge_next_value2_5072_17 mux_dbg_uart_words_count_uartwishbonebridge_next_value2_5073_48 ).

Info    : Optimized a mux chain. [DPOPT-10]
        : Created Flattened Mux 'F_mux_interface10_bank_bus_dat_r_8412_9' in design 'CDN_DP_region_0_5'.
	The following set of instances are flattened ( mux_interface10_bank_bus_dat_r_8412_9 mux_interface10_bank_bus_dat_r_8413_15 ).

Info    : Optimized a mux chain. [DPOPT-10]
        : Created Flattened Mux 'F_mux_mgmtsoc_litespimmap_burst_adr_litespi_f_next_value_2918_11' in design 'CDN_DP_region_0_5'.
	The following set of instances are flattened ( mux_mgmtsoc_litespimmap_burst_adr_litespi_f_next_value_2918_11 mux_mgmtsoc_litespimmap_burst_adr_litespi_f_next_value_2952_17 mux_mgmtsoc_litespimmap_burst_adr_litespi_f_next_value_2953_53 ).

Info    : Optimized a mux chain. [DPOPT-10]
        : Created Flattened Mux 'F_F_mux_mgmtsoc_litespimmap_burst_adr_litespi_f_next_value_2918_11' in design 'CDN_DP_region_0_5'.
	The following set of instances are flattened ( F_mux_mgmtsoc_litespimmap_burst_adr_litespi_f_next_value_2918_11 mux_mgmtsoc_litespimmap_burst_adr_litespi_f_next_value_2922_53 ).

Info    : Optimized a mux chain. [DPOPT-10]
        : Created Flattened Mux 'F_F_F_mux_mgmtsoc_litespimmap_burst_adr_litespi_f_next_value_2918_11' in design 'CDN_DP_region_0_5'.
	The following set of instances are flattened ( F_F_mux_mgmtsoc_litespimmap_burst_adr_litespi_f_next_value_2918_11 mux_mgmtsoc_litespimmap_burst_adr_litespi_f_next_value_2945_17 ).

    MaxCSA: Not creating MaxCSA config for CDN_DP_region_0_5, number of outputs (1006) exceeds limit (1000)
Info    : Transformed datapath macro. [RTLOPT-40]
        : Transformed 4 datapath macros in module 'CDN_DP_region_0_5_c1' to a form more suitable for further optimization.
      Timing increment_unsigned_2283...
        Done timing increment_unsigned_2283.
      Timing decrement_unsigned_2285...
        Done timing decrement_unsigned_2285.
      Timing decrement_unsigned_2287...
        Done timing decrement_unsigned_2287.
      Timing increment_unsigned_2295...
        Done timing increment_unsigned_2295.
      Timing increment_unsigned_2307...
        Done timing increment_unsigned_2307.
      Timing csa_tree...
        Done timing csa_tree.
      Timing equal_adder...
        Done timing equal_adder.
      Timing csa_tree_2326...
        Done timing csa_tree_2326.
Info    : Accepted resource sharing opportunity. [RTLOPT-30]
        : Merged the following sets of instances in 'CDN_DP_region_0_5_c1 in mgmt_core':
	  (sub_2465_119, sub_2456_109)

Number of non-ctl's : 10
F_picorv32_mux_reg_op1_1481_9 F_picorv32_mux_reg_sh_1481_9 g9094 g9095 g9096 g9097 g9098 g9099 g9106 picorv32_mux_reg_out_1481_9 
SOP DEBUG : Module= CDN_DP_region_0_5_c1, Cluster= picorv32_ctl_cpu_state_1481_9_create, ctl= 1, Non-ctl= 10
Selected impl_type 4 (factored_form (optimized)) for sop cluster picorv32_ctl_cpu_state_1481_9_create.
Number of non-ctl's : 1
picorv32_mux_mem_wstrb_581_10 
SOP DEBUG : Module= CDN_DP_region_0_5_c1, Cluster= picorv32_ctl_mem_state_581_10_create, ctl= 1, Non-ctl= 1
Selected impl_type 0 (ctl + 1-hot mux form) for sop cluster picorv32_ctl_mem_state_581_10_create.
      Timing decrement_unsigned_1646_2601...
        Done timing decrement_unsigned_1646_2601.
      Timing decrement_unsigned_2491_2602...
        Done timing decrement_unsigned_2491_2602.
      Timing decrement_unsigned_2480_2603...
        Done timing decrement_unsigned_2480_2603.
      Timing equal_unsigned_2835_rtlopto_model_2604...
        Done timing equal_unsigned_2835_rtlopto_model_2604.
      Timing equal_unsigned_2833_rtlopto_model_2605...
        Done timing equal_unsigned_2833_rtlopto_model_2605.
      Timing equal_unsigned_2831_rtlopto_model_2606...
        Done timing equal_unsigned_2831_rtlopto_model_2606.
      Timing equal_unsigned_2829_rtlopto_model_2607...
        Done timing equal_unsigned_2829_rtlopto_model_2607.
      Timing equal_unsigned_2827_rtlopto_model_2608...
        Done timing equal_unsigned_2827_rtlopto_model_2608.
      Timing equal_unsigned_2825_rtlopto_model_2609...
        Done timing equal_unsigned_2825_rtlopto_model_2609.
      Timing increment_unsigned_2490_2611...
        Done timing increment_unsigned_2490_2611.
      Timing increment_unsigned_2488_2613...
        Done timing increment_unsigned_2488_2613.
      Timing increment_unsigned_1291_2614...
        Done timing increment_unsigned_1291_2614.
      Timing increment_unsigned_1516_2615...
        Done timing increment_unsigned_1516_2615.
      Timing increment_unsigned_1371_2616...
        Done timing increment_unsigned_1371_2616.
      Timing increment_unsigned_2487_2617...
        Done timing increment_unsigned_2487_2617.
Info    : Transformed datapath macro. [RTLOPT-40]
        : Transformed 4 datapath macros in module 'CDN_DP_region_0_5_c2' to a form more suitable for further optimization.
Info    : Accepted resource sharing opportunity. [RTLOPT-30]
        : Merged the following sets of instances in 'CDN_DP_region_0_5_c2 in mgmt_core':
	  (sub_2465_119, sub_2456_109)

Number of non-ctl's : 10
F_picorv32_mux_reg_op1_1481_9 F_picorv32_mux_reg_sh_1481_9 g9094 g9095 g9096 g9097 g9098 g9099 g9106 picorv32_mux_reg_out_1481_9 
SOP DEBUG : Module= CDN_DP_region_0_5_c2, Cluster= picorv32_ctl_cpu_state_1481_9_create, ctl= 1, Non-ctl= 10
Selected impl_type 4 (factored_form (optimized)) for sop cluster picorv32_ctl_cpu_state_1481_9_create.
Number of non-ctl's : 1
picorv32_mux_mem_wstrb_581_10 
SOP DEBUG : Module= CDN_DP_region_0_5_c2, Cluster= picorv32_ctl_mem_state_581_10_create, ctl= 1, Non-ctl= 1
Selected impl_type 0 (ctl + 1-hot mux form) for sop cluster picorv32_ctl_mem_state_581_10_create.
      Timing decrement_unsigned_1646_2943...
        Done timing decrement_unsigned_1646_2943.
      Timing decrement_unsigned_2491_2944...
        Done timing decrement_unsigned_2491_2944.
      Timing decrement_unsigned_2480_2945...
        Done timing decrement_unsigned_2480_2945.
      Timing equal_unsigned_2835_rtlopto_model_2946...
        Done timing equal_unsigned_2835_rtlopto_model_2946.
      Timing equal_unsigned_2833_rtlopto_model_2947...
        Done timing equal_unsigned_2833_rtlopto_model_2947.
      Timing equal_unsigned_2831_rtlopto_model_2948...
        Done timing equal_unsigned_2831_rtlopto_model_2948.
      Timing equal_unsigned_2829_rtlopto_model_2949...
        Done timing equal_unsigned_2829_rtlopto_model_2949.
      Timing equal_unsigned_2827_rtlopto_model_2950...
        Done timing equal_unsigned_2827_rtlopto_model_2950.
      Timing equal_unsigned_2825_rtlopto_model_2951...
        Done timing equal_unsigned_2825_rtlopto_model_2951.
      Timing increment_unsigned_2490_2953...
        Done timing increment_unsigned_2490_2953.
      Timing increment_unsigned_2488_2955...
        Done timing increment_unsigned_2488_2955.
      Timing increment_unsigned_1291_2956...
        Done timing increment_unsigned_1291_2956.
      Timing increment_unsigned_1516_2957...
        Done timing increment_unsigned_1516_2957.
      Timing increment_unsigned_1371_2958...
        Done timing increment_unsigned_1371_2958.
      Timing increment_unsigned_2487_2959...
        Done timing increment_unsigned_2487_2959.
Info    : Transformed datapath macro. [RTLOPT-40]
        : Transformed 4 datapath macros in module 'CDN_DP_region_0_5_c3' to a form more suitable for further optimization.
Info    : Accepted resource sharing opportunity. [RTLOPT-30]
        : Merged the following sets of instances in 'CDN_DP_region_0_5_c3 in mgmt_core':
	  (sub_2465_119, sub_2456_109)

Number of non-ctl's : 10
F_picorv32_mux_reg_op1_1481_9 F_picorv32_mux_reg_sh_1481_9 g9094 g9095 g9096 g9097 g9098 g9099 g9106 picorv32_mux_reg_out_1481_9 
SOP DEBUG : Module= CDN_DP_region_0_5_c3, Cluster= picorv32_ctl_cpu_state_1481_9_create, ctl= 1, Non-ctl= 10
Selected impl_type 4 (factored_form (optimized)) for sop cluster picorv32_ctl_cpu_state_1481_9_create.
Number of non-ctl's : 1
picorv32_mux_mem_wstrb_581_10 
SOP DEBUG : Module= CDN_DP_region_0_5_c3, Cluster= picorv32_ctl_mem_state_581_10_create, ctl= 1, Non-ctl= 1
Selected impl_type 0 (ctl + 1-hot mux form) for sop cluster picorv32_ctl_mem_state_581_10_create.
      Timing decrement_unsigned_1646_3293...
        Done timing decrement_unsigned_1646_3293.
      Timing decrement_unsigned_2491_3294...
        Done timing decrement_unsigned_2491_3294.
      Timing decrement_unsigned_2480_3295...
        Done timing decrement_unsigned_2480_3295.
      Timing equal_unsigned_2835_rtlopto_model_3296...
        Done timing equal_unsigned_2835_rtlopto_model_3296.
      Timing equal_unsigned_2833_rtlopto_model_3297...
        Done timing equal_unsigned_2833_rtlopto_model_3297.
      Timing equal_unsigned_2831_rtlopto_model_3298...
        Done timing equal_unsigned_2831_rtlopto_model_3298.
      Timing equal_unsigned_2829_rtlopto_model_3299...
        Done timing equal_unsigned_2829_rtlopto_model_3299.
      Timing equal_unsigned_2827_rtlopto_model_3300...
        Done timing equal_unsigned_2827_rtlopto_model_3300.
      Timing equal_unsigned_2825_rtlopto_model_3301...
        Done timing equal_unsigned_2825_rtlopto_model_3301.
      Timing increment_unsigned_2490_3303...
        Done timing increment_unsigned_2490_3303.
      Timing increment_unsigned_2488_3305...
        Done timing increment_unsigned_2488_3305.
      Timing increment_unsigned_1291_3306...
        Done timing increment_unsigned_1291_3306.
      Timing increment_unsigned_1516_3307...
        Done timing increment_unsigned_1516_3307.
      Timing increment_unsigned_1371_3308...
        Done timing increment_unsigned_1371_3308.
      Timing increment_unsigned_2487_3309...
        Done timing increment_unsigned_2487_3309.
Info    : Transformed datapath macro. [RTLOPT-40]
        : Transformed 4 datapath macros in module 'CDN_DP_region_0_5_c4' to a form more suitable for further optimization.
Info    : Accepted resource sharing opportunity. [RTLOPT-30]
        : Merged the following sets of instances in 'CDN_DP_region_0_5_c4 in mgmt_core':
	  (sub_2465_119, sub_2456_109)

Number of non-ctl's : 10
F_picorv32_mux_reg_op1_1481_9 F_picorv32_mux_reg_sh_1481_9 g9094 g9095 g9096 g9097 g9098 g9099 g9106 picorv32_mux_reg_out_1481_9 
SOP DEBUG : Module= CDN_DP_region_0_5_c4, Cluster= picorv32_ctl_cpu_state_1481_9_create, ctl= 1, Non-ctl= 10
Selected impl_type 4 (factored_form (optimized)) for sop cluster picorv32_ctl_cpu_state_1481_9_create.
Number of non-ctl's : 1
picorv32_mux_mem_wstrb_581_10 
SOP DEBUG : Module= CDN_DP_region_0_5_c4, Cluster= picorv32_ctl_mem_state_581_10_create, ctl= 1, Non-ctl= 1
Selected impl_type 0 (ctl + 1-hot mux form) for sop cluster picorv32_ctl_mem_state_581_10_create.
      Timing decrement_unsigned_1646_3643...
        Done timing decrement_unsigned_1646_3643.
      Timing decrement_unsigned_2491_3644...
        Done timing decrement_unsigned_2491_3644.
      Timing decrement_unsigned_2480_3645...
        Done timing decrement_unsigned_2480_3645.
      Timing equal_unsigned_2835_rtlopto_model_3646...
        Done timing equal_unsigned_2835_rtlopto_model_3646.
      Timing equal_unsigned_2833_rtlopto_model_3647...
        Done timing equal_unsigned_2833_rtlopto_model_3647.
      Timing equal_unsigned_2831_rtlopto_model_3648...
        Done timing equal_unsigned_2831_rtlopto_model_3648.
      Timing equal_unsigned_2829_rtlopto_model_3649...
        Done timing equal_unsigned_2829_rtlopto_model_3649.
      Timing equal_unsigned_2827_rtlopto_model_3650...
        Done timing equal_unsigned_2827_rtlopto_model_3650.
      Timing equal_unsigned_2825_rtlopto_model_3651...
        Done timing equal_unsigned_2825_rtlopto_model_3651.
      Timing increment_unsigned_2490_3653...
        Done timing increment_unsigned_2490_3653.
      Timing increment_unsigned_2488_3655...
        Done timing increment_unsigned_2488_3655.
      Timing increment_unsigned_1291_3656...
        Done timing increment_unsigned_1291_3656.
      Timing increment_unsigned_1516_3657...
        Done timing increment_unsigned_1516_3657.
      Timing increment_unsigned_1371_3658...
        Done timing increment_unsigned_1371_3658.
      Timing increment_unsigned_2487_3659...
        Done timing increment_unsigned_2487_3659.
Info    : Transformed datapath macro. [RTLOPT-40]
        : Transformed 4 datapath macros in module 'CDN_DP_region_0_5_c5' to a form more suitable for further optimization.
Info    : Accepted resource sharing opportunity. [RTLOPT-30]
        : Merged the following sets of instances in 'CDN_DP_region_0_5_c5 in mgmt_core':
	  (sub_2465_119, sub_2456_109)

Number of non-ctl's : 10
F_picorv32_mux_reg_op1_1481_9 F_picorv32_mux_reg_sh_1481_9 g9094 g9095 g9096 g9097 g9098 g9099 g9106 picorv32_mux_reg_out_1481_9 
SOP DEBUG : Module= CDN_DP_region_0_5_c5, Cluster= picorv32_ctl_cpu_state_1481_9_create, ctl= 1, Non-ctl= 10
Selected impl_type 4 (factored_form (optimized)) for sop cluster picorv32_ctl_cpu_state_1481_9_create.
Number of non-ctl's : 1
picorv32_mux_mem_wstrb_581_10 
SOP DEBUG : Module= CDN_DP_region_0_5_c5, Cluster= picorv32_ctl_mem_state_581_10_create, ctl= 1, Non-ctl= 1
Selected impl_type 0 (ctl + 1-hot mux form) for sop cluster picorv32_ctl_mem_state_581_10_create.
      Timing decrement_unsigned_1646_3993...
        Done timing decrement_unsigned_1646_3993.
      Timing decrement_unsigned_2491_3994...
        Done timing decrement_unsigned_2491_3994.
      Timing decrement_unsigned_2480_3995...
        Done timing decrement_unsigned_2480_3995.
      Timing equal_unsigned_2835_rtlopto_model_3996...
        Done timing equal_unsigned_2835_rtlopto_model_3996.
      Timing equal_unsigned_2833_rtlopto_model_3997...
        Done timing equal_unsigned_2833_rtlopto_model_3997.
      Timing equal_unsigned_2831_rtlopto_model_3998...
        Done timing equal_unsigned_2831_rtlopto_model_3998.
      Timing equal_unsigned_2829_rtlopto_model_3999...
        Done timing equal_unsigned_2829_rtlopto_model_3999.
      Timing equal_unsigned_2827_rtlopto_model_4000...
        Done timing equal_unsigned_2827_rtlopto_model_4000.
      Timing equal_unsigned_2825_rtlopto_model_4001...
        Done timing equal_unsigned_2825_rtlopto_model_4001.
      Timing increment_unsigned_2490_4003...
        Done timing increment_unsigned_2490_4003.
      Timing increment_unsigned_2488_4005...
        Done timing increment_unsigned_2488_4005.
      Timing increment_unsigned_1291_4006...
        Done timing increment_unsigned_1291_4006.
      Timing increment_unsigned_1516_4007...
        Done timing increment_unsigned_1516_4007.
      Timing increment_unsigned_1371_4008...
        Done timing increment_unsigned_1371_4008.
      Timing increment_unsigned_2487_4009...
        Done timing increment_unsigned_2487_4009.
Info    : Transformed datapath macro. [RTLOPT-40]
        : Transformed 4 datapath macros in module 'CDN_DP_region_0_5_c6' to a form more suitable for further optimization.
Info    : Accepted resource sharing opportunity. [RTLOPT-30]
        : Merged the following sets of instances in 'CDN_DP_region_0_5_c6 in mgmt_core':
	  (sub_2456_109, sub_2465_119)

Number of non-ctl's : 10
F_picorv32_mux_reg_op1_1481_9 F_picorv32_mux_reg_sh_1481_9 g9094 g9095 g9096 g9097 g9098 g9099 g9106 picorv32_mux_reg_out_1481_9 
SOP DEBUG : Module= CDN_DP_region_0_5_c6, Cluster= picorv32_ctl_cpu_state_1481_9_create, ctl= 1, Non-ctl= 10
Selected impl_type 4 (factored_form (optimized)) for sop cluster picorv32_ctl_cpu_state_1481_9_create.
Number of non-ctl's : 1
picorv32_mux_mem_wstrb_581_10 
SOP DEBUG : Module= CDN_DP_region_0_5_c6, Cluster= picorv32_ctl_mem_state_581_10_create, ctl= 1, Non-ctl= 1
Selected impl_type 0 (ctl + 1-hot mux form) for sop cluster picorv32_ctl_mem_state_581_10_create.
      Timing decrement_unsigned_1646_4353...
        Done timing decrement_unsigned_1646_4353.
      Timing decrement_unsigned_2491_4354...
        Done timing decrement_unsigned_2491_4354.
      Timing decrement_unsigned_2480_4355...
        Done timing decrement_unsigned_2480_4355.
      Timing equal_unsigned_2835_rtlopto_model_4356...
        Done timing equal_unsigned_2835_rtlopto_model_4356.
      Timing equal_unsigned_2833_rtlopto_model_4357...
        Done timing equal_unsigned_2833_rtlopto_model_4357.
      Timing equal_unsigned_2831_rtlopto_model_4358...
        Done timing equal_unsigned_2831_rtlopto_model_4358.
      Timing equal_unsigned_2829_rtlopto_model_4359...
        Done timing equal_unsigned_2829_rtlopto_model_4359.
      Timing equal_unsigned_2827_rtlopto_model_4360...
        Done timing equal_unsigned_2827_rtlopto_model_4360.
      Timing equal_unsigned_2825_rtlopto_model_4361...
        Done timing equal_unsigned_2825_rtlopto_model_4361.
      Timing increment_unsigned_2490_4363...
        Done timing increment_unsigned_2490_4363.
      Timing increment_unsigned_2488_4365...
        Done timing increment_unsigned_2488_4365.
      Timing increment_unsigned_1291_4366...
        Done timing increment_unsigned_1291_4366.
      Timing increment_unsigned_1516_4367...
        Done timing increment_unsigned_1516_4367.
      Timing increment_unsigned_1371_4368...
        Done timing increment_unsigned_1371_4368.
      Timing increment_unsigned_2487_4369...
        Done timing increment_unsigned_2487_4369.
CDN_DP_region_0_5 level = 2 loads = 3 drivers = 2 is driven by : CDN_DP_region_0_6 CDN_DP_region_0_3 
CDN_DP_region_0_5_c0 in mgmt_core: area: 109766900250 ,dp = 101 mux = 343 sg = slow         worst_clk_period: -1.0000 
    wns: 0  norm_wns:  -1.0000 
    fail_endp: -1 
    tns:  0  tns_per_endp:  -1.0000   norm_tns_per_endp:  -1.0000 
    tns_sense_max:  -1.0000  tns_sense_avg:  -1.0000   tns_sense_num: -1
 skipped
CDN_DP_region_0_5_c1 in mgmt_core: area: 99393794640 ,dp = 39 mux = 365 sg = fast         worst_clk_period: -1.0000 
    wns: 0  norm_wns:  -1.0000 
    fail_endp: -1 
    tns:  0  tns_per_endp:  -1.0000   norm_tns_per_endp:  -1.0000 
    tns_sense_max:  -1.0000  tns_sense_avg:  -1.0000   tns_sense_num: -1
 is current best
CDN_DP_region_0_5_c2 in mgmt_core: area: 99393794640 ,dp = 39 mux = 365 sg = very_slow    worst_clk_period: -1.0000 
    wns: 0  norm_wns:  -1.0000 
    fail_endp: -1 
    tns:  0  tns_per_endp:  -1.0000   norm_tns_per_endp:  -1.0000 
    tns_sense_max:  -1.0000  tns_sense_avg:  -1.0000   tns_sense_num: -1
 is current best
CDN_DP_region_0_5_c3 in mgmt_core: area: 99393794640 ,dp = 39 mux = 365 sg = very_fast    worst_clk_period: -1.0000 
    wns: 0  norm_wns:  -1.0000 
    fail_endp: -1 
    tns:  0  tns_per_endp:  -1.0000   norm_tns_per_endp:  -1.0000 
    tns_sense_max:  -1.0000  tns_sense_avg:  -1.0000   tns_sense_num: -1
 is current best
CDN_DP_region_0_5_c4 in mgmt_core: area: 99393794640 ,dp = 39 mux = 365 sg = very_fast    worst_clk_period: -1.0000 
    wns: 0  norm_wns:  -1.0000 
    fail_endp: -1 
    tns:  0  tns_per_endp:  -1.0000   norm_tns_per_endp:  -1.0000 
    tns_sense_max:  -1.0000  tns_sense_avg:  -1.0000   tns_sense_num: -1
 is current best
CDN_DP_region_0_5_c5 in mgmt_core: area: 99393794640 ,dp = 39 mux = 365 sg = very_fast    worst_clk_period: -1.0000 
    wns: 0  norm_wns:  -1.0000 
    fail_endp: -1 
    tns:  0  tns_per_endp:  -1.0000   norm_tns_per_endp:  -1.0000 
    tns_sense_max:  -1.0000  tns_sense_avg:  -1.0000   tns_sense_num: -1
 is current best
CDN_DP_region_0_5_c6 in mgmt_core: area: 100034769240 ,dp = 39 mux = 368 sg = very_fast    worst_clk_period: -1.0000 
    wns: 0  norm_wns:  -1.0000 
    fail_endp: -1 
    tns:  0  tns_per_endp:  -1.0000   norm_tns_per_endp:  -1.0000 
    tns_sense_max:  -1.0000  tns_sense_avg:  -1.0000   tns_sense_num: -1

Best config: CDN_DP_region_0_5_c5 in mgmt_core: area: 99393794640 ,dp = 39 mux = 365 sg = very_fast    worst_clk_period: -1.0000 
    wns: 0  norm_wns:  -1.0000 
    fail_endp: -1 
    tns:  0  tns_per_endp:  -1.0000   norm_tns_per_endp:  -1.0000 
    tns_sense_max:  -1.0000  tns_sense_avg:  -1.0000   tns_sense_num: -1
  Smallest config area : 99393794640.  Fastest config wns;  0
##>+----------------------------------------------------------------------------------------------------------------------------------------------------------------+
##>Summary table of configs (Best config is CDN_DP_region_0_5_c5)
##>+----------------------------------------------------------------------------------------------------------------------------------------------------------------+
##>                     0                  1                  2                  3                  4                  5                  6            
##>+----------------------------------------------------------------------------------------------------------------------------------------------------------------+
##>           Area     109766900250        99393794640        99393794640        99393794640        99393794640        99393794640       100034769240  
##>            WNS         +3049.90           +3056.90           +3056.90           +3056.90           +3056.90           +3056.90           +3056.90  
##>            TNS                0                  0                  0                  0                  0                  0                  0  
##>    Num Rewrite                0                  4                  4                  4                  4                  4                  4  
##>     Num Factor                0                  0                  0                  0                  0                  0                  0  
##>      Num Share                0                  1                  1                  1                  1                  1                  1  
##>   Num CmultCse                0                  0                  0                  0                  0                  0                  0  
##>   Num Downsize                0                  0                  0                  0                  0                  0                  0  
##>  Num Speculate                0                  0                  0                  0                  0                  0                  0  
##>     Runtime(s)                0                  1                  1                  1                  1                  1                  1  
+----------------------------------------------------------------------------------------------------------------------------------------------------------------+
##>
##>
##>+-----------------------------------------------------------------------------------------------------------------------------------------------------------------------------------------------------+
##>Optimization Step DEBUG Table for config CDN_DP_region_0_5_c5
##>
##>                          Step                        Area   (  % Chg)         WNS (Change)          TNS (Change)                Power   (  % Chg)        Runtime (s)        Comment                   
##>+-----------------------------------------------------------------------------------------------------------------------------------------------------------------------------------------------------+
##>createMaxCarrySave              START           109766900250 (       )     3049.90 (        )          0 (        )                    0 (       )              
##> datapath_rewrite_one_def       START           109766900250 (  +0.00)     3049.90 (   +0.00)          0 (       0)                    0 (  +0.00)              
##>  fast_cse_elim                 START           109766900250 (  +0.00)     3049.90 (   +0.00)          0 (       0)                    0 (  +0.00)              
##>                                  END           108816121260 (  -0.87)     3049.90 (   +0.00)          0 (       0)                    0 (  +0.00)           0  
##>  fast_cse_elim                 START           108816121260 (  +0.00)     3049.90 (   +0.00)          0 (       0)                    0 (  +0.00)              
##>                                  END           108816121260 (  +0.00)     3049.90 (   +0.00)          0 (       0)                    0 (  +0.00)           0  
##>  rewrite                       START           108816121260 (  +0.00)     3049.90 (   +0.00)          0 (       0)                    0 (  +0.00)              (na,csaa) and_en --> en_mux   
##>                                  END           109163315835 (  +0.32)     3037.60 (  -12.30)          0 (       0)                    0 (  +0.00)           0  
##>  rewrite                       START           108816121260 (  -0.32)     3049.90 (  +12.30)          0 (       0)                    0 (  +0.00)              (na,csaa) and_en_v2 --> en_mux
##>                                  END           108864194355 (  +0.04)     3049.90 (   +0.00)          0 (       0)                    0 (  +0.00)           0  
##>  rewrite                       START           108816121260 (  -0.04)     3049.90 (   +0.00)          0 (       0)                    0 (  +0.00)              (a,csaa) dissolve_1bit_const_2x1mux_from --> dissolve_1bit_const_2x1mux_to
##>                                  END           108800096895 (  -0.01)     3049.90 (   +0.00)          0 (       0)                    0 (  +0.00)           0  
##>  rewrite                       START           108800096895 (  +0.00)     3049.90 (   +0.00)          0 (       0)                    0 (  +0.00)              (a,csaa) dissolve_1bit_const_2x1mux_from --> dissolve_1bit_const_2x1mux_to
##>                                  END           108784072530 (  -0.01)     3049.90 (   +0.00)          0 (       0)                    0 (  +0.00)           0  
##>  rewrite                       START           108784072530 (  +0.00)     3049.90 (   +0.00)          0 (       0)                    0 (  +0.00)              (a,csaa) dissolve_1bit_const_2x1mux_from --> dissolve_1bit_const_2x1mux_to
##>                                  END           108768048165 (  -0.01)     3049.90 (   +0.00)          0 (       0)                    0 (  +0.00)           0  
##>  rewrite                       START           108768048165 (  +0.00)     3049.90 (   +0.00)          0 (       0)                    0 (  +0.00)              (a,csaa) dissolve_1bit_const_2x1mux_from --> dissolve_1bit_const_2x1mux_to
##>                                  END           108752023800 (  -0.01)     3049.90 (   +0.00)          0 (       0)                    0 (  +0.00)           0  
##>  fast_cse_elim                 START           108752023800 (  +0.00)     3049.90 (   +0.00)          0 (       0)                    0 (  +0.00)              
##>                                  END           108730657980 (  -0.02)     3049.90 (   +0.00)          0 (       0)                    0 (  +0.00)           0  
##>                                  END           108730657980 (  -0.94)     3049.90 (   +0.00)          0 (       0)                    0 (  +0.00)           0  
##> speculate_in_gdef              START           108730657980 (  +0.00)     3049.90 (   +0.00)          0 (       0)                    0 (  +0.00)              
##>  pre_speculate_mux_merge       START           108730657980 (  +0.00)     3049.90 (   +0.00)          0 (       0)                    0 (  +0.00)              
##>                                  END           108730657980 (  +0.00)     3049.90 (   +0.00)          0 (       0)                    0 (  +0.00)           0  
##>                                  END           108730657980 (  +0.00)     3049.90 (   +0.00)          0 (       0)                    0 (  +0.00)           0  
##> csa_opto                       START           108730657980 (  +0.00)     3049.90 (   +0.00)          0 (       0)                    0 (  +0.00)              
##>                                  END           109072511100 (  +0.31)     3049.90 (   +0.00)          0 (       0)                    0 (  +0.00)           0  
##>                                  END           109072511100 (  -0.63)     3049.90 (   +0.00)          0 (       0)                    0 (  +0.00)           0  
##>canonicalize_by_names           START           109072511100 (  +0.00)     3049.90 (   +0.00)          0 (       0)                    0 (  +0.00)              
##>                                  END           109072511100 (  +0.00)     3049.90 (   +0.00)          0 (       0)                    0 (  +0.00)           0  
##>datapath_rewrite_post_csa_one_  START           109072511100 (  +0.00)     3049.90 (   +0.00)          0 (       0)                    0 (  +0.00)              
##>                                  END           109072511100 (  +0.00)     3049.90 (   +0.00)          0 (       0)                    0 (  +0.00)           0  
##>datapath_csa_factoring_one_gde  START           109072511100 (  +0.00)     3049.90 (   +0.00)          0 (       0)                    0 (  +0.00)              
##>                                  END           109072511100 (  +0.00)     3049.90 (   +0.00)          0 (       0)                    0 (  +0.00)           0  
##>dpopt_share_one_def             START           109072511100 (  +0.00)     3049.90 (   +0.00)          0 (       0)                    0 (  +0.00)              
##>                                  END           108800096895 (  -0.25)     3049.90 (   +0.00)          0 (       0)                    0 (  +0.00)           0  
##>datapath_rewrite_post_share     START           108800096895 (  +0.00)     3049.90 (   +0.00)          0 (       0)                    0 (  +0.00)              
##>                                  END           108800096895 (  +0.00)     3049.90 (   +0.00)          0 (       0)                    0 (  +0.00)           0  
##>dp_combine_const_mult_with_com  START           108800096895 (  +0.00)     3049.90 (   +0.00)          0 (       0)                    0 (  +0.00)              
##>                                  END           108800096895 (  +0.00)     3049.90 (   +0.00)          0 (       0)                    0 (  +0.00)           0  
##>speculate_in_gdef               START           108800096895 (  +0.00)     3049.90 (   +0.00)          0 (       0)                    0 (  +0.00)              
##> pre_speculate_mux_merge        START           108800096895 (  +0.00)     3049.90 (   +0.00)          0 (       0)                    0 (  +0.00)              
##>                                  END           108800096895 (  +0.00)     3049.90 (   +0.00)          0 (       0)                    0 (  +0.00)           0  
##>                                  END           108800096895 (  +0.00)     3049.90 (   +0.00)          0 (       0)                    0 (  +0.00)           0  
##>dp_operator_level_decompositio  START           108800096895 (  +0.00)     3049.90 (   +0.00)          0 (       0)                    0 (  +0.00)              
##>                                  END           108800096895 (  +0.00)     3049.90 (   +0.00)          0 (       0)                    0 (  +0.00)           0  
##>selective_flatten_dp_config     START           108800096895 (  +0.00)     3049.90 (   +0.00)          0 (       0)                    0 (  +0.00)              
##>                                  END           103015301130 (  -5.32)     3056.90 (   +7.00)          0 (       0)                    0 (  +0.00)           0  
##>createMaxCarrySave              START           103015301130 (  +0.00)     3056.90 (   +0.00)          0 (       0)                    0 (  +0.00)              
##> datapath_rewrite_one_def       START           103015301130 (  +0.00)     3056.90 (   +0.00)          0 (       0)                    0 (  +0.00)              
##>  fast_cse_elim                 START           103015301130 (  +0.00)     3056.90 (   +0.00)          0 (       0)                    0 (  +0.00)              
##>                                  END           103015301130 (  +0.00)     3056.90 (   +0.00)          0 (       0)                    0 (  +0.00)           0  
##>  fast_cse_elim                 START           103015301130 (  +0.00)     3056.90 (   +0.00)          0 (       0)                    0 (  +0.00)              
##>                                  END           103015301130 (  +0.00)     3056.90 (   +0.00)          0 (       0)                    0 (  +0.00)           0  
##>                                  END           103015301130 (  +0.00)     3056.90 (   +0.00)          0 (       0)                    0 (  +0.00)           0  
##> speculate_in_gdef              START           103015301130 (  +0.00)     3056.90 (   +0.00)          0 (       0)                    0 (  +0.00)              
##>  pre_speculate_mux_merge       START           103015301130 (  +0.00)     3056.90 (   +0.00)          0 (       0)                    0 (  +0.00)              
##>                                  END           103015301130 (  +0.00)     3056.90 (   +0.00)          0 (       0)                    0 (  +0.00)           0  
##>                                  END           103015301130 (  +0.00)     3056.90 (   +0.00)          0 (       0)                    0 (  +0.00)           0  
##> csa_opto                       START           103015301130 (  +0.00)     3056.90 (   +0.00)          0 (       0)                    0 (  +0.00)              
##>                                  END           103015301130 (  +0.00)     3056.90 (   +0.00)          0 (       0)                    0 (  +0.00)           0  
##>                                  END           103015301130 (  +0.00)     3056.90 (   +0.00)          0 (       0)                    0 (  +0.00)           0  
##>datapath_rewrite_post_csa_one_  START           103015301130 (  +0.00)     3056.90 (   +0.00)          0 (       0)                    0 (  +0.00)              
##>                                  END           103015301130 (  +0.00)     3056.90 (   +0.00)          0 (       0)                    0 (  +0.00)           0  
##>datapath_csa_factoring_one_gde  START           103015301130 (  +0.00)     3056.90 (   +0.00)          0 (       0)                    0 (  +0.00)              
##>                                  END           103015301130 (  +0.00)     3056.90 (   +0.00)          0 (       0)                    0 (  +0.00)           0  
##>dpopt_share_one_def             START           103015301130 (  +0.00)     3056.90 (   +0.00)          0 (       0)                    0 (  +0.00)              
##>                                  END           103015301130 (  +0.00)     3056.90 (   +0.00)          0 (       0)                    0 (  +0.00)           0  
##>datapath_rewrite_post_share     START           103015301130 (  +0.00)     3056.90 (   +0.00)          0 (       0)                    0 (  +0.00)              
##>                                  END           103015301130 (  +0.00)     3056.90 (   +0.00)          0 (       0)                    0 (  +0.00)           0  
##>dp_combine_const_mult_with_com  START           103015301130 (  +0.00)     3056.90 (   +0.00)          0 (       0)                    0 (  +0.00)              
##>                                  END           103015301130 (  +0.00)     3056.90 (   +0.00)          0 (       0)                    0 (  +0.00)           0  
##>speculate_in_gdef               START           103015301130 (  +0.00)     3056.90 (   +0.00)          0 (       0)                    0 (  +0.00)              
##> pre_speculate_mux_merge        START           103015301130 (  +0.00)     3056.90 (   +0.00)          0 (       0)                    0 (  +0.00)              
##>                                  END           103015301130 (  +0.00)     3056.90 (   +0.00)          0 (       0)                    0 (  +0.00)           0  
##>                                  END           103015301130 (  +0.00)     3056.90 (   +0.00)          0 (       0)                    0 (  +0.00)           0  
##>dp_operator_level_decompositio  START           103015301130 (  +0.00)     3056.90 (   +0.00)          0 (       0)                    0 (  +0.00)              
##>                                  END           103015301130 (  +0.00)     3056.90 (   +0.00)          0 (       0)                    0 (  +0.00)           0  
##>selective_flatten_dp_config     START           103015301130 (  +0.00)     3056.90 (   +0.00)          0 (       0)                    0 (  +0.00)              
##>                                  END           103015301130 (  +0.00)     3056.90 (   +0.00)          0 (       0)                    0 (  +0.00)           0  
##>createMaxCarrySave              START           103015301130 (  +0.00)     3056.90 (   +0.00)          0 (       0)                    0 (  +0.00)              
##> datapath_rewrite_one_def       START           103015301130 (  +0.00)     3056.90 (   +0.00)          0 (       0)                    0 (  +0.00)              
##>  fast_cse_elim                 START           103015301130 (  +0.00)     3056.90 (   +0.00)          0 (       0)                    0 (  +0.00)              
##>                                  END           103015301130 (  +0.00)     3056.90 (   +0.00)          0 (       0)                    0 (  +0.00)           0  
##>  fast_cse_elim                 START           103015301130 (  +0.00)     3056.90 (   +0.00)          0 (       0)                    0 (  +0.00)              
##>                                  END           103015301130 (  +0.00)     3056.90 (   +0.00)          0 (       0)                    0 (  +0.00)           0  
##>                                  END           103015301130 (  +0.00)     3056.90 (   +0.00)          0 (       0)                    0 (  +0.00)           0  
##> speculate_in_gdef              START           103015301130 (  +0.00)     3056.90 (   +0.00)          0 (       0)                    0 (  +0.00)              
##>  pre_speculate_mux_merge       START           103015301130 (  +0.00)     3056.90 (   +0.00)          0 (       0)                    0 (  +0.00)              
##>                                  END           103015301130 (  +0.00)     3056.90 (   +0.00)          0 (       0)                    0 (  +0.00)           0  
##>                                  END           103015301130 (  +0.00)     3056.90 (   +0.00)          0 (       0)                    0 (  +0.00)           0  
##> csa_opto                       START           103015301130 (  +0.00)     3056.90 (   +0.00)          0 (       0)                    0 (  +0.00)              
##>                                  END           103015301130 (  +0.00)     3056.90 (   +0.00)          0 (       0)                    0 (  +0.00)           0  
##>                                  END           103015301130 (  +0.00)     3056.90 (   +0.00)          0 (       0)                    0 (  +0.00)           0  
##>context_based_simplify          START           102085887960 (  -0.90)     3056.90 (   +0.00)          0 (       0)                    0 (  +0.00)              
##>                                  END           100942816590 (  -1.12)     3056.90 (   +0.00)          0 (       0)                    0 (  +0.00)           0  
##>group_csa_final_adder_dp        START           100942816590 (  +0.00)     3056.90 (   +0.00)          0 (       0)                    0 (  +0.00)              
##>                                  END           100942816590 (  +0.00)     3056.90 (   +0.00)          0 (       0)                    0 (  +0.00)           0  
##>dpopt_flatten_critical_muxes_i  START           100942816590 (  +0.00)     3056.90 (   +0.00)          0 (       0)                    0 (  +0.00)              
##>                                  END            99639501570 (  -1.29)     3056.90 (   +0.00)          0 (       0)                    0 (  +0.00)           0  
##>speculate_in_gdef               START            99639501570 (  +0.00)     3056.90 (   +0.00)          0 (       0)                    0 (  +0.00)              
##> pre_speculate_mux_merge        START            99639501570 (  +0.00)     3056.90 (   +0.00)          0 (       0)                    0 (  +0.00)              
##>                                  END            99639501570 (  +0.00)     3056.90 (   +0.00)          0 (       0)                    0 (  +0.00)           0  
##>                                  END            99639501570 (  +0.00)     3056.90 (   +0.00)          0 (       0)                    0 (  +0.00)           0  
##>create_score                    START            99393794640 (  -0.25)     3056.90 (   +0.00)          0 (       0)                    0 (  +0.00)              
##>                                  END            99393794640 (  +0.00)     3056.90 (   +0.00)          0 (       0)                    0 (  +0.00)           0  
##>+-----------------------------------------------------------------------------------------------------------------------------------------------------------------------------------------------------+
Committed config: CDN_DP_region_0_5_c5
          Optimizations applied to 'very_fast' configuration:
            rewriting(4), factoring(0), sharing(1), cmultcse(0), downsizing(0), speculation(0)
Info:  Ungrouped 0 dp-cluster instances.  0 cluster instances were left intact, to aid verification.
              Preparing netlist for verification ...
              Done preparing netlist for verification.
Info    : Done optimizing datapath logic. [DPOPT-2]
        : Done optimizing datapath logic in 'mgmt_core_wrapper'.
      Removing temporary intermediate hierarchies under mgmt_core_wrapper
Number of big hc bmuxes after = 0
Starting bit-level redundancy removal [v1.0] (stage: post_rtlopt, startdef: mgmt_core_wrapper, recur: true)
Completed bit-level redundancy removal (accepts: 0, rejects: 0, runtime: 0.508s)
Starting logic reduction [v1.0] (stage: post_rtlopt, startdef: mgmt_core_wrapper, recur: true)
Completed logic reduction (accepts: 0, rejects: 0, runtime: 0.001s)
Starting mux data reorder optimization [v1.0] (stage: post_rtlopt, startdef: mgmt_core_wrapper, recur: true)
Completed mux data reorder optimization (accepts: 0, rejects: 0, runtime: 0.001s)

Stage: post_rtlopt
-----------------------------------------------------------------
| Transform                  | Accepts | Rejects | Runtime (ms) | 
-----------------------------------------------------------------
| hlo_redundancy_removal_bit |       0 |       0 |       508.00 | 
| hlo_logic_reduction        |       0 |       0 |         1.00 | 
| hlo_mux_reorder            |       0 |       0 |         1.00 | 
-----------------------------------------------------------------
Info    : Deleting sequential instances not driving any primary outputs. [GLO-32]
        : Deleting 2 sequential instances. 
Following instances are deleted as they do not drive any primary output:
'core/dbg_uart_address_reg[30]', 'core/dbg_uart_address_reg[31]'.
Info    : Deleting instances not driving any primary outputs. [GLO-34]
        : Deleting 4 hierarchical instances. 
Following instances are deleted as they do not drive any primary output:
'core/g12729', 'core/g12731', 'core/g12733', 'core/g12735'.
              Optimizing muxes in design 'mgmt_core'.
              Post blast muxes in design 'mgmt_core'.
Running post blast mux optimization. Please follow up with Cadence support if runtime issues are seen with this optimization.
Starting mux speculation [v1.0] (stage: post_muxopt, startdef: mgmt_core_wrapper, recur: true)
Starting speculation optimization
Completed speculation optimization (accepts:0)
Completed mux speculation (accepts: 0, rejects: 0, runtime: 0.345s)

Stage: post_muxopt
------------------------------------------------------
| Transform       | Accepts | Rejects | Runtime (ms) | 
------------------------------------------------------
| hlo_speculation |       0 |       0 |       345.00 | 
------------------------------------------------------
==================================
Stage : to_generic 
==================================
  =================
   Message Summary
  =================
-----------------------------------------------------------------------------------------------------------------------------------------------------------------------------------------
|    Id     |  Sev  |Count|                                                                        Message Text                                                                         |
-----------------------------------------------------------------------------------------------------------------------------------------------------------------------------------------
|CDFG-250   |Info   |    3|Processing multi-dimensional arrays.                                                                                                                         |
|CDFG-372   |Info   |  422|Bitwidth mismatch in assignment.                                                                                                                             |
|           |       |     |Review and make sure the mismatch is intentional. Genus can possibly issue bitwidth mismatch warning for explicit assignments present in RTL as-well-as for  |
|           |       |     | implicit assignments inferred by the tool. For example, in case of enum declaration without value, the tool will implicitly assign value to the enum        |
|           |       |     | variables. It also issues the warning for any bitwidth mismatch that appears in this implicit assignment.                                                   |
|CDFG-373   |Info   |    8|Sign mismatch in assignment.                                                                                                                                 |
|CDFG-464   |Warning|    1|Connected signal is wider than module port.                                                                                                                  |
|           |       |     |This may cause simulation mismatches between the original and synthesized designs.                                                                           |
|CDFG-465   |Warning|    1|Module port is wider than connected signal.                                                                                                                  |
|           |       |     |This may cause simulation mismatches between the original and synthesized designs.                                                                           |
|CDFG-466   |Warning|    1|Connected signal is wider than libpin.                                                                                                                       |
|           |       |     |This may cause simulation mismatches between the original and synthesized designs.                                                                           |
|CDFG-472   |Warning|    3|Unreachable statements for case item.                                                                                                                        |
|CDFG-480   |Warning|    4|Ignored redundant case item.                                                                                                                                 |
|           |       |     |When multiple case item expressions match the case condition, only the statements associated with the first matching item are considered.                    |
|CDFG-500   |Info   |    4|Unused module input port.                                                                                                                                    |
|           |       |     |(In port definition within the module, the input port is not used in any assignment statements or conditional expressions for decision statements.           |
|CDFG-508   |Warning|  257|Removing unused register.                                                                                                                                    |
|           |       |     |Genus removes the flip-flop or latch inferred for an unused signal or variable. To preserve the flip-flop or latch, set the hdl_preserve_unused_registers    |
|           |       |     | attribute to true or use a pragma in the RTL.                                                                                                               |
|CDFG-738   |Info   |  245|Common subexpression eliminated.                                                                                                                             |
|CDFG-739   |Info   |  245|Common subexpression kept.                                                                                                                                   |
|CDFG-769   |Info   |   13|Identified sum-of-products logic to be optimized during syn_generic.                                                                                         |
|CDFG-771   |Info   |   11|Replaced logic with a constant value.                                                                                                                        |
|CWD-19     |Info   |  664|An implementation was inferred.                                                                                                                              |
|CWD-21     |Info   |    1|Skipping an invalid binding for a subprogram call.                                                                                                           |
|CWD-36     |Info   |   20|Sorted the set of valid implementations for synthetic operator.                                                                                              |
|DPOPT-1    |Info   |    1|Optimizing datapath logic.                                                                                                                                   |
|DPOPT-2    |Info   |    1|Done optimizing datapath logic.                                                                                                                              |
|DPOPT-3    |Info   |   22|Implementing datapath configurations.                                                                                                                        |
|DPOPT-4    |Info   |   22|Done implementing datapath configurations.                                                                                                                   |
|DPOPT-6    |Info   |    1|Pre-processed datapath logic.                                                                                                                                |
|DPOPT-10   |Info   |   39|Optimized a mux chain.                                                                                                                                       |
|ELAB-1     |Info   |    1|Elaborating Design.                                                                                                                                          |
|ELAB-2     |Info   |    3|Elaborating Subdesign.                                                                                                                                       |
|ELAB-3     |Info   |    1|Done Elaborating Design.                                                                                                                                     |
|ELABUTL-123|Warning|   33|Undriven module output port.                                                                                                                                 |
|ELABUTL-125|Warning|   81|Undriven signal detected.                                                                                                                                    |
|           |       |     |The undriven signal handling can be controlled by setting the attribute 'hdl_unconnected_value' before syn_generic command.                                  |
|ELABUTL-128|Info   |    1|Undriven module output port.                                                                                                                                 |
|           |       |     |The 'hdl_unconnected_value' attribute controls treatment of undriven output port.                                                                            |
|ELABUTL-130|Info   |   15|Undriven signal detected.                                                                                                                                    |
|           |       |     |The 'hdl_unconnected_value' attribute controls treatment of undriven signal.                                                                                 |
|ELABUTL-132|Info   |    2|Unused instance port.                                                                                                                                        |
|           |       |     |Please check the reported scenario of unconnected instance port to ensure that it matches the design intent.                                                 |
|GB-6       |Info   |    1|A datapath component has been ungrouped.                                                                                                                     |
|GLO-12     |Info   |  581|Replacing a flip-flop with a logic constant 0.                                                                                                               |
|           |       |     |To prevent this optimization, set the 'optimize_constant_0_flops' root attribute to 'false' or 'optimize_constant_0_seq' instance attribute to 'false'. You  |
|           |       |     | can also see the complete list of deleted sequential with command 'report sequential -deleted' (on Reason 'constant0').                                     |
|GLO-24     |Info   |   64|Replacing a dont care flip-flop with a logic constant 0.                                                                                                     |
|           |       |     |The value used to replace the flop can be set by the root attribute 'optimize_seq_x_to'.                                                                     |
|GLO-32     |Info   |    4|Deleting sequential instances not driving any primary outputs.                                                                                               |
|           |       |     |Optimizations such as constant propagation or redundancy removal could change the connections so an instance does not drive any primary outputs anymore. To  |
|           |       |     | see the list of deleted sequential, set the 'information_level' attribute to 2 or above. If the message is truncated set the message attribute 'truncate' to|
|           |       |     | false to see the complete list.                                                                                                                             |
|GLO-34     |Info   |    4|Deleting instances not driving any primary outputs.                                                                                                          |
|           |       |     |Optimizations such as constant propagation or redundancy removal could change the connections so a hierarchical instance does not drive any primary outputs  |
|           |       |     | anymore. To see the list of deleted hierarchical instances, set the 'information_level' attribute to 2 or above. If the message is truncated set the message|
|           |       |     | attribute 'truncate' to false to see the complete list. To prevent this optimization, set the 'delete_unloaded_insts' root/subdesign attribute to 'false' or|
|           |       |     | 'preserve' instance attribute to 'true'.                                                                                                                    |
|GLO-40     |Info   |   48|Combinational hierarchical blocks with identical inputs have been merged.                                                                                    |
|           |       |     |This optimization usually reduces design area. To prevent merging of combinational hierarchical blocks, set the 'merge_combinational_hier_instances' root    |
|           |       |     | attribute to 'false' or the 'merge_combinational_hier_instance' instance attribute to 'false'.                                                              |
|GLO-42     |Info   |   16|Equivalent sequential instances have been merged.                                                                                                            |
|           |       |     |To prevent merging of sequential instances, set the 'optimize_merge_flops' and 'optimize_merge_latches' root attributes to 'false' or the                    |
|           |       |     | 'optimize_merge_seq' instance attribute to 'false'.                                                                                                         |
|GLO-45     |Info   |  112|Replacing the synchronous part of an always feeding back flip-flop with a logic constant.                                                                    |
|           |       |     |To prevent this optimization, set 'optimize_constant_feedback_seqs' root attribute to 'false'. The instance attribute 'optimize_constant_feedback_seq'       |
|           |       |     | controls this optimization.                                                                                                                                 |
|GLO-46     |Info   |    1|Combinational hierarchical instances are merged.                                                                                                             |
|GLO-51     |Info   |    2|Hierarchical instance automatically ungrouped.                                                                                                               |
|           |       |     |Hierarchical instances can be automatically ungrouped to allow for better area or timing optimization. To prevent this ungroup, set the root-level attribute |
|           |       |     | 'auto_ungroup' to 'none'. You can also prevent individual ungroup with setting the attribute 'ungroup_ok' of instances or modules to 'false'.               |
|LBR-3      |Info   |    1|Appending library.                                                                                                                                           |
|           |       |     |Appending libraries will overwrite some of the characteristics of the library.                                                                               |
|LBR-9      |Warning|   20|Library cell has no output pins defined.                                                                                                                     |
|           |       |     |Add the missing output pin(s)                                                                                                                                |
|           |       |     | , then reload the library. Else the library cell will be marked as timing model i.e. unusable. Timing_model means that the cell does not have any defined   |
|           |       |     | function. If there is no output pin, Genus will mark library cell as unusable i.e. the attribute 'usable' will be marked to 'false' on the libcell.         |
|           |       |     | Therefore, the cell is not used for mapping and it will not be picked up from the library for synthesis. If you query the attribute 'unusable_reason' on the|
|           |       |     | libcell; result will be: 'Library cell has no output pins.'Note: The message LBR-9 is only for the logical pins and not for the power_ground pins. Genus    |
|           |       |     | will depend upon the output function defined in the pin group (output pin)                                                                                  |
|           |       |     | of the cell, to use it for mapping. The pg_pin will not have any function defined.                                                                          |
|LBR-40     |Info   |    3|An unsupported construct was detected in this library.                                                                                                       |
|           |       |     |Check to see if this construct is really needed for synthesis. Many liberty constructs are not actually required.                                            |
|LBR-41     |Info   |   33|An output library pin lacks a function attribute.                                                                                                            |
|           |       |     |If the remainder of this library cell's semantic checks are successful, it will be considered as a timing-model                                              |
|           |       |     | (because one of its outputs does not have a valid function.                                                                                                 |
|LBR-72     |Info   |    2|Detected an unsupported timing arc type.                                                                                                                     |
|           |       |     |Refer to 'Supported Liberty timing_type Values' in the 'Timing Analysis Guide' for more information.                                                         |
|LBR-141    |Warning|   16|Clock function definition makes cell unusable.                                                                                                               |
|           |       |     |The sequential cell cannot be inferred because its clock function is unknown.                                                                                |
|LBR-155    |Info   |  264|Mismatch in unateness between 'timing_sense' attribute and the function.                                                                                     |
|           |       |     |The 'timing_sense' attribute will be respected.                                                                                                              |
|LBR-161    |Info   |    1|Setting the maximum print count of this message to 10 if information_level is less than 9.                                                                   |
|LBR-162    |Info   |  124|Both 'pos_unate' and 'neg_unate' timing_sense arcs have been processed.                                                                                      |
|           |       |     |Setting the 'timing_sense' to non_unate.                                                                                                                     |
|LBR-412    |Info   |    2|Created nominal operating condition.                                                                                                                         |
|           |       |     |The nominal operating condition is represented, either by the nominal PVT values specified in the library source                                             |
|           |       |     | (via nom_process,nom_voltage and nom_temperature respectively), or by the default PVT values (1.0,1.0,1.0).                                                 |
|LBR-415    |Info   |    3|Unusable library cells found at the time of loading a library.                                                                                               |
|           |       |     |For  more  information, refer to 'Cells Identified as Unusable' in the 'User Guide'. To know the reason why a cell is considered as unusable, check          |
|           |       |     | 'unusable_reason' libcell attribute.                                                                                                                        |
|LBR-518    |Info   |   49|Missing a function attribute in the output pin definition.                                                                                                   |
|MESG-6     |Warning|    2|Message truncated because it exceeds the maximum length of 4096 characters.                                                                                  |
|           |       |     |By default messages are limited to 4096 characters. All characters after the 4096 character limit are truncated. To remove this limit, set the message       |
|           |       |     | attribute 'truncate' to 'false'. However, this may dramatically increase the size of the log file.                                                          |
|PHYS-107   |Warning|   16|Duplicate macro definition.                                                                                                                                  |
|PHYS-128   |Warning|    2|Library cell pin 'use' attribute is inconsistent between lib and LEF.                                                                                        |
|           |       |     |Overriding lib value with LEF value. To use .lib as golden do: '::legacy::set_attribute use_power_ground_pin_from_lef false'.                                |
|PHYS-129   |Info   |  119|Via with no resistance will have a value of '0.0' assigned for resistance value.                                                                             |
|           |       |     |If this is the expected behavior, this message can be ignored.                                                                                               |
|PHYS-279   |Warning|   80|Physical cell not defined in library.                                                                                                                        |
|           |       |     |Ensure that the proper library files are available and have been imported.                                                                                   |
|PHYS-752   |Info   |    1|Partition Based Synthesis execution skipped.                                                                                                                 |
|RTLOPT-30  |Info   |   20|Accepted resource sharing opportunity.                                                                                                                       |
|RTLOPT-40  |Info   |   14|Transformed datapath macro.                                                                                                                                  |
|RTLOPT-54  |Warning|  237|Use of 'parallel_case' pragma may hinder datapath resource sharing.                                                                                          |
|SYNTH-1    |Info   |    1|Synthesizing.                                                                                                                                                |
|TIM-11     |Warning|    6|Timing problems have been detected in this design.                                                                                                           |
|           |       |     |Use 'check_timing_intent' or 'report timing -lint' to report more information.                                                                               |
|TIM-1000   |Info   |    1|Multimode clock gating check is disabled.                                                                                                                    |
|VLOGPT-37  |Warning|  937|Ignoring unsynthesizable construct.                                                                                                                          |
|           |       |     |For example, the following constructs will be ignored:
    - initial block
    - final block
    - program block
    - property block
    - sequence block
  |
|           |       |     | - covergroup
    - checker block
    - gate drive strength
    - system task enable
    - reg declaration with initial value
    - specify block.           |
|VLOGPT-43  |Warning|   53|Implicit net declaration not allowed with `default_nettype none.                                                                                             |
|           |       |     |When `default_nettype is none, each input and inout port declaration requires a corresponding net type.                                                      |
|VLOGPT-692 |Warning|    1|Usage of non-static tasks or functions might result in simulation-synthesis mismatch.                                                                        |
|           |       |     |Use the 'automatic' keyword for declaring functions and tasks.                                                                                               |
-----------------------------------------------------------------------------------------------------------------------------------------------------------------------------------------
Current PLE settings:

Aspect ratio        : 1.000
Shrink factor       : 1.000
Scale of res/length : 1.000
Scale of cap/length : 1.000
Net derating factor : 1.000
Thermal factor      : 0.919
Via Resistance      : 0.400 ohm (from qrc_tech_file)
Site size           : 1.910 um (from lef [tech+cell])

                                    Capacitance  
   Layer                             / Length         Data source:
 Name        Direction Utilization  (pF/micron)       qrc_tech_file
-------------------------------------------------
metal1_conn      H         0.00        0.000305  
metal2_conn      V         1.00        0.000260  
metal3_conn      H         1.00        0.000257  
metal4_conn      V         1.00        0.000260  
metal5_conn      H         1.00        0.000261  
metal6_conn      V         1.00        0.000260  
metal7_conn      H         1.00        0.000259  
metal8_conn      V         1.00        0.000257  
metal9_conn      H         1.00        0.001314  
metal10_conn     V         1.00        0.000555  
metal11_conn     H         1.00        0.000635  

                                     Resistance   
   Layer                              / Length         Data source:
 Name        Direction Utilization  (ohm/micron)       qrc_tech_file
--------------------------------------------------
metal1_conn      H         0.00         0.909621  
metal2_conn      V         1.00         0.590722  
metal3_conn      H         1.00         0.590722  
metal4_conn      V         1.00         0.590722  
metal5_conn      H         1.00         0.590722  
metal6_conn      V         1.00         0.590722  
metal7_conn      H         1.00         0.590722  
metal8_conn      V         1.00         0.195195  
metal9_conn      H         1.00         0.195195  
metal10_conn     V         1.00         0.070980  
metal11_conn     H         1.00         0.068930  

                                         Area     
   Layer                               / Length        Data source:
 Name        Direction Utilization     (micron)        lef_library
--------------------------------------------------
Metal1           H         0.00         0.060000  
Metal2           V         1.00         0.080000  
Metal3           H         1.00         0.080000  
Metal4           V         1.00         0.080000  
Metal5           H         1.00         0.080000  
Metal6           V         1.00         0.080000  
Metal7           H         1.00         0.080000  
Metal8           V         1.00         0.080000  
Metal9           H         1.00         0.080000  
Metal10          V         1.00         0.220000  
Metal11          H         1.00         0.220000  

Mapper: Libraries have:
	domain _default_: 324 combo usable cells and 128 sequential usable cells
      Mapping 'mgmt_core_wrapper'...
        Preparing the circuit
          Pruning unused logic
Multi-threaded constant propagation [1|0] ...
Info    : A datapath component has been ungrouped. [GB-6]
        : The instance 'csa_tree_eq_3926_55_groupi' of datapath component 'csa_tree_eq_3926_55_group_6'.
Info    : A datapath component has been ungrouped. [GB-6]
        : The instance 'csa_tree_eq_3927_55_groupi' of datapath component 'csa_tree_eq_3927_55_group_4'.
Info    : A datapath component has been ungrouped. [GB-6]
        : The instance 'dec_picorv32_sub_1845_23' of datapath component 'decrement_unsigned_1646_3993'.
Info    : A datapath component has been ungrouped. [GB-6]
        : The instance 'dec_sub_3940_62' of datapath component 'decrement_unsigned_2060_2062'.
Info    : A datapath component has been ungrouped. [GB-6]
        : The instance 'dec_sub_4726_63' of datapath component 'decrement_unsigned_2060_2100'.
Info    : A datapath component has been ungrouped. [GB-6]
        : The instance 'dec_sub_7733_29' of datapath component 'decrement_unsigned_1410_1413'.
Info    : A datapath component has been ungrouped. [GB-6]
        : The instance 'dec_sub_7814_81' of datapath component 'decrement_unsigned_2480_3995'.
Info    : A datapath component has been ungrouped. [GB-6]
        : The instance 'dec_sub_7841_69' of datapath component 'decrement_unsigned_1568_1571'.
Info    : A datapath component has been ungrouped. [GB-6]
        : The instance 'dec_sub_7898_57' of datapath component 'decrement_unsigned_2212_2214'.
Info    : A datapath component has been ungrouped. [GB-6]
        : The instance 'dec_sub_7974_57' of datapath component 'decrement_unsigned_1646_2032'.
Info    : A datapath component has been ungrouped. [GB-6]
        : The instance 'dec_sub_7996_57' of datapath component 'decrement_unsigned_1646_1816'.
Info    : A datapath component has been ungrouped. [GB-6]
        : The instance 'dec_sub_8056_47' of datapath component 'decrement_unsigned_1410_1459'.
Info    : A datapath component has been ungrouped. [GB-6]
        : The instance 'gt_2354_61' of datapath component 'gt_unsigned_2823_rtlopto_model_2054'.
Info    : A datapath component has been ungrouped. [GB-6]
        : The instance 'inc_add_3997_76' of datapath component 'increment_unsigned_2488_4005'.
Info    : A datapath component has been ungrouped. [GB-6]
        : The instance 'inc_add_4256_89' of datapath component 'increment_unsigned_1291_1297'.
Info    : A datapath component has been ungrouped. [GB-6]
        : The instance 'inc_add_5066_94' of datapath component 'increment_unsigned_1516_4007'.
Info    : A datapath component has been ungrouped. [GB-6]
        : The instance 'inc_add_7803_77' of datapath component 'increment_unsigned_1516_1560'.
Info    : A datapath component has been ungrouped. [GB-6]
        : The instance 'inc_add_7880_57' of datapath component 'increment_unsigned_2487_4009'.
Info    : A datapath component has been ungrouped. [GB-6]
        : The instance 'inc_add_7963_55' of datapath component 'increment_unsigned_1291_2033'.
Info    : A datapath component has been ungrouped. [GB-6]
        : The instance 'inc_add_7966_55' of datapath component 'increment_unsigned_1291_2138'.
          Analyzing hierarchical boundaries
          Aggressive hierarchical optimization: disabled
          Propagating constants
        Done preparing the circuit
          Structuring (delay-based) mgmt_core_wrapper...
          Done structuring (delay-based) mgmt_core_wrapper
Multi-threaded Virtual Mapping    (2 threads per ST process, 2 of 24 CPUs usable)
          Structuring (delay-based) cdec_1890...
            Starting partial collapsing  cdec_1890
            Finished partial collapsing.
            Starting redundancy-removal...
            Finished redundancy-removal...
          Done structuring (delay-based) cdec_1890
        Mapping component cdec_1890...
          Structuring (delay-based) cdec...
            Starting partial collapsing  cdec
            Finished partial collapsing.
          Done structuring (delay-based) cdec
        Mapping component cdec...
          Structuring (delay-based) logic partition in mgmt_core...
            Starting partial collapsing (xors only) cb_part
            Finished partial collapsing.
            Starting partial collapsing  cb_part
            Finished partial collapsing.
            Starting redundancy-removal...
            Finished redundancy-removal...
            Starting redundancy-removal...
            Finished redundancy-removal...
          Done structuring (delay-based) logic partition in mgmt_core
        Mapping logic partition in mgmt_core...
          Structuring (delay-based) cmux...
          Done structuring (delay-based) cmux
        Mapping component cmux...
          Structuring (delay-based) cmux_1888...
          Done structuring (delay-based) cmux_1888
        Mapping component cmux_1888...
          Structuring (delay-based) addsub_unsigned_871...
            Starting partial collapsing (xors only) addsub_unsigned_871
            Finished partial collapsing.
            Starting partial collapsing  addsub_unsigned_871
            Finished partial collapsing.
          Done structuring (delay-based) addsub_unsigned_871
        Mapping component addsub_unsigned_871...
          Structuring (delay-based) add_unsigned_59_11...
            Starting partial collapsing (xors only) add_unsigned_59_11
            Finished partial collapsing.
            Starting partial collapsing  add_unsigned_59_11
            Finished partial collapsing.
          Done structuring (delay-based) add_unsigned_59_11
        Mapping component add_unsigned_59_11...
          Structuring (delay-based) add_unsigned_1893...
            Starting partial collapsing (xors only) add_unsigned_1893
            Finished partial collapsing.
            Starting partial collapsing  add_unsigned_1893
            Finished partial collapsing.
          Done structuring (delay-based) add_unsigned_1893
        Mapping component add_unsigned_1893...
          Structuring (delay-based) cb_part_7977...
            Starting partial collapsing (xors only) cb_part_7977
            Finished partial collapsing.
            Starting partial collapsing  cb_part_7977
            Finished partial collapsing.
            Starting redundancy-removal...
            Finished redundancy-removal...
          Done structuring (delay-based) cb_part_7977
        Mapping component cb_part_7977...
          Structuring (delay-based) add_unsigned_2839...
            Starting partial collapsing (xors only) add_unsigned_2839
            Finished partial collapsing.
            Starting partial collapsing  add_unsigned_2839
            Finished partial collapsing.
            Starting redundancy-removal...
            Finished redundancy-removal...
            Starting redundancy-removal...
            Finished redundancy-removal...
          Done structuring (delay-based) add_unsigned_2839
        Mapping component add_unsigned_2839...
          Structuring (delay-based) lt_unsigned_rtlopto_model_1262...
          Done structuring (delay-based) lt_unsigned_rtlopto_model_1262
        Mapping component lt_unsigned_rtlopto_model_1262...
          Structuring (delay-based) lt_signed_rtlopto_model_1261...
          Done structuring (delay-based) lt_signed_rtlopto_model_1261
        Mapping component lt_signed_rtlopto_model_1261...
          Structuring (delay-based) add_unsigned_2853...
            Starting partial collapsing (xors only) add_unsigned_2853
            Finished partial collapsing.
            Starting partial collapsing  add_unsigned_2853
            Finished partial collapsing.
            Starting redundancy-removal...
            Finished redundancy-removal...
            Starting redundancy-removal...
            Finished redundancy-removal...
          Done structuring (delay-based) add_unsigned_2853
        Mapping component add_unsigned_2853...
          Structuring (delay-based) add_unsigned_332...
            Starting partial collapsing (xors only) add_unsigned_332
            Finished partial collapsing.
            Starting partial collapsing  add_unsigned_332
            Finished partial collapsing.
            Starting redundancy-removal...
            Finished redundancy-removal...
            Starting redundancy-removal...
            Finished redundancy-removal...
          Done structuring (delay-based) add_unsigned_332
        Mapping component add_unsigned_332...
        Rebalancing component 'sll_7765_90'...
          Structuring (delay-based) logic partition in mgmt_core...
            Starting partial collapsing  cb_part_7975
            Finished partial collapsing.
            Starting redundancy-removal...
            Finished redundancy-removal...
          Done structuring (delay-based) logic partition in mgmt_core
        Mapping logic partition in mgmt_core...
          Structuring (delay-based) shift_left_vlog_unsigned_604...
            Starting partial collapsing  shift_left_vlog_unsigned_604
            Finished partial collapsing.
          Done structuring (delay-based) shift_left_vlog_unsigned_604
        Mapping component shift_left_vlog_unsigned_604...
          Structuring (delay-based) cb_part_7973...
            Starting partial collapsing (xors only) cb_part_7973
            Finished partial collapsing.
            Starting partial collapsing  cb_part_7973
            Finished partial collapsing.
            Starting redundancy-removal...
            Finished redundancy-removal...
            Starting redundancy-removal...
            Finished redundancy-removal...
          Done structuring (delay-based) cb_part_7973
        Mapping component cb_part_7973...
          Structuring (delay-based) decrement_unsigned_2491_3994...
            Starting partial collapsing (xors only) decrement_unsigned_2491_3994
            Finished partial collapsing.
            Starting partial collapsing  decrement_unsigned_2491_3994
            Finished partial collapsing.
            Starting redundancy-removal...
            Finished redundancy-removal...
            Starting redundancy-removal...
            Finished redundancy-removal...
          Done structuring (delay-based) decrement_unsigned_2491_3994
        Mapping component decrement_unsigned_2491_3994...
          Structuring (delay-based) increment_unsigned_1371_4008...
            Starting partial collapsing (xors only) increment_unsigned_1371_4008
            Finished partial collapsing.
            Starting partial collapsing  increment_unsigned_1371_4008
            Finished partial collapsing.
            Starting redundancy-removal...
            Finished redundancy-removal...
            Starting redundancy-removal...
            Finished redundancy-removal...
          Done structuring (delay-based) increment_unsigned_1371_4008
        Mapping component increment_unsigned_1371_4008...
          Structuring (delay-based) increment_unsigned_770...
            Starting partial collapsing (xors only) increment_unsigned_770
            Finished partial collapsing.
            Starting partial collapsing  increment_unsigned_770
            Finished partial collapsing.
          Done structuring (delay-based) increment_unsigned_770
        Mapping component increment_unsigned_770...
          Structuring (delay-based) increment_unsigned_2490_4003...
            Starting partial collapsing (xors only) increment_unsigned_2490_4003
            Finished partial collapsing.
            Starting partial collapsing  increment_unsigned_2490_4003
            Finished partial collapsing.
            Starting redundancy-removal...
            Finished redundancy-removal...
            Starting redundancy-removal...
            Finished redundancy-removal...
          Done structuring (delay-based) increment_unsigned_2490_4003
        Mapping component increment_unsigned_2490_4003...
          Structuring (delay-based) add_unsigned_1894...
            Starting partial collapsing (xors only) add_unsigned_1894
            Finished partial collapsing.
            Starting partial collapsing  add_unsigned_1894
            Finished partial collapsing.
            Starting redundancy-removal...
            Finished redundancy-removal...
            Starting redundancy-removal...
            Finished redundancy-removal...
          Done structuring (delay-based) add_unsigned_1894
        Mapping component add_unsigned_1894...
          Structuring (delay-based) increment_unsigned_1373_1375...
            Starting partial collapsing (xors only) increment_unsigned_1373_1375
            Finished partial collapsing.
            Starting partial collapsing  increment_unsigned_1373_1375
            Finished partial collapsing.
            Starting redundancy-removal...
            Finished redundancy-removal...
            Starting redundancy-removal...
            Finished redundancy-removal...
          Done structuring (delay-based) increment_unsigned_1373_1375
        Mapping component increment_unsigned_1373_1375...
          Structuring (delay-based) cb_part_7978...
            Starting partial collapsing (xors only) cb_part_7978
            Finished partial collapsing.
            Starting partial collapsing  cb_part_7978
            Finished partial collapsing.
            Starting redundancy-removal...
            Finished redundancy-removal...
            Starting redundancy-removal...
            Finished redundancy-removal...
          Done structuring (delay-based) cb_part_7978
        Mapping component cb_part_7978...
          Structuring (delay-based) cb_seq...
          Done structuring (delay-based) cb_seq
        Mapping component cb_seq...
==================================
Stage : first_condense 
==================================
  =================
   Message Summary
  =================
----------------------------------------------------------
| Id |Sev |Count|              Message Text              |
----------------------------------------------------------
|GB-6|Info|   32|A datapath component has been ungrouped.|
----------------------------------------------------------
 
Global mapping target info
==========================
Cost Group 'C2O' target slack:   112 ps
Target path end-point (Port: mgmt_core_wrapper/hk_cyc_o)

                Pin                            Type          Fanout Load Arrival   
                                                                    (fF)   (ps)    
-----------------------------------------------------------------------------------
(clock myclock)                      <<<  launch                               0 R 
core
  cb_seqi
    dbg_uart_address_reg[21]/clk                                                   
    dbg_uart_address_reg[21]/q       (u)  unmapped_d_flop         6  6.0           
  cb_seqi/inc_add_5253_86_A[21] 
  cb_parti71263/cb_seqi_inc_add_5253_86_A[21] 
    g71815/in_1                                                                    
    g71815/z                         (u)  unmapped_nand2          1  1.1           
    g71804/in_1                                                                    
    g71804/z                         (u)  unmapped_nand2          6 57.4           
  cb_parti71263/mprj_adr_o[21] 
  cb_parti71264/cb_parti_mprj_adr_o[21] 
    g136856/in_1                                                                   
    g136856/z                        (u)  unmapped_or2            1  1.0           
    g135905/in_0                                                                   
    g135905/z                        (u)  unmapped_or2            2  2.0           
    g134520/in_0                                                                   
    g134520/z                        (u)  unmapped_or2            1  1.0           
    g134328/in_0                                                                   
    g134328/z                        (u)  unmapped_or2            1  1.0           
    g133634/in_0                                                                   
    g133634/z                        (u)  unmapped_complex2       1  1.0           
    g133274/in_0                                                                   
    g133274/z                        (u)  unmapped_complex2       2  2.0           
    g137025/in_0                                                                   
    g137025/z                        (u)  unmapped_nor2           1 52.4           
  cb_parti71264/hk_cyc_o 
core/hk_cyc_o 
hk_cyc_o                             <<<  interconnect                             
                                          out port                                 
(mgmt_core_wrapper.sd_line_24_675_1)      ext delay                                
- - - - - - - - - - - - - - - - - - - - - - - - - - - - - - - - - - - - - - - - - -
(clock myclock)                           capture                           4000 R 
                                          uncertainty                              
-----------------------------------------------------------------------------------
Cost Group   : 'C2O' (path_group 'C2O_nom')
Start-point  : core/cb_seqi/dbg_uart_address_reg[21]/clk
End-point    : hk_cyc_o

(u) : Net has unmapped pin(s).

The global mapper estimates a slack for this path of 3104ps.
 
Cost Group 'I2O' target slack:   109 ps
Target path end-point (Port: mgmt_core_wrapper/ser_tx)

                Pin                           Type        Fanout Load Arrival   
                                                                 (fF)   (ps)    
--------------------------------------------------------------------------------
(clock myclock)                      <<<  launch                            0 R 
(mgmt_core_wrapper.sd_line_18_205_1)      ext delay                             
debug_in                             (u)  in port              5  6.6           
core/debug_in 
  cb_parti71264/debug_in 
    g136296/in_0                                                                
    g136296/z                        (u)  unmapped_nand2       1  1.0           
    g135123/in_1                                                                
    g135123/z                        (u)  unmapped_nand2       1 52.4           
  cb_parti71264/serial_tx 
core/serial_tx 
ser_tx                               <<<  interconnect                          
                                          out port                              
(mgmt_core_wrapper.sd_line_24_684_1)      ext delay                             
- - - - - - - - - - - - - - - - - - - - - - - - - - - - - - - - - - - - - - - - 
(clock myclock)                           capture                        4000 R 
                                          uncertainty                           
--------------------------------------------------------------------------------
Cost Group   : 'I2O' (path_group 'I2O_nom')
Start-point  : debug_in
End-point    : ser_tx

(u) : Net has unmapped pin(s).

The global mapper estimates a slack for this path of 3595ps.
 
Cost Group 'I2C' target slack:   105 ps
Target path end-point (Pin: core/picorv32_decoded_rs1_reg[4]/d)

                Pin                            Type          Fanout Load Arrival   
                                                                    (fF)   (ps)    
-----------------------------------------------------------------------------------
(clock myclock)                      <<<  launch                               0 R 
(mgmt_core_wrapper.sd_line_18_196_1)      ext delay                                
hk_ack_i                             (u)  in port                 1  1.1           
core/hk_ack_i 
  cb_parti/hk_ack_i 
    g71568/in_0                                                                    
    g71568/z                         (u)  unmapped_or2            1  1.1           
    g71555/in_1                                                                    
    g71555/z                         (u)  unmapped_or2            1  1.1           
    g71543/in_1                                                                    
    g71543/z                         (u)  unmapped_or2            1  1.1           
    g71526/in_0                                                                    
    g71526/z                         (u)  unmapped_complex2       1  1.1           
    g71523/in_0                                                                    
    g71523/z                         (u)  unmapped_or2            5  5.5           
  cb_parti/g3679_in_1 
  cb_parti71264/cb_parti_g3679_in_1 
    g136286/in_1                                                                   
    g136286/z                        (u)  unmapped_nand2          1  1.0           
    g135107/in_0                                                                   
    g135107/z                        (u)  unmapped_or2           70  9.0           
    g134586/in_0                                                                   
    g134586/z                        (u)  unmapped_nand2          1  1.1           
    g127498/in_1                                                                   
    g127498/z                        (u)  unmapped_nand2          2  2.0           
    g95117/in_1                                                                    
    g95117/z                         (u)  unmapped_nand2          2  2.2           
    g126131/in_0                                                                   
    g126131/z                        (u)  unmapped_or2            2  2.2           
    g125895/in_1                                                                   
    g125895/z                        (u)  unmapped_or2            1  1.1           
    g125761/in_0                                                                   
    g125761/z                        (u)  unmapped_or2            2  2.2           
    g125626/in_1                                                                   
    g125626/z                        (u)  unmapped_or2            1  1.1           
    g125492/in_1                                                                   
    g125492/z                        (u)  unmapped_or2            1  1.1           
    g123805/in_1                                                                   
    g123805/z                        (u)  unmapped_or2            1  1.1           
    g123241/in_1                                                                   
    g123241/z                        (u)  unmapped_or2            1  1.1           
    g122245/in_1                                                                   
    g122245/z                        (u)  unmapped_or2            1  1.1           
    g122032/in_0                                                                   
    g122032/z                        (u)  unmapped_complex2       1  1.1           
    g121529/in_1                                                                   
    g121529/z                        (u)  unmapped_or2            2  2.2           
    g121170/in_1                                                                   
    g121170/z                        (u)  unmapped_or2            2  2.2           
    g121164/in_0                                                                   
    g121164/z                        (u)  unmapped_complex2       2  2.2           
    g120982/in_0                                                                   
    g120982/z                        (u)  unmapped_complex2       5  5.0           
    g138489/in_0                                                                   
    g138489/z                        (u)  unmapped_complex2       1  1.0           
    g120952/in_1                                                                   
    g120952/z                        (u)  unmapped_nand2          1  1.1           
  cb_parti71264/cb_seqi_g18455_g29764_z 
  cb_seqi/g18455_g29764_z 
    picorv32_decoded_rs1_reg[4]/d    <<<  unmapped_d_flop                          
    picorv32_decoded_rs1_reg[4]/clk       setup                                    
- - - - - - - - - - - - - - - - - - - - - - - - - - - - - - - - - - - - - - - - - -
(clock myclock)                           capture                           4000 R 
                                          uncertainty                              
-----------------------------------------------------------------------------------
Cost Group   : 'I2C' (path_group 'I2C_nom')
Start-point  : hk_ack_i
End-point    : core/cb_seqi/picorv32_decoded_rs1_reg[4]/d

(u) : Net has unmapped pin(s).

The global mapper estimates a slack for this path of 3372ps.
 
Cost Group 'C2C' target slack:   105 ps
Target path end-point (Pin: core/picorv32_reg_out_reg[31]/d)

               Pin                            Type          Fanout Load Arrival   
                                                                   (fF)   (ps)    
----------------------------------------------------------------------------------
(clock myclock)                     <<<  launch                               0 R 
core
  cb_seqi
    picorv32_decoded_imm_reg[2]/clk                                               
    picorv32_decoded_imm_reg[2]/q   (u)  unmapped_d_flop         7  7.0           
  cb_seqi/picorv32_add_1864_26_B[2] 
  picorv32_add_1801_23/B[0] 
    g2/in_1                                                                       
    g2/z                            (u)  unmapped_nand2          3  3.3           
    g1427/in_1                                                                    
    g1427/z                         (u)  unmapped_complex2       1  1.1           
    g1422/in_0                                                                    
    g1422/z                         (u)  unmapped_nand2          3  3.0           
    g1418/in_1                                                                    
    g1418/z                         (u)  unmapped_nand2          1  1.1           
    g1413/in_0                                                                    
    g1413/z                         (u)  unmapped_nand2          3  3.0           
    g1407/in_1                                                                    
    g1407/z                         (u)  unmapped_nand2          1  1.1           
    g1405/in_0                                                                    
    g1405/z                         (u)  unmapped_nand2          3  3.0           
    g1401/in_1                                                                    
    g1401/z                         (u)  unmapped_nand2          1  1.1           
    g1400/in_1                                                                    
    g1400/z                         (u)  unmapped_nand2          3  3.0           
    g1396/in_0                                                                    
    g1396/z                         (u)  unmapped_nand2          1  1.1           
    g1395/in_0                                                                    
    g1395/z                         (u)  unmapped_nand2          3  3.0           
    g1391/in_1                                                                    
    g1391/z                         (u)  unmapped_nand2          1  1.1           
    g1390/in_0                                                                    
    g1390/z                         (u)  unmapped_nand2          3  3.0           
    g1389/in_1                                                                    
    g1389/z                         (u)  unmapped_nand2          1  1.1           
    g1385/in_0                                                                    
    g1385/z                         (u)  unmapped_nand2          4  4.0           
    g1380/in_0                                                                    
    g1380/z                         (u)  unmapped_complex2       1  1.1           
    g1378/in_1                                                                    
    g1378/z                         (u)  unmapped_complex2       3  3.0           
    g1371/in_1                                                                    
    g1371/z                         (u)  unmapped_nand2          1  1.1           
    g1370/in_1                                                                    
    g1370/z                         (u)  unmapped_nand2          3  3.0           
    g1369/in_0                                                                    
    g1369/z                         (u)  unmapped_nand2          1  1.1           
    g1365/in_0                                                                    
    g1365/z                         (u)  unmapped_nand2          4  4.0           
    g1364/in_1                                                                    
    g1364/z                         (u)  unmapped_complex2       1  1.1           
    g1359/in_1                                                                    
    g1359/z                         (u)  unmapped_complex2       3  3.0           
    g1351/in_1                                                                    
    g1351/z                         (u)  unmapped_nand2          1  1.1           
    g1350/in_1                                                                    
    g1350/z                         (u)  unmapped_nand2          3  3.0           
    g1349/in_0                                                                    
    g1349/z                         (u)  unmapped_nand2          1  1.1           
    g1345/in_0                                                                    
    g1345/z                         (u)  unmapped_nand2          5  5.0           
    g1340/in_1                                                                    
    g1340/z                         (u)  unmapped_complex2       1  1.1           
    g1337/in_1                                                                    
    g1337/z                         (u)  unmapped_complex2       4  4.0           
    g1331/in_0                                                                    
    g1331/z                         (u)  unmapped_complex2       1  1.1           
    g1322/in_1                                                                    
    g1322/z                         (u)  unmapped_complex2       3  3.0           
    g1311/in_1                                                                    
    g1311/z                         (u)  unmapped_nand2          1  1.1           
    g1310/in_1                                                                    
    g1310/z                         (u)  unmapped_nand2          3  3.0           
    g1306/in_0                                                                    
    g1306/z                         (u)  unmapped_nand2          1  1.1           
    g1305/in_1                                                                    
    g1305/z                         (u)  unmapped_nand2          4  4.0           
    g1304/in_1                                                                    
    g1304/z                         (u)  unmapped_complex2       1  1.1           
    g1298/in_1                                                                    
    g1298/z                         (u)  unmapped_complex2       3  3.0           
    g1291/in_1                                                                    
    g1291/z                         (u)  unmapped_nand2          1  1.1           
    g1290/in_1                                                                    
    g1290/z                         (u)  unmapped_nand2          3  3.0           
    g1286/in_0                                                                    
    g1286/z                         (u)  unmapped_nand2          1  1.1           
    g1285/in_1                                                                    
    g1285/z                         (u)  unmapped_nand2          3  3.0           
    g1281/in_1                                                                    
    g1281/z                         (u)  unmapped_nand2          1  1.1           
    g1280/in_1                                                                    
    g1280/z                         (u)  unmapped_nand2          2  2.0           
    g1278/in_0                                                                    
    g1278/z                         (u)  unmapped_or2            1  1.0           
    g1279/in_1                                                                    
    g1279/z                         (u)  unmapped_nand2          1  1.1           
  picorv32_add_1801_23/Z[29] 
  cb_parti71264/picorv32_add_1801_23_Z[29] 
    g133269/in_1                                                                  
    g133269/z                       (u)  unmapped_complex2       1  1.0           
    g130779/in_1                                                                  
    g130779/z                       (u)  unmapped_nand2          1  1.1           
    g137572/in_0                                                                  
    g137572/z                       (u)  unmapped_complex2       1  1.1           
    g127421/in_1                                                                  
    g127421/z                       (u)  unmapped_or2            1  1.1           
    g125921/in_1                                                                  
    g125921/z                       (u)  unmapped_or2            1  1.1           
  cb_parti71264/cb_seqi_g53451_z 
  cb_seqi/g53451_z 
    picorv32_reg_out_reg[31]/d      <<<  unmapped_d_flop                          
    picorv32_reg_out_reg[31]/clk         setup                                    
- - - - - - - - - - - - - - - - - - - - - - - - - - - - - - - - - - - - - - - - - 
(clock myclock)                          capture                           4000 R 
                                         uncertainty                              
----------------------------------------------------------------------------------
Cost Group   : 'C2C' (path_group 'C2C_nom')
Start-point  : core/cb_seqi/picorv32_decoded_imm_reg[2]/clk
End-point    : core/cb_seqi/picorv32_reg_out_reg[31]/d

(u) : Net has unmapped pin(s).

The global mapper estimates a slack for this path of 2679ps.
 
          Performing post-condense optimization ...

Info    : Hierarchical instance automatically ungrouped. [GLO-51]
        : Instance 'picorv32_lt_1237_31' in module 'mgmt_core' would be automatically ungrouped.
Info    : Hierarchical instance automatically ungrouped. [GLO-51]
        : Instance 'picorv32_lt_1238_22' in module 'mgmt_core' would be automatically ungrouped.
          There are 2 hierarchical instances automatically ungrouped.

State Retention Synthesis Status
================================

Category                        Flops   Percentage
--------------------------------------------------
Total instances                  3705        100.0
Excluded from State Retention    3705        100.0
    - Will not convert           3705        100.0
      - Preserved                   0          0.0
      - Power intent excluded    3705        100.0
    - Could not convert             0          0.0
      - Scan type                   0          0.0
      - No suitable cell            0          0.0
State Retention instances           0          0.0
--------------------------------------------------

        Computing net loads.
PBS_Generic_Opt-Post - Elapsed_Time 77, CPU_Time 77.22519799999999
stamp 'PBS_Generic_Opt-Post' being created for table 'pbs_debug'

  Total Time (Wall) |  Stage Time (Wall)  |   % (Wall)   |    Date - Time     |  Memory   | Stage
--------------------+---------------------+--------------+--------------------+-----------+----------------------
 00:00:18(00:06:39) |  00:00:00(00:00:00) |   0.0(  0.0) |   18:53:38 (Apr13) |  693.3 MB | PBS_Generic-Start
--------------------+---------------------+--------------+--------------------+-----------+----------------------
 00:01:36(00:07:56) |  00:01:17(00:01:17) | 100.0(100.0) |   18:54:55 (Apr13) |   1.24 GB | PBS_Generic_Opt-Post
--------------------+---------------------+--------------+--------------------+-----------+----------------------
Number of threads: 2 * 1   (id: pbs_debug, time_info v1.57)
Info: (*N*) indicates data that was populated from previously saved time_info database
Info: CPU time includes time of parent + longest thread
        Computing net loads.
PBS_Generic-Postgen HBO Optimizations - Elapsed_Time 0, CPU_Time 0.0
stamp 'PBS_Generic-Postgen HBO Optimizations' being created for table 'pbs_debug'

  Total Time (Wall) |  Stage Time (Wall)  |   % (Wall)   |    Date - Time     |  Memory   | Stage
--------------------+---------------------+--------------+--------------------+-----------+----------------------
 00:00:18(00:06:39) |  00:00:00(00:00:00) |   0.0(  0.0) |   18:53:38 (Apr13) |  693.3 MB | PBS_Generic-Start
--------------------+---------------------+--------------+--------------------+-----------+----------------------
 00:01:36(00:07:56) |  00:01:17(00:01:17) | 100.0(100.0) |   18:54:55 (Apr13) |   1.24 GB | PBS_Generic_Opt-Post
--------------------+---------------------+--------------+--------------------+-----------+----------------------
 00:01:36(00:07:56) |  00:00:00(00:00:00) |   0.0(  0.0) |   18:54:55 (Apr13) |   1.24 GB | PBS_Generic-Postgen HBO Optimizations
--------------------+---------------------+--------------+--------------------+-----------+----------------------
Number of threads: 2 * 1   (id: pbs_debug, time_info v1.57)
Info: (*N*) indicates data that was populated from previously saved time_info database
Info: CPU time includes time of parent + longest thread
##>=================== Cadence Confidential (Generic-Logical) ===================
##>=================== Cadence Confidential (Generic-Logical) ===================
##>Main Thread Summary:
##>----------------------------------------------------------------------------------------
##>STEP                           Elapsed       WNS       TNS     Insts      Area    Memory
##>----------------------------------------------------------------------------------------
##>G:Initial                            6         -         -     18002    302271       693
##>G:Setup                              0         -         -         -         -         -
##>G:Early Clock Gating                 0         -         -         -         -         -
##>G:Launch ST                          0         -         -         -         -         -
##>G:Design Partition                   0         -         -         -         -         -
##>G:Create Partition Netlists          0         -         -         -         -         -
##>G:Init Power                         0         -         -         -         -         -
##>G:Budgeting                          0         -         -         -         -         -
##>G:Derenv-DB                          0         -         -         -         -         -
##>G:Debug Outputs                      0         -         -         -         -         -
##>G:ST loading                         0         -         -         -         -         -
##>G:Distributed                        0         -         -         -         -         -
##>G:Timer                              0         -         -         -         -         -
##>G:Assembly                           0         -         -         -         -         -
##>G:DFT                                0         -         -         -         -         -
##>G:Const Prop                         0         -         -     26593    305758      1235
##>G:PostGen Opt                        1         -         -     26593    305758      1235
##>G:Early Clock Gating Cleanup         0         -         -         -         -         -
##>G:Misc                              76
##>----------------------------------------------------------------------------------------
##>Total Elapsed                       83
##>========================================================================================
Info    : Done synthesizing. [SYNTH-2]
        : Done synthesizing 'mgmt_core_wrapper' to generic gates.
        Computing net loads.
      flow.cputime  flow.realtime  timing.setup.tns  timing.setup.wns  snapshot
UM:*                                                                   syn_gen
@file(synth2.tcl) 54: puts "Runtime & Memory after 'syn_generic'"
Runtime & Memory after 'syn_generic'
@file(synth2.tcl) 55: time_info GENERIC
stamp 'GENERIC' being created for table 'default'

  Total Time (Wall) |  Stage Time (Wall)  |   % (Wall)   |    Date - Time     |  Memory   | Stage
--------------------+---------------------+--------------+--------------------+-----------+----------------------
 00:00:03(00:00:00) |  00:00:00(00:00:00) |   0.0(  0.0) |   18:46:59 (Apr13) |  221.8 MB | init
--------------------+---------------------+--------------+--------------------+-----------+----------------------
 00:00:10(00:00:44) |  00:00:07(00:00:44) |   7.4(  9.2) |   18:47:43 (Apr13) |  610.4 MB | Elaboration
--------------------+---------------------+--------------+--------------------+-----------+----------------------
 00:01:37(00:07:57) |  00:01:27(00:07:13) |  92.6( 90.8) |   18:54:56 (Apr13) |   1.24 GB | GENERIC
--------------------+---------------------+--------------+--------------------+-----------+----------------------
Number of threads: 2 * 1   (id: default, time_info v1.57)
Info: (*N*) indicates data that was populated from previously saved time_info database
Info: CPU time includes time of parent + longest thread
@file(synth2.tcl) 63: set_db / .syn_map_effort $MAP_OPT_EFF
  Setting attribute of root '/': 'syn_map_effort' = high
@file(synth2.tcl) 64: syn_map
#--------------------------------------------------------------------------
# Root attributes for category: opt
#--------------------------------------------------------------------------
# Feature                           | Attribute                | Value  
#--------------------------------------------------------------------------
# Net area optimization             | optimize_net_area        | true   
# Power optimization effort         | design_power_effort      | none   
# Do not use qbar sequential pins   | dont_use_qbar_seq_pins   | false  
#--------------------------------------------------------------------------

##Generic Timing Info for library domain: _default_ typical gate delay: 36.9 ps std_slew: 5.4 ps std_load: 1.0 fF
Mapping ChipWare ICG instances in mgmt_core_wrapper
Found 0 unmapped ChipWare ICG instances
Mapped 0 of 0 ChipWare ICG instances
Current PLE settings:

Aspect ratio        : 1.000
Shrink factor       : 1.000
Scale of res/length : 1.000
Scale of cap/length : 1.000
Net derating factor : 1.000
Thermal factor      : 0.919
Via Resistance      : 0.400 ohm (from qrc_tech_file)
Site size           : 1.910 um (from lef [tech+cell])

                                    Capacitance  
   Layer                             / Length         Data source:
 Name        Direction Utilization  (pF/micron)       qrc_tech_file
-------------------------------------------------
metal1_conn      H         0.00        0.000305  
metal2_conn      V         1.00        0.000260  
metal3_conn      H         1.00        0.000257  
metal4_conn      V         1.00        0.000260  
metal5_conn      H         1.00        0.000261  
metal6_conn      V         1.00        0.000260  
metal7_conn      H         1.00        0.000259  
metal8_conn      V         1.00        0.000257  
metal9_conn      H         1.00        0.001314  
metal10_conn     V         1.00        0.000555  
metal11_conn     H         1.00        0.000635  

                                     Resistance   
   Layer                              / Length         Data source:
 Name        Direction Utilization  (ohm/micron)       qrc_tech_file
--------------------------------------------------
metal1_conn      H         0.00         0.909621  
metal2_conn      V         1.00         0.590722  
metal3_conn      H         1.00         0.590722  
metal4_conn      V         1.00         0.590722  
metal5_conn      H         1.00         0.590722  
metal6_conn      V         1.00         0.590722  
metal7_conn      H         1.00         0.590722  
metal8_conn      V         1.00         0.195195  
metal9_conn      H         1.00         0.195195  
metal10_conn     V         1.00         0.070980  
metal11_conn     H         1.00         0.068930  

                                         Area     
   Layer                               / Length        Data source:
 Name        Direction Utilization     (micron)        lef_library
--------------------------------------------------
Metal1           H         0.00         0.060000  
Metal2           V         1.00         0.080000  
Metal3           H         1.00         0.080000  
Metal4           V         1.00         0.080000  
Metal5           H         1.00         0.080000  
Metal6           V         1.00         0.080000  
Metal7           H         1.00         0.080000  
Metal8           V         1.00         0.080000  
Metal9           H         1.00         0.080000  
Metal10          V         1.00         0.220000  
Metal11          H         1.00         0.220000  

Info    : Mapping. [SYNTH-4]
        : Mapping 'mgmt_core_wrapper' using 'high' effort.
Mapper: Libraries have:
	domain _default_: 324 combo usable cells and 128 sequential usable cells
PBS_TechMap-Start - Elapsed_Time 0, CPU_Time 0.0
stamp 'PBS_TechMap-Start' being created for table 'pbs_debug'

  Total Time (Wall) |  Stage Time (Wall)  |   % (Wall)   |    Date - Time     |  Memory   | Stage
--------------------+---------------------+--------------+--------------------+-----------+----------------------
 00:00:18(00:06:39) |  00:00:00(00:00:00) |   0.0(  0.0) |   18:53:38 (Apr13) |  693.3 MB | PBS_Generic-Start
--------------------+---------------------+--------------+--------------------+-----------+----------------------
 00:01:36(00:07:56) |  00:01:17(00:01:17) |  98.7( 98.7) |   18:54:55 (Apr13) |   1.24 GB | PBS_Generic_Opt-Post
--------------------+---------------------+--------------+--------------------+-----------+----------------------
 00:01:36(00:07:56) |  00:00:00(00:00:00) |   0.0(  0.0) |   18:54:55 (Apr13) |   1.24 GB | PBS_Generic-Postgen HBO Optimizations
--------------------+---------------------+--------------+--------------------+-----------+----------------------
 00:01:37(00:07:57) |  00:00:01(00:00:01) |   1.3(  1.3) |   18:54:56 (Apr13) |   1.24 GB | PBS_TechMap-Start
--------------------+---------------------+--------------+--------------------+-----------+----------------------
Number of threads: 2 * 1   (id: pbs_debug, time_info v1.57)
Info: (*N*) indicates data that was populated from previously saved time_info database
Info: CPU time includes time of parent + longest thread
        Computing net loads.
PBS_TechMap-Premap HBO Optimizations - Elapsed_Time 0, CPU_Time 0.0
stamp 'PBS_TechMap-Premap HBO Optimizations' being created for table 'pbs_debug'

  Total Time (Wall) |  Stage Time (Wall)  |   % (Wall)   |    Date - Time     |  Memory   | Stage
--------------------+---------------------+--------------+--------------------+-----------+----------------------
 00:00:18(00:06:39) |  00:00:00(00:00:00) |   0.0(  0.0) |   18:53:38 (Apr13) |  693.3 MB | PBS_Generic-Start
--------------------+---------------------+--------------+--------------------+-----------+----------------------
 00:01:36(00:07:56) |  00:01:17(00:01:17) |  98.7( 98.7) |   18:54:55 (Apr13) |   1.24 GB | PBS_Generic_Opt-Post
--------------------+---------------------+--------------+--------------------+-----------+----------------------
 00:01:36(00:07:56) |  00:00:00(00:00:00) |   0.0(  0.0) |   18:54:55 (Apr13) |   1.24 GB | PBS_Generic-Postgen HBO Optimizations
--------------------+---------------------+--------------+--------------------+-----------+----------------------
 00:01:37(00:07:57) |  00:00:01(00:00:01) |   1.3(  1.3) |   18:54:56 (Apr13) |   1.24 GB | PBS_TechMap-Start
--------------------+---------------------+--------------+--------------------+-----------+----------------------
 00:01:37(00:07:57) |  00:00:00(00:00:00) |   0.0(  0.0) |   18:54:56 (Apr13) |   1.24 GB | PBS_TechMap-Premap HBO Optimizations
--------------------+---------------------+--------------+--------------------+-----------+----------------------
Number of threads: 2 * 1   (id: pbs_debug, time_info v1.57)
Info: (*N*) indicates data that was populated from previously saved time_info database
Info: CPU time includes time of parent + longest thread
Info    : Partition Based Synthesis execution skipped. [PHYS-752]
        : Design size is less than the partition size '100000' for distributed mapping optimization to kick in.
Current PLE settings:

Aspect ratio        : 1.000
Shrink factor       : 1.000
Scale of res/length : 1.000
Scale of cap/length : 1.000
Net derating factor : 1.000
Thermal factor      : 0.919
Via Resistance      : 0.400 ohm (from qrc_tech_file)
Site size           : 1.910 um (from lef [tech+cell])

                                    Capacitance  
   Layer                             / Length         Data source:
 Name        Direction Utilization  (pF/micron)       qrc_tech_file
-------------------------------------------------
metal1_conn      H         0.00        0.000305  
metal2_conn      V         1.00        0.000260  
metal3_conn      H         1.00        0.000257  
metal4_conn      V         1.00        0.000260  
metal5_conn      H         1.00        0.000261  
metal6_conn      V         1.00        0.000260  
metal7_conn      H         1.00        0.000259  
metal8_conn      V         1.00        0.000257  
metal9_conn      H         1.00        0.001314  
metal10_conn     V         1.00        0.000555  
metal11_conn     H         1.00        0.000635  

                                     Resistance   
   Layer                              / Length         Data source:
 Name        Direction Utilization  (ohm/micron)       qrc_tech_file
--------------------------------------------------
metal1_conn      H         0.00         0.909621  
metal2_conn      V         1.00         0.590722  
metal3_conn      H         1.00         0.590722  
metal4_conn      V         1.00         0.590722  
metal5_conn      H         1.00         0.590722  
metal6_conn      V         1.00         0.590722  
metal7_conn      H         1.00         0.590722  
metal8_conn      V         1.00         0.195195  
metal9_conn      H         1.00         0.195195  
metal10_conn     V         1.00         0.070980  
metal11_conn     H         1.00         0.068930  

                                         Area     
   Layer                               / Length        Data source:
 Name        Direction Utilization     (micron)        lef_library
--------------------------------------------------
Metal1           H         0.00         0.060000  
Metal2           V         1.00         0.080000  
Metal3           H         1.00         0.080000  
Metal4           V         1.00         0.080000  
Metal5           H         1.00         0.080000  
Metal6           V         1.00         0.080000  
Metal7           H         1.00         0.080000  
Metal8           V         1.00         0.080000  
Metal9           H         1.00         0.080000  
Metal10          V         1.00         0.220000  
Metal11          H         1.00         0.220000  

              Enable datapath components refolding ...
Mapper: Libraries have:
	domain _default_: 324 combo usable cells and 128 sequential usable cells
      Mapping 'mgmt_core_wrapper'...
        Preparing the circuit
          Pruning unused logic
Info    : Attempting to launch a super-threading server. [ST-120]
        : Attempting to Launch server 1 of 2.
        : The tool is entering super-threading mode and is launching a CPU server process.  This is enabled by the root attribute 'super_thread_servers' or 'auto_super_thread'.
            : The server is process '8910' on this host.
Info    : Connection established with super-threading server. [ST-110]
        : The server 'localhost_1_0' is process '8910' on this host.
        : The tool is entering super-threading mode and has established a connection with a CPU server process.  This is enabled by the root attributes 'super_thread_servers' or 'auto_super_thread'.
Info    : Super thread servers are launched successfully. [ST-128]
        : 2 out of 2 super thread servers are launched. Minimum 1 active super thread server is required.
                  Distributing load-lib jobs for hosts : localhost_1_0
                  Sent load lib to server 'localhost_1_0'.
                  Library loading done successfully on server 'localhost_1_0'.
                  Forking 'localhost_1_0' to obtain other background server.
Info    : Connection established with super-threading server. [ST-110]
        : The server 'localhost_1_1' is forked process '9148' on this host.
Info    : Super thread servers are launched successfully. [ST-128]
        : 2 out of 2 super thread servers are launched. Minimum 1 active super thread server is required.
          Analyzing hierarchical boundaries
          Aggressive hierarchical optimization: disabled
          Propagating constants
        Done preparing the circuit
          Structuring (delay-based) mgmt_core_wrapper...
          Done structuring (delay-based) mgmt_core_wrapper
Multi-threaded Virtual Mapping    (2 threads per ST process, 2 of 24 CPUs usable)
          Structuring (delay-based) cdec...
          Done structuring (delay-based) cdec
        Mapping component cdec...
          Structuring (delay-based) cdec_1890...
            Starting redundancy-removal...
            Finished redundancy-removal...
          Done structuring (delay-based) cdec_1890
        Mapping component cdec_1890...
          Structuring (delay-based) logic partition in mgmt_core...
            Starting redundancy-removal...
            Finished redundancy-removal...
          Done structuring (delay-based) logic partition in mgmt_core
        Mapping logic partition in mgmt_core...
        Distributing super-thread jobs: cmux cmux_1888 addsub_unsigned_871 add_unsigned_59_11 add_unsigned_1893 increment_unsigned_1373_1375 increment_unsigned_1371_4008 add_unsigned_332 add_unsigned_2839
          Sending 'cmux' to server 'localhost_1_1'...
            Sent 'cmux' to server 'localhost_1_1'.
          Sending 'cmux_1888' to server 'localhost_1_0'...
            Sent 'cmux_1888' to server 'localhost_1_0'.
          Received 'cmux_1888' from server 'localhost_1_0'. (494 ms elapsed)
          Sending 'addsub_unsigned_871' to server 'localhost_1_0'...
            Sent 'addsub_unsigned_871' to server 'localhost_1_0'.
          Received 'cmux' from server 'localhost_1_1'. (572 ms elapsed)
          Sending 'add_unsigned_59_11' to server 'localhost_1_1'...
            Sent 'add_unsigned_59_11' to server 'localhost_1_1'.
          Received 'add_unsigned_59_11' from server 'localhost_1_1'. (184 ms elapsed)
          Sending 'add_unsigned_1893' to server 'localhost_1_1'...
            Sent 'add_unsigned_1893' to server 'localhost_1_1'.
          Received 'add_unsigned_1893' from server 'localhost_1_1'. (90 ms elapsed)
          Sending 'increment_unsigned_1373_1375' to server 'localhost_1_1'...
            Sent 'increment_unsigned_1373_1375' to server 'localhost_1_1'.
          Received 'increment_unsigned_1373_1375' from server 'localhost_1_1'. (118 ms elapsed)
          Sending 'increment_unsigned_1371_4008' to server 'localhost_1_1'...
            Sent 'increment_unsigned_1371_4008' to server 'localhost_1_1'.
          Received 'increment_unsigned_1371_4008' from server 'localhost_1_1'. (114 ms elapsed)
          Sending 'add_unsigned_332' to server 'localhost_1_1'...
            Sent 'add_unsigned_332' to server 'localhost_1_1'.
          Received 'addsub_unsigned_871' from server 'localhost_1_0'. (623 ms elapsed)
          Sending 'add_unsigned_2839' to server 'localhost_1_0'...
            Sent 'add_unsigned_2839' to server 'localhost_1_0'.
          Received 'add_unsigned_332' from server 'localhost_1_1'. (472 ms elapsed)
          Received 'add_unsigned_2839' from server 'localhost_1_0'. (35 ms elapsed)
          Structuring (delay-based) add_unsigned_2853...
          Done structuring (delay-based) add_unsigned_2853
        Mapping component add_unsigned_2853...
          Structuring (delay-based) cmux...
          Done structuring (delay-based) cmux
        Mapping component cmux...
          Structuring (delay-based) cmux_1888...
          Done structuring (delay-based) cmux_1888
        Mapping component cmux_1888...
          Structuring (delay-based) addsub_unsigned_871...
          Done structuring (delay-based) addsub_unsigned_871
        Mapping component addsub_unsigned_871...
          Structuring (delay-based) add_unsigned_59_11...
          Done structuring (delay-based) add_unsigned_59_11
        Mapping component add_unsigned_59_11...
          Structuring (delay-based) add_unsigned_1893...
          Done structuring (delay-based) add_unsigned_1893
        Mapping component add_unsigned_1893...
          Structuring (delay-based) increment_unsigned_1373_1375...
          Done structuring (delay-based) increment_unsigned_1373_1375
        Mapping component increment_unsigned_1373_1375...
          Structuring (delay-based) increment_unsigned_1371_4008...
          Done structuring (delay-based) increment_unsigned_1371_4008
        Mapping component increment_unsigned_1371_4008...
          Structuring (delay-based) add_unsigned_332...
          Done structuring (delay-based) add_unsigned_332
        Mapping component add_unsigned_332...
          Structuring (delay-based) add_unsigned_2839...
          Done structuring (delay-based) add_unsigned_2839
        Mapping component add_unsigned_2839...
        Distributing super-thread jobs: cb_part_8138
          Sending 'cb_part_8138' to server 'localhost_1_1'...
            Sent 'cb_part_8138' to server 'localhost_1_1'.
          Received 'cb_part_8138' from server 'localhost_1_1'. (1771 ms elapsed)
          Structuring (delay-based) cb_part_8138...
            Starting redundancy-removal...
            Finished redundancy-removal...
            Starting redundancy-removal...
            Finished redundancy-removal...
          Done structuring (delay-based) cb_part_8138
        Mapping component cb_part_8138...
        Distributing super-thread jobs: shift_left_vlog_unsigned_604 add_unsigned_1894 increment_unsigned_770
          Sending 'shift_left_vlog_unsigned_604' to server 'localhost_1_1'...
            Sent 'shift_left_vlog_unsigned_604' to server 'localhost_1_1'.
          Sending 'add_unsigned_1894' to server 'localhost_1_0'...
            Sent 'add_unsigned_1894' to server 'localhost_1_0'.
          Received 'shift_left_vlog_unsigned_604' from server 'localhost_1_1'. (83 ms elapsed)
          Sending 'increment_unsigned_770' to server 'localhost_1_1'...
            Sent 'increment_unsigned_770' to server 'localhost_1_1'.
          Received 'add_unsigned_1894' from server 'localhost_1_0'. (116 ms elapsed)
          Received 'increment_unsigned_770' from server 'localhost_1_1'. (111 ms elapsed)
          Structuring (delay-based) decrement_unsigned_2491_3994...
          Done structuring (delay-based) decrement_unsigned_2491_3994
        Mapping component decrement_unsigned_2491_3994...
          Structuring (delay-based) increment_unsigned_2490_4003...
          Done structuring (delay-based) increment_unsigned_2490_4003
        Mapping component increment_unsigned_2490_4003...
          Structuring (delay-based) shift_left_vlog_unsigned_604...
          Done structuring (delay-based) shift_left_vlog_unsigned_604
        Mapping component shift_left_vlog_unsigned_604...
          Structuring (delay-based) add_unsigned_1894...
          Done structuring (delay-based) add_unsigned_1894
        Mapping component add_unsigned_1894...
          Structuring (delay-based) increment_unsigned_770...
          Done structuring (delay-based) increment_unsigned_770
        Mapping component increment_unsigned_770...
        Distributing super-thread jobs: cb_seq
          Sending 'cb_seq' to server 'localhost_1_1'...
            Sent 'cb_seq' to server 'localhost_1_1'.
          Received 'cb_seq' from server 'localhost_1_1'. (10391 ms elapsed)
          Structuring (delay-based) cb_seq...
            Starting redundancy-removal...
            Finished redundancy-removal...
            Starting redundancy-removal...
            Finished redundancy-removal...
          Done structuring (delay-based) cb_seq
        Mapping component cb_seq...
 
Global mapping target info
==========================
Cost Group 'C2O' target slack:   112 ps
Target path end-point (Port: mgmt_core_wrapper/hk_cyc_o)

                Pin                            Type          Fanout Load Arrival   
                                                                    (fF)   (ps)    
-----------------------------------------------------------------------------------
(clock myclock)                      <<<  launch                               0 R 
core
  cb_seqi
    dbg_uart_address_reg[27]/clk                                                   
    dbg_uart_address_reg[27]/q       (u)  unmapped_d_flop         5  5.5           
  cb_seqi/inc_add_5253_86_A[27] 
  cb_parti138744/cb_seqi_inc_add_5253_86_A[27] 
    g148881/in_1                                                                   
    g148881/z                        (u)  unmapped_nand2          1  1.0           
    g148516/in_1                                                                   
    g148516/z                        (u)  unmapped_nand2          5 56.8           
    g148277/in_1                                                                   
    g148277/z                        (u)  unmapped_complex2       1  1.0           
    g148029/in_1                                                                   
    g148029/z                        (u)  unmapped_or2            2  2.0           
    g147977/in_1                                                                   
    g147977/z                        (u)  unmapped_or2            1  1.0           
    g147902/in_1                                                                   
    g147902/z                        (u)  unmapped_or2            1  1.0           
    g147873/in_0                                                                   
    g147873/z                        (u)  unmapped_complex2       1  1.0           
    g147847/in_1                                                                   
    g147847/z                        (u)  unmapped_or2            1  1.0           
    g147830/in_0                                                                   
    g147830/z                        (u)  unmapped_complex2       2  2.0           
    g148981/in_0                                                                   
    g148981/z                        (u)  unmapped_nor2           1 52.4           
  cb_parti138744/hk_cyc_o 
core/hk_cyc_o 
hk_cyc_o                             <<<  interconnect                             
                                          out port                                 
(mgmt_core_wrapper.sd_line_24_675_1)      ext delay                                
- - - - - - - - - - - - - - - - - - - - - - - - - - - - - - - - - - - - - - - - - -
(clock myclock)                           capture                           4000 R 
                                          uncertainty                              
-----------------------------------------------------------------------------------
Cost Group   : 'C2O' (path_group 'C2O_nom')
Start-point  : core/cb_seqi/dbg_uart_address_reg[27]/clk
End-point    : hk_cyc_o

(u) : Net has unmapped pin(s).

The global mapper estimates a slack for this path of 3096ps.
 
Cost Group 'I2O' target slack:   109 ps
Target path end-point (Port: mgmt_core_wrapper/ser_tx)

                Pin                           Type        Fanout Load Arrival   
                                                                 (fF)   (ps)    
--------------------------------------------------------------------------------
(clock myclock)                      <<<  launch                            0 R 
(mgmt_core_wrapper.sd_line_18_205_1)      ext delay                             
debug_in                             (u)  in port              5  6.6           
core/debug_in 
  cb_parti138744/debug_in 
    g148661/in_0                                                                
    g148661/z                        (u)  unmapped_nand2       1  1.0           
    g148406/in_1                                                                
    g148406/z                        (u)  unmapped_nand2       1 52.4           
  cb_parti138744/serial_tx 
core/serial_tx 
ser_tx                               <<<  interconnect                          
                                          out port                              
(mgmt_core_wrapper.sd_line_24_684_1)      ext delay                             
- - - - - - - - - - - - - - - - - - - - - - - - - - - - - - - - - - - - - - - - 
(clock myclock)                           capture                        4000 R 
                                          uncertainty                           
--------------------------------------------------------------------------------
Cost Group   : 'I2O' (path_group 'I2O_nom')
Start-point  : debug_in
End-point    : ser_tx

(u) : Net has unmapped pin(s).

The global mapper estimates a slack for this path of 3596ps.
 
Cost Group 'I2C' target slack:   103 ps
Target path end-point (Pin: core/picorv32_decoded_rs1_reg[4]/d)

                Pin                            Type          Fanout Load Arrival   
                                                                    (fF)   (ps)    
-----------------------------------------------------------------------------------
(clock myclock)                      <<<  launch                               0 R 
(mgmt_core_wrapper.sd_line_18_131_1)      ext delay                                
mprj_ack_i                           (u)  in port                 1  1.1           
core/mprj_ack_i 
  cb_parti/mprj_ack_i 
    g138928/in_1                                                                   
    g138928/z                        (u)  unmapped_or2            1  1.1           
    g138924/in_1                                                                   
    g138924/z                        (u)  unmapped_or2            1  1.1           
    g138915/in_1                                                                   
    g138915/z                        (u)  unmapped_or2            1  1.1           
    g138901/in_0                                                                   
    g138901/z                        (u)  unmapped_complex2       1  1.1           
    g138899/in_0                                                                   
    g138899/z                        (u)  unmapped_or2            5  5.5           
  cb_parti/cb_seqi_g71523_z 
  cb_seqi/g71523_z 
    g194352/in_1                                                                   
    g194352/z                        (u)  unmapped_nand2          1  1.0           
    g193376/in_1                                                                   
    g193376/z                        (u)  unmapped_or2           69  9.0           
    g192068/in_1                                                                   
    g192068/z                        (u)  unmapped_nand2          1  1.1           
    g183865/in_1                                                                   
    g183865/z                        (u)  unmapped_nand2          3  3.0           
    g181686/in_1                                                                   
    g181686/z                        (u)  unmapped_complex2       1  1.1           
    g181176/in_0                                                                   
    g181176/z                        (u)  unmapped_complex2       2  2.2           
    g181139/in_0                                                                   
    g181139/z                        (u)  unmapped_or2            2  2.2           
    g181103/in_1                                                                   
    g181103/z                        (u)  unmapped_or2            2  2.2           
    g181090/in_0                                                                   
    g181090/z                        (u)  unmapped_or2            1  1.1           
    g181058/in_1                                                                   
    g181058/z                        (u)  unmapped_or2            1  1.1           
    g181036/in_1                                                                   
    g181036/z                        (u)  unmapped_or2            1  1.1           
    g181021/in_1                                                                   
    g181021/z                        (u)  unmapped_or2            1  1.1           
    g181000/in_1                                                                   
    g181000/z                        (u)  unmapped_or2            1  1.1           
    g180936/in_0                                                                   
    g180936/z                        (u)  unmapped_complex2       2  2.2           
    g180862/in_0                                                                   
    g180862/z                        (u)  unmapped_or2            1  1.1           
    g180802/in_1                                                                   
    g180802/z                        (u)  unmapped_or2            2  2.2           
    g180789/in_1                                                                   
    g180789/z                        (u)  unmapped_complex2       2  2.2           
    g180760/in_0                                                                   
    g180760/z                        (u)  unmapped_complex2       5  5.0           
    g180727/in_0                                                                   
    g180727/z                        (u)  unmapped_complex2       1  1.0           
    g180721/in_1                                                                   
    g180721/z                        (u)  unmapped_nand2          1  1.1           
    picorv32_decoded_rs1_reg[4]/d    <<<  unmapped_d_flop                          
    picorv32_decoded_rs1_reg[4]/clk       setup                                    
- - - - - - - - - - - - - - - - - - - - - - - - - - - - - - - - - - - - - - - - - -
(clock myclock)                           capture                           4000 R 
                                          uncertainty                              
-----------------------------------------------------------------------------------
Cost Group   : 'I2C' (path_group 'I2C_nom')
Start-point  : mprj_ack_i
End-point    : core/cb_seqi/picorv32_decoded_rs1_reg[4]/d

(u) : Net has unmapped pin(s).

The global mapper estimates a slack for this path of 3369ps.
 
Cost Group 'C2C' target slack:   105 ps
Target path end-point (Pin: core/picorv32_reg_out_reg[31]/d)

               Pin                            Type          Fanout Load Arrival   
                                                                   (fF)   (ps)    
----------------------------------------------------------------------------------
(clock myclock)                     <<<  launch                               0 R 
core
  cb_seqi
    picorv32_decoded_imm_reg[2]/clk                                               
    picorv32_decoded_imm_reg[2]/q   (u)  unmapped_d_flop         7  7.0           
  cb_seqi/picorv32_add_1864_26_B[2] 
  picorv32_add_1801_23/B[0] 
    g2/in_1                                                                       
    g2/z                            (u)  unmapped_nand2          3  3.3           
    g1427/in_0                                                                    
    g1427/z                         (u)  unmapped_complex2       1  1.1           
    g1422/in_0                                                                    
    g1422/z                         (u)  unmapped_nand2          3  3.0           
    g1418/in_1                                                                    
    g1418/z                         (u)  unmapped_nand2          1  1.1           
    g1413/in_0                                                                    
    g1413/z                         (u)  unmapped_nand2          3  3.0           
    g1407/in_1                                                                    
    g1407/z                         (u)  unmapped_nand2          1  1.1           
    g1405/in_0                                                                    
    g1405/z                         (u)  unmapped_nand2          3  3.0           
    g1401/in_1                                                                    
    g1401/z                         (u)  unmapped_nand2          1  1.1           
    g1400/in_1                                                                    
    g1400/z                         (u)  unmapped_nand2          3  3.0           
    g1396/in_0                                                                    
    g1396/z                         (u)  unmapped_nand2          1  1.1           
    g1395/in_0                                                                    
    g1395/z                         (u)  unmapped_nand2          3  3.0           
    g1391/in_1                                                                    
    g1391/z                         (u)  unmapped_nand2          1  1.1           
    g1390/in_0                                                                    
    g1390/z                         (u)  unmapped_nand2          3  3.0           
    g1389/in_1                                                                    
    g1389/z                         (u)  unmapped_nand2          1  1.1           
    g1385/in_0                                                                    
    g1385/z                         (u)  unmapped_nand2          4  4.0           
    g1380/in_0                                                                    
    g1380/z                         (u)  unmapped_complex2       1  1.1           
    g1378/in_0                                                                    
    g1378/z                         (u)  unmapped_complex2       3  3.0           
    g1371/in_1                                                                    
    g1371/z                         (u)  unmapped_nand2          1  1.1           
    g1370/in_1                                                                    
    g1370/z                         (u)  unmapped_nand2          3  3.0           
    g1369/in_0                                                                    
    g1369/z                         (u)  unmapped_nand2          1  1.1           
    g1365/in_0                                                                    
    g1365/z                         (u)  unmapped_nand2          4  4.0           
    g1364/in_0                                                                    
    g1364/z                         (u)  unmapped_complex2       1  1.1           
    g1359/in_0                                                                    
    g1359/z                         (u)  unmapped_complex2       3  3.0           
    g1351/in_1                                                                    
    g1351/z                         (u)  unmapped_nand2          1  1.1           
    g1350/in_1                                                                    
    g1350/z                         (u)  unmapped_nand2          3  3.0           
    g1349/in_0                                                                    
    g1349/z                         (u)  unmapped_nand2          1  1.1           
    g1345/in_0                                                                    
    g1345/z                         (u)  unmapped_nand2          4  4.0           
    g1339/in_0                                                                    
    g1339/z                         (u)  unmapped_complex2       2  2.2           
    g1527/in_1                                                                    
    g1527/z                         (u)  unmapped_or2            1  1.1           
    g1528/in_1                                                                    
    g1528/z                         (u)  unmapped_complex2       4  4.0           
    g1529/in_1                                                                    
    g1529/z                         (u)  unmapped_complex2       1  1.1           
    g1530/in_1                                                                    
    g1530/z                         (u)  unmapped_complex2       3  3.0           
    g1311/in_1                                                                    
    g1311/z                         (u)  unmapped_nand2          1  1.1           
    g1310/in_1                                                                    
    g1310/z                         (u)  unmapped_nand2          3  3.0           
    g1306/in_0                                                                    
    g1306/z                         (u)  unmapped_nand2          1  1.1           
    g1305/in_1                                                                    
    g1305/z                         (u)  unmapped_nand2          3  3.0           
    g1300/in_1                                                                    
    g1300/z                         (u)  unmapped_nand2          2  2.2           
    g1531/in_0                                                                    
    g1531/z                         (u)  unmapped_complex2       1  1.1           
    g1532/in_1                                                                    
    g1532/z                         (u)  unmapped_complex2       3  3.0           
    g1291/in_1                                                                    
    g1291/z                         (u)  unmapped_nand2          1  1.1           
    g1290/in_1                                                                    
    g1290/z                         (u)  unmapped_nand2          3  3.0           
    g1286/in_0                                                                    
    g1286/z                         (u)  unmapped_nand2          1  1.1           
    g1285/in_1                                                                    
    g1285/z                         (u)  unmapped_nand2          3  3.0           
    g1281/in_1                                                                    
    g1281/z                         (u)  unmapped_nand2          1  1.1           
    g1280/in_1                                                                    
    g1280/z                         (u)  unmapped_nand2          2  2.0           
    g1278/in_0                                                                    
    g1278/z                         (u)  unmapped_or2            1  1.0           
    g1279/in_1                                                                    
    g1279/z                         (u)  unmapped_nand2          1  1.1           
  picorv32_add_1801_23/Z[29] 
  cb_seqi/picorv32_add_1801_23_Z[29] 
    g188281/in_1                                                                  
    g188281/z                       (u)  unmapped_complex2       1  1.0           
    g186597/in_1                                                                  
    g186597/z                       (u)  unmapped_nand2          1  1.1           
    g181365/in_0                                                                  
    g181365/z                       (u)  unmapped_or2            1  1.1           
    g181182/in_1                                                                  
    g181182/z                       (u)  unmapped_or2            1  1.1           
    picorv32_reg_out_reg[31]/d      <<<  unmapped_d_flop                          
    picorv32_reg_out_reg[31]/clk         setup                                    
- - - - - - - - - - - - - - - - - - - - - - - - - - - - - - - - - - - - - - - - - 
(clock myclock)                          capture                           4000 R 
                                         uncertainty                              
----------------------------------------------------------------------------------
Cost Group   : 'C2C' (path_group 'C2C_nom')
Start-point  : core/cb_seqi/picorv32_decoded_imm_reg[2]/clk
End-point    : core/cb_seqi/picorv32_reg_out_reg[31]/d

(u) : Net has unmapped pin(s).

The global mapper estimates a slack for this path of 2669ps.
 
Multi-threaded Technology Mapping (2 threads per ST process, 2 of 24 CPUs usable)
        Distributing super-thread jobs: cb_seq
          Sending 'cb_seq' to server 'localhost_1_1'...
            Sent 'cb_seq' to server 'localhost_1_1'.
          Received 'cb_seq' from server 'localhost_1_1'. (15520 ms elapsed)
          Restructuring (delay-based) cb_seq...
          Done restructuring (delay-based) cb_seq
        Optimizing component cb_seq...
        Distributing super-thread jobs: shift_left_vlog_unsigned_604 add_unsigned_1894 increment_unsigned_770
          Sending 'shift_left_vlog_unsigned_604' to server 'localhost_1_1'...
            Sent 'shift_left_vlog_unsigned_604' to server 'localhost_1_1'.
          Sending 'add_unsigned_1894' to server 'localhost_1_0'...
            Sent 'add_unsigned_1894' to server 'localhost_1_0'.
          Received 'shift_left_vlog_unsigned_604' from server 'localhost_1_1'. (527 ms elapsed)
          Sending 'increment_unsigned_770' to server 'localhost_1_1'...
            Sent 'increment_unsigned_770' to server 'localhost_1_1'.
          Received 'increment_unsigned_770' from server 'localhost_1_1'. (284 ms elapsed)
          Received 'add_unsigned_1894' from server 'localhost_1_0'. (1316 ms elapsed)
          Restructuring (delay-based) decrement_unsigned_2491_3994...
          Done restructuring (delay-based) decrement_unsigned_2491_3994
        Optimizing component decrement_unsigned_2491_3994...
        Early Area Reclamation for decrement_unsigned_2491_3994 'very_fast' (slack=2218, area=104)...
                  			o_slack=2218,  bc_slack=0
          Restructuring (delay-based) decrement_unsigned...
          Done restructuring (delay-based) decrement_unsigned
        Optimizing component decrement_unsigned...
          Restructuring (delay-based) decrement_unsigned...
          Done restructuring (delay-based) decrement_unsigned
        Optimizing component decrement_unsigned...
          Restructuring (delay-based) increment_unsigned_2490_4003...
          Done restructuring (delay-based) increment_unsigned_2490_4003
        Optimizing component increment_unsigned_2490_4003...
        Early Area Reclamation for increment_unsigned_2490_4003 'very_fast' (slack=2239, area=108)...
                  			o_slack=2239,  bc_slack=0
          Restructuring (delay-based) increment_unsigned...
          Done restructuring (delay-based) increment_unsigned
        Optimizing component increment_unsigned...
          Restructuring (delay-based) increment_unsigned...
          Done restructuring (delay-based) increment_unsigned
        Optimizing component increment_unsigned...
          Restructuring (delay-based) shift_left_vlog_unsigned_604...
          Done restructuring (delay-based) shift_left_vlog_unsigned_604
        Optimizing component shift_left_vlog_unsigned_604...
        Pre-mapped Exploration for shift_left_vlog_unsigned_604 'very_fast' (slack=2685, area=337)...
                  			o_slack=2685,  bc_slack=0
          Restructuring (delay-based) shift_left_vlog_unsigned...
          Done restructuring (delay-based) shift_left_vlog_unsigned
        Optimizing component shift_left_vlog_unsigned...
        Early Area Reclamation for shift_left_vlog_unsigned_604 'very_fast' (slack=2685, area=337)...
                  			o_slack=2685,  bc_slack=0
          Restructuring (delay-based) shift_left_vlog_unsigned...
          Done restructuring (delay-based) shift_left_vlog_unsigned
        Optimizing component shift_left_vlog_unsigned...
          Restructuring (delay-based) add_unsigned_1894...
          Done restructuring (delay-based) add_unsigned_1894
        Optimizing component add_unsigned_1894...
        Early Area Reclamation for add_unsigned_1894 'very_fast' (slack=1799, area=221)...
                  			o_slack=1799,  bc_slack=0
          Restructuring (delay-based) add_unsigned...
          Done restructuring (delay-based) add_unsigned
        Optimizing component add_unsigned...
          Restructuring (delay-based) add_unsigned...
          Done restructuring (delay-based) add_unsigned
        Optimizing component add_unsigned...
          Restructuring (delay-based) increment_unsigned_770...
          Done restructuring (delay-based) increment_unsigned_770
        Optimizing component increment_unsigned_770...
        Early Area Reclamation for increment_unsigned_770 'very_fast' (slack=2159, area=121)...
                  			o_slack=2159,  bc_slack=0
          Restructuring (delay-based) increment_unsigned...
          Done restructuring (delay-based) increment_unsigned
        Optimizing component increment_unsigned...
          Restructuring (delay-based) increment_unsigned...
          Done restructuring (delay-based) increment_unsigned
        Optimizing component increment_unsigned...
        Distributing super-thread jobs: cb_part_8138
          Sending 'cb_part_8138' to server 'localhost_1_1'...
            Sent 'cb_part_8138' to server 'localhost_1_1'.
          Received 'cb_part_8138' from server 'localhost_1_1'. (2174 ms elapsed)
          Restructuring (delay-based) cb_part_8138...
          Done restructuring (delay-based) cb_part_8138
        Optimizing component cb_part_8138...
        Distributing super-thread jobs: cmux cmux_1888 addsub_unsigned_871 add_unsigned_59_11 add_unsigned_1893 increment_unsigned_1373_1375 increment_unsigned_1371_4008 add_unsigned_332 add_unsigned_2839
          Sending 'cmux' to server 'localhost_1_1'...
            Sent 'cmux' to server 'localhost_1_1'.
          Sending 'cmux_1888' to server 'localhost_1_0'...
            Sent 'cmux_1888' to server 'localhost_1_0'.
          Received 'cmux_1888' from server 'localhost_1_0'. (951 ms elapsed)
          Sending 'addsub_unsigned_871' to server 'localhost_1_0'...
            Sent 'addsub_unsigned_871' to server 'localhost_1_0'.
          Received 'cmux' from server 'localhost_1_1'. (1024 ms elapsed)
          Sending 'add_unsigned_59_11' to server 'localhost_1_1'...
            Sent 'add_unsigned_59_11' to server 'localhost_1_1'.
          Received 'add_unsigned_59_11' from server 'localhost_1_1'. (542 ms elapsed)
          Sending 'add_unsigned_1893' to server 'localhost_1_1'...
            Sent 'add_unsigned_1893' to server 'localhost_1_1'.
          Received 'addsub_unsigned_871' from server 'localhost_1_0'. (759 ms elapsed)
          Sending 'increment_unsigned_1373_1375' to server 'localhost_1_0'...
            Sent 'increment_unsigned_1373_1375' to server 'localhost_1_0'.
          Received 'increment_unsigned_1373_1375' from server 'localhost_1_0'. (315 ms elapsed)
          Sending 'increment_unsigned_1371_4008' to server 'localhost_1_0'...
            Sent 'increment_unsigned_1371_4008' to server 'localhost_1_0'.
          Received 'increment_unsigned_1371_4008' from server 'localhost_1_0'. (288 ms elapsed)
          Sending 'add_unsigned_332' to server 'localhost_1_0'...
            Sent 'add_unsigned_332' to server 'localhost_1_0'.
          Received 'add_unsigned_1893' from server 'localhost_1_1'. (887 ms elapsed)
          Sending 'add_unsigned_2839' to server 'localhost_1_1'...
            Sent 'add_unsigned_2839' to server 'localhost_1_1'.
          Received 'add_unsigned_332' from server 'localhost_1_0'. (311 ms elapsed)
          Received 'add_unsigned_2839' from server 'localhost_1_1'. (370 ms elapsed)
          Restructuring (delay-based) add_unsigned_2853...
          Done restructuring (delay-based) add_unsigned_2853
        Optimizing component add_unsigned_2853...
        Early Area Reclamation for add_unsigned_2853 'very_fast' (slack=2458, area=93)...
                  			o_slack=2458,  bc_slack=0
          Restructuring (delay-based) add_unsigned...
          Done restructuring (delay-based) add_unsigned
        Optimizing component add_unsigned...
          Restructuring (delay-based) add_unsigned...
          Done restructuring (delay-based) add_unsigned
        Optimizing component add_unsigned...
          Restructuring (delay-based) cmux...
          Done restructuring (delay-based) cmux
        Optimizing component cmux...
          Restructuring (delay-based) cmux_1888...
          Done restructuring (delay-based) cmux_1888
        Optimizing component cmux_1888...
          Restructuring (delay-based) addsub_unsigned_871...
          Done restructuring (delay-based) addsub_unsigned_871
        Optimizing component addsub_unsigned_871...
        Early Area Reclamation for addsub_unsigned_871 'very_fast' (slack=1644, area=317)...
                  			o_slack=1644,  bc_slack=0
          Restructuring (delay-based) addsub_unsigned...
          Done restructuring (delay-based) addsub_unsigned
        Optimizing component addsub_unsigned...
          Restructuring (delay-based) addsub_unsigned...
          Done restructuring (delay-based) addsub_unsigned
        Optimizing component addsub_unsigned...
          Restructuring (delay-based) add_unsigned_59_11...
          Done restructuring (delay-based) add_unsigned_59_11
        Optimizing component add_unsigned_59_11...
        Early Area Reclamation for add_unsigned_59_11 'very_fast' (slack=1607, area=175)...
                  			o_slack=1607,  bc_slack=0
          Restructuring (delay-based) add_unsigned...
          Done restructuring (delay-based) add_unsigned
        Optimizing component add_unsigned...
          Restructuring (delay-based) add_unsigned...
          Done restructuring (delay-based) add_unsigned
        Optimizing component add_unsigned...
          Restructuring (delay-based) add_unsigned_1893...
          Done restructuring (delay-based) add_unsigned_1893
        Optimizing component add_unsigned_1893...
        Early Area Reclamation for add_unsigned_1893 'very_fast' (slack=1704, area=158)...
                  			o_slack=1704,  bc_slack=0
          Restructuring (delay-based) add_unsigned...
          Done restructuring (delay-based) add_unsigned
        Optimizing component add_unsigned...
          Restructuring (delay-based) add_unsigned...
          Done restructuring (delay-based) add_unsigned
        Optimizing component add_unsigned...
          Restructuring (delay-based) increment_unsigned_1373_1375...
          Done restructuring (delay-based) increment_unsigned_1373_1375
        Optimizing component increment_unsigned_1373_1375...
        Early Area Reclamation for increment_unsigned_1373_1375 'very_fast' (slack=2147, area=116)...
                  			o_slack=2147,  bc_slack=0
          Restructuring (delay-based) increment_unsigned...
          Done restructuring (delay-based) increment_unsigned
        Optimizing component increment_unsigned...
          Restructuring (delay-based) increment_unsigned...
          Done restructuring (delay-based) increment_unsigned
        Optimizing component increment_unsigned...
          Restructuring (delay-based) increment_unsigned_1371_4008...
          Done restructuring (delay-based) increment_unsigned_1371_4008
        Optimizing component increment_unsigned_1371_4008...
        Early Area Reclamation for increment_unsigned_1371_4008 'very_fast' (slack=2245, area=112)...
                  			o_slack=2245,  bc_slack=0
          Restructuring (delay-based) increment_unsigned...
          Done restructuring (delay-based) increment_unsigned
        Optimizing component increment_unsigned...
          Restructuring (delay-based) increment_unsigned...
          Done restructuring (delay-based) increment_unsigned
        Optimizing component increment_unsigned...
          Restructuring (delay-based) add_unsigned_332...
          Done restructuring (delay-based) add_unsigned_332
        Optimizing component add_unsigned_332...
        Early Area Reclamation for add_unsigned_332 'very_fast' (slack=2147, area=108)...
                  			o_slack=2147,  bc_slack=0
          Restructuring (delay-based) add_unsigned...
          Done restructuring (delay-based) add_unsigned
        Optimizing component add_unsigned...
          Restructuring (delay-based) add_unsigned...
          Done restructuring (delay-based) add_unsigned
        Optimizing component add_unsigned...
          Restructuring (delay-based) add_unsigned_2839...
          Done restructuring (delay-based) add_unsigned_2839
        Optimizing component add_unsigned_2839...
        Early Area Reclamation for add_unsigned_2839 'very_fast' (slack=2268, area=109)...
                  			o_slack=2268,  bc_slack=0
          Restructuring (delay-based) add_unsigned...
          Done restructuring (delay-based) add_unsigned
        Optimizing component add_unsigned...
          Restructuring (delay-based) add_unsigned...
          Done restructuring (delay-based) add_unsigned
        Optimizing component add_unsigned...
          Restructuring (delay-based) cdec...
          Done restructuring (delay-based) cdec
        Optimizing component cdec...
          Restructuring (delay-based) cdec_1890...
          Done restructuring (delay-based) cdec_1890
        Optimizing component cdec_1890...
          Restructuring (delay-based) logic partition in mgmt_core...
          Done restructuring (delay-based) logic partition in mgmt_core
        Optimizing logic partition in mgmt_core...
 
Global mapping timing result
============================
        Computing net loads.
        Tracing clock networks.
        Levelizing the circuit.
        Computing delays.
        Computing arrivals and requireds.
                Pin                          Type       Fanout Load Slew Delay Arrival   
                                                               (fF) (ps)  (ps)   (ps)    
-----------------------------------------------------------------------------------------
(clock myclock)                           launch                                     0 R 
(mgmt_core_wrapper.sd_line_18_205_1)      ext delay                       +100     100 R 
debug_in                                  in port            4  7.9   15    +0     100 R 
core/debug_in 
  cb_parti138744/debug_in 
    g160395/S0                                                              +0     100   
    g160395/Y                             CLKMX2X4           1 52.4  108  +107     207 F 
  cb_parti138744/serial_tx 
core/serial_tx 
ser_tx                               <<<  interconnect               108    +0     207 F 
                                          out port                          +0     207 F 
(mgmt_core_wrapper.sd_line_24_684_1)      ext delay                       +200     407 F 
- - - - - - - - - - - - - - - - - - - - - - - - - - - - - - - - - - - - - - - - - - - - -
(clock myclock)                           capture                                 4000 R 
                                          uncertainty                      -20    3980 R 
-----------------------------------------------------------------------------------------
Cost Group   : 'I2O' (path_group 'I2O_nom')
Timing slack :    3573ps 
Start-point  : debug_in
End-point    : ser_tx

                Pin                          Type       Fanout Load Slew Delay Arrival   
                                                               (fF) (ps)  (ps)   (ps)    
-----------------------------------------------------------------------------------------
(clock myclock)                           launch                                     0 R 
core
  cb_seqi
    grant_reg/CK                                                       0    +0       0 R 
    grant_reg/Q                           DFFHQX1            9 17.8  122  +107     107 R 
  cb_seqi/g71570_in_0 
  cb_parti138744/cb_seqi_g71570_in_0 
    g160999/A                                                               +0     107   
    g160999/Y                             BUFX6              6 12.9   23   +50     157 R 
    g160998/A                                                               +0     157   
    g160998/Y                             BUFX6              6 12.8   20   +30     187 R 
    g160531/S0                                                              +0     187   
    g160531/Y                             CLKMX2X6           5 59.4   92  +108     295 F 
    g160388/A                                                               +0     295   
    g160388/Y                             CLKINVX3           2  4.4   28   +29     324 R 
    g160126/B                                                               +0     324   
    g160126/Y                             AND3XL             2  4.4   54   +64     387 R 
    g159980/D                                                               +0     387   
    g159980/Y                             AND4X1             1  2.9   28   +68     456 R 
    g159944/B                                                               +0     456   
    g159944/Y                             NAND2X1            2  6.5   91   +60     516 F 
    g159922/B                                                               +0     516   
    g159922/Y                             NOR2X6             1 52.4  132   +89     605 R 
  cb_parti138744/hk_cyc_o 
core/hk_cyc_o 
hk_cyc_o                             <<<  interconnect               132    +0     605 R 
                                          out port                          +0     605 R 
(mgmt_core_wrapper.sd_line_24_675_1)      ext delay                       +200     805 R 
- - - - - - - - - - - - - - - - - - - - - - - - - - - - - - - - - - - - - - - - - - - - -
(clock myclock)                           capture                                 4000 R 
                                          uncertainty                      -20    3980 R 
-----------------------------------------------------------------------------------------
Cost Group   : 'C2O' (path_group 'C2O_nom')
Timing slack :    3175ps 
Start-point  : core/cb_seqi/grant_reg/CK
End-point    : hk_cyc_o

                Pin                         Type       Fanout Load Slew Delay Arrival   
                                                              (fF) (ps)  (ps)   (ps)    
----------------------------------------------------------------------------------------
(clock myclock)                           launch                                    0 R 
(mgmt_core_wrapper.sd_line_18_196_1)      ext delay                      +100     100 F 
hk_ack_i                                  in port           1  2.9   15    +0     100 F 
core/hk_ack_i 
  cb_parti/hk_ack_i 
    g139171/A                                                              +0     100   
    g139171/Y                             NOR3X1            1  2.7   66   +50     150 R 
    g139160/C                                                              +0     150   
    g139160/Y                             NAND4BBXL         1  2.7  128   +98     248 F 
    g139156/A                                                              +0     248   
    g139156/Y                             OR2X1             5  8.7   61   +78     326 F 
  cb_parti/cb_seqi_g71523_z 
  cb_seqi/g71523_z 
    g249255/B                                                              +0     326   
    g249255/Y                             NAND2X1           1  2.9   33   +34     359 R 
    g248922/B                                                              +0     359   
    g248922/Y                             OR2X4            33 61.8  111   +86     445 R 
    g244401/S0                                                             +0     445   
    g244401/Y                             MXI2X1            3  6.3  102   +88     533 F 
    g242461/B                                                              +0     533   
    g242461/Y                             NOR3BX1           2  4.2  100   +89     621 R 
    g242395/A                                                              +0     621   
    g242395/Y                             AND2X1            2  4.4   34   +56     677 R 
    g242366/AN                                                             +0     677   
    g242366/Y                             NOR2BX1           2  4.4   70   +54     731 R 
    g242262/D                                                              +0     731   
    g242262/Y                             NAND4XL           1  2.6  122   +93     824 F 
    g242193/D                                                              +0     824   
    g242193/Y                             OR4X1             2  4.4   39   +89     913 F 
    g242166/C                                                              +0     913   
    g242166/Y                             NOR3BX1           2  4.2   98   +66     980 R 
    g242133/A                                                              +0     980   
    g242133/Y                             AND2X1            2  4.4   34   +55    1035 R 
    g242072/B                                                              +0    1035   
    g242072/Y                             NOR2X1            5  8.6   79   +46    1081 F 
    g242022/A1                                                             +0    1081   
    g242022/Y                             AO22X1            1  2.7   22   +60    1140 F 
    picorv32_decoded_rs1_reg[1]/D    <<<  DFFQX2                           +0    1140   
    picorv32_decoded_rs1_reg[1]/CK        setup                       0   +18    1158 R 
- - - - - - - - - - - - - - - - - - - - - - - - - - - - - - - - - - - - - - - - - - - - 
(clock myclock)                           capture                                4000 R 
                                          uncertainty                     -20    3980 R 
----------------------------------------------------------------------------------------
Cost Group   : 'I2C' (path_group 'I2C_nom')
Timing slack :    2822ps 
Start-point  : hk_ack_i
End-point    : core/cb_seqi/picorv32_decoded_rs1_reg[1]/D

                         Pin                                  Type       Fanout Load Slew Delay Arrival   
                                                                                (fF) (ps)  (ps)   (ps)    
----------------------------------------------------------------------------------------------------------
(clock myclock)                                             launch                                    0 R 
core
  cb_parti
    picorv32_is_lui_auipc_jal_jalr_addi_add_sub_reg/CK                                  0    +0       0 R 
    picorv32_is_lui_auipc_jal_jalr_addi_add_sub_reg/Q       DFFQX4           33 56.2  100  +106     106 R 
    g139147/B                                                                                +0     106   
    g139147/Y                                               AND2X1            2  8.5   61   +72     178 R 
  cb_parti/picorv32_sub_1235_38_Y_picorv32_add_1235_58_AS 
  picorv32_sub_1235_38_Y_picorv32_add_1235_58/AS 
    g1023/A                                                                                  +0     178   
    g1023/Y                                                 CLKINVX8         32 54.7   65   +46     224 F 
    g991/B                                                                                   +0     224   
    g991/Y                                                  XNOR2X1           1  3.1   25   +50     273 F 
    g989/CI                                                                                  +0     273   
    g989/CO                                                 ADDFX1            1  3.1   28   +55     328 F 
    g988/CI                                                                                  +0     328   
    g988/CO                                                 ADDFX1            1  3.1   28   +55     384 F 
    g987/CI                                                                                  +0     384   
    g987/CO                                                 ADDFX1            1  3.1   28   +55     439 F 
    g986/CI                                                                                  +0     439   
    g986/CO                                                 ADDFX1            1  3.1   28   +55     494 F 
    g985/CI                                                                                  +0     494   
    g985/CO                                                 ADDFX1            1  3.1   28   +55     549 F 
    g984/CI                                                                                  +0     549   
    g984/CO                                                 ADDFX1            1  3.1   28   +55     605 F 
    g983/CI                                                                                  +0     605   
    g983/CO                                                 ADDFX1            1  3.1   28   +55     660 F 
    g982/CI                                                                                  +0     660   
    g982/CO                                                 ADDFX1            1  3.1   28   +55     715 F 
    g981/CI                                                                                  +0     715   
    g981/CO                                                 ADDFX1            1  3.1   28   +55     771 F 
    g980/CI                                                                                  +0     771   
    g980/CO                                                 ADDFX1            1  3.1   28   +55     826 F 
    g979/CI                                                                                  +0     826   
    g979/CO                                                 ADDFX1            1  3.1   28   +55     881 F 
    g978/CI                                                                                  +0     881   
    g978/CO                                                 ADDFX1            1  3.1   28   +55     936 F 
    g977/CI                                                                                  +0     936   
    g977/CO                                                 ADDFX1            1  3.1   28   +55     992 F 
    g976/CI                                                                                  +0     992   
    g976/CO                                                 ADDFX1            1  3.1   28   +55    1047 F 
    g975/CI                                                                                  +0    1047   
    g975/CO                                                 ADDFX1            1  3.1   28   +55    1102 F 
    g974/CI                                                                                  +0    1102   
    g974/CO                                                 ADDFX1            1  3.1   28   +55    1158 F 
    g973/CI                                                                                  +0    1158   
    g973/CO                                                 ADDFX1            1  3.1   28   +55    1213 F 
    g972/CI                                                                                  +0    1213   
    g972/CO                                                 ADDFX1            1  3.1   28   +55    1268 F 
    g971/CI                                                                                  +0    1268   
    g971/CO                                                 ADDFX1            1  3.1   28   +55    1324 F 
    g970/CI                                                                                  +0    1324   
    g970/CO                                                 ADDFX1            1  3.1   28   +55    1379 F 
    g969/CI                                                                                  +0    1379   
    g969/CO                                                 ADDFX1            1  3.1   28   +55    1434 F 
    g968/CI                                                                                  +0    1434   
    g968/CO                                                 ADDFX1            1  3.1   28   +55    1490 F 
    g967/CI                                                                                  +0    1490   
    g967/CO                                                 ADDFX1            1  3.1   28   +55    1545 F 
    g966/CI                                                                                  +0    1545   
    g966/CO                                                 ADDFX1            1  3.1   28   +55    1600 F 
    g965/CI                                                                                  +0    1600   
    g965/CO                                                 ADDFX1            1  3.1   28   +55    1655 F 
    g964/CI                                                                                  +0    1655   
    g964/CO                                                 ADDFX1            1  3.1   28   +55    1711 F 
    g963/CI                                                                                  +0    1711   
    g963/CO                                                 ADDFX1            1  3.1   28   +55    1766 F 
    g962/CI                                                                                  +0    1766   
    g962/CO                                                 ADDFX1            1  3.1   28   +55    1821 F 
    g961/CI                                                                                  +0    1821   
    g961/CO                                                 ADDFX1            1  3.1   28   +55    1877 F 
    g960/CI                                                                                  +0    1877   
    g960/CO                                                 ADDFX1            1  3.1   28   +55    1932 F 
    g959/CI                                                                                  +0    1932   
    g959/CO                                                 ADDFX1            1  2.9   26   +55    1986 F 
    g958/B                                                                                   +0    1986   
    g958/Y                                                  XNOR2X1           1  2.8   23   +42    2028 F 
  picorv32_sub_1235_38_Y_picorv32_add_1235_58/Z[31] 
  cb_seqi/picorv32_sub_1235_38_Y_picorv32_add_1235_58_Z[13] 
    g248555/B1                                                                               +0    2028   
    g248555/Y                                               AOI32X1           1  2.9   66   +41    2069 R 
    g247779/C0                                                                               +0    2069   
    g247779/Y                                               OAI211X1          1  2.8   74   +66    2135 F 
    picorv32_alu_out_q_reg[31]/D                       <<<  DFFHQX1                          +0    2135   
    picorv32_alu_out_q_reg[31]/CK                           setup                       0   +25    2160 R 
- - - - - - - - - - - - - - - - - - - - - - - - - - - - - - - - - - - - - - - - - - - - - - - - - - - - - 
(clock myclock)                                             capture                                4000 R 
                                                            uncertainty                     -20    3980 R 
----------------------------------------------------------------------------------------------------------
Cost Group   : 'C2C' (path_group 'C2C_nom')
Timing slack :    1820ps 
Start-point  : core/cb_parti/picorv32_is_lui_auipc_jal_jalr_addi_add_sub_reg/CK
End-point    : core/cb_seqi/picorv32_alu_out_q_reg[31]/D

 
 
Global mapping status
=====================
                                   Group   
                                  Tot Wrst 
                           Total  Weighted 
Operation                   Area   Slacks  
 global_map               270475        0 

    Cost Group            Target    Slack    Diff.  Constr.
-----------------------------------------------------------
           C2C               105     1820              4000 
           C2O               112     3175              4000 
           I2C               103     2822              4000 
           I2O               109     3573              4000 

 
Global incremental target info
==============================
Cost Group 'C2O' target slack:    74 ps
Target path end-point (Port: mgmt_core_wrapper/hk_cyc_o)

                Pin                          Type       Fanout Load Arrival   
                                                               (fF)   (ps)    
------------------------------------------------------------------------------
(clock myclock)                      <<<  launch                          0 R 
core
  cb_seqi
    grant_reg/CK                                                              
    grant_reg/Q                           DFFHQX1            9 17.8           
  cb_seqi/g71570_in_0 
  cb_parti138744/cb_seqi_g71570_in_0 
    g160999/A                                                                 
    g160999/Y                             BUFX6              6 12.9           
    g160998/A                                                                 
    g160998/Y                             BUFX6              6 12.8           
    g160531/S0                                                                
    g160531/Y                             CLKMX2X6           5 59.4           
    g160388/A                                                                 
    g160388/Y                             CLKINVX3           2  4.4           
    g160126/B                                                                 
    g160126/Y                             AND3XL             2  4.4           
    g159980/D                                                                 
    g159980/Y                             AND4X1             1  2.9           
    g159944/B                                                                 
    g159944/Y                             NAND2X1            2  6.5           
    g159922/B                                                                 
    g159922/Y                             NOR2X6             1 52.4           
  cb_parti138744/hk_cyc_o 
core/hk_cyc_o 
hk_cyc_o                             <<<  interconnect                        
                                          out port                            
(mgmt_core_wrapper.sd_line_24_675_1)      ext delay                           
- - - - - - - - - - - - - - - - - - - - - - - - - - - - - - - - - - - - - - - 
(clock myclock)                           capture                      4000 R 
                                          uncertainty                         
------------------------------------------------------------------------------
Cost Group   : 'C2O' (path_group 'C2O_nom')
Start-point  : core/cb_seqi/grant_reg/CK
End-point    : hk_cyc_o

The global mapper estimates a slack for this path of 2806ps.
 
Cost Group 'I2O' target slack:    72 ps
Target path end-point (Port: mgmt_core_wrapper/ser_tx)

                Pin                          Type       Fanout Load Arrival   
                                                               (fF)   (ps)    
------------------------------------------------------------------------------
(clock myclock)                      <<<  launch                          0 R 
(mgmt_core_wrapper.sd_line_18_205_1)      ext delay                           
debug_in                                  in port            4  7.9           
core/debug_in 
  cb_parti138744/debug_in 
    g160395/S0                                                                
    g160395/Y                             CLKMX2X4           1 52.4           
  cb_parti138744/serial_tx 
core/serial_tx 
ser_tx                               <<<  interconnect                        
                                          out port                            
(mgmt_core_wrapper.sd_line_24_684_1)      ext delay                           
- - - - - - - - - - - - - - - - - - - - - - - - - - - - - - - - - - - - - - - 
(clock myclock)                           capture                      4000 R 
                                          uncertainty                         
------------------------------------------------------------------------------
Cost Group   : 'I2O' (path_group 'I2O_nom')
Start-point  : debug_in
End-point    : ser_tx

The global mapper estimates a slack for this path of 3573ps.
 
Cost Group 'I2C' target slack:    70 ps
Target path end-point (Pin: core/picorv32_decoded_rs1_reg[4]/D (DFFQX2/D))

                Pin                         Type       Fanout Load Arrival   
                                                              (fF)   (ps)    
-----------------------------------------------------------------------------
(clock myclock)                      <<<  launch                         0 R 
(mgmt_core_wrapper.sd_line_18_196_1)      ext delay                          
hk_ack_i                                  in port           1  2.9           
core/hk_ack_i 
  cb_parti/hk_ack_i 
    g139171/A                                                                
    g139171/Y                             NOR3X1            1  2.7           
    g139160/C                                                                
    g139160/Y                             NAND4BBXL         1  2.7           
    g139156/A                                                                
    g139156/Y                             OR2X1             5  8.7           
  cb_parti/cb_seqi_g71523_z 
  cb_seqi/g71523_z 
    g249255/B                                                                
    g249255/Y                             NAND2X1           1  2.9           
    g248922/B                                                                
    g248922/Y                             OR2X4            33 61.8           
    g244401/S0                                                               
    g244401/Y                             MXI2X1            3  6.3           
    g242461/B                                                                
    g242461/Y                             NOR3BX1           2  4.2           
    g242395/A                                                                
    g242395/Y                             AND2X1            2  4.4           
    g242366/AN                                                               
    g242366/Y                             NOR2BX1           2  4.4           
    g242262/D                                                                
    g242262/Y                             NAND4XL           1  2.6           
    g242193/D                                                                
    g242193/Y                             OR4X1             2  4.4           
    g242166/C                                                                
    g242166/Y                             NOR3BX1           2  4.2           
    g242133/A                                                                
    g242133/Y                             AND2X1            2  4.4           
    g242072/B                                                                
    g242072/Y                             NOR2X1            5  8.6           
    g242002/A1                                                               
    g242002/Y                             AO22X1            1  2.7           
    picorv32_decoded_rs1_reg[4]/D    <<<  DFFQX2                             
    picorv32_decoded_rs1_reg[4]/CK        setup                              
- - - - - - - - - - - - - - - - - - - - - - - - - - - - - - - - - - - - - - -
(clock myclock)                           capture                     4000 R 
                                          uncertainty                        
-----------------------------------------------------------------------------
Cost Group   : 'I2C' (path_group 'I2C_nom')
Start-point  : hk_ack_i
End-point    : core/cb_seqi/picorv32_decoded_rs1_reg[4]/D

The global mapper estimates a slack for this path of 2822ps.
 
Cost Group 'C2C' target slack:    79 ps
Target path end-point (Pin: core/picorv32_alu_out_q_reg[31]/D (DFFHQX1/D))

                         Pin                                  Type       Fanout Load Arrival   
                                                                                (fF)   (ps)    
-----------------------------------------------------------------------------------------------
(clock myclock)                                        <<<  launch                         0 R 
core
  cb_parti
    picorv32_is_lui_auipc_jal_jalr_addi_add_sub_reg/CK                                         
    picorv32_is_lui_auipc_jal_jalr_addi_add_sub_reg/Q       DFFQX4           33 56.2           
    g139147/B                                                                                  
    g139147/Y                                               AND2X1            2  8.5           
  cb_parti/picorv32_sub_1235_38_Y_picorv32_add_1235_58_AS 
  picorv32_sub_1235_38_Y_picorv32_add_1235_58/AS 
    g1023/A                                                                                    
    g1023/Y                                                 CLKINVX8         32 54.7           
    g991/B                                                                                     
    g991/Y                                                  XNOR2X1           1  3.1           
    g989/CI                                                                                    
    g989/CO                                                 ADDFX1            1  3.1           
    g988/CI                                                                                    
    g988/CO                                                 ADDFX1            1  3.1           
    g987/CI                                                                                    
    g987/CO                                                 ADDFX1            1  3.1           
    g986/CI                                                                                    
    g986/CO                                                 ADDFX1            1  3.1           
    g985/CI                                                                                    
    g985/CO                                                 ADDFX1            1  3.1           
    g984/CI                                                                                    
    g984/CO                                                 ADDFX1            1  3.1           
    g983/CI                                                                                    
    g983/CO                                                 ADDFX1            1  3.1           
    g982/CI                                                                                    
    g982/CO                                                 ADDFX1            1  3.1           
    g981/CI                                                                                    
    g981/CO                                                 ADDFX1            1  3.1           
    g980/CI                                                                                    
    g980/CO                                                 ADDFX1            1  3.1           
    g979/CI                                                                                    
    g979/CO                                                 ADDFX1            1  3.1           
    g978/CI                                                                                    
    g978/CO                                                 ADDFX1            1  3.1           
    g977/CI                                                                                    
    g977/CO                                                 ADDFX1            1  3.1           
    g976/CI                                                                                    
    g976/CO                                                 ADDFX1            1  3.1           
    g975/CI                                                                                    
    g975/CO                                                 ADDFX1            1  3.1           
    g974/CI                                                                                    
    g974/CO                                                 ADDFX1            1  3.1           
    g973/CI                                                                                    
    g973/CO                                                 ADDFX1            1  3.1           
    g972/CI                                                                                    
    g972/CO                                                 ADDFX1            1  3.1           
    g971/CI                                                                                    
    g971/CO                                                 ADDFX1            1  3.1           
    g970/CI                                                                                    
    g970/CO                                                 ADDFX1            1  3.1           
    g969/CI                                                                                    
    g969/CO                                                 ADDFX1            1  3.1           
    g968/CI                                                                                    
    g968/CO                                                 ADDFX1            1  3.1           
    g967/CI                                                                                    
    g967/CO                                                 ADDFX1            1  3.1           
    g966/CI                                                                                    
    g966/CO                                                 ADDFX1            1  3.1           
    g965/CI                                                                                    
    g965/CO                                                 ADDFX1            1  3.1           
    g964/CI                                                                                    
    g964/CO                                                 ADDFX1            1  3.1           
    g963/CI                                                                                    
    g963/CO                                                 ADDFX1            1  3.1           
    g962/CI                                                                                    
    g962/CO                                                 ADDFX1            1  3.1           
    g961/CI                                                                                    
    g961/CO                                                 ADDFX1            1  3.1           
    g960/CI                                                                                    
    g960/CO                                                 ADDFX1            1  3.1           
    g959/CI                                                                                    
    g959/CO                                                 ADDFX1            1  2.9           
    g958/B                                                                                     
    g958/Y                                                  XNOR2X1           1  2.8           
  picorv32_sub_1235_38_Y_picorv32_add_1235_58/Z[31] 
  cb_seqi/picorv32_sub_1235_38_Y_picorv32_add_1235_58_Z[13] 
    g248555/B1                                                                                 
    g248555/Y                                               AOI32X1           1  2.9           
    g247779/C0                                                                                 
    g247779/Y                                               OAI211X1          1  2.8           
    picorv32_alu_out_q_reg[31]/D                       <<<  DFFHQX1                            
    picorv32_alu_out_q_reg[31]/CK                           setup                              
- - - - - - - - - - - - - - - - - - - - - - - - - - - - - - - - - - - - - - - - - - - - - - - -
(clock myclock)                                             capture                     4000 R 
                                                            uncertainty                        
-----------------------------------------------------------------------------------------------
Cost Group   : 'C2C' (path_group 'C2C_nom')
Start-point  : core/cb_parti/picorv32_is_lui_auipc_jal_jalr_addi_add_sub_reg/CK
End-point    : core/cb_seqi/picorv32_alu_out_q_reg[31]/D

The global mapper estimates a slack for this path of 1505ps.
 
              Distributing super-thread jobs: cb_seq
                Sending 'cb_seq' to server 'localhost_1_1'...
                  Sent 'cb_seq' to server 'localhost_1_1'.
                Received 'cb_seq' from server 'localhost_1_1'. (3776 ms elapsed)
              Distributing super-thread jobs: cb_part_8138 cmux cmux_1888
                Sending 'cb_part_8138' to server 'localhost_1_1'...
                  Sent 'cb_part_8138' to server 'localhost_1_1'.
                Sending 'cmux' to server 'localhost_1_0'...
                  Sent 'cmux' to server 'localhost_1_0'.
                Received 'cmux' from server 'localhost_1_0'. (201 ms elapsed)
                Sending 'cmux_1888' to server 'localhost_1_0'...
                  Sent 'cmux_1888' to server 'localhost_1_0'.
                Received 'cmux_1888' from server 'localhost_1_0'. (182 ms elapsed)
                Received 'cb_part_8138' from server 'localhost_1_1'. (685 ms elapsed)
 
Global incremental timing result
================================
        Computing net loads.
        Tracing clock networks.
        Levelizing the circuit.
        Computing delays.
        Computing arrivals and requireds.
                Pin                          Type       Fanout Load Slew Delay Arrival   
                                                               (fF) (ps)  (ps)   (ps)    
-----------------------------------------------------------------------------------------
(clock myclock)                           launch                                     0 R 
(mgmt_core_wrapper.sd_line_18_205_1)      ext delay                       +100     100 R 
debug_in                                  in port            4  7.9   15    +0     100 R 
core/debug_in 
  cb_parti138744/debug_in 
    g160395/S0                                                              +0     100   
    g160395/Y                             CLKMX2X4           1 52.4  108  +107     207 F 
  cb_parti138744/serial_tx 
core/serial_tx 
ser_tx                               <<<  interconnect               108    +0     207 F 
                                          out port                          +0     207 F 
(mgmt_core_wrapper.sd_line_24_684_1)      ext delay                       +200     407 F 
- - - - - - - - - - - - - - - - - - - - - - - - - - - - - - - - - - - - - - - - - - - - -
(clock myclock)                           capture                                 4000 R 
                                          uncertainty                      -20    3980 R 
-----------------------------------------------------------------------------------------
Cost Group   : 'I2O' (path_group 'I2O_nom')
Timing slack :    3573ps 
Start-point  : debug_in
End-point    : ser_tx

                Pin                          Type       Fanout Load Slew Delay Arrival   
                                                               (fF) (ps)  (ps)   (ps)    
-----------------------------------------------------------------------------------------
(clock myclock)                           launch                                     0 R 
core
  cb_seqi
    grant_reg/CK                                                       0    +0       0 R 
    grant_reg/Q                           DFFHQX1            9 16.4  109  +106     106 F 
  cb_seqi/g71570_in_0 
  cb_parti138744/cb_seqi_g71570_in_0 
    g160999/A                                                               +0     106   
    g160999/Y                             BUFX3             23 41.5  105   +92     198 F 
    g160531/S0                                                              +0     198   
    g160531/Y                             CLKMX2X4           5 58.5  121  +129     327 F 
    g160388/A                                                               +0     327   
    g160388/Y                             INVX1              2  4.4   53   +56     383 R 
    g160126/B                                                               +0     383   
    g160126/Y                             AND3XL             2  4.4   54   +68     451 R 
    g159980/D                                                               +0     451   
    g159980/Y                             AND4X1             1  2.9   28   +68     520 R 
    g159944/B                                                               +0     520   
    g159944/Y                             NAND2X1            2  6.5   93   +60     580 F 
    g159922/B                                                               +0     580   
    g159922/Y                             NOR2X6             1 52.4  132   +90     669 R 
  cb_parti138744/hk_cyc_o 
core/hk_cyc_o 
hk_cyc_o                             <<<  interconnect               132    +0     669 R 
                                          out port                          +0     669 R 
(mgmt_core_wrapper.sd_line_24_675_1)      ext delay                       +200     869 R 
- - - - - - - - - - - - - - - - - - - - - - - - - - - - - - - - - - - - - - - - - - - - -
(clock myclock)                           capture                                 4000 R 
                                          uncertainty                      -20    3980 R 
-----------------------------------------------------------------------------------------
Cost Group   : 'C2O' (path_group 'C2O_nom')
Timing slack :    3111ps 
Start-point  : core/cb_seqi/grant_reg/CK
End-point    : hk_cyc_o

                Pin                         Type       Fanout Load Slew Delay Arrival   
                                                              (fF) (ps)  (ps)   (ps)    
----------------------------------------------------------------------------------------
(clock myclock)                           launch                                    0 R 
(mgmt_core_wrapper.sd_line_18_196_1)      ext delay                      +100     100 F 
hk_ack_i                                  in port           1  2.9   15    +0     100 F 
core/hk_ack_i 
  cb_parti/hk_ack_i 
    g139171/A                                                              +0     100   
    g139171/Y                             NOR3X1            1  2.7   66   +50     150 R 
    g139160/C                                                              +0     150   
    g139160/Y                             NAND4BBXL         1  2.7  128   +98     248 F 
    g139156/A                                                              +0     248   
    g139156/Y                             OR2X1             5  8.7   61   +78     326 F 
  cb_parti/cb_seqi_g71523_z 
  cb_seqi/g71523_z 
    g249255/B                                                              +0     326   
    g249255/Y                             NAND2X1           1  2.9   34   +34     359 R 
    g248922/B                                                              +0     359   
    g248922/Y                             OR2X4            33 60.4  109   +85     444 R 
    g248691/A                                                              +0     444   
    g248691/Y                             INVX1             5  9.1   80   +71     515 F 
    g248453/B                                                              +0     515   
    g248453/Y                             NAND2X1           3  5.8   56   +50     565 R 
    g247808/AN                                                             +0     565   
    g247808/Y                             NAND2BX1          1  2.9   31   +34     598 R 
    g247049/B                                                              +0     598   
    g247049/Y                             NAND2BX1          1  2.8   44   +36     635 F 
    g244331/A1                                                             +0     635   
    g244331/Y                             AOI22X1           1  2.9   61   +48     683 R 
    g244010/A1                                                             +0     683   
    g244010/Y                             AO21X4           30 51.4   98  +102     785 R 
    g243764/A                                                              +0     785   
    g243764/Y                             INVX1             6 10.5   87   +72     857 F 
    g243507/C                                                              +0     857   
    g243507/Y                             AND3X2           22 35.8  129  +107     964 F 
    g243046/A                                                              +0     964   
    g243046/Y                             INVX1            10 18.0  144  +110    1074 R 
    g242037/A1                                                             +0    1074   
    g242037/Y                             OAI221X1          1  2.7   81   +91    1165 F 
    picorv32_reg_op1_reg[1]/D        <<<  DFFX2                            +0    1165   
    picorv32_reg_op1_reg[1]/CK            setup                       0   +27    1193 R 
- - - - - - - - - - - - - - - - - - - - - - - - - - - - - - - - - - - - - - - - - - - - 
(clock myclock)                           capture                                4000 R 
                                          uncertainty                     -20    3980 R 
----------------------------------------------------------------------------------------
Cost Group   : 'I2C' (path_group 'I2C_nom')
Timing slack :    2787ps 
Start-point  : hk_ack_i
End-point    : core/cb_seqi/picorv32_reg_op1_reg[1]/D

                         Pin                                  Type       Fanout Load Slew Delay Arrival   
                                                                                (fF) (ps)  (ps)   (ps)    
----------------------------------------------------------------------------------------------------------
(clock myclock)                                             launch                                    0 R 
core
  cb_parti
    picorv32_is_lui_auipc_jal_jalr_addi_add_sub_reg/CK                                  0    +0       0 R 
    picorv32_is_lui_auipc_jal_jalr_addi_add_sub_reg/Q       DFFQX4           33 56.2  100  +106     106 R 
    g139147/B                                                                                +0     106   
    g139147/Y                                               AND2X1            2  6.6   48   +65     171 R 
  cb_parti/picorv32_sub_1235_38_Y_picorv32_add_1235_58_AS 
  picorv32_sub_1235_38_Y_picorv32_add_1235_58/AS 
    g1023/A                                                                                  +0     171   
    g1023/Y                                                 CLKINVX4         32 54.7  110   +71     242 F 
    g991/B                                                                                   +0     242   
    g991/Y                                                  XNOR2X1           1  3.1   25   +58     300 F 
    g989/CI                                                                                  +0     300   
    g989/CO                                                 ADDFX1            1  3.1   28   +55     355 F 
    g988/CI                                                                                  +0     355   
    g988/CO                                                 ADDFX1            1  3.1   28   +55     410 F 
    g987/CI                                                                                  +0     410   
    g987/CO                                                 ADDFX1            1  3.1   28   +55     465 F 
    g986/CI                                                                                  +0     465   
    g986/CO                                                 ADDFX1            1  3.1   28   +55     521 F 
    g985/CI                                                                                  +0     521   
    g985/CO                                                 ADDFX1            1  3.1   28   +55     576 F 
    g984/CI                                                                                  +0     576   
    g984/CO                                                 ADDFX1            1  3.1   28   +55     631 F 
    g983/CI                                                                                  +0     631   
    g983/CO                                                 ADDFX1            1  3.1   28   +55     686 F 
    g982/CI                                                                                  +0     686   
    g982/CO                                                 ADDFX1            1  3.1   28   +55     742 F 
    g981/CI                                                                                  +0     742   
    g981/CO                                                 ADDFX1            1  3.1   28   +55     797 F 
    g980/CI                                                                                  +0     797   
    g980/CO                                                 ADDFX1            1  3.1   28   +55     852 F 
    g979/CI                                                                                  +0     852   
    g979/CO                                                 ADDFX1            1  3.1   28   +55     908 F 
    g978/CI                                                                                  +0     908   
    g978/CO                                                 ADDFX1            1  3.1   28   +55     963 F 
    g977/CI                                                                                  +0     963   
    g977/CO                                                 ADDFX1            1  3.1   28   +55    1018 F 
    g976/CI                                                                                  +0    1018   
    g976/CO                                                 ADDFX1            1  3.1   28   +55    1074 F 
    g975/CI                                                                                  +0    1074   
    g975/CO                                                 ADDFX1            1  3.1   28   +55    1129 F 
    g974/CI                                                                                  +0    1129   
    g974/CO                                                 ADDFX1            1  3.1   28   +55    1184 F 
    g973/CI                                                                                  +0    1184   
    g973/CO                                                 ADDFX1            1  3.1   28   +55    1240 F 
    g972/CI                                                                                  +0    1240   
    g972/CO                                                 ADDFX1            1  3.1   28   +55    1295 F 
    g971/CI                                                                                  +0    1295   
    g971/CO                                                 ADDFX1            1  3.1   28   +55    1350 F 
    g970/CI                                                                                  +0    1350   
    g970/CO                                                 ADDFX1            1  3.1   28   +55    1405 F 
    g969/CI                                                                                  +0    1405   
    g969/CO                                                 ADDFX1            1  3.1   28   +55    1461 F 
    g968/CI                                                                                  +0    1461   
    g968/CO                                                 ADDFX1            1  3.1   28   +55    1516 F 
    g967/CI                                                                                  +0    1516   
    g967/CO                                                 ADDFX1            1  3.1   28   +55    1571 F 
    g966/CI                                                                                  +0    1571   
    g966/CO                                                 ADDFX1            1  3.1   28   +55    1627 F 
    g965/CI                                                                                  +0    1627   
    g965/CO                                                 ADDFX1            1  3.1   28   +55    1682 F 
    g964/CI                                                                                  +0    1682   
    g964/CO                                                 ADDFX1            1  3.1   28   +55    1737 F 
    g963/CI                                                                                  +0    1737   
    g963/CO                                                 ADDFX1            1  3.1   28   +55    1792 F 
    g962/CI                                                                                  +0    1792   
    g962/CO                                                 ADDFX1            1  3.1   28   +55    1848 F 
    g961/CI                                                                                  +0    1848   
    g961/CO                                                 ADDFX1            1  3.1   28   +55    1903 F 
    g960/CI                                                                                  +0    1903   
    g960/CO                                                 ADDFX1            1  3.1   28   +55    1958 F 
    g959/CI                                                                                  +0    1958   
    g959/CO                                                 ADDFX1            1  2.9   26   +55    2013 F 
    g958/B                                                                                   +0    2013   
    g958/Y                                                  XNOR2X1           1  2.8   23   +42    2055 F 
  picorv32_sub_1235_38_Y_picorv32_add_1235_58/Z[31] 
  cb_seqi/picorv32_sub_1235_38_Y_picorv32_add_1235_58_Z[13] 
    g248555/B1                                                                               +0    2055   
    g248555/Y                                               AOI32X1           1  2.9   66   +41    2095 R 
    g247779/C0                                                                               +0    2095   
    g247779/Y                                               OAI211X1          1  2.8   74   +66    2162 F 
    picorv32_alu_out_q_reg[31]/D                       <<<  DFFHQX1                          +0    2162   
    picorv32_alu_out_q_reg[31]/CK                           setup                       0   +25    2186 R 
- - - - - - - - - - - - - - - - - - - - - - - - - - - - - - - - - - - - - - - - - - - - - - - - - - - - - 
(clock myclock)                                             capture                                4000 R 
                                                            uncertainty                     -20    3980 R 
----------------------------------------------------------------------------------------------------------
Cost Group   : 'C2C' (path_group 'C2C_nom')
Timing slack :    1794ps 
Start-point  : core/cb_parti/picorv32_is_lui_auipc_jal_jalr_addi_add_sub_reg/CK
End-point    : core/cb_seqi/picorv32_alu_out_q_reg[31]/D

 
==================================
Stage : global_incr_map 
==================================
  =================
   Message Summary
  =================
-----------------------------------------------------------------------------------------------------------------------------------------------------------------------------------------
|   Id   |Sev |Count|                                                                           Message Text                                                                            |
-----------------------------------------------------------------------------------------------------------------------------------------------------------------------------------------
|GLO-51  |Info|    2|Hierarchical instance automatically ungrouped.                                                                                                                     |
|        |    |     |Hierarchical instances can be automatically ungrouped to allow for better area or timing optimization. To prevent this ungroup, set the root-level attribute       |
|        |    |     | 'auto_ungroup' to 'none'. You can also prevent individual ungroup with setting the attribute 'ungroup_ok' of instances or modules to 'false'.                     |
|PA-7    |Info|   32|Resetting power analysis results.                                                                                                                                  |
|        |    |     |All computed switching activities are removed.                                                                                                                     |
|PHYS-752|Info|    1|Partition Based Synthesis execution skipped.                                                                                                                       |
|ST-110  |Info|    2|Connection established with super-threading server.                                                                                                                |
|        |    |     |The tool is entering super-threading mode and has established a connection with a CPU server process.  This is enabled by the root attributes                      |
|        |    |     | 'super_thread_servers' or 'auto_super_thread'.                                                                                                                    |
|ST-120  |Info|    1|Attempting to launch a super-threading server.                                                                                                                     |
|        |    |     |The tool is entering super-threading mode and is launching a CPU server process.  This is enabled by the root attribute 'super_thread_servers' or                  |
|        |    |     | 'auto_super_thread'.                                                                                                                                              |
|ST-128  |Info|    2|Super thread servers are launched successfully.                                                                                                                    |
|SYNTH-2 |Info|    1|Done synthesizing.                                                                                                                                                 |
|SYNTH-4 |Info|    1|Mapping.                                                                                                                                                           |
-----------------------------------------------------------------------------------------------------------------------------------------------------------------------------------------
 
Global incremental optimization status
======================================
                                   Group   
                                  Tot Wrst 
                           Total  Weighted 
Operation                   Area   Slacks  
 global_incr              266854        0 

    Cost Group            Target    Slack    Diff.  Constr.
-----------------------------------------------------------
           C2C                79     1794              4000 
           C2O                74     3111              4000 
           I2C                70     2787              4000 
           I2O                72     3573              4000 


Scan mapping status report
==========================
    Scan mapping: converting flip-flops that pass TDRC.
    Scan mapping: bypassed.  You have to either 1) set attribute 'dft_scan_map_mode' to 'tdrc_pass' and run 'check_dft_rules' or 2) set attribute 'dft_scan_map_mode' to 'force_all'.

    Scan mapping bypassed because no TDRC data is available: either command 'check_dft_rules' has not been run or TDRC data has been subsequently invalidated.
        ------------------------------------------------------------
                            Super-Thread Summary
          time in super-thread mode               : 54.81 sec
          foreground process active time          : 13.11 sec
          background processes total active time  : 45.29 sec
          approximate speedup                     : 1.07X
           * reported times are wall-clock (elapsed time),
             not CPU time
        ------------------------------------------------------------

+-----------+-------------+-----+----------------------+---------------------------+
|   Host    |   Machine   | CPU | Physical Memory (MB) | Peak Physical Memory (MB) |
+-----------+-------------+-----+----------------------+---------------------------+
| localhost | c4d3.upc.es |  2  |        1637.7        |          1655.8           |
+-----------+-------------+-----+----------------------+---------------------------+

+---------------+----------------------+---------------------------+
|    Server     | Physical Memory (MB) | Peak Physical Memory (MB) |
+---------------+----------------------+---------------------------+
| localhost_1_0 |      544.1 [1]       |         558.6 [1]         |
| localhost_1_1 |      282.0 [2]       |          [2] [3]          |
+---------------+----------------------+---------------------------+
[1] Memory of child process is included.
[2] Memory is included in parent localhost_1_0.
[3] Peak physical memory is not available for forked background servers.

Info    : A super-threading server has been shut down normally. [ST-112]
        : The server 'localhost_1_1' was forked process '9148' on this host.
        : A super-threaded optimization is complete and a CPU server was successfully shut down.
          Performing post-mapping optimization ...

Info    : Hierarchical instance automatically ungrouped. [GLO-51]
        : Instance 'picorv32_sub_1235_38_Y_picorv32_add_1235_58' in module 'mgmt_core' would be automatically ungrouped.
Info    : Hierarchical instance automatically ungrouped. [GLO-51]
        : Instance 'dec_sub_7747_45' in module 'mgmt_core' would be automatically ungrouped.
Info    : Hierarchical instance automatically ungrouped. [GLO-51]
        : Instance 'add_8016_69' in module 'mgmt_core' would be automatically ungrouped.
Info    : Hierarchical instance automatically ungrouped. [GLO-51]
        : Instance 'add_8001_69' in module 'mgmt_core' would be automatically ungrouped.
Info    : Hierarchical instance automatically ungrouped. [GLO-51]
        : Instance 'add_7932_69' in module 'mgmt_core' would be automatically ungrouped.
Info    : Hierarchical instance automatically ungrouped. [GLO-51]
        : Instance 'add_7917_69' in module 'mgmt_core' would be automatically ungrouped.
Info    : Hierarchical instance automatically ungrouped. [GLO-51]
        : Instance 'picorv32_add_1864_26' in module 'mgmt_core' would be automatically ungrouped.
Info    : Hierarchical instance automatically ungrouped. [GLO-51]
        : Instance 'picorv32_add_1564_33' in module 'mgmt_core' would be automatically ungrouped.
Info    : Hierarchical instance automatically ungrouped. [GLO-51]
        : Instance 'picorv32_add_1801_23' in module 'mgmt_core' would be automatically ungrouped.
Info    : Hierarchical instance automatically ungrouped. [GLO-51]
        : Instance 'inc_add_7740_55' in module 'mgmt_core' would be automatically ungrouped.
Info    : Hierarchical instance automatically ungrouped. [GLO-51]
        : Instance 'inc_add_5253_86' in module 'mgmt_core' would be automatically ungrouped.
Info    : Hierarchical instance automatically ungrouped. [GLO-51]
        : Instance 'inc_ADD_UNS_OP_Y_picorv32_add_1547_33' in module 'mgmt_core' would be automatically ungrouped.
Info    : Hierarchical instance automatically ungrouped. [GLO-51]
        : Instance 'picorv32_add_1312_30' in module 'mgmt_core' would be automatically ungrouped.
Info    : Hierarchical instance automatically ungrouped. [GLO-51]
        : Instance 'inc_add_2946_102' in module 'mgmt_core' would be automatically ungrouped.
Info    : Hierarchical instance automatically ungrouped. [GLO-51]
        : Instance 'core' in module 'mgmt_core_wrapper' would be automatically ungrouped.
          There are 15 hierarchical instances automatically ungrouped.

State Retention Synthesis Status
================================

Category                        Flops   Percentage
--------------------------------------------------
Total instances                  3705        100.0
Excluded from State Retention    3705        100.0
    - Will not convert           3705        100.0
      - Preserved                   0          0.0
      - Power intent excluded    3705        100.0
    - Could not convert             0          0.0
      - Scan type                   0          0.0
      - No suitable cell            0          0.0
State Retention instances           0          0.0
--------------------------------------------------

INFO: skipping constant propagation
PBS_Techmap-Global Mapping - Elapsed_Time 62, CPU_Time 52.20322300000001
stamp 'PBS_Techmap-Global Mapping' being created for table 'pbs_debug'

  Total Time (Wall) |  Stage Time (Wall)  |   % (Wall)   |    Date - Time     |  Memory   | Stage
--------------------+---------------------+--------------+--------------------+-----------+----------------------
 00:00:18(00:06:39) |  00:00:00(00:00:00) |   0.0(  0.0) |   18:53:38 (Apr13) |  693.3 MB | PBS_Generic-Start
--------------------+---------------------+--------------+--------------------+-----------+----------------------
 00:01:36(00:07:56) |  00:01:17(00:01:17) |  59.2( 55.0) |   18:54:55 (Apr13) |   1.24 GB | PBS_Generic_Opt-Post
--------------------+---------------------+--------------+--------------------+-----------+----------------------
 00:01:36(00:07:56) |  00:00:00(00:00:00) |   0.0(  0.0) |   18:54:55 (Apr13) |   1.24 GB | PBS_Generic-Postgen HBO Optimizations
--------------------+---------------------+--------------+--------------------+-----------+----------------------
 00:01:37(00:07:57) |  00:00:01(00:00:01) |   0.8(  0.7) |   18:54:56 (Apr13) |   1.24 GB | PBS_TechMap-Start
--------------------+---------------------+--------------+--------------------+-----------+----------------------
 00:01:37(00:07:57) |  00:00:00(00:00:00) |   0.0(  0.0) |   18:54:56 (Apr13) |   1.24 GB | PBS_TechMap-Premap HBO Optimizations
--------------------+---------------------+--------------+--------------------+-----------+----------------------
 00:02:29(00:08:59) |  00:00:52(00:01:02) |  40.0( 44.3) |   18:55:58 (Apr13) |   1.64 GB | PBS_Techmap-Global Mapping
--------------------+---------------------+--------------+--------------------+-----------+----------------------
Number of threads: 2 * 1   (id: pbs_debug, time_info v1.57)
Info: (*N*) indicates data that was populated from previously saved time_info database
Info: CPU time includes time of parent + longest thread
Info    : Wrote formal verification information. [CFM-5]
        : Wrote 'fv/mgmt_core_wrapper/fv_map.fv.json' for netlist 'fv/mgmt_core_wrapper/fv_map.v.gz'.
Info    : Wrote dofile. [CFM-1]
        : Dofile is 'fv/mgmt_core_wrapper/rtl_to_fv_map.do'.
        : Alias mapping flow is enabled.
        Computing net loads.
PBS_TechMap-Datapath Postmap Operations - Elapsed_Time 2, CPU_Time 1.9673720000000117
stamp 'PBS_TechMap-Datapath Postmap Operations' being created for table 'pbs_debug'

  Total Time (Wall) |  Stage Time (Wall)  |   % (Wall)   |    Date - Time     |  Memory   | Stage
--------------------+---------------------+--------------+--------------------+-----------+----------------------
 00:00:18(00:06:39) |  00:00:00(00:00:00) |   0.0(  0.0) |   18:53:38 (Apr13) |  693.3 MB | PBS_Generic-Start
--------------------+---------------------+--------------+--------------------+-----------+----------------------
 00:01:36(00:07:56) |  00:01:17(00:01:17) |  58.3( 54.2) |   18:54:55 (Apr13) |   1.24 GB | PBS_Generic_Opt-Post
--------------------+---------------------+--------------+--------------------+-----------+----------------------
 00:01:36(00:07:56) |  00:00:00(00:00:00) |   0.0(  0.0) |   18:54:55 (Apr13) |   1.24 GB | PBS_Generic-Postgen HBO Optimizations
--------------------+---------------------+--------------+--------------------+-----------+----------------------
 00:01:37(00:07:57) |  00:00:01(00:00:01) |   0.8(  0.7) |   18:54:56 (Apr13) |   1.24 GB | PBS_TechMap-Start
--------------------+---------------------+--------------+--------------------+-----------+----------------------
 00:01:37(00:07:57) |  00:00:00(00:00:00) |   0.0(  0.0) |   18:54:56 (Apr13) |   1.24 GB | PBS_TechMap-Premap HBO Optimizations
--------------------+---------------------+--------------+--------------------+-----------+----------------------
 00:02:29(00:08:59) |  00:00:52(00:01:02) |  39.4( 43.7) |   18:55:58 (Apr13) |   1.64 GB | PBS_Techmap-Global Mapping
--------------------+---------------------+--------------+--------------------+-----------+----------------------
 00:02:31(00:09:01) |  00:00:01(00:00:02) |   1.5(  1.4) |   18:56:00 (Apr13) |   1.64 GB | PBS_TechMap-Datapath Postmap Operations
--------------------+---------------------+--------------+--------------------+-----------+----------------------
Number of threads: 2 * 1   (id: pbs_debug, time_info v1.57)
Info: (*N*) indicates data that was populated from previously saved time_info database
Info: CPU time includes time of parent + longest thread
PBS_TechMap-Postmap HBO Optimizations - Elapsed_Time 0, CPU_Time -0.03213200000001848
stamp 'PBS_TechMap-Postmap HBO Optimizations' being created for table 'pbs_debug'

  Total Time (Wall) |  Stage Time (Wall)  |   % (Wall)   |    Date - Time     |  Memory   | Stage
--------------------+---------------------+--------------+--------------------+-----------+----------------------
 00:00:18(00:06:39) |  00:00:00(00:00:00) |   0.0(  0.0) |   18:53:38 (Apr13) |  693.3 MB | PBS_Generic-Start
--------------------+---------------------+--------------+--------------------+-----------+----------------------
 00:01:36(00:07:56) |  00:01:17(00:01:17) |  58.3( 54.2) |   18:54:55 (Apr13) |   1.24 GB | PBS_Generic_Opt-Post
--------------------+---------------------+--------------+--------------------+-----------+----------------------
 00:01:36(00:07:56) |  00:00:00(00:00:00) |   0.0(  0.0) |   18:54:55 (Apr13) |   1.24 GB | PBS_Generic-Postgen HBO Optimizations
--------------------+---------------------+--------------+--------------------+-----------+----------------------
 00:01:37(00:07:57) |  00:00:01(00:00:01) |   0.8(  0.7) |   18:54:56 (Apr13) |   1.24 GB | PBS_TechMap-Start
--------------------+---------------------+--------------+--------------------+-----------+----------------------
 00:01:37(00:07:57) |  00:00:00(00:00:00) |   0.0(  0.0) |   18:54:56 (Apr13) |   1.24 GB | PBS_TechMap-Premap HBO Optimizations
--------------------+---------------------+--------------+--------------------+-----------+----------------------
 00:02:29(00:08:59) |  00:00:52(00:01:02) |  39.4( 43.7) |   18:55:58 (Apr13) |   1.64 GB | PBS_Techmap-Global Mapping
--------------------+---------------------+--------------+--------------------+-----------+----------------------
 00:02:31(00:09:01) |  00:00:01(00:00:02) |   1.5(  1.4) |   18:56:00 (Apr13) |   1.64 GB | PBS_TechMap-Datapath Postmap Operations
--------------------+---------------------+--------------+--------------------+-----------+----------------------
 00:02:31(00:09:01) |  00:00:00(00:00:00) |  -0.0(  0.0) |   18:56:00 (Apr13) |   1.64 GB | PBS_TechMap-Postmap HBO Optimizations
--------------------+---------------------+--------------+--------------------+-----------+----------------------
Number of threads: 2 * 1   (id: pbs_debug, time_info v1.57)
Info: (*N*) indicates data that was populated from previously saved time_info database
Info: CPU time includes time of parent + longest thread
 Doing ConstProp on design:mgmt_core_wrapper ... 

Time taken by ConstProp Step: 00:00:00
PBS_TechMap-Postmap Clock Gating - Elapsed_Time 0, CPU_Time 1.0
stamp 'PBS_TechMap-Postmap Clock Gating' being created for table 'pbs_debug'

  Total Time (Wall) |  Stage Time (Wall)  |   % (Wall)   |    Date - Time     |  Memory   | Stage
--------------------+---------------------+--------------+--------------------+-----------+----------------------
 00:00:18(00:06:39) |  00:00:00(00:00:00) |   0.0(  0.0) |   18:53:38 (Apr13) |  693.3 MB | PBS_Generic-Start
--------------------+---------------------+--------------+--------------------+-----------+----------------------
 00:01:36(00:07:56) |  00:01:17(00:01:17) |  57.9( 54.2) |   18:54:55 (Apr13) |   1.24 GB | PBS_Generic_Opt-Post
--------------------+---------------------+--------------+--------------------+-----------+----------------------
 00:01:36(00:07:56) |  00:00:00(00:00:00) |   0.0(  0.0) |   18:54:55 (Apr13) |   1.24 GB | PBS_Generic-Postgen HBO Optimizations
--------------------+---------------------+--------------+--------------------+-----------+----------------------
 00:01:37(00:07:57) |  00:00:01(00:00:01) |   0.7(  0.7) |   18:54:56 (Apr13) |   1.24 GB | PBS_TechMap-Start
--------------------+---------------------+--------------+--------------------+-----------+----------------------
 00:01:37(00:07:57) |  00:00:00(00:00:00) |   0.0(  0.0) |   18:54:56 (Apr13) |   1.24 GB | PBS_TechMap-Premap HBO Optimizations
--------------------+---------------------+--------------+--------------------+-----------+----------------------
 00:02:29(00:08:59) |  00:00:52(00:01:02) |  39.1( 43.7) |   18:55:58 (Apr13) |   1.64 GB | PBS_Techmap-Global Mapping
--------------------+---------------------+--------------+--------------------+-----------+----------------------
 00:02:31(00:09:01) |  00:00:01(00:00:02) |   1.5(  1.4) |   18:56:00 (Apr13) |   1.64 GB | PBS_TechMap-Datapath Postmap Operations
--------------------+---------------------+--------------+--------------------+-----------+----------------------
 00:02:31(00:09:01) |  00:00:00(00:00:00) |  -0.0(  0.0) |   18:56:00 (Apr13) |   1.64 GB | PBS_TechMap-Postmap HBO Optimizations
--------------------+---------------------+--------------+--------------------+-----------+----------------------
 00:02:32(00:09:01) |  00:00:01(00:00:00) |   0.7(  0.0) |   18:56:00 (Apr13) |   1.64 GB | PBS_TechMap-Postmap Clock Gating
--------------------+---------------------+--------------+--------------------+-----------+----------------------
Number of threads: 2 * 1   (id: pbs_debug, time_info v1.57)
Info: (*N*) indicates data that was populated from previously saved time_info database
Info: CPU time includes time of parent + longest thread
-------------------------------------------------------------------------------
 hi_fo_buf                266852        0         0         0        0        0

           Trick     Calls     Accepts   Attempts    Time(secs) 
-----------------------------------------------------------
       hi_fo_buf         0  (        0 /        0 )  0.00

 
Incremental optimization status
===============================
                                   Group   
                                  Tot Wrst     Total - - - - DRC Totals - - - -
                           Total  Weighted      Neg      Max       Max     Max  
Operation                   Area   Slacks      Slack    Trans      Cap   Fanout 
 init_delay               266852        0         0         0        0        0

           Trick     Calls     Accepts   Attempts    Time(secs) 
-----------------------------------------------------------
       crit_upsz         0  (        0 /        0 )  0.00
    plc_bal_star         0  (        0 /        0 )  0.00
     drc_buftimb         0  (        0 /        0 )  0.00
          plc_st         0  (        0 /        0 )  0.00
    plc_st_fence         0  (        0 /        0 )  0.00
        plc_star         0  (        0 /        0 )  0.00
      plc_laf_st         0  (        0 /        0 )  0.00
 plc_laf_st_fence         0  (        0 /        0 )  0.00
     drc_buftims         0  (        0 /        0 )  0.00
            fopt         0  (        0 /        0 )  0.00
   plc_laf_lo_st         0  (        0 /        0 )  0.00
       plc_lo_st         0  (        0 /        0 )  0.00
        mb_split         0  (        0 /        0 )  0.00

 
Local TNS optimization status
=============================
                                   Group   
                                  Tot Wrst     Total - - - - DRC Totals - - - -
                           Total  Weighted      Neg      Max       Max     Max  
Operation                   Area   Slacks      Slack    Trans      Cap   Fanout 
 init_tns                 266852        0         0         0        0        0

           Trick     Calls     Accepts   Attempts    Time(secs) 
-----------------------------------------------------------
    plc_bal_star         0  (        0 /        0 )  0.00
     drc_buftimb         0  (        0 /        0 )  0.00
     drc_buftims         0  (        0 /        0 )  0.00
       crit_upsz         0  (        0 /        0 )  0.00
   plc_laf_lo_st         0  (        0 /        0 )  0.00
       plc_lo_st         0  (        0 /        0 )  0.00
            fopt         0  (        0 /        0 )  0.00
       crit_dnsz         0  (        0 /        0 )  0.00
             dup         0  (        0 /        0 )  0.00
        setup_dn         0  (        0 /        0 )  0.00
        mb_split         0  (        0 /        0 )  0.00

PBS_TechMap-Postmap Cleanup - Elapsed_Time 1, CPU_Time -0.030659999999983256
stamp 'PBS_TechMap-Postmap Cleanup' being created for table 'pbs_debug'

  Total Time (Wall) |  Stage Time (Wall)  |   % (Wall)   |    Date - Time     |  Memory   | Stage
--------------------+---------------------+--------------+--------------------+-----------+----------------------
 00:00:18(00:06:39) |  00:00:00(00:00:00) |   0.0(  0.0) |   18:53:38 (Apr13) |  693.3 MB | PBS_Generic-Start
--------------------+---------------------+--------------+--------------------+-----------+----------------------
 00:01:36(00:07:56) |  00:01:17(00:01:17) |  57.9( 53.8) |   18:54:55 (Apr13) |   1.24 GB | PBS_Generic_Opt-Post
--------------------+---------------------+--------------+--------------------+-----------+----------------------
 00:01:36(00:07:56) |  00:00:00(00:00:00) |   0.0(  0.0) |   18:54:55 (Apr13) |   1.24 GB | PBS_Generic-Postgen HBO Optimizations
--------------------+---------------------+--------------+--------------------+-----------+----------------------
 00:01:37(00:07:57) |  00:00:01(00:00:01) |   0.8(  0.7) |   18:54:56 (Apr13) |   1.24 GB | PBS_TechMap-Start
--------------------+---------------------+--------------+--------------------+-----------+----------------------
 00:01:37(00:07:57) |  00:00:00(00:00:00) |   0.0(  0.0) |   18:54:56 (Apr13) |   1.24 GB | PBS_TechMap-Premap HBO Optimizations
--------------------+---------------------+--------------+--------------------+-----------+----------------------
 00:02:29(00:08:59) |  00:00:52(00:01:02) |  39.2( 43.4) |   18:55:58 (Apr13) |   1.64 GB | PBS_Techmap-Global Mapping
--------------------+---------------------+--------------+--------------------+-----------+----------------------
 00:02:31(00:09:01) |  00:00:01(00:00:02) |   1.5(  1.4) |   18:56:00 (Apr13) |   1.64 GB | PBS_TechMap-Datapath Postmap Operations
--------------------+---------------------+--------------+--------------------+-----------+----------------------
 00:02:31(00:09:01) |  00:00:00(00:00:00) |  -0.0(  0.0) |   18:56:00 (Apr13) |   1.64 GB | PBS_TechMap-Postmap HBO Optimizations
--------------------+---------------------+--------------+--------------------+-----------+----------------------
 00:02:32(00:09:01) |  00:00:01(00:00:00) |   0.8(  0.0) |   18:56:00 (Apr13) |   1.64 GB | PBS_TechMap-Postmap Clock Gating
--------------------+---------------------+--------------+--------------------+-----------+----------------------
 00:02:32(00:09:02) |  00:00:00(00:00:01) |  -0.0(  0.7) |   18:56:01 (Apr13) |   1.53 GB | PBS_TechMap-Postmap Cleanup
--------------------+---------------------+--------------+--------------------+-----------+----------------------
Number of threads: 2 * 1   (id: pbs_debug, time_info v1.57)
Info: (*N*) indicates data that was populated from previously saved time_info database
Info: CPU time includes time of parent + longest thread
PBS_Techmap-Post_MBCI - Elapsed_Time 0, CPU_Time 0.0
stamp 'PBS_Techmap-Post_MBCI' being created for table 'pbs_debug'

  Total Time (Wall) |  Stage Time (Wall)  |   % (Wall)   |    Date - Time     |  Memory   | Stage
--------------------+---------------------+--------------+--------------------+-----------+----------------------
 00:00:18(00:06:39) |  00:00:00(00:00:00) |   0.0(  0.0) |   18:53:38 (Apr13) |  693.3 MB | PBS_Generic-Start
--------------------+---------------------+--------------+--------------------+-----------+----------------------
 00:01:36(00:07:56) |  00:01:17(00:01:17) |  57.9( 53.8) |   18:54:55 (Apr13) |   1.24 GB | PBS_Generic_Opt-Post
--------------------+---------------------+--------------+--------------------+-----------+----------------------
 00:01:36(00:07:56) |  00:00:00(00:00:00) |   0.0(  0.0) |   18:54:55 (Apr13) |   1.24 GB | PBS_Generic-Postgen HBO Optimizations
--------------------+---------------------+--------------+--------------------+-----------+----------------------
 00:01:37(00:07:57) |  00:00:01(00:00:01) |   0.8(  0.7) |   18:54:56 (Apr13) |   1.24 GB | PBS_TechMap-Start
--------------------+---------------------+--------------+--------------------+-----------+----------------------
 00:01:37(00:07:57) |  00:00:00(00:00:00) |   0.0(  0.0) |   18:54:56 (Apr13) |   1.24 GB | PBS_TechMap-Premap HBO Optimizations
--------------------+---------------------+--------------+--------------------+-----------+----------------------
 00:02:29(00:08:59) |  00:00:52(00:01:02) |  39.2( 43.4) |   18:55:58 (Apr13) |   1.64 GB | PBS_Techmap-Global Mapping
--------------------+---------------------+--------------+--------------------+-----------+----------------------
 00:02:31(00:09:01) |  00:00:01(00:00:02) |   1.5(  1.4) |   18:56:00 (Apr13) |   1.64 GB | PBS_TechMap-Datapath Postmap Operations
--------------------+---------------------+--------------+--------------------+-----------+----------------------
 00:02:31(00:09:01) |  00:00:00(00:00:00) |  -0.0(  0.0) |   18:56:00 (Apr13) |   1.64 GB | PBS_TechMap-Postmap HBO Optimizations
--------------------+---------------------+--------------+--------------------+-----------+----------------------
 00:02:32(00:09:01) |  00:00:01(00:00:00) |   0.8(  0.0) |   18:56:00 (Apr13) |   1.64 GB | PBS_TechMap-Postmap Clock Gating
--------------------+---------------------+--------------+--------------------+-----------+----------------------
 00:02:32(00:09:02) |  00:00:00(00:00:01) |  -0.0(  0.7) |   18:56:01 (Apr13) |   1.53 GB | PBS_TechMap-Postmap Cleanup
--------------------+---------------------+--------------+--------------------+-----------+----------------------
 00:02:32(00:09:02) |  00:00:00(00:00:00) |   0.0(  0.0) |   18:56:01 (Apr13) |   1.53 GB | PBS_Techmap-Post_MBCI
--------------------+---------------------+--------------+--------------------+-----------+----------------------
Number of threads: 2 * 1   (id: pbs_debug, time_info v1.57)
Info: (*N*) indicates data that was populated from previously saved time_info database
Info: CPU time includes time of parent + longest thread
##>=================== Cadence Confidential (Mapping-Logical) ===================
##>Main Thread Summary:
##>----------------------------------------------------------------------------------------
##>STEP                           Elapsed       WNS       TNS     Insts      Area    Memory
##>----------------------------------------------------------------------------------------
##>M:Initial                            0         -         -     26593    305758      1235
##>M:Pre Cleanup                        0         -         -     26593    305758      1235
##>M:Setup                              0         -         -         -         -         -
##>M:Early Clock Gating                 0         -         -         -         -         -
##>M:Launch ST                          0         -         -         -         -         -
##>M:Design Partition                   0         -         -         -         -         -
##>M:Create Partition Netlists          0         -         -         -         -         -
##>M:Init Power                         0         -         -         -         -         -
##>M:Budgeting                          0         -         -         -         -         -
##>M:Derenv-DB                          0         -         -         -         -         -
##>M:Debug Outputs                      0         -         -         -         -         -
##>M:ST loading                         0         -         -         -         -         -
##>M:Distributed                        0         -         -         -         -         -
##>M:Timer                              0         -         -         -         -         -
##>M:Assembly                           0         -         -         -         -         -
##>M:DFT                                0         -         -         -         -         -
##>M:DP Operations                      2         -         -     12195    249767      1637
##>M:Const Prop                         0      1793         0     12195    249767      1637
##>M:Cleanup                            1      1793         0     12195    249767      1532
##>M:MBCI                               0         -         -     12195    249767      1532
##>M:PostGen Opt                        0         -         -         -         -         -
##>M:Early Clock Gating Cleanup         0         -         -         -         -         -
##>M:Const Gate Removal                 0         -         -         -         -         -
##>M:Misc                              62
##>----------------------------------------------------------------------------------------
##>Total Elapsed                       65
##>========================================================================================

+-----------+-------------+-----+----------------------+---------------------------+
|   Host    |   Machine   | CPU | Physical Memory (MB) | Peak Physical Memory (MB) |
+-----------+-------------+-----+----------------------+---------------------------+
| localhost | c4d3.upc.es |  1  |        1532.3        |          1655.8           |
+-----------+-------------+-----+----------------------+---------------------------+

+---------------+----------------------+---------------------------+
|    Server     | Physical Memory (MB) | Peak Physical Memory (MB) |
+---------------+----------------------+---------------------------+
| localhost_1_0 |        423.6         |           558.6           |
+---------------+----------------------+---------------------------+

Info    : Done mapping. [SYNTH-5]
        : Done mapping 'mgmt_core_wrapper'.
        Computing net loads.
      flow.cputime  flow.realtime  timing.setup.tns  timing.setup.wns  snapshot
UM:*                                                                   syn_map
@file(synth2.tcl) 65: puts "Runtime & Memory after 'syn_map'"
Runtime & Memory after 'syn_map'
@file(synth2.tcl) 66: time_info MAPPED
stamp 'MAPPED' being created for table 'default'

  Total Time (Wall) |  Stage Time (Wall)  |   % (Wall)   |    Date - Time     |  Memory   | Stage
--------------------+---------------------+--------------+--------------------+-----------+----------------------
 00:00:03(00:00:00) |  00:00:00(00:00:00) |   0.0(  0.0) |   18:46:59 (Apr13) |  221.8 MB | init
--------------------+---------------------+--------------+--------------------+-----------+----------------------
 00:00:10(00:00:44) |  00:00:07(00:00:44) |   4.7(  8.1) |   18:47:43 (Apr13) |  610.4 MB | Elaboration
--------------------+---------------------+--------------+--------------------+-----------+----------------------
 00:01:37(00:07:57) |  00:01:27(00:07:13) |  58.4( 79.9) |   18:54:56 (Apr13) |   1.24 GB | GENERIC
--------------------+---------------------+--------------+--------------------+-----------+----------------------
 00:02:32(00:09:02) |  00:00:55(00:01:05) |  36.9( 12.0) |   18:56:01 (Apr13) |   1.53 GB | MAPPED
--------------------+---------------------+--------------+--------------------+-----------+----------------------
Number of threads: 2 * 1   (id: default, time_info v1.57)
Info: (*N*) indicates data that was populated from previously saved time_info database
Info: CPU time includes time of parent + longest thread
@file(synth2.tcl) 69: foreach cg [vfind / -cost_group *] {
  report_timing -group [list $cg] > $_REPORTS_PATH/${DESIGN}_[vbasename $cg]_post_map.rpt
}
        Computing net loads.
        Tracing clock networks.
        Levelizing the circuit.
        Computing delays.
        Computing arrivals and requireds.
@file(synth2.tcl) 82: set_db / .syn_opt_effort $MAP_OPT_EFF
  Setting attribute of root '/': 'syn_opt_effort' = high
@file(synth2.tcl) 83: syn_opt
Current PLE settings:

Aspect ratio        : 1.000
Shrink factor       : 1.000
Scale of res/length : 1.000
Scale of cap/length : 1.000
Net derating factor : 1.000
Thermal factor      : 0.919
Via Resistance      : 0.400 ohm (from qrc_tech_file)
Site size           : 1.910 um (from lef [tech+cell])

                                    Capacitance  
   Layer                             / Length         Data source:
 Name        Direction Utilization  (pF/micron)       qrc_tech_file
-------------------------------------------------
metal1_conn      H         0.00        0.000305  
metal2_conn      V         1.00        0.000260  
metal3_conn      H         1.00        0.000257  
metal4_conn      V         1.00        0.000260  
metal5_conn      H         1.00        0.000261  
metal6_conn      V         1.00        0.000260  
metal7_conn      H         1.00        0.000259  
metal8_conn      V         1.00        0.000257  
metal9_conn      H         1.00        0.001314  
metal10_conn     V         1.00        0.000555  
metal11_conn     H         1.00        0.000635  

                                     Resistance   
   Layer                              / Length         Data source:
 Name        Direction Utilization  (ohm/micron)       qrc_tech_file
--------------------------------------------------
metal1_conn      H         0.00         0.909621  
metal2_conn      V         1.00         0.590722  
metal3_conn      H         1.00         0.590722  
metal4_conn      V         1.00         0.590722  
metal5_conn      H         1.00         0.590722  
metal6_conn      V         1.00         0.590722  
metal7_conn      H         1.00         0.590722  
metal8_conn      V         1.00         0.195195  
metal9_conn      H         1.00         0.195195  
metal10_conn     V         1.00         0.070980  
metal11_conn     H         1.00         0.068930  

                                         Area     
   Layer                               / Length        Data source:
 Name        Direction Utilization     (micron)        lef_library
--------------------------------------------------
Metal1           H         0.00         0.060000  
Metal2           V         1.00         0.080000  
Metal3           H         1.00         0.080000  
Metal4           V         1.00         0.080000  
Metal5           H         1.00         0.080000  
Metal6           V         1.00         0.080000  
Metal7           H         1.00         0.080000  
Metal8           V         1.00         0.080000  
Metal9           H         1.00         0.080000  
Metal10          V         1.00         0.220000  
Metal11          H         1.00         0.220000  

Info    : Incrementally optimizing. [SYNTH-7]
        : Incrementally optimizing 'mgmt_core_wrapper' using 'high' effort.
 
Incremental optimization status
===============================
                                   Group   
                                  Tot Wrst     Total - - - - DRC Totals - - - -
                           Total  Weighted      Neg      Max       Max     Max  
Operation                   Area   Slacks      Slack    Trans      Cap   Fanout 
 init_iopt                266852        0         0         0        0        0
-------------------------------------------------------------------------------
 const_prop               266852        0         0         0        0        0
 simp_cc_inputs           266849        0         0         0        0        0
-------------------------------------------------------------------------------
 hi_fo_buf                266849        0         0         0        0        0

           Trick     Calls     Accepts   Attempts    Time(secs) 
-----------------------------------------------------------
       hi_fo_buf         0  (        0 /        0 )  0.00

 
Incremental optimization status
===============================
                                   Group   
                                  Tot Wrst     Total - - - - DRC Totals - - - -
                           Total  Weighted      Neg      Max       Max     Max  
Operation                   Area   Slacks      Slack    Trans      Cap   Fanout 
 init_delay               266849        0         0         0        0        0

           Trick     Calls     Accepts   Attempts    Time(secs) 
-----------------------------------------------------------
        crit_msz         0  (        0 /        0 )  0.00
       crit_upsz         0  (        0 /        0 )  0.00
       crit_slew         0  (        0 /        0 )  0.00
        setup_dn         0  (        0 /        0 )  0.00
    plc_bal_star         0  (        0 /        0 )  0.00
     drc_buftimb         0  (        0 /        0 )  0.00
          plc_st         0  (        0 /        0 )  0.00
    plc_st_fence         0  (        0 /        0 )  0.00
        plc_star         0  (        0 /        0 )  0.00
      plc_laf_st         0  (        0 /        0 )  0.00
 plc_laf_st_fence         0  (        0 /        0 )  0.00
     drc_buftims         0  (        0 /        0 )  0.00
   plc_laf_lo_st         0  (        0 /        0 )  0.00
       plc_lo_st         0  (        0 /        0 )  0.00
            fopt         0  (        0 /        0 )  0.00
       crit_swap         0  (        0 /        0 )  0.00
       mux2_swap         0  (        0 /        0 )  0.00
       crit_dnsz         0  (        0 /        0 )  0.00
       load_swap         0  (        0 /        0 )  0.00
            fopt         0  (        0 /        0 )  0.00
        setup_dn         0  (        0 /        0 )  0.00
       load_isol         0  (        0 /        0 )  0.00
       load_isol         0  (        0 /        0 )  0.00
        move_for         0  (        0 /        0 )  0.00
        move_for         0  (        0 /        0 )  0.00
          rem_bi         0  (        0 /        0 )  0.00
         offload         0  (        0 /        0 )  0.00
          rem_bi         0  (        0 /        0 )  0.00
         offload         0  (        0 /        0 )  0.00
           phase         0  (        0 /        0 )  0.00
        in_phase         0  (        0 /        0 )  0.00
       merge_bit         0  (        0 /        0 )  0.00
     merge_idrvr         0  (        0 /        0 )  0.00
     merge_iload         0  (        0 /        0 )  0.00
    merge_idload         0  (        0 /        0 )  0.00
      merge_drvr         0  (        0 /        0 )  0.00
      merge_load         0  (        0 /        0 )  0.00
          decomp         0  (        0 /        0 )  0.00
        p_decomp         0  (        0 /        0 )  0.00
        levelize         0  (        0 /        0 )  0.00
        mb_split         0  (        0 /        0 )  0.00
             dup         0  (        0 /        0 )  0.00
      mux_retime         0  (        0 /        0 )  0.00
         buf2inv         0  (        0 /        0 )  0.00
             exp         0  (        0 /        0 )  0.00
       gate_deco         0  (        0 /        0 )  0.00
       gcomp_tim         0  (        0 /        0 )  0.00
  inv_pair_2_buf         0  (        0 /        0 )  0.00


           Trick     Calls     Accepts   Attempts    Time(secs) 
-----------------------------------------------------------
         crr_220         0  (        0 /        0 )  0.00
        crr_glob         0  (        0 /        0 )  0.00
         crr_200         0  (        0 /        0 )  0.00
        crr_glob         0  (        0 /        0 )  0.00
         crr_300         0  (        0 /        0 )  0.00
        crr_glob         0  (        0 /        0 )  0.00
         crr_400         0  (        0 /        0 )  0.00
        crr_glob         0  (        0 /        0 )  0.00
         crr_111         0  (        0 /        0 )  0.00
        crr_glob         0  (        0 /        0 )  0.00
         crr_210         0  (        0 /        0 )  0.00
        crr_glob         0  (        0 /        0 )  0.00
         crr_110         0  (        0 /        0 )  0.00
        crr_glob         0  (        0 /        0 )  0.00
         crr_101         0  (        0 /        0 )  0.00
        crr_glob         0  (        0 /        0 )  0.00
         crr_201         0  (        0 /        0 )  0.00
        crr_glob         0  (        0 /        0 )  0.00
         crr_211         0  (        0 /        0 )  0.00
        crr_glob         0  (        0 /        0 )  0.00
        crit_msz         0  (        0 /        0 )  0.00
       crit_upsz         0  (        0 /        0 )  0.00
       crit_slew         0  (        0 /        0 )  0.00
        setup_dn         0  (        0 /        0 )  0.00
    plc_bal_star         0  (        0 /        0 )  0.00
     drc_buftimb         0  (        0 /        0 )  0.00
          plc_st         0  (        0 /        0 )  0.00
    plc_st_fence         0  (        0 /        0 )  0.00
        plc_star         0  (        0 /        0 )  0.00
      plc_laf_st         0  (        0 /        0 )  0.00
 plc_laf_st_fence         0  (        0 /        0 )  0.00
     drc_buftims         0  (        0 /        0 )  0.00
       plc_lo_st         0  (        0 /        0 )  0.00
            fopt         0  (        0 /        0 )  0.00
       crit_swap         0  (        0 /        0 )  0.00
       mux2_swap         0  (        0 /        0 )  0.00
       crit_dnsz         0  (        0 /        0 )  0.00
       load_swap         0  (        0 /        0 )  0.00
            fopt         0  (        0 /        0 )  0.00
        setup_dn         0  (        0 /        0 )  0.00
       load_isol         0  (        0 /        0 )  0.00
       load_isol         0  (        0 /        0 )  0.00
        move_for         0  (        0 /        0 )  0.00
        move_for         0  (        0 /        0 )  0.00
          rem_bi         0  (        0 /        0 )  0.00
         offload         0  (        0 /        0 )  0.00
          rem_bi         0  (        0 /        0 )  0.00
         offload         0  (        0 /        0 )  0.00
       merge_bit         0  (        0 /        0 )  0.00
     merge_idrvr         0  (        0 /        0 )  0.00
     merge_iload         0  (        0 /        0 )  0.00
    merge_idload         0  (        0 /        0 )  0.00
      merge_drvr         0  (        0 /        0 )  0.00
      merge_load         0  (        0 /        0 )  0.00
           phase         0  (        0 /        0 )  0.00
          decomp         0  (        0 /        0 )  0.00
        p_decomp         0  (        0 /        0 )  0.00
        levelize         0  (        0 /        0 )  0.00
        mb_split         0  (        0 /        0 )  0.00
        in_phase         0  (        0 /        0 )  0.00
             dup         0  (        0 /        0 )  0.00
      mux_retime         0  (        0 /        0 )  0.00
         buf2inv         0  (        0 /        0 )  0.00
             exp         0  (        0 /        0 )  0.00
       gate_deco         0  (        0 /        0 )  0.00
       gcomp_tim         0  (        0 /        0 )  0.00
  inv_pair_2_buf         0  (        0 /        0 )  0.00
 init_drc                 266849        0         0         0        0        0

           Trick     Calls     Accepts   Attempts    Time(secs) 
-----------------------------------------------------------
          plc_st         0  (        0 /        0 )  0.00
        plc_star         0  (        0 /        0 )  0.00
        drc_bufs         0  (        0 /        0 )  0.00
        drc_fopt         0  (        0 /        0 )  0.00
        drc_bufb         0  (        0 /        0 )  0.00
      simple_buf         0  (        0 /        0 )  0.00
             dup         0  (        0 /        0 )  0.00
       crit_dnsz         0  (        0 /        0 )  0.00
       crit_upsz         0  (        0 /        0 )  0.00
       crit_slew         0  (        0 /        0 )  0.00


           Trick     Calls     Accepts   Attempts    Time(secs) 
-----------------------------------------------------------
          plc_st         0  (        0 /        0 )  0.00
        plc_star         0  (        0 /        0 )  0.00
      drc_buf_sp         0  (        0 /        0 )  0.00
        drc_bufs         0  (        0 /        0 )  0.00
        drc_fopt         0  (        0 /        0 )  0.00
        drc_bufb         0  (        0 /        0 )  0.00
      simple_buf         0  (        0 /        0 )  0.00
             dup         0  (        0 /        0 )  0.00
       crit_dnsz         0  (        0 /        0 )  0.00
       crit_upsz         0  (        0 /        0 )  0.00


           Trick     Calls     Accepts   Attempts    Time(secs) 
-----------------------------------------------------------
          plc_st         0  (        0 /        0 )  0.00
        plc_star         0  (        0 /        0 )  0.00
      drc_buf_sp         0  (        0 /        0 )  0.00
        drc_bufs         0  (        0 /        0 )  0.00
        drc_fopt         0  (        0 /        0 )  0.00
        drc_bufb         0  (        0 /        0 )  0.00
             dup         0  (        0 /        0 )  0.00
       crit_dnsz         0  (        0 /        0 )  0.00
       crit_upsz         0  (        0 /        0 )  0.00

 init_tns                 266849        0         0         0        0        0

           Trick     Calls     Accepts   Attempts    Time(secs) 
-----------------------------------------------------------
            fopt         0  (        0 /        0 )  0.00
    plc_bal_star         0  (        0 /        0 )  0.00
     drc_buftimb         0  (        0 /        0 )  0.00
     drc_buftims         0  (        0 /        0 )  0.00
        crit_msz         0  (        0 /        0 )  0.00
       crit_upsz         0  (        0 /        0 )  0.00
   plc_laf_lo_st         0  (        0 /        0 )  0.00
       plc_lo_st         0  (        0 /        0 )  0.00
       crit_swap         0  (        0 /        0 )  0.00
       mux2_swap         0  (        0 /        0 )  0.00
       crit_dnsz         0  (        0 /        0 )  0.00
       load_swap         0  (        0 /        0 )  0.00
            fopt         0  (        0 /        0 )  0.00
        setup_dn         0  (        0 /        0 )  0.00
       load_isol         0  (        0 /        0 )  0.00
       load_isol         0  (        0 /        0 )  0.00
        move_for         0  (        0 /        0 )  0.00
        move_for         0  (        0 /        0 )  0.00
          rem_bi         0  (        0 /        0 )  0.00
         offload         0  (        0 /        0 )  0.00
          rem_bi         0  (        0 /        0 )  0.00
         offload         0  (        0 /        0 )  0.00
       merge_bit         0  (        0 /        0 )  0.00
     merge_idrvr         0  (        0 /        0 )  0.00
     merge_iload         0  (        0 /        0 )  0.00
    merge_idload         0  (        0 /        0 )  0.00
      merge_drvr         0  (        0 /        0 )  0.00
      merge_load         0  (        0 /        0 )  0.00
           phase         0  (        0 /        0 )  0.00
          decomp         0  (        0 /        0 )  0.00
        p_decomp         0  (        0 /        0 )  0.00
        levelize         0  (        0 /        0 )  0.00
        mb_split         0  (        0 /        0 )  0.00
             dup         0  (        0 /        0 )  0.00
      mux_retime         0  (        0 /        0 )  0.00
       crr_local         0  (        0 /        0 )  0.00
         buf2inv         0  (        0 /        0 )  0.00

 init_area                266849        0         0         0        0        0
 undup                    266847        0         0         0        0        0
 rem_buf                  266834        0         0         0        0        0
 rem_inv                  266807        0         0         0        0        0
 merge_bi                 266675        0         0         0        0        0
 rem_inv_qb               266668        0         0         0        0        0
 seq_res_area             266638        0         0         0        0        0
 io_phase                 266637        0         0         0        0        0
 gate_comp                266635        0         0         0        0        0
 glob_area                266546        0         0         0        0        0
 area_down                266510        0         0         0        0        0
 rem_inv                  266509        0         0         0        0        0
 rem_inv_qb               266508        0         0         0        0        0

           Trick     Calls     Accepts   Attempts    Time(secs) 
-----------------------------------------------------------
           undup         1  (        1 /        1 )  0.01
         rem_buf        15  (        6 /        7 )  0.05
         rem_inv        35  (       14 /       14 )  0.05
        merge_bi        99  (       92 /       95 )  0.14
      rem_inv_qb       337  (        1 /        2 )  0.30
    seq_res_area        57  (       13 /       14 )  24.20
        io_phase        29  (        1 /        1 )  0.03
       gate_comp        55  (        3 /        3 )  0.41
       gcomp_mog         9  (        0 /        0 )  0.15
       glob_area        54  (       24 /       54 )  0.38
       area_down       257  (       29 /       32 )  1.26
      size_n_buf        11  (        0 /        0 )  0.11
  gate_deco_area         0  (        0 /        0 )  0.01
         rem_buf         8  (        0 /        1 )  0.01
         rem_inv        21  (        1 /        1 )  0.02
        merge_bi         7  (        0 /        3 )  0.05
      rem_inv_qb       324  (        1 /        2 )  0.28

 
Incremental optimization status
===============================
                                   Group   
                                  Tot Wrst     Total - - - - DRC Totals - - - -
                           Total  Weighted      Neg      Max       Max     Max  
Operation                   Area   Slacks      Slack    Trans      Cap   Fanout 
 init_delay               266508        0         0         0        0        0

           Trick     Calls     Accepts   Attempts    Time(secs) 
-----------------------------------------------------------
         crr_220         0  (        0 /        0 )  0.00
        crr_glob         0  (        0 /        0 )  0.00
         crr_200         0  (        0 /        0 )  0.00
        crr_glob         0  (        0 /        0 )  0.00
         crr_300         0  (        0 /        0 )  0.00
        crr_glob         0  (        0 /        0 )  0.00
         crr_400         0  (        0 /        0 )  0.00
        crr_glob         0  (        0 /        0 )  0.00
         crr_111         0  (        0 /        0 )  0.00
        crr_glob         0  (        0 /        0 )  0.00
         crr_210         0  (        0 /        0 )  0.00
        crr_glob         0  (        0 /        0 )  0.00
         crr_110         0  (        0 /        0 )  0.00
        crr_glob         0  (        0 /        0 )  0.00
         crr_101         0  (        0 /        0 )  0.00
        crr_glob         0  (        0 /        0 )  0.00
         crr_201         0  (        0 /        0 )  0.00
        crr_glob         0  (        0 /        0 )  0.00
         crr_211         0  (        0 /        0 )  0.00
        crr_glob         0  (        0 /        0 )  0.00
        crit_msz         0  (        0 /        0 )  0.00
       crit_upsz         0  (        0 /        0 )  0.00
       crit_slew         0  (        0 /        0 )  0.00
        setup_dn         0  (        0 /        0 )  0.00
    plc_bal_star         0  (        0 /        0 )  0.00
     drc_buftimb         0  (        0 /        0 )  0.00
          plc_st         0  (        0 /        0 )  0.00
    plc_st_fence         0  (        0 /        0 )  0.00
        plc_star         0  (        0 /        0 )  0.00
      plc_laf_st         0  (        0 /        0 )  0.00
 plc_laf_st_fence         0  (        0 /        0 )  0.00
     drc_buftims         0  (        0 /        0 )  0.00
       plc_lo_st         0  (        0 /        0 )  0.00
            fopt         0  (        0 /        0 )  0.00
       crit_swap         0  (        0 /        0 )  0.00
       mux2_swap         0  (        0 /        0 )  0.00
       crit_dnsz         0  (        0 /        0 )  0.00
       load_swap         0  (        0 /        0 )  0.00
            fopt         0  (        0 /        0 )  0.00
        setup_dn         0  (        0 /        0 )  0.00
       load_isol         0  (        0 /        0 )  0.00
       load_isol         0  (        0 /        0 )  0.00
        move_for         0  (        0 /        0 )  0.00
        move_for         0  (        0 /        0 )  0.00
          rem_bi         0  (        0 /        0 )  0.00
         offload         0  (        0 /        0 )  0.00
          rem_bi         0  (        0 /        0 )  0.00
         offload         0  (        0 /        0 )  0.00
       merge_bit         0  (        0 /        0 )  0.00
     merge_idrvr         0  (        0 /        0 )  0.00
     merge_iload         0  (        0 /        0 )  0.00
    merge_idload         0  (        0 /        0 )  0.00
      merge_drvr         0  (        0 /        0 )  0.00
      merge_load         0  (        0 /        0 )  0.00
           phase         0  (        0 /        0 )  0.00
          decomp         0  (        0 /        0 )  0.00
        p_decomp         0  (        0 /        0 )  0.00
        levelize         0  (        0 /        0 )  0.00
        mb_split         0  (        0 /        0 )  0.00
        in_phase         0  (        0 /        0 )  0.00
             dup         0  (        0 /        0 )  0.00
      mux_retime         0  (        0 /        0 )  0.00
         buf2inv         0  (        0 /        0 )  0.00
             exp         0  (        0 /        0 )  0.00
       gate_deco         0  (        0 /        0 )  0.00
       gcomp_tim         0  (        0 /        0 )  0.00
  inv_pair_2_buf         0  (        0 /        0 )  0.00
 init_drc                 266508        0         0         0        0        0

           Trick     Calls     Accepts   Attempts    Time(secs) 
-----------------------------------------------------------
          plc_st         0  (        0 /        0 )  0.00
        plc_star         0  (        0 /        0 )  0.00
        drc_bufs         0  (        0 /        0 )  0.00
        drc_fopt         0  (        0 /        0 )  0.00
        drc_bufb         0  (        0 /        0 )  0.00
      simple_buf         0  (        0 /        0 )  0.00
             dup         0  (        0 /        0 )  0.00
       crit_dnsz         0  (        0 /        0 )  0.00
       crit_upsz         0  (        0 /        0 )  0.00
       crit_slew         0  (        0 /        0 )  0.00


           Trick     Calls     Accepts   Attempts    Time(secs) 
-----------------------------------------------------------
          plc_st         0  (        0 /        0 )  0.00
        plc_star         0  (        0 /        0 )  0.00
        drc_bufs         0  (        0 /        0 )  0.00
        drc_fopt         0  (        0 /        0 )  0.00
        drc_bufb         0  (        0 /        0 )  0.00
      simple_buf         0  (        0 /        0 )  0.00
             dup         0  (        0 /        0 )  0.00
       crit_dnsz         0  (        0 /        0 )  0.00
       crit_upsz         0  (        0 /        0 )  0.00


           Trick     Calls     Accepts   Attempts    Time(secs) 
-----------------------------------------------------------
          plc_st         0  (        0 /        0 )  0.00
        plc_star         0  (        0 /        0 )  0.00
        drc_bufs         0  (        0 /        0 )  0.00
        drc_fopt         0  (        0 /        0 )  0.00
        drc_bufb         0  (        0 /        0 )  0.00
             dup         0  (        0 /        0 )  0.00
       crit_dnsz         0  (        0 /        0 )  0.00
       crit_upsz         0  (        0 /        0 )  0.00

 init_tns                 266508        0         0         0        0        0

           Trick     Calls     Accepts   Attempts    Time(secs) 
-----------------------------------------------------------
            fopt         0  (        0 /        0 )  0.00
    plc_bal_star         0  (        0 /        0 )  0.00
     drc_buftimb         0  (        0 /        0 )  0.00
     drc_buftims         0  (        0 /        0 )  0.00
        crit_msz         0  (        0 /        0 )  0.00
       crit_upsz         0  (        0 /        0 )  0.00
   plc_laf_lo_st         0  (        0 /        0 )  0.00
       plc_lo_st         0  (        0 /        0 )  0.00
       crit_swap         0  (        0 /        0 )  0.00
       mux2_swap         0  (        0 /        0 )  0.00
       crit_dnsz         0  (        0 /        0 )  0.00
       load_swap         0  (        0 /        0 )  0.00
            fopt         0  (        0 /        0 )  0.00
        setup_dn         0  (        0 /        0 )  0.00
       load_isol         0  (        0 /        0 )  0.00
       load_isol         0  (        0 /        0 )  0.00
        move_for         0  (        0 /        0 )  0.00
        move_for         0  (        0 /        0 )  0.00
          rem_bi         0  (        0 /        0 )  0.00
         offload         0  (        0 /        0 )  0.00
          rem_bi         0  (        0 /        0 )  0.00
         offload         0  (        0 /        0 )  0.00
       merge_bit         0  (        0 /        0 )  0.00
     merge_idrvr         0  (        0 /        0 )  0.00
     merge_iload         0  (        0 /        0 )  0.00
    merge_idload         0  (        0 /        0 )  0.00
      merge_drvr         0  (        0 /        0 )  0.00
      merge_load         0  (        0 /        0 )  0.00
           phase         0  (        0 /        0 )  0.00
          decomp         0  (        0 /        0 )  0.00
        p_decomp         0  (        0 /        0 )  0.00
        levelize         0  (        0 /        0 )  0.00
        mb_split         0  (        0 /        0 )  0.00
             dup         0  (        0 /        0 )  0.00
      mux_retime         0  (        0 /        0 )  0.00
       crr_local         0  (        0 /        0 )  0.00
         buf2inv         0  (        0 /        0 )  0.00

 init_area                266508        0         0         0        0        0
 area_down                266506        0         0         0        0        0

           Trick     Calls     Accepts   Attempts    Time(secs) 
-----------------------------------------------------------
           undup         0  (        0 /        0 )  0.01
         rem_buf         8  (        0 /        1 )  0.01
         rem_inv        20  (        0 /        0 )  0.02
        merge_bi         7  (        0 /        3 )  0.04
      rem_inv_qb       323  (        0 /        1 )  0.28
        io_phase        28  (        0 /        0 )  0.03
       gate_comp        52  (        0 /        0 )  0.40
       gcomp_mog         9  (        0 /        0 )  0.15
       glob_area        42  (        0 /       42 )  0.45
       area_down       250  (        2 /        5 )  1.11
      size_n_buf         0  (        0 /        0 )  0.04
  gate_deco_area         0  (        0 /        0 )  0.00

 
Incremental optimization status
===============================
                                   Group   
                                  Tot Wrst     Total - - - - DRC Totals - - - -
                           Total  Weighted      Neg      Max       Max     Max  
Operation                   Area   Slacks      Slack    Trans      Cap   Fanout 
 init_delay               266506        0         0         0        0        0

           Trick     Calls     Accepts   Attempts    Time(secs) 
-----------------------------------------------------------
        crit_msz         0  (        0 /        0 )  0.00
       crit_upsz         0  (        0 /        0 )  0.00
       crit_slew         0  (        0 /        0 )  0.00
        setup_dn         0  (        0 /        0 )  0.00
    plc_bal_star         0  (        0 /        0 )  0.00
     drc_buftimb         0  (        0 /        0 )  0.00
          plc_st         0  (        0 /        0 )  0.00
    plc_st_fence         0  (        0 /        0 )  0.00
        plc_star         0  (        0 /        0 )  0.00
      plc_laf_st         0  (        0 /        0 )  0.00
 plc_laf_st_fence         0  (        0 /        0 )  0.00
     drc_buftims         0  (        0 /        0 )  0.00
   plc_laf_lo_st         0  (        0 /        0 )  0.00
       plc_lo_st         0  (        0 /        0 )  0.00
            fopt         0  (        0 /        0 )  0.00
       crit_swap         0  (        0 /        0 )  0.00
       mux2_swap         0  (        0 /        0 )  0.00
       crit_dnsz         0  (        0 /        0 )  0.00
       load_swap         0  (        0 /        0 )  0.00
            fopt         0  (        0 /        0 )  0.00
        setup_dn         0  (        0 /        0 )  0.00
       load_isol         0  (        0 /        0 )  0.00
       load_isol         0  (        0 /        0 )  0.00
        move_for         0  (        0 /        0 )  0.00
        move_for         0  (        0 /        0 )  0.00
          rem_bi         0  (        0 /        0 )  0.00
         offload         0  (        0 /        0 )  0.00
          rem_bi         0  (        0 /        0 )  0.00
         offload         0  (        0 /        0 )  0.00
           phase         0  (        0 /        0 )  0.00
        in_phase         0  (        0 /        0 )  0.00
       merge_bit         0  (        0 /        0 )  0.00
     merge_idrvr         0  (        0 /        0 )  0.00
     merge_iload         0  (        0 /        0 )  0.00
    merge_idload         0  (        0 /        0 )  0.00
      merge_drvr         0  (        0 /        0 )  0.00
      merge_load         0  (        0 /        0 )  0.00
          decomp         0  (        0 /        0 )  0.00
        p_decomp         0  (        0 /        0 )  0.00
        levelize         0  (        0 /        0 )  0.00
        mb_split         0  (        0 /        0 )  0.00
             dup         0  (        0 /        0 )  0.00
      mux_retime         0  (        0 /        0 )  0.00
         buf2inv         0  (        0 /        0 )  0.00
             exp         0  (        0 /        0 )  0.00
       gate_deco         0  (        0 /        0 )  0.00
       gcomp_tim         0  (        0 /        0 )  0.00
  inv_pair_2_buf         0  (        0 /        0 )  0.00

 init_drc                 266506        0         0         0        0        0

           Trick     Calls     Accepts   Attempts    Time(secs) 
-----------------------------------------------------------
          plc_st         0  (        0 /        0 )  0.00
        plc_star         0  (        0 /        0 )  0.00
        drc_bufs         0  (        0 /        0 )  0.00
        drc_fopt         0  (        0 /        0 )  0.00
        drc_bufb         0  (        0 /        0 )  0.00
      simple_buf         0  (        0 /        0 )  0.00
             dup         0  (        0 /        0 )  0.00
       crit_dnsz         0  (        0 /        0 )  0.00
       crit_upsz         0  (        0 /        0 )  0.00
       crit_slew         0  (        0 /        0 )  0.00


           Trick     Calls     Accepts   Attempts    Time(secs) 
-----------------------------------------------------------
          plc_st         0  (        0 /        0 )  0.00
        plc_star         0  (        0 /        0 )  0.00
        drc_bufs         0  (        0 /        0 )  0.00
        drc_fopt         0  (        0 /        0 )  0.00
        drc_bufb         0  (        0 /        0 )  0.00
      simple_buf         0  (        0 /        0 )  0.00
             dup         0  (        0 /        0 )  0.00
       crit_dnsz         0  (        0 /        0 )  0.00
       crit_upsz         0  (        0 /        0 )  0.00


           Trick     Calls     Accepts   Attempts    Time(secs) 
-----------------------------------------------------------
          plc_st         0  (        0 /        0 )  0.00
        plc_star         0  (        0 /        0 )  0.00
        drc_bufs         0  (        0 /        0 )  0.00
        drc_fopt         0  (        0 /        0 )  0.00
        drc_bufb         0  (        0 /        0 )  0.00
             dup         0  (        0 /        0 )  0.00
       crit_dnsz         0  (        0 /        0 )  0.00
       crit_upsz         0  (        0 /        0 )  0.00

==================================
Stage : incr_opt 
==================================
  =================
   Message Summary
  =================
-----------------------------------------------------------------------------------------------------------------------------------------------------------------------------------------
|  Id   |  Sev  |Count|                                                                          Message Text                                                                           |
-----------------------------------------------------------------------------------------------------------------------------------------------------------------------------------------
|CFM-1  |Info   |    1|Wrote dofile.                                                                                                                                                    |
|CFM-5  |Info   |    1|Wrote formal verification information.                                                                                                                           |
|GLO-51 |Info   |   15|Hierarchical instance automatically ungrouped.                                                                                                                   |
|       |       |     |Hierarchical instances can be automatically ungrouped to allow for better area or timing optimization. To prevent this ungroup, set the root-level attribute     |
|       |       |     | 'auto_ungroup' to 'none'. You can also prevent individual ungroup with setting the attribute 'ungroup_ok' of instances or modules to 'false'.                   |
|PA-7   |Info   |    4|Resetting power analysis results.                                                                                                                                |
|       |       |     |All computed switching activities are removed.                                                                                                                   |
|ST-112 |Info   |    1|A super-threading server has been shut down normally.                                                                                                            |
|       |       |     |A super-threaded optimization is complete and a CPU server was successfully shut down.                                                                           |
|SYNTH-5|Info   |    1|Done mapping.                                                                                                                                                    |
|SYNTH-7|Info   |    1|Incrementally optimizing.                                                                                                                                        |
|TIM-11 |Warning|    6|Timing problems have been detected in this design.                                                                                                               |
|       |       |     |Use 'check_timing_intent' or 'report timing -lint' to report more information.                                                                                   |
-----------------------------------------------------------------------------------------------------------------------------------------------------------------------------------------
Info    : Done incrementally optimizing. [SYNTH-8]
        : Done incrementally optimizing 'mgmt_core_wrapper'.
        Computing net loads.
      flow.cputime  flow.realtime  timing.setup.tns  timing.setup.wns  snapshot
UM:*                                                                   syn_opt
@file(synth2.tcl) 85: puts "Runtime & Memory after 'syn_opt'"
Runtime & Memory after 'syn_opt'
@file(synth2.tcl) 86: time_info OPT
stamp 'OPT' being created for table 'default'

  Total Time (Wall) |  Stage Time (Wall)  |   % (Wall)   |    Date - Time     |  Memory   | Stage
--------------------+---------------------+--------------+--------------------+-----------+----------------------
 00:00:03(00:00:00) |  00:00:00(00:00:00) |   0.0(  0.0) |   18:46:59 (Apr13) |  221.8 MB | init
--------------------+---------------------+--------------+--------------------+-----------+----------------------
 00:00:10(00:00:44) |  00:00:07(00:00:44) |   3.9(  7.7) |   18:47:43 (Apr13) |  610.4 MB | Elaboration
--------------------+---------------------+--------------+--------------------+-----------+----------------------
 00:01:37(00:07:57) |  00:01:27(00:07:13) |  48.1( 75.6) |   18:54:56 (Apr13) |   1.24 GB | GENERIC
--------------------+---------------------+--------------+--------------------+-----------+----------------------
 00:02:32(00:09:02) |  00:00:55(00:01:05) |  30.5( 11.3) |   18:56:01 (Apr13) |   1.53 GB | MAPPED
--------------------+---------------------+--------------+--------------------+-----------+----------------------
 00:03:03(00:09:33) |  00:00:31(00:00:31) |  17.6(  5.4) |   18:56:33 (Apr13) |   1.53 GB | OPT
--------------------+---------------------+--------------+--------------------+-----------+----------------------
Number of threads: 2 * 1   (id: default, time_info v1.57)
Info: (*N*) indicates data that was populated from previously saved time_info database
Info: CPU time includes time of parent + longest thread
@file(synth2.tcl) 88: foreach cg [vfind / -cost_group *] {
  report_timing -max_paths 50 -group [list $cg] > $_REPORTS_PATH/${DESIGN}_[vbasename $cg]_post_opt.rpt
}
        Computing net loads.
        Tracing clock networks.
        Levelizing the circuit.
        Computing delays.
        Computing arrivals and requireds.
Warning : Violating paths are less than num_paths/max_paths. [CHKTIM-19]
        : Only 2 violating paths found
        : The timing query has number of violating paths less than requested num_paths/max_paths.
@file(synth2.tcl) 98: report_power > $_REPORTS_PATH/${DESIGN}_power.rpt
Warning: Library 'fast_vdd1v0' found in multiple domains.
Info: Use -domain to uniquify.
Info: Selecting library 'fast_vdd1v0' in domain '-1'
Warning: Library 'scm_128x32' found in multiple domains.
Info: Use -domain to uniquify.
Info: Selecting library 'scm_128x32' in domain '-1'
Info    : Joules engine is used. [RPT-16]
        : Joules engine is being used for the command report_power.
Info   : ACTP-0001 [ACTPInfo] Activity propagation started for stim#0 netlist
       : mgmt_core_wrapper
Info   : ACTP-0009 [ACTPInfo] Activity Propagation Progress Report :   0%   1%   2%   3%   4%   5%   6%   7%   8%   9%  10%  11%  12%  13%  14%  15%  16%  17%  18%  19%  20%  21%  22%  23%  24%  25%  26%  27%  28%  29%  30%  31%  32%  33%  34%  35%  36%  37%  38%  39%  40%  41%  42%  43%  44%  45%  46%  47%  48%  49%  50%  51%  52%  53%  54%  55%  56%  57%  58%  59%  60%  61%  62%  63%  64%  65%  66%  67%  68%  69%  70%  71%  72%  73%  74%  75%  76%  77%  78%  79%  80%  81%  82%  83%  84%  85%  86%  87%  88%  89%  90%  91%  92%  93%  94%  95%  96%  97%  98%  99% 100%
Info   : ACTP-0001 Activity propagation ended for stim#0
Info   : PWRA-0001 [PwrInfo] compute_power effective options 
       : -mode : vectorless
       : -skip_propagation : 1
       : -frequency_scaling_factor : 1.0
       : -use_clock_freq : stim
       : -stim :/stim#0
       : -fromGenus : 1
Info   : ACTP-0001 Timing initialization started
Info   : ACTP-0001 Timing initialization ended
Info   : PWRA-0002 [PwrInfo] Skipping activity propagation due to -skip_ap
       : option....
Warning: PWRA-0302 [PwrWarn] Frequency scaling is not applicable for vectorless
       : flow. Ignoring frequency scaling.
Warning: PWRA-0304 [PwrWarn] -stim option is not applicable with vectorless mode
       : of power analysis, ignored this option.
Info   : PWRA-0002 Started 'vectorless' power computation.
Info   : PWRA-0009 [PwrInfo] Power Computation Progress Report :   0%   1%   2%   3%   4%   5%   6%   7%   8%   9%  10%  11%  12%  13%  14%  15%  16%  17%  18%  19%  20%  21%  22%  23%  24%  25%  26%  27%  28%  29%  30%  31%  32%  33%  34%  35%  36%  37%  38%  39%  40%  41%  42%  43%  44%  45%  46%  47%  48%  49%  50%  51%  52%  53%  54%  55%  56%  57%  58%  59%  60%  61%  62%  63%  64%  65%  66%  67%  68%  69%  70%  71%  72%  73%  74%  75%  76%  77%  78%  79%  80%  81%  82%  83%  84%  85%  86%  87%  88%  89%  90%  91%  92%  93%  94%  95%  96%  97%  98%  99% 100%
Info   : PWRA-0002 Finished power computation.
Info   : PWRA-0007 [PwrInfo] Completed successfully.
       : Info=6, Warn=2, Error=0, Fatal=0
Output file: reports_Apr13-18:47:39/mgmt_core_wrapper_power.rpt
@file(synth2.tcl) 99: report_dp > $_REPORTS_PATH/${DESIGN}_datapath_incr.rpt
Beginning report datapath command
Warning : The filename, column and line number information will not be available in the report. [RPT_DP-100]
        : The attribute for getting HDL filename and line number is not set.
        : You must set the 'hdl_track_filename_row_col' attribute to 'true' (before elaborate) to enable filename, column, and line number tracking in the datapath report.
@file(synth2.tcl) 100: report_messages > $_REPORTS_PATH/${DESIGN}_messages.rpt
@file(synth2.tcl) 101: write_snapshot -outdir $_REPORTS_PATH -tag final
%# Begin write_snapshot (04/13 18:56:34, mem=2279.95M)
%# Begin qos_stats (04/13 18:56:34, mem=2279.95M)
        Computing arrivals and requireds.
%# End qos_stats (04/13 18:56:34, total cpu=09:00:01, real=09:00:00, peak res=1655.80M, current mem=2279.95M)
Warning : A required object parameter could not be found. [TUI-78]
        : An object named "" could not be found for attribute 'name'.
        : Check if a previous get_db or find returned an empty string.
Warning : A required object parameter could not be found. [TUI-78]
        : An object named "" could not be found for attribute 'analysis_view'.


Working Directory = /home/alumnes/s/serik.perez/dnd/synth/caravel-picorv32/R1
QoS Summary for mgmt_core_wrapper
================================================================================
Metric                          final          
================================================================================
Slack (ps):                     1,773
  R2R (ps):                     1,773
  I2R (ps):                     2,787
  R2O (ps):                     3,107
  I2O (ps):                     3,573
  CG  (ps):                  no_value
TNS (ps):                           0
  R2R (ps):                         0
  I2R (ps):                         0
  R2O (ps):                         0
  I2O (ps):                         0
  CG  (ps):                  no_value
Failing Paths:                      0
Cell Area:                    249,517
Total Cell Area:              249,517
Leaf Instances:                12,065
Total Instances:               12,065
Utilization (%):                 0.00
Tot. Net Length (um):        no_value
Avg. Net Length (um):        no_value
Route Overflow H (%):        no_value
Route Overflow V (%):        no_value
MBCI(%) (bits/gate) :            0.00
Norm Cong Hotspot Area:
  Max Cong:                  no_value
  Tot Cong:                  no_value
================================================================================
CPU  Runtime (h:m:s):        00:03:29
Real Runtime (h:m:s):        00:09:35
CPU  Elapsed (h:m:s):        00:03:33
Real Elapsed (h:m:s):        00:09:36
Memory (MB):                  2279.95
================================================================================
================================================================================
Flow Settings:
================================================================================
Total Runtime (h:m:s): 00:09:35
Total Memory (MB):     2279.95
Executable Version:    22.13-s093_1
================================================================================
Total Cell Area =  Cell Area + Physical Cell Area
Total Instances =  Leaf Instances + Physical Instances




Info    : Joules engine is used. [RPT-16]
        : Joules engine is being used for the command report_gates -power.
Finished exporting design database to file 'reports_Apr13-18:47:39/final_mgmt_core_wrapper.db' for 'mgmt_core_wrapper' (command execution time mm:ss cpu = 00:00, real = 00:00).
Finished generating snapshot at stage final (command execution time mm:ss cpu = 00:01, real = 00:01).
%# End write_snapshot (04/13 18:56:35, total cpu=09:00:01, real=09:00:01, peak res=1655.80M, current mem=2279.95M)
@file(synth2.tcl) 102: report_summary -directory $_REPORTS_PATH
Warning : A required object parameter could not be found. [TUI-78]
        : An object named "" could not be found for attribute 'name'.
Warning : A required object parameter could not be found. [TUI-78]
        : An object named "" could not be found for attribute 'analysis_view'.


Working Directory = /home/alumnes/s/serik.perez/dnd/synth/caravel-picorv32/R1
QoS Summary for mgmt_core_wrapper
================================================================================
Metric                          final          
================================================================================
Slack (ps):                     1,773
  R2R (ps):                     1,773
  I2R (ps):                     2,787
  R2O (ps):                     3,107
  I2O (ps):                     3,573
  CG  (ps):                  no_value
TNS (ps):                           0
  R2R (ps):                         0
  I2R (ps):                         0
  R2O (ps):                         0
  I2O (ps):                         0
  CG  (ps):                  no_value
Failing Paths:                      0
Cell Area:                    249,517
Total Cell Area:              249,517
Leaf Instances:                12,065
Total Instances:               12,065
Utilization (%):                 0.00
Tot. Net Length (um):        no_value
Avg. Net Length (um):        no_value
Route Overflow H (%):        no_value
Route Overflow V (%):        no_value
MBCI(%) (bits/gate) :            0.00
Norm Cong Hotspot Area:
  Max Cong:                  no_value
  Tot Cong:                  no_value
================================================================================
CPU  Runtime (h:m:s):        00:03:29
Real Runtime (h:m:s):        00:09:35
CPU  Elapsed (h:m:s):        00:03:33
Real Elapsed (h:m:s):        00:09:36
Memory (MB):                  2279.95
================================================================================
================================================================================
Flow Settings:
================================================================================
Total Runtime (h:m:s): 00:09:36
Total Memory (MB):     2279.95
Executable Version:    22.13-s093_1
================================================================================
Total Cell Area =  Cell Area + Physical Cell Area
Total Instances =  Leaf Instances + Physical Instances




@file(synth2.tcl) 104: write_db -common ${_OUTPUTS_PATH}/${DESIGN}_m
%# Begin ::stylus_db::write (04/13 18:56:36, mem=2279.95M)
(stylus_db): Argument checking
Warning : Saving 'Common-DB' of a design using non-MMMC timing configuration. [DATABASE-140]
        : Timing will likely be upgraded to use MMMC on read.
(stylus_db): Directory creation under 'out_Apr13-18:47:39/mgmt_core_wrapper_m'
(stylus_db): Saving Verilog
(stylus_db): Saving DEF
(stylus_db): No floorplan exists, DEF will not be written.
(stylus_db): Saving SCANDEF
(stylus_db): No scan definition is present.
(stylus_db): Saving MMMC/SDC
File out_Apr13-18:47:39/mgmt_core_wrapper_m/cmn/mgmt_core_wrapper.mmmc/mgmt_core_wrapper.mmmc.tcl has been written.
Writing compressed SDC constraint file out_Apr13-18:47:39/mgmt_core_wrapper_m/cmn/mgmt_core_wrapper.mmmc/modes/default_emulate_constraint_mode/default_emulate_constraint_mode.sdc.gz
Finished SDC export (command execution time mm:ss (real) = 00:00).
Info: file out_Apr13-18:47:39/mgmt_core_wrapper_m/cmn/mgmt_core_wrapper.mmmc/modes/default_emulate_constraint_mode/default_emulate_constraint_mode.sdc.gz has been written
Info: file out_Apr13-18:47:39/mgmt_core_wrapper_m/cmn/mgmt_core_wrapper.mmmc/modes/default_emulate_constraint_mode/default_emulate_constraint_mode.sdc.gz has been written
(stylus_db): Saving Latency
(stylus_db): Saving Derates
(stylus_db): Saving Path-Adjusts
Writing compressed SDC constraint file out_Apr13-18:47:39/mgmt_core_wrapper_m/cmn/mgmt_core_wrapper.mmmc/views/default_emulate_view/latency.sdc.gz
(stylus_db): Saving SPEF
(stylus_db): Saving Unified Metrics
(stylus_db): Saving User-Attribute Settings
(stylus_db): Saving Flowkit Settings
(stylus_db): Saving Genus .g
Writing compressed 'write_spef' file out_Apr13-18:47:39/mgmt_core_wrapper_m/cmn/mgmt_core_wrapper.mmmc/corners/default_emulate_rc_corner/default_emulate_rc_corner.spef.gz
Starting spef generation ..
printing HEADER ..
printing NAME_MAP section ..
printing NAME_MAP all ports section ..
printing NAME_MAP top level nets ..
printing NAME_MAP all other level nets ..
printing NAME_MAP instances ..
printing PORTS section ..
Total number of net segments is 12843 ..
Total number of physical nets is 12839 ..
printing D_NET section ..
 ... 1283 nets processed
 ... 2566 nets processed
 ... 3849 nets processed
 ... 5132 nets processed
 ... 6415 nets processed
 ... 7698 nets processed
 ... 8981 nets processed
 ... 10264 nets processed
 ... 11547 nets processed
 ... 12830 nets processed
Completed spef generation ..
(stylus_db): Saving Genus nonMMMC information
Writing compressed SDC constraint file out_Apr13-18:47:39/mgmt_core_wrapper_m/cmn/mgmt_core_wrapper.mmmc/pathadjust.sdc.gz
Finished SDC export (command execution time mm:ss (real) = 00:00).
Writing GENUS setup file... Library
  Setting attribute of root '/': 'opt_spatial_power_driven' = false
(stylus_db): Saving Native DB
Finished exporting design database to file '/home/alumnes/s/serik.perez/dnd/synth/caravel-picorv32/R1/out_Apr13-18:47:39/mgmt_core_wrapper_m/syn/mgmt_core_wrapper.db' for 'mgmt_core_wrapper' (command execution time mm:ss cpu = 00:00, real = 00:00).
(stylus_db): Waiting for all child processes to complete
(stylus_db): Completing mmmc file
%# End ::stylus_db::write (04/13 18:56:38, total cpu=09:00:02, real=09:00:02, peak res=1655.80M, current mem=2284.95M)
@file(synth2.tcl) 105: write_hdl  > ${_OUTPUTS_PATH}/${DESIGN}_m.v
@file(synth2.tcl) 106: write_sdc > ${_OUTPUTS_PATH}/${DESIGN}_m.sdc
Finished SDC export (command execution time mm:ss (real) = 00:01).
@file(synth2.tcl) 118: puts "Final Runtime & Memory."
Final Runtime & Memory.
@file(synth2.tcl) 119: time_info FINAL
stamp 'FINAL' being created for table 'default'

  Total Time (Wall) |  Stage Time (Wall)  |   % (Wall)   |    Date - Time     |  Memory   | Stage
--------------------+---------------------+--------------+--------------------+-----------+----------------------
 00:00:03(00:00:00) |  00:00:00(00:00:00) |   0.0(  0.0) |   18:46:59 (Apr13) |  221.8 MB | init
--------------------+---------------------+--------------+--------------------+-----------+----------------------
 00:00:10(00:00:44) |  00:00:07(00:00:44) |   3.8(  7.6) |   18:47:43 (Apr13) |  610.4 MB | Elaboration
--------------------+---------------------+--------------+--------------------+-----------+----------------------
 00:01:37(00:07:57) |  00:01:27(00:07:13) |  47.1( 74.7) |   18:54:56 (Apr13) |   1.24 GB | GENERIC
--------------------+---------------------+--------------+--------------------+-----------+----------------------
 00:02:32(00:09:02) |  00:00:55(00:01:05) |  29.8( 11.2) |   18:56:01 (Apr13) |   1.53 GB | MAPPED
--------------------+---------------------+--------------+--------------------+-----------+----------------------
 00:03:03(00:09:33) |  00:00:31(00:00:31) |  17.2(  5.3) |   18:56:33 (Apr13) |   1.53 GB | OPT
--------------------+---------------------+--------------+--------------------+-----------+----------------------
 00:03:07(00:09:40) |  00:00:03(00:00:07) |   2.1(  1.2) |   18:56:39 (Apr13) |   1.57 GB | FINAL
--------------------+---------------------+--------------+--------------------+-----------+----------------------
Number of threads: 2 * 1   (id: default, time_info v1.57)
Info: (*N*) indicates data that was populated from previously saved time_info database
Info: CPU time includes time of parent + longest thread
@file(synth2.tcl) 120: puts "============================"
============================
@file(synth2.tcl) 121: puts "Synthesis Finished ........."
Synthesis Finished .........
@file(synth2.tcl) 122: puts "============================"
============================
@file(synth2.tcl) 124: file copy [get_db / .stdout_log] ${_LOG_PATH}/.
@file(synth2.tcl) 126: exit

Lic Summary:
[18:56:39.515073] Cdslmd servers: blendedP
[18:56:39.515082] Feature usage summary:
[18:56:39.515082] Genus_Synthesis

Normal exit.