
Cadence Innovus(TM) Implementation System.
Copyright 2022 Cadence Design Systems, Inc. All rights reserved worldwide.

Version:	v22.33-s094_1, built Fri Aug 25 16:48:21 PDT 2023
Options:	-stylus 
Date:		Sat May  9 10:54:39 2026
Host:		CadenceRocky8 (x86_64 w/Linux 4.18.0-553.45.1.el8_10.x86_64) (1core*4cpus*Intel Xeon Processor (SapphireRapids) 16384KB)
OS:		Rocky Linux 8.10 (Green Obsidian)

License:
		[10:54:39.046514] Configured Lic search path (21.01-s002): 1717@seesemi.upc.edu:5280@blendedP.upc.edu

		invs	Innovus Implementation System	22.1	checkout succeeded
		8 CPU jobs allowed with the current license(s). Use set_multi_cpu_usage to set your required CPU count.


Create and set the environment variable TMPDIR to /tmp/innovus_temp_6365_CadenceRocky8_serik.perez_WTkoTu.

Change the soft stacksize limit to 0.2%RAM (23 mbytes). Set global soft_stack_size_limit to change the value.
[INFO] Loading Pegasus 23.11 fill procedures

**INFO:  MMMC transition support version v31-84 

@innovus 1> read_db out_Apr13-18:47:39/mgmt_core_wrapper_m

(stylus_db): ::init_mmmc_version set to version 2 from SQL db.
#% Begin Load Common DB (date=05/09 10:56:23, mem=1447.8M)
(stylus_db): Begin loading Common DB 'mgmt_core_wrapper_m' (Created by Genus(TM) Synthesis Solution 22.13-s093_1) ...
(stylus_db): Initialized SQLite db version 0.2 ..
(stylus_db): Load Flow-Kit settings ...
% Begin Load Flow-Kit settings (date=05/09 10:56:23, mem=1449.2M)
% End Load Flow-Kit settings (date=05/09 10:56:23, total cpu=0:00:00.0, real=0:00:00.0, peak res=1449.2M, current mem=1449.2M)
% Begin Load MMMC data (date=05/09 10:56:23, mem=1449.2M)
(stylus_db): Reading MMMC file ...
Reading default_emulate_libset_max timing library '/eda/trasllat/GPDK45/gsclib045_all_v4.7/gsclib045/timing/fast_vdd1v0_basicCells.lib' ...
**WARN: (TECHLIB-302):	No function defined for cell 'DECAP9'. The cell will only be used for analysis. (File /eda/trasllat/GPDK45/gsclib045_all_v4.7/gsclib045/timing/fast_vdd1v0_basicCells.lib)
**WARN: (TECHLIB-302):	No function defined for cell 'DECAP8'. The cell will only be used for analysis. (File /eda/trasllat/GPDK45/gsclib045_all_v4.7/gsclib045/timing/fast_vdd1v0_basicCells.lib)
**WARN: (TECHLIB-302):	No function defined for cell 'DECAP7'. The cell will only be used for analysis. (File /eda/trasllat/GPDK45/gsclib045_all_v4.7/gsclib045/timing/fast_vdd1v0_basicCells.lib)
**WARN: (TECHLIB-302):	No function defined for cell 'DECAP6'. The cell will only be used for analysis. (File /eda/trasllat/GPDK45/gsclib045_all_v4.7/gsclib045/timing/fast_vdd1v0_basicCells.lib)
**WARN: (TECHLIB-302):	No function defined for cell 'DECAP5'. The cell will only be used for analysis. (File /eda/trasllat/GPDK45/gsclib045_all_v4.7/gsclib045/timing/fast_vdd1v0_basicCells.lib)
**WARN: (TECHLIB-302):	No function defined for cell 'DECAP4'. The cell will only be used for analysis. (File /eda/trasllat/GPDK45/gsclib045_all_v4.7/gsclib045/timing/fast_vdd1v0_basicCells.lib)
**WARN: (TECHLIB-302):	No function defined for cell 'DECAP3'. The cell will only be used for analysis. (File /eda/trasllat/GPDK45/gsclib045_all_v4.7/gsclib045/timing/fast_vdd1v0_basicCells.lib)
**WARN: (TECHLIB-302):	No function defined for cell 'DECAP2'. The cell will only be used for analysis. (File /eda/trasllat/GPDK45/gsclib045_all_v4.7/gsclib045/timing/fast_vdd1v0_basicCells.lib)
**WARN: (TECHLIB-302):	No function defined for cell 'DECAP10'. The cell will only be used for analysis. (File /eda/trasllat/GPDK45/gsclib045_all_v4.7/gsclib045/timing/fast_vdd1v0_basicCells.lib)
**WARN: (TECHLIB-302):	No function defined for cell 'ANTENNA'. The cell will only be used for analysis. (File /eda/trasllat/GPDK45/gsclib045_all_v4.7/gsclib045/timing/fast_vdd1v0_basicCells.lib)
Read 489 cells in library 'fast_vdd1v0' 
Reading default_emulate_libset_max timing library '/eda/trasllat/GPDK45/gsclib045_all_v4.7/gsclib045/timing/fast_vdd1v0_multibitsDFF.lib' ...
**WARN: (TECHLIB-459):	Appending library 'fast_vdd1v0' to the previously read library of the same name and nominal PVT. Cell definitions from the previously read library will not be overridden. (File /eda/trasllat/GPDK45/gsclib045_all_v4.7/gsclib045/timing/fast_vdd1v0_multibitsDFF.lib)
**WARN: (TECHLIB-302):	No function defined for cell 'DECAP9'. The cell will only be used for analysis. (File /eda/trasllat/GPDK45/gsclib045_all_v4.7/gsclib045/timing/fast_vdd1v0_multibitsDFF.lib)
**WARN: (TECHLIB-302):	No function defined for cell 'DECAP8'. The cell will only be used for analysis. (File /eda/trasllat/GPDK45/gsclib045_all_v4.7/gsclib045/timing/fast_vdd1v0_multibitsDFF.lib)
**WARN: (TECHLIB-302):	No function defined for cell 'DECAP7'. The cell will only be used for analysis. (File /eda/trasllat/GPDK45/gsclib045_all_v4.7/gsclib045/timing/fast_vdd1v0_multibitsDFF.lib)
**WARN: (TECHLIB-302):	No function defined for cell 'DECAP6'. The cell will only be used for analysis. (File /eda/trasllat/GPDK45/gsclib045_all_v4.7/gsclib045/timing/fast_vdd1v0_multibitsDFF.lib)
**WARN: (TECHLIB-302):	No function defined for cell 'DECAP5'. The cell will only be used for analysis. (File /eda/trasllat/GPDK45/gsclib045_all_v4.7/gsclib045/timing/fast_vdd1v0_multibitsDFF.lib)
**WARN: (TECHLIB-302):	No function defined for cell 'DECAP4'. The cell will only be used for analysis. (File /eda/trasllat/GPDK45/gsclib045_all_v4.7/gsclib045/timing/fast_vdd1v0_multibitsDFF.lib)
**WARN: (TECHLIB-302):	No function defined for cell 'DECAP3'. The cell will only be used for analysis. (File /eda/trasllat/GPDK45/gsclib045_all_v4.7/gsclib045/timing/fast_vdd1v0_multibitsDFF.lib)
**WARN: (TECHLIB-302):	No function defined for cell 'DECAP2'. The cell will only be used for analysis. (File /eda/trasllat/GPDK45/gsclib045_all_v4.7/gsclib045/timing/fast_vdd1v0_multibitsDFF.lib)
**WARN: (TECHLIB-302):	No function defined for cell 'DECAP10'. The cell will only be used for analysis. (File /eda/trasllat/GPDK45/gsclib045_all_v4.7/gsclib045/timing/fast_vdd1v0_multibitsDFF.lib)
**WARN: (TECHLIB-302):	No function defined for cell 'ANTENNA'. The cell will only be used for analysis. (File /eda/trasllat/GPDK45/gsclib045_all_v4.7/gsclib045/timing/fast_vdd1v0_multibitsDFF.lib)
Read 16 cells in library 'fast_vdd1v0' 
Reading default_emulate_libset_max timing library '/home/alumnes/s/serik.perez/dnd/synth/caravel-picorv32/macros/ram_128_1v1_0C.lib' ...
Read 1 cells in library 'scm_128x32' 
% End Load MMMC data (date=05/09 10:56:24, total cpu=0:00:01.5, real=0:00:01.0, peak res=1511.9M, current mem=1461.5M)
% Begin Load LEF files (date=05/09 10:56:24, mem=1461.5M)
(stylus_db): Load LEF files ...

Loading LEF file /eda/trasllat/GPDK45/gsclib045_all_v4.7/gsclib045/lef/gsclib045_tech.lef ...
Set DBUPerIGU to M2 pitch 400.

Loading LEF file /eda/trasllat/GPDK45/gsclib045_all_v4.7/gsclib045/lef/gsclib045_macro.lef ...

Loading LEF file /eda/trasllat/GPDK45/gsclib045_all_v4.7/gsclib045/lef/gsclib045_multibitsDFF.lef ...
**WARN: (IMPLF-58):	MACRO 'DFF2RX1' has been found in the database. Its content except DENSITY and PIN ANTENNA* data, and certain properties, will be ignored.
Review the LEF files specified in the init_lef_files variable and remove redundant definitions.
Type 'man IMPLF-58' for more detail.
**WARN: (IMPLF-58):	MACRO 'DFF2RX2' has been found in the database. Its content except DENSITY and PIN ANTENNA* data, and certain properties, will be ignored.
Review the LEF files specified in the init_lef_files variable and remove redundant definitions.
Type 'man IMPLF-58' for more detail.
**WARN: (IMPLF-58):	MACRO 'DFF2X1' has been found in the database. Its content except DENSITY and PIN ANTENNA* data, and certain properties, will be ignored.
Review the LEF files specified in the init_lef_files variable and remove redundant definitions.
Type 'man IMPLF-58' for more detail.
**WARN: (IMPLF-58):	MACRO 'DFF2X2' has been found in the database. Its content except DENSITY and PIN ANTENNA* data, and certain properties, will be ignored.
Review the LEF files specified in the init_lef_files variable and remove redundant definitions.
Type 'man IMPLF-58' for more detail.
**WARN: (IMPLF-58):	MACRO 'DFF4RX1' has been found in the database. Its content except DENSITY and PIN ANTENNA* data, and certain properties, will be ignored.
Review the LEF files specified in the init_lef_files variable and remove redundant definitions.
Type 'man IMPLF-58' for more detail.
**WARN: (IMPLF-58):	MACRO 'DFF4RX2' has been found in the database. Its content except DENSITY and PIN ANTENNA* data, and certain properties, will be ignored.
Review the LEF files specified in the init_lef_files variable and remove redundant definitions.
Type 'man IMPLF-58' for more detail.
**WARN: (IMPLF-58):	MACRO 'DFF4X1' has been found in the database. Its content except DENSITY and PIN ANTENNA* data, and certain properties, will be ignored.
Review the LEF files specified in the init_lef_files variable and remove redundant definitions.
Type 'man IMPLF-58' for more detail.
**WARN: (IMPLF-58):	MACRO 'DFF4X2' has been found in the database. Its content except DENSITY and PIN ANTENNA* data, and certain properties, will be ignored.
Review the LEF files specified in the init_lef_files variable and remove redundant definitions.
Type 'man IMPLF-58' for more detail.
**WARN: (IMPLF-58):	MACRO 'SDFF2RX1' has been found in the database. Its content except DENSITY and PIN ANTENNA* data, and certain properties, will be ignored.
Review the LEF files specified in the init_lef_files variable and remove redundant definitions.
Type 'man IMPLF-58' for more detail.
**WARN: (IMPLF-58):	MACRO 'SDFF2RX2' has been found in the database. Its content except DENSITY and PIN ANTENNA* data, and certain properties, will be ignored.
Review the LEF files specified in the init_lef_files variable and remove redundant definitions.
Type 'man IMPLF-58' for more detail.
**WARN: (IMPLF-58):	MACRO 'SDFF4RX1' has been found in the database. Its content except DENSITY and PIN ANTENNA* data, and certain properties, will be ignored.
Review the LEF files specified in the init_lef_files variable and remove redundant definitions.
Type 'man IMPLF-58' for more detail.
**WARN: (IMPLF-58):	MACRO 'SDFF4RX2' has been found in the database. Its content except DENSITY and PIN ANTENNA* data, and certain properties, will be ignored.
Review the LEF files specified in the init_lef_files variable and remove redundant definitions.
Type 'man IMPLF-58' for more detail.
**WARN: (IMPLF-58):	MACRO 'SPDFF2RX1' has been found in the database. Its content except DENSITY and PIN ANTENNA* data, and certain properties, will be ignored.
Review the LEF files specified in the init_lef_files variable and remove redundant definitions.
Type 'man IMPLF-58' for more detail.
**WARN: (IMPLF-58):	MACRO 'SPDFF2RX2' has been found in the database. Its content except DENSITY and PIN ANTENNA* data, and certain properties, will be ignored.
Review the LEF files specified in the init_lef_files variable and remove redundant definitions.
Type 'man IMPLF-58' for more detail.
**WARN: (IMPLF-58):	MACRO 'SPDFF4RX1' has been found in the database. Its content except DENSITY and PIN ANTENNA* data, and certain properties, will be ignored.
Review the LEF files specified in the init_lef_files variable and remove redundant definitions.
Type 'man IMPLF-58' for more detail.
**WARN: (IMPLF-58):	MACRO 'SPDFF4RX2' has been found in the database. Its content except DENSITY and PIN ANTENNA* data, and certain properties, will be ignored.
Review the LEF files specified in the init_lef_files variable and remove redundant definitions.
Type 'man IMPLF-58' for more detail.

Loading LEF file /home/alumnes/s/serik.perez/dnd/synth/caravel-picorv32/macros/ram_128.lef ...
**WARN: (IMPLF-61):	16 duplicated MACRO definitions have been found in the LEF file(s). Their content except DENSITY and PIN ANTENNA* data, and certain properties, have been ignored.
Review the LEF files specified in the init_lef_files variable and remove redundant definitions.
Type 'man IMPLF-61' for more detail.
**WARN: (IMPLF-200):	Pin 'clk_i' in macro 'scm_128x32' has no ANTENNAGATEAREA value defined. The library data is incomplete and some process antenna rules will not be checked correctly.
Type 'man IMPLF-200' for more detail.
**WARN: (IMPLF-200):	Pin 'req_i' in macro 'scm_128x32' has no ANTENNAGATEAREA value defined. The library data is incomplete and some process antenna rules will not be checked correctly.
Type 'man IMPLF-200' for more detail.
**WARN: (IMPLF-200):	Pin 'we_i' in macro 'scm_128x32' has no ANTENNAGATEAREA value defined. The library data is incomplete and some process antenna rules will not be checked correctly.
Type 'man IMPLF-200' for more detail.
**WARN: (IMPLF-200):	Pin 'data_i[31]' in macro 'scm_128x32' has no ANTENNAGATEAREA value defined. The library data is incomplete and some process antenna rules will not be checked correctly.
Type 'man IMPLF-200' for more detail.
**WARN: (IMPLF-200):	Pin 'data_i[30]' in macro 'scm_128x32' has no ANTENNAGATEAREA value defined. The library data is incomplete and some process antenna rules will not be checked correctly.
Type 'man IMPLF-200' for more detail.
**WARN: (IMPLF-200):	Pin 'data_i[29]' in macro 'scm_128x32' has no ANTENNAGATEAREA value defined. The library data is incomplete and some process antenna rules will not be checked correctly.
Type 'man IMPLF-200' for more detail.
**WARN: (IMPLF-200):	Pin 'data_i[28]' in macro 'scm_128x32' has no ANTENNAGATEAREA value defined. The library data is incomplete and some process antenna rules will not be checked correctly.
Type 'man IMPLF-200' for more detail.
**WARN: (IMPLF-200):	Pin 'data_i[27]' in macro 'scm_128x32' has no ANTENNAGATEAREA value defined. The library data is incomplete and some process antenna rules will not be checked correctly.
Type 'man IMPLF-200' for more detail.
**WARN: (IMPLF-200):	Pin 'data_i[26]' in macro 'scm_128x32' has no ANTENNAGATEAREA value defined. The library data is incomplete and some process antenna rules will not be checked correctly.
Type 'man IMPLF-200' for more detail.
**WARN: (IMPLF-200):	Pin 'data_i[25]' in macro 'scm_128x32' has no ANTENNAGATEAREA value defined. The library data is incomplete and some process antenna rules will not be checked correctly.
Type 'man IMPLF-200' for more detail.
**WARN: (IMPLF-200):	Pin 'data_i[24]' in macro 'scm_128x32' has no ANTENNAGATEAREA value defined. The library data is incomplete and some process antenna rules will not be checked correctly.
Type 'man IMPLF-200' for more detail.
**WARN: (IMPLF-200):	Pin 'data_i[23]' in macro 'scm_128x32' has no ANTENNAGATEAREA value defined. The library data is incomplete and some process antenna rules will not be checked correctly.
Type 'man IMPLF-200' for more detail.
**WARN: (IMPLF-200):	Pin 'data_i[22]' in macro 'scm_128x32' has no ANTENNAGATEAREA value defined. The library data is incomplete and some process antenna rules will not be checked correctly.
Type 'man IMPLF-200' for more detail.
**WARN: (IMPLF-200):	Pin 'data_i[21]' in macro 'scm_128x32' has no ANTENNAGATEAREA value defined. The library data is incomplete and some process antenna rules will not be checked correctly.
Type 'man IMPLF-200' for more detail.
**WARN: (IMPLF-200):	Pin 'data_i[20]' in macro 'scm_128x32' has no ANTENNAGATEAREA value defined. The library data is incomplete and some process antenna rules will not be checked correctly.
Type 'man IMPLF-200' for more detail.
**WARN: (IMPLF-200):	Pin 'data_i[19]' in macro 'scm_128x32' has no ANTENNAGATEAREA value defined. The library data is incomplete and some process antenna rules will not be checked correctly.
Type 'man IMPLF-200' for more detail.
**WARN: (IMPLF-200):	Pin 'data_i[18]' in macro 'scm_128x32' has no ANTENNAGATEAREA value defined. The library data is incomplete and some process antenna rules will not be checked correctly.
Type 'man IMPLF-200' for more detail.
**WARN: (IMPLF-200):	Pin 'data_i[17]' in macro 'scm_128x32' has no ANTENNAGATEAREA value defined. The library data is incomplete and some process antenna rules will not be checked correctly.
Type 'man IMPLF-200' for more detail.
**WARN: (IMPLF-200):	Pin 'data_i[16]' in macro 'scm_128x32' has no ANTENNAGATEAREA value defined. The library data is incomplete and some process antenna rules will not be checked correctly.
Type 'man IMPLF-200' for more detail.
**WARN: (IMPLF-200):	Pin 'data_i[15]' in macro 'scm_128x32' has no ANTENNAGATEAREA value defined. The library data is incomplete and some process antenna rules will not be checked correctly.
Type 'man IMPLF-200' for more detail.
**WARN: (EMS-27):	Message (IMPLF-200) has exceeded the current message display limit of 20.
To increase the message display limit, refer to the product command reference manual.
**WARN: (IMPLF-201):	Pin 'data_o[31]' in macro 'scm_128x32' has no ANTENNADIFFAREA value defined. The library data is incomplete and some process antenna rules will not be checked correctly.
Type 'man IMPLF-201' for more detail.
**WARN: (IMPLF-201):	Pin 'data_o[30]' in macro 'scm_128x32' has no ANTENNADIFFAREA value defined. The library data is incomplete and some process antenna rules will not be checked correctly.
Type 'man IMPLF-201' for more detail.
**WARN: (IMPLF-201):	Pin 'data_o[29]' in macro 'scm_128x32' has no ANTENNADIFFAREA value defined. The library data is incomplete and some process antenna rules will not be checked correctly.
Type 'man IMPLF-201' for more detail.
**WARN: (IMPLF-201):	Pin 'data_o[28]' in macro 'scm_128x32' has no ANTENNADIFFAREA value defined. The library data is incomplete and some process antenna rules will not be checked correctly.
Type 'man IMPLF-201' for more detail.
**WARN: (IMPLF-201):	Pin 'data_o[27]' in macro 'scm_128x32' has no ANTENNADIFFAREA value defined. The library data is incomplete and some process antenna rules will not be checked correctly.
Type 'man IMPLF-201' for more detail.
**WARN: (IMPLF-201):	Pin 'data_o[26]' in macro 'scm_128x32' has no ANTENNADIFFAREA value defined. The library data is incomplete and some process antenna rules will not be checked correctly.
Type 'man IMPLF-201' for more detail.
**WARN: (IMPLF-201):	Pin 'data_o[25]' in macro 'scm_128x32' has no ANTENNADIFFAREA value defined. The library data is incomplete and some process antenna rules will not be checked correctly.
Type 'man IMPLF-201' for more detail.
**WARN: (IMPLF-201):	Pin 'data_o[24]' in macro 'scm_128x32' has no ANTENNADIFFAREA value defined. The library data is incomplete and some process antenna rules will not be checked correctly.
Type 'man IMPLF-201' for more detail.
**WARN: (IMPLF-201):	Pin 'data_o[23]' in macro 'scm_128x32' has no ANTENNADIFFAREA value defined. The library data is incomplete and some process antenna rules will not be checked correctly.
Type 'man IMPLF-201' for more detail.
**WARN: (IMPLF-201):	Pin 'data_o[22]' in macro 'scm_128x32' has no ANTENNADIFFAREA value defined. The library data is incomplete and some process antenna rules will not be checked correctly.
Type 'man IMPLF-201' for more detail.
**WARN: (IMPLF-201):	Pin 'data_o[21]' in macro 'scm_128x32' has no ANTENNADIFFAREA value defined. The library data is incomplete and some process antenna rules will not be checked correctly.
Type 'man IMPLF-201' for more detail.
**WARN: (IMPLF-201):	Pin 'data_o[20]' in macro 'scm_128x32' has no ANTENNADIFFAREA value defined. The library data is incomplete and some process antenna rules will not be checked correctly.
Type 'man IMPLF-201' for more detail.
**WARN: (IMPLF-201):	Pin 'data_o[19]' in macro 'scm_128x32' has no ANTENNADIFFAREA value defined. The library data is incomplete and some process antenna rules will not be checked correctly.
Type 'man IMPLF-201' for more detail.
**WARN: (IMPLF-201):	Pin 'data_o[18]' in macro 'scm_128x32' has no ANTENNADIFFAREA value defined. The library data is incomplete and some process antenna rules will not be checked correctly.
Type 'man IMPLF-201' for more detail.
**WARN: (IMPLF-201):	Pin 'data_o[17]' in macro 'scm_128x32' has no ANTENNADIFFAREA value defined. The library data is incomplete and some process antenna rules will not be checked correctly.
Type 'man IMPLF-201' for more detail.
**WARN: (IMPLF-201):	Pin 'data_o[16]' in macro 'scm_128x32' has no ANTENNADIFFAREA value defined. The library data is incomplete and some process antenna rules will not be checked correctly.
Type 'man IMPLF-201' for more detail.
**WARN: (IMPLF-201):	Pin 'data_o[15]' in macro 'scm_128x32' has no ANTENNADIFFAREA value defined. The library data is incomplete and some process antenna rules will not be checked correctly.
Type 'man IMPLF-201' for more detail.
**WARN: (IMPLF-201):	Pin 'data_o[14]' in macro 'scm_128x32' has no ANTENNADIFFAREA value defined. The library data is incomplete and some process antenna rules will not be checked correctly.
Type 'man IMPLF-201' for more detail.
**WARN: (IMPLF-201):	Pin 'data_o[13]' in macro 'scm_128x32' has no ANTENNADIFFAREA value defined. The library data is incomplete and some process antenna rules will not be checked correctly.
Type 'man IMPLF-201' for more detail.
**WARN: (IMPLF-201):	Pin 'data_o[12]' in macro 'scm_128x32' has no ANTENNADIFFAREA value defined. The library data is incomplete and some process antenna rules will not be checked correctly.
Type 'man IMPLF-201' for more detail.
**WARN: (EMS-27):	Message (IMPLF-201) has exceeded the current message display limit of 20.
To increase the message display limit, refer to the product command reference manual.

##  Check design process and node:  
##  Both design process and tech node are not set.

% End Load LEF files (date=05/09 10:56:25, total cpu=0:00:00.3, real=0:00:00.0, peak res=1471.6M, current mem=1471.6M)
(stylus_db): Load Verilog Netlist ...
% Begin Load netlist data ... (date=05/09 10:56:25, mem=1471.7M)
*** Begin netlist parsing (mem=1477.2M) ***
Pin 'VDD' of cell 'SDFF4RX2' is declared as power/ground in timing library but as signal in LEF.  Treat it as power/ground.
Pin 'VSS' of cell 'SDFF4RX2' is declared as power/ground in timing library but as signal in LEF.  Treat it as power/ground.
Pin 'VDD' of cell 'SDFF4RX1' is declared as power/ground in timing library but as signal in LEF.  Treat it as power/ground.
Pin 'VSS' of cell 'SDFF4RX1' is declared as power/ground in timing library but as signal in LEF.  Treat it as power/ground.
**WARN: (IMPVL-159):	Pin 'VSS' of cell 'scm_128x32' is defined in LEF but not in the timing library.
Type 'man IMPVL-159' for more detail.
**WARN: (IMPVL-159):	Pin 'VDD' of cell 'scm_128x32' is defined in LEF but not in the timing library.
Type 'man IMPVL-159' for more detail.
Created 506 new cells from 2 timing libraries.
Reading netlist ...
Backslashed names will retain backslash and a trailing blank character.
Reading verilog netlist 'out_Apr13-18:47:39/mgmt_core_wrapper_m/cmn/mgmt_core_wrapper.v.gz'

*** Memory Usage v#1 (Current mem = 1486.250M, initial mem = 642.211M) ***
*** End netlist parsing (cpu=0:00:00.2, real=0:00:01.0, mem=1486.2M) ***
% End Load netlist data ... (date=05/09 10:56:26, total cpu=0:00:00.2, real=0:00:01.0, peak res=1487.1M, current mem=1487.1M)
Top level cell is mgmt_core_wrapper.
Hooked 506 DB cells to tlib cells.
Starting recursive module instantiation check.
No recursion found.
Building hierarchical netlist for Cell mgmt_core_wrapper ...
***** UseNewTieNetMode *****.
*** Netlist is unique.
** info: there are 587 modules.
** info: there are 12062 stdCell insts.
** info: there are 3 macros.

*** Memory Usage v#1 (Current mem = 1543.164M, initial mem = 642.211M) ***
(stylus_db): Init Design
**WARN: (IMPFP-3961):	The techSite 'CornerSite' has no related standard cells in the LEF/OA library. The calculations for this site type cannot be made unless standard cell models of this type exist in the LEF/OA library. Ignore this warning if the SITE is not used by the library. Alternatively, remove the SITE definition for the LEF/OA library to avoid this message.
Type 'man IMPFP-3961' for more detail.
**WARN: (IMPFP-3961):	The techSite 'IOSite' has no related standard cells in the LEF/OA library. The calculations for this site type cannot be made unless standard cell models of this type exist in the LEF/OA library. Ignore this warning if the SITE is not used by the library. Alternatively, remove the SITE definition for the LEF/OA library to avoid this message.
Type 'man IMPFP-3961' for more detail.
Start create_tracks
*Info: initialize multi-corner CTS.
**WARN: (IMPMSMV-1809):	Internal pg_pin VDD at 1.1v of cell scm_128x32 does not have external pg_pin with matching voltage in library /home/alumnes/s/serik.perez/dnd/synth/caravel-picorv32/macros/ram_128_1v1_0C.lib.  Cannot determine the voltage source of this internal power pin.  The signal pin related to it might have incorrect voltage.
Type 'man IMPMSMV-1809' for more detail.
Total number of combinational cells: 318
Total number of sequential cells: 168
Total number of tristate cells: 10
Total number of level shifter cells: 0
Total number of power gating cells: 0
Total number of isolation cells: 0
Total number of power switch cells: 0
Total number of pulse generator cells: 0
Total number of always on buffers: 0
Total number of retention cells: 0
Total number of physical cells: 9
List of usable buffers: BUFX2 BUFX12 BUFX16 BUFX20 CLKBUFX2 BUFX3 BUFX4 BUFX6 BUFX8 CLKBUFX12 CLKBUFX16 CLKBUFX20 CLKBUFX3 CLKBUFX4 CLKBUFX6 CLKBUFX8
Total number of usable buffers: 16
List of unusable buffers:
Total number of unusable buffers: 0
List of usable inverters: CLKINVX1 CLKINVX2 CLKINVX12 CLKINVX16 CLKINVX20 CLKINVX4 CLKINVX3 CLKINVX6 CLKINVX8 INVX1 INVX2 INVX12 INVX16 INVX20 INVXL INVX3 INVX4 INVX6 INVX8
Total number of usable inverters: 19
List of unusable inverters:
Total number of unusable inverters: 0
List of identified usable delay cells: DLY1X1 DLY1X4 DLY2X1 DLY2X4 DLY3X1 DLY3X4 DLY4X1 DLY4X4
Total number of identified usable delay cells: 8
List of identified unusable delay cells:
Total number of identified unusable delay cells: 0
(stylus_db): Initialized design 'mgmt_core_wrapper'
(stylus_db): Load Metric file ...
% Begin Load Metric file (date=05/09 10:56:28, mem=1790.1M)
% End Load Metric file (date=05/09 10:56:28, total cpu=0:00:00.0, real=0:00:00.0, peak res=1793.2M, current mem=1791.2M)
(stylus_db): Setting Root attributes ...
##  Process: 45            (User Set)               
##     Node: (not set)                           

##  Check design process and node:  
##  Design tech node is not set.

Applying the recommended capacitance filtering threshold values for 45nm process node: total_c_th=0, relative_c_th=1 and coupling_c_th=0.1.
	These values will be used by all post-route extraction engines, including TQuantus, IQuantus and Quantus QRC extraction.
	Capacitance filtering mode(extract_rc_cap_filter_mode option of the set_db) is 'relative_and_coupling' for all engines.
	The accuracy mode for post_route extract_rc_effort_level low extraction will be set to 'high'.
	Default value for EffortLevel(extract_rc_effort_level option of the set_db) in post_route extraction mode will be 'medium' if Quantus QRC technology file is specified else 'low'.
(stylus_db): Set 22 attributes of Root 
% Begin Set DB preserves (date=05/09 10:56:28, mem=1792.0M)
(stylus_db): Setting preserves on design objects ...
(stylus_db): Set 3 preserves of design objects
% End Set DB preserves (date=05/09 10:56:28, total cpu=0:00:00.0, real=0:00:00.0, peak res=1792.0M, current mem=1792.0M)
% Begin Load Timing views and constraints (date=05/09 10:56:28, mem=1792.0M)
default_emulate_view
(stylus_db): Read MMMC timing views ...
Reading timing constraints file 'out_Apr13-18:47:39/mgmt_core_wrapper_m/cmn/mgmt_core_wrapper.mmmc/modes/default_emulate_constraint_mode/default_emulate_constraint_mode.sdc.gz' ...
Current (total cpu=0:00:47.2, real=0:01:50, peak res=1894.5M, current mem=1894.5M)
**WARN: (TCLCMD-1461):	Skipped unsupported command: set_units (File out_Apr13-18:47:39/mgmt_core_wrapper_m/cmn/mgmt_core_wrapper.mmmc/modes/default_emulate_constraint_mode/default_emulate_constraint_mode.sdc.gz, Line 9).

**WARN: (TCLCMD-1461):	Skipped unsupported command: set_units (File out_Apr13-18:47:39/mgmt_core_wrapper_m/cmn/mgmt_core_wrapper.mmmc/modes/default_emulate_constraint_mode/default_emulate_constraint_mode.sdc.gz, Line 10).

mgmt_core_wrapper
INFO (CTE): Reading of timing constraints file out_Apr13-18:47:39/mgmt_core_wrapper_m/cmn/mgmt_core_wrapper.mmmc/modes/default_emulate_constraint_mode/default_emulate_constraint_mode.sdc.gz completed, with 2 WARNING
Ending "Constraint file reading stats" (total cpu=0:00:00.1, real=0:00:00.0, peak res=1909.6M, current mem=1909.2M)
Current (total cpu=0:00:47.4, real=0:01:50, peak res=1909.6M, current mem=1909.2M)
**WARN: (TA-976):	Path groups asserted by the group_path constraint are considered by the software to be global in nature - they cannot be restricted to specific constraint modes. Due to this restriction, the group_path constraint is not supported directly in the constraint files which are configured in mode-specific commands such as create_constraint_mode. The current group_path entry will be ignored. You can enter the group_path constraint interactively or as part of a general command script -  where it will be interpreted as global and will be in effect for all modes.
% End Load Timing views and constraints (date=05/09 10:56:29, total cpu=0:00:00.5, real=0:00:01.0, peak res=1929.3M, current mem=1929.3M)
(stylus_db): Couldn't load power-intent, (mgmt_core_wrapper.cpf or mgmt_core_wrapper.upf doesn't exists)
(stylus_db): Couldn't commit power-intent, (mgmt_core_wrapper.cpf or mgmt_core_wrapper.upf doesn't exists)
(stylus_db): Couldn't load DEF file, (DEF file doesn't exists)
% Begin Set route_types (date=05/09 10:56:29, mem=1929.3M)
(stylus_db): Setting route_types  ...
% End Set route_types (date=05/09 10:56:29, total cpu=0:00:00.0, real=0:00:00.0, peak res=1929.3M, current mem=1929.3M)
% Begin Set power_domain attributes (date=05/09 10:56:29, mem=1929.3M)
(stylus_db): Setting power_domain attributes ...
% End Set power_domain attributes (date=05/09 10:56:29, total cpu=0:00:00.0, real=0:00:00.0, peak res=1929.3M, current mem=1929.3M)
(stylus_db): Load additional timing constraints ...
% Begin Load Additional Timing constraints (date=05/09 10:56:29, mem=1929.3M)
Loading path adjust file out_Apr13-18:47:39/mgmt_core_wrapper_m/cmn/mgmt_core_wrapper.mmmc/pathadjust.sdc.gz ...
Current (total cpu=0:00:47.6, real=0:01:50, peak res=1929.3M, current mem=1929.3M)
INFO (CTE): Constraints read successfully.
Ending "Constraint file reading stats" (total cpu=0:00:00.0, real=0:00:00.0, peak res=1929.7M, current mem=1929.7M)
Current (total cpu=0:00:47.6, real=0:01:50, peak res=1929.7M, current mem=1929.7M)
% End Load Additional Timing constraints (date=05/09 10:56:29, total cpu=0:00:00.1, real=0:00:00.0, peak res=1929.7M, current mem=1929.7M)
% Begin Set message attributes (date=05/09 10:56:29, mem=1929.7M)
(stylus_db): Setting attributes on Genus message objects ...
% End Set message attributes (date=05/09 10:56:29, total cpu=0:00:00.0, real=0:00:00.0, peak res=1929.7M, current mem=1929.7M)
(stylus_db): Couldn't load SDP file, (file doesn't exists)
% Begin Generate Vias (date=05/09 10:56:29, mem=1929.7M)
(stylus_db): Generate advanced rule Vias ...
Start generating vias ..
#Skip building auto via since it is not turned on.
Via generation completed.
% End Generate Vias (date=05/09 10:56:29, total cpu=0:00:00.1, real=0:00:00.0, peak res=1938.4M, current mem=1936.1M)
% Begin Set attributes (date=05/09 10:56:29, mem=1936.1M)
(stylus_db): Setting attributes on design objects ...
(stylus_db): Set 12910 attributes of design objects
% End Set attributes (date=05/09 10:56:29, total cpu=0:00:00.1, real=0:00:00.0, peak res=1938.4M, current mem=1938.4M)
(stylus_db): Couldn't load RC preroute patterns, (mgmt_core_wrapper.extraction/ doesn't exists)
Extraction setup Started 
Initializing multi-corner RC extraction with 1 active RC Corners ...
Captable file(s) not specified in multi-corner setup. PreRoute extraction will use technology file. For post_route extraction, default value for effort level would be 'medium' and effort level 'low' would not be allowed.
Generating auto layer map file.
Importing multi-corner technology file(s) for preRoute extraction...
/eda/trasllat/GPDK45/gpdk045_v_6_0/qrc/rcbest/qrcTechFile
Generating auto layer map file.
Completed (cpu: 0:00:05.6 real: 0:00:05.0)
Set Shrink Factor to 1.00000
Summary of Active RC-Corners : 
 
 Analysis View: default_emulate_view
    RC-Corner Name        : default_emulate_rc_corner
    RC-Corner Index       : 0
    RC-Corner Temperature : 0 Celsius
    RC-Corner Cap Table   : ''
    RC-Corner PreRoute Res Factor         : 1
    RC-Corner PreRoute Cap Factor         : 1
    RC-Corner PostRoute Res Factor        : 1 {1 1 1}
    RC-Corner PostRoute Cap Factor        : 1 {1 1 1}
    RC-Corner PostRoute XCap Factor       : 1 {1 1 1}
    RC-Corner PreRoute Clock Res Factor   : 1	[Derived from postRoute_res (effortLevel low)]
    RC-Corner PreRoute Clock Cap Factor   : 1	[Derived from postRoute_cap (effortLevel low)]
    RC-Corner PostRoute Clock Cap Factor  : 1 {1 1 1} 
    RC-Corner PostRoute Clock Res Factor  : 1 {1 1 1} 
    RC-Corner PostRoute Clock coupling capacitance Factor : 1 {1 1 1} 
    RC-Corner Technology file: '/eda/trasllat/GPDK45/gpdk045_v_6_0/qrc/rcbest/qrcTechFile'
Updating RC grid for preRoute extraction ...
Initializing multi-corner resistance tables ...
Default value for post_route extraction mode's extract_rc_effort_level (extract_rc_effort_level option of set_db) changed to 'medium'.
(stylus_db): Couldn't load Min Layer File : out_Apr13-18:47:39/mgmt_core_wrapper_m/cmn/mgmt_core_wrapper.min_layer not found)
(stylus_db): Couldn't load Routing congestion map, (mgmt_core_wrapper.route.congestion doesn't exists)
(stylus_db): Couldn't load SCANDEF, (file doesn't exists)
(stylus_db): Couldn't load TCF file, (file doesn't exists)
+----------------------------------------------------------------+
    Summary of 'read_db mgmt_core_wrapper_m'                     
+----------------------------------------------------------------+
    Generated by         :     Innovus 22.33-s094_1
    Generated on         :     Sat May 09 10:56:35 CEST 2026
    Design               :     mgmt_core_wrapper
    process_node         :     45   
    db units             :     2000 
    tech_mfg_grid        :     0.005
    bbox                 :     {0.0 0.0 599.06 596.79}
    core_bbox            :     {0.0 0.0 599.06 596.79}
+----------------------------------------------------------------+
    Object Type          :     Count
+-----------------------------------+
    timing_libraries     :     2    
    library_sets         :     1    
    lib_cells            :     506  
    setup_analysis_views :     1    
    hold_analysis_views  :     1    
    rc_corners           :     1    
    delay_corners        :     1    
    constraint_modes     :     1    
    clocks               :     1    
+-----------------------------------+
    base_cells           :     586  
    modules              :     0    
    insts                :     12065
    ports                :     695  
    nets                 :     13550
    pg_nets              :     2    
+-----------------------------------+
    layers               :     36   
    via_defs             :     119  
    via_def_rule         :     16   
    sites                :     4    
    core_rows            :     349  
    track_patterns       :     22   
    route_rules          :     2    
+-----------------------------------+
#% End Load Common DB (date=05/09 10:56:35, total cpu=0:00:11.3, real=0:00:13.0, peak res=2128.9M, current mem=1997.3M)

*** Summary of all messages that are not suppressed in this session:
Severity  ID               Count  Summary                                  
WARNING   IMPLF-58            16  MACRO '%s' has been found in the databas...
WARNING   IMPLF-61             1  %d duplicated MACRO definitions have bee...
WARNING   IMPLF-200           47  Pin '%s' in macro '%s' has no ANTENNAGAT...
WARNING   IMPLF-201           32  Pin '%s' in macro '%s' has no ANTENNADIF...
WARNING   IMPFP-3961           2  The techSite '%s' has no related standar...
WARNING   IMPMSMV-1809         1  Internal pg_pin %s at %gv of cell %s doe...
WARNING   IMPVL-159            2  Pin '%s' of cell '%s' is defined in LEF ...
WARNING   TA-976               1  Path groups asserted by the group_path c...
WARNING   TCLCMD-1461          2  Skipped unsupported command: %s          
WARNING   TECHLIB-302         20  No function defined for cell '%s'. The c...
WARNING   TECHLIB-459          1  Appending library '%s' to the previously...
*** Message Summary: 125 warning(s), 0 error(s)

0
@innovus 2> gui_select -rect {0.06700 0.05500 0.06600 0.05550}
@innovus 3> gui_select -toggle -point {457.08250 206.48950}
@innovus 4> gui_select -toggle -point {264.51850 311.52450}
@innovus 5> gui_select -toggle -point {297.77950 316.77600}
@innovus 6> gui_select -toggle -point {298.86750 299.24900}
@innovus 7> gui_select -toggle -point {298.60100 299.23450}
@innovus 8> gui_select -toggle -point {298.60100 299.23450}
@innovus 9> set_io_flow_flag 0
@innovus 10> create_floorplan -site CoreSite -core_size 800 600 24 24 24 24
The core height changes from 600.000000 to 600.020000 when snapping to grid "PlacementGrid".
**WARN: (IMPFP-4026):	Adjusting core to 'Bottom' to 23.940000 due to track/row misalignment. To force the value, specify the -no_snap_to_grid option or use floorplan_set_snap_rule command to specify the die/core to different grid.
**WARN: (IMPFP-4026):	Adjusting core to 'Top' to 23.940000 due to track/row misalignment. To force the value, specify the -no_snap_to_grid option or use floorplan_set_snap_rule command to specify the die/core to different grid.
**WARN: (IMPFP-3961):	The techSite 'CornerSite' has no related standard cells in the LEF/OA library. The calculations for this site type cannot be made unless standard cell models of this type exist in the LEF/OA library. Ignore this warning if the SITE is not used by the library. Alternatively, remove the SITE definition for the LEF/OA library to avoid this message.
Type 'man IMPFP-3961' for more detail.
**WARN: (IMPFP-3961):	The techSite 'IOSite' has no related standard cells in the LEF/OA library. The calculations for this site type cannot be made unless standard cell models of this type exist in the LEF/OA library. Ignore this warning if the SITE is not used by the library. Alternatively, remove the SITE definition for the LEF/OA library to avoid this message.
Type 'man IMPFP-3961' for more detail.
Start create_tracks
**WARN: (IMPFP-325):	Floorplan of the design is resized. All current create_floorplan objects are automatically derived based on specified new create_floorplan. This may change blocks, fixed standard cells, existing routes and blockages.
@innovus 11> gui_select -point {631.78850 215.93800}
@innovus 12> gui_select -point {389.15700 314.76400}
@innovus 13> set_io_flow_flag 0
@innovus 14> create_floorplan -site CoreSite -core_size 800.0 1014 24.0 23.94 24.0 23.94
The core height changes from 1014.000000 to 1014.030000 when snapping to grid "PlacementGrid".
**WARN: (IMPFP-3961):	The techSite 'CornerSite' has no related standard cells in the LEF/OA library. The calculations for this site type cannot be made unless standard cell models of this type exist in the LEF/OA library. Ignore this warning if the SITE is not used by the library. Alternatively, remove the SITE definition for the LEF/OA library to avoid this message.
Type 'man IMPFP-3961' for more detail.
**WARN: (IMPFP-3961):	The techSite 'IOSite' has no related standard cells in the LEF/OA library. The calculations for this site type cannot be made unless standard cell models of this type exist in the LEF/OA library. Ignore this warning if the SITE is not used by the library. Alternatively, remove the SITE definition for the LEF/OA library to avoid this message.
Type 'man IMPFP-3961' for more detail.
Start create_tracks
**WARN: (IMPFP-325):	Floorplan of the design is resized. All current create_floorplan objects are automatically derived based on specified new create_floorplan. This may change blocks, fixed standard cells, existing routes and blockages.
@innovus 15> set_io_flow_flag 0
@innovus 16> create_floorplan -site CoreSite -core_size 800.0 600 24.0 23.94 24.0 23.94
The core height changes from 600.000000 to 600.020000 when snapping to grid "PlacementGrid".
**WARN: (IMPFP-3961):	The techSite 'CornerSite' has no related standard cells in the LEF/OA library. The calculations for this site type cannot be made unless standard cell models of this type exist in the LEF/OA library. Ignore this warning if the SITE is not used by the library. Alternatively, remove the SITE definition for the LEF/OA library to avoid this message.
Type 'man IMPFP-3961' for more detail.
**WARN: (IMPFP-3961):	The techSite 'IOSite' has no related standard cells in the LEF/OA library. The calculations for this site type cannot be made unless standard cell models of this type exist in the LEF/OA library. Ignore this warning if the SITE is not used by the library. Alternatively, remove the SITE definition for the LEF/OA library to avoid this message.
Type 'man IMPFP-3961' for more detail.
Start create_tracks
**WARN: (IMPFP-325):	Floorplan of the design is resized. All current create_floorplan objects are automatically derived based on specified new create_floorplan. This may change blocks, fixed standard cells, existing routes and blockages.
@innovus 17> set_io_flow_flag 0
@innovus 18> create_floorplan -site CoreSite -core_size 800.0 400 24.0 23.94 24.0 23.94
The core height changes from 400.000000 to 399.950000 when snapping to grid "PlacementGrid".
**WARN: (IMPFP-3961):	The techSite 'CornerSite' has no related standard cells in the LEF/OA library. The calculations for this site type cannot be made unless standard cell models of this type exist in the LEF/OA library. Ignore this warning if the SITE is not used by the library. Alternatively, remove the SITE definition for the LEF/OA library to avoid this message.
Type 'man IMPFP-3961' for more detail.
**WARN: (IMPFP-3961):	The techSite 'IOSite' has no related standard cells in the LEF/OA library. The calculations for this site type cannot be made unless standard cell models of this type exist in the LEF/OA library. Ignore this warning if the SITE is not used by the library. Alternatively, remove the SITE definition for the LEF/OA library to avoid this message.
Type 'man IMPFP-3961' for more detail.
Start create_tracks
**WARN: (IMPFP-325):	Floorplan of the design is resized. All current create_floorplan objects are automatically derived based on specified new create_floorplan. This may change blocks, fixed standard cells, existing routes and blockages.
@innovus 19> set_io_flow_flag 0
@innovus 20> create_floorplan -site CoreSite -core_size 800.0 300 24.0 23.94 24.0 23.94
**WARN: (IMPFP-3300):	FPlan core utilization is greater than 1.
The core height changes from 300.000000 to 300.010000 when snapping to grid "PlacementGrid".
**WARN: (IMPFP-3961):	The techSite 'CornerSite' has no related standard cells in the LEF/OA library. The calculations for this site type cannot be made unless standard cell models of this type exist in the LEF/OA library. Ignore this warning if the SITE is not used by the library. Alternatively, remove the SITE definition for the LEF/OA library to avoid this message.
Type 'man IMPFP-3961' for more detail.
**WARN: (IMPFP-3961):	The techSite 'IOSite' has no related standard cells in the LEF/OA library. The calculations for this site type cannot be made unless standard cell models of this type exist in the LEF/OA library. Ignore this warning if the SITE is not used by the library. Alternatively, remove the SITE definition for the LEF/OA library to avoid this message.
Type 'man IMPFP-3961' for more detail.
Start create_tracks
**WARN: (IMPFP-325):	Floorplan of the design is resized. All current create_floorplan objects are automatically derived based on specified new create_floorplan. This may change blocks, fixed standard cells, existing routes and blockages.
@innovus 21> set_io_flow_flag 0
@innovus 22> create_floorplan -site CoreSite -core_size 800.0 350 24.0 23.94 24.0 23.94
The core height changes from 350.000000 to 349.980000 when snapping to grid "PlacementGrid".
**WARN: (IMPFP-3961):	The techSite 'CornerSite' has no related standard cells in the LEF/OA library. The calculations for this site type cannot be made unless standard cell models of this type exist in the LEF/OA library. Ignore this warning if the SITE is not used by the library. Alternatively, remove the SITE definition for the LEF/OA library to avoid this message.
Type 'man IMPFP-3961' for more detail.
**WARN: (IMPFP-3961):	The techSite 'IOSite' has no related standard cells in the LEF/OA library. The calculations for this site type cannot be made unless standard cell models of this type exist in the LEF/OA library. Ignore this warning if the SITE is not used by the library. Alternatively, remove the SITE definition for the LEF/OA library to avoid this message.
Type 'man IMPFP-3961' for more detail.
Start create_tracks
**WARN: (IMPFP-325):	Floorplan of the design is resized. All current create_floorplan objects are automatically derived based on specified new create_floorplan. This may change blocks, fixed standard cells, existing routes and blockages.
@innovus 23> set_io_flow_flag 0
@innovus 24> create_floorplan -site CoreSite -core_size 800.0 370 24.0 23.94 24.0 23.94
The core height changes from 370.000000 to 369.930000 when snapping to grid "PlacementGrid".
**WARN: (IMPFP-3961):	The techSite 'CornerSite' has no related standard cells in the LEF/OA library. The calculations for this site type cannot be made unless standard cell models of this type exist in the LEF/OA library. Ignore this warning if the SITE is not used by the library. Alternatively, remove the SITE definition for the LEF/OA library to avoid this message.
Type 'man IMPFP-3961' for more detail.
**WARN: (IMPFP-3961):	The techSite 'IOSite' has no related standard cells in the LEF/OA library. The calculations for this site type cannot be made unless standard cell models of this type exist in the LEF/OA library. Ignore this warning if the SITE is not used by the library. Alternatively, remove the SITE definition for the LEF/OA library to avoid this message.
Type 'man IMPFP-3961' for more detail.
Start create_tracks
**WARN: (IMPFP-325):	Floorplan of the design is resized. All current create_floorplan objects are automatically derived based on specified new create_floorplan. This may change blocks, fixed standard cells, existing routes and blockages.
@innovus 25> set_io_flow_flag 0
@innovus 26> create_floorplan -site CoreSite -core_size 800.0 390 24.0 23.94 24.0 23.94
The core height changes from 390.000000 to 390.070000 when snapping to grid "PlacementGrid".
**WARN: (IMPFP-3961):	The techSite 'CornerSite' has no related standard cells in the LEF/OA library. The calculations for this site type cannot be made unless standard cell models of this type exist in the LEF/OA library. Ignore this warning if the SITE is not used by the library. Alternatively, remove the SITE definition for the LEF/OA library to avoid this message.
Type 'man IMPFP-3961' for more detail.
**WARN: (IMPFP-3961):	The techSite 'IOSite' has no related standard cells in the LEF/OA library. The calculations for this site type cannot be made unless standard cell models of this type exist in the LEF/OA library. Ignore this warning if the SITE is not used by the library. Alternatively, remove the SITE definition for the LEF/OA library to avoid this message.
Type 'man IMPFP-3961' for more detail.
Start create_tracks
**WARN: (IMPFP-325):	Floorplan of the design is resized. All current create_floorplan objects are automatically derived based on specified new create_floorplan. This may change blocks, fixed standard cells, existing routes and blockages.
@innovus 27> set_io_flow_flag 0
@innovus 28> create_floorplan -site CoreSite -core_size 800.0 400 24.0 23.94 24.0 23.94
The core height changes from 400.000000 to 399.950000 when snapping to grid "PlacementGrid".
**WARN: (IMPFP-3961):	The techSite 'CornerSite' has no related standard cells in the LEF/OA library. The calculations for this site type cannot be made unless standard cell models of this type exist in the LEF/OA library. Ignore this warning if the SITE is not used by the library. Alternatively, remove the SITE definition for the LEF/OA library to avoid this message.
Type 'man IMPFP-3961' for more detail.
**WARN: (IMPFP-3961):	The techSite 'IOSite' has no related standard cells in the LEF/OA library. The calculations for this site type cannot be made unless standard cell models of this type exist in the LEF/OA library. Ignore this warning if the SITE is not used by the library. Alternatively, remove the SITE definition for the LEF/OA library to avoid this message.
Type 'man IMPFP-3961' for more detail.
Start create_tracks
**WARN: (IMPFP-325):	Floorplan of the design is resized. All current create_floorplan objects are automatically derived based on specified new create_floorplan. This may change blocks, fixed standard cells, existing routes and blockages.
@innovus 29> set_io_flow_flag 0
@innovus 30> create_floorplan -site CoreSite -core_size 800.0 420 24.0 23.94 24.0 23.94
The core height changes from 420.000000 to 420.090000 when snapping to grid "PlacementGrid".
**WARN: (IMPFP-3961):	The techSite 'CornerSite' has no related standard cells in the LEF/OA library. The calculations for this site type cannot be made unless standard cell models of this type exist in the LEF/OA library. Ignore this warning if the SITE is not used by the library. Alternatively, remove the SITE definition for the LEF/OA library to avoid this message.
Type 'man IMPFP-3961' for more detail.
**WARN: (IMPFP-3961):	The techSite 'IOSite' has no related standard cells in the LEF/OA library. The calculations for this site type cannot be made unless standard cell models of this type exist in the LEF/OA library. Ignore this warning if the SITE is not used by the library. Alternatively, remove the SITE definition for the LEF/OA library to avoid this message.
Type 'man IMPFP-3961' for more detail.
Start create_tracks
**WARN: (IMPFP-325):	Floorplan of the design is resized. All current create_floorplan objects are automatically derived based on specified new create_floorplan. This may change blocks, fixed standard cells, existing routes and blockages.
@innovus 31> set_io_flow_flag 0
@innovus 32> create_floorplan -site CoreSite -core_size 800.0 450 24.0 23.94 24.0 23.94
The core height changes from 450.000000 to 449.920000 when snapping to grid "PlacementGrid".
**WARN: (IMPFP-3961):	The techSite 'CornerSite' has no related standard cells in the LEF/OA library. The calculations for this site type cannot be made unless standard cell models of this type exist in the LEF/OA library. Ignore this warning if the SITE is not used by the library. Alternatively, remove the SITE definition for the LEF/OA library to avoid this message.
Type 'man IMPFP-3961' for more detail.
**WARN: (IMPFP-3961):	The techSite 'IOSite' has no related standard cells in the LEF/OA library. The calculations for this site type cannot be made unless standard cell models of this type exist in the LEF/OA library. Ignore this warning if the SITE is not used by the library. Alternatively, remove the SITE definition for the LEF/OA library to avoid this message.
Type 'man IMPFP-3961' for more detail.
Start create_tracks
**WARN: (IMPFP-325):	Floorplan of the design is resized. All current create_floorplan objects are automatically derived based on specified new create_floorplan. This may change blocks, fixed standard cells, existing routes and blockages.
@innovus 33> set_io_flow_flag 0
@innovus 34> create_floorplan -site CoreSite -core_size 800.0 449.92 24.0 23.94 24.0 23.94
**WARN: (IMPFP-3961):	The techSite 'CornerSite' has no related standard cells in the LEF/OA library. The calculations for this site type cannot be made unless standard cell models of this type exist in the LEF/OA library. Ignore this warning if the SITE is not used by the library. Alternatively, remove the SITE definition for the LEF/OA library to avoid this message.
Type 'man IMPFP-3961' for more detail.
**WARN: (IMPFP-3961):	The techSite 'IOSite' has no related standard cells in the LEF/OA library. The calculations for this site type cannot be made unless standard cell models of this type exist in the LEF/OA library. Ignore this warning if the SITE is not used by the library. Alternatively, remove the SITE definition for the LEF/OA library to avoid this message.
Type 'man IMPFP-3961' for more detail.
Start create_tracks
@innovus 35> write_db DBS/spec_fp.invs

#% Begin save design ... (date=05/09 11:32:54, mem=2134.4M)
% Begin Save ccopt configuration ... (date=05/09 11:32:54, mem=2134.4M)
% End Save ccopt configuration ... (date=05/09 11:32:55, total cpu=0:00:00.0, real=0:00:00.0, peak res=2135.5M, current mem=2135.5M)
% Begin Save netlist data ... (date=05/09 11:32:55, mem=2135.5M)
Writing Binary DB to DBS/spec_fp.invs/mgmt_core_wrapper.v.bin in single-threaded mode...
% End Save netlist data ... (date=05/09 11:32:55, total cpu=0:00:00.0, real=0:00:00.0, peak res=2135.5M, current mem=2134.8M)
Saving symbol-table file ...
Saving congestion map file DBS/spec_fp.invs/mgmt_core_wrapper.route.congmap.gz ...
% Begin Save AAE data ... (date=05/09 11:32:55, mem=2134.8M)
Saving AAE Data ...
% End Save AAE data ... (date=05/09 11:32:55, total cpu=0:00:00.0, real=0:00:00.0, peak res=2134.8M, current mem=2134.8M)
Saving preference file DBS/spec_fp.invs/gui.pref.tcl ...
Saving mode setting ...
Saving root attributes to be loaded post write_db ...
Saving global file ...
Saving root attributes to be loaded previous write_db ...
% Begin Save floorplan data ... (date=05/09 11:32:57, mem=2137.2M)
Saving floorplan file ...
% End Save floorplan data ... (date=05/09 11:32:57, total cpu=0:00:00.1, real=0:00:00.0, peak res=2137.2M, current mem=2137.2M)
Saving Drc markers ...
... No Drc file written since there is no markers found.
% Begin Save placement data ... (date=05/09 11:32:57, mem=2137.2M)
** Saving stdCellPlacement_binary (version# 2) ...
Save Adaptive View Pruning View Names to Binary file
% End Save placement data ... (date=05/09 11:32:57, total cpu=0:00:00.0, real=0:00:00.0, peak res=2137.9M, current mem=2137.9M)
% Begin Save routing data ... (date=05/09 11:32:57, mem=2137.9M)
Saving route file ...
*** Completed saveRoute (cpu=0:00:00.0 real=0:00:00.0 mem=2082.8M) ***
% End Save routing data ... (date=05/09 11:32:57, total cpu=0:00:00.1, real=0:00:00.0, peak res=2138.1M, current mem=2138.1M)
Saving property file DBS/spec_fp.invs/mgmt_core_wrapper.prop
*** Completed saveProperty (cpu=0:00:00.0 real=0:00:00.0 mem=2085.8M) ***
Saving preRoute extracted patterns in file 'DBS/spec_fp.invs/mgmt_core_wrapper.techData.gz' ...
Saving preRoute extraction data in directory 'DBS/spec_fp.invs/extraction/' ...
% Begin Save power constraints data ... (date=05/09 11:32:58, mem=2139.3M)
% End Save power constraints data ... (date=05/09 11:32:58, total cpu=0:00:00.0, real=0:00:00.0, peak res=2139.3M, current mem=2139.3M)
default_emulate_rc_corner
default_emulate_rc_corner
default_emulate_rc_corner
Generated self-contained design spec_fp.invs
default_emulate_libset_max
default_emulate_rc_corner
default_emulate_constraint_mode
#% End save design ... (date=05/09 11:32:59, total cpu=0:00:02.0, real=0:00:05.0, peak res=2166.9M, current mem=2138.8M)
out_Apr13-18:47:39/mgmt_core_wrapper_m/cmn/mgmt_core_wrapper.mmmc/modes/default_emulate_constraint_mode/default_emulate_constraint_mode.sdc.gz
*** Message Summary: 0 warning(s), 0 error(s)

0
@innovus 36> gui_select -point {1008.63400 60.85450}
@innovus 37> gui_select -point {111.48250 95.31500}
@innovus 38> gui_select -point {1032.39950 82.83800}
@innovus 39> gui_select -point {124.55350 107.19750}
@innovus 40> gui_select -point {918.91850 102.44450}
@innovus 41> gui_select -rect {970.01500 101.25600 961.69700 97.09700}
@innovus 42> update_floorplan_obj -obj inst:mgmt_core_wrapper/core_RAM256_bank1 -move {24.522 23.7655}
@innovus 43> gui_deselect -all 
@innovus 44> update_floorplan_obj -obj inst:mgmt_core_wrapper/core_RAM256_bank0 -move {296.4045 23.7655}
@innovus 45> gui_deselect -all 
@innovus 46> update_floorplan_obj -obj inst:mgmt_core_wrapper/core_RAM128 -move {564.128 23.766}
@innovus 47> gui_deselect -all 
@innovus 48> update_floorplan_obj -obj inst:mgmt_core_wrapper/core_RAM256_bank1 -move {26.8965 24.9535}
@innovus 49> gui_deselect -all 
@innovus 50> update_floorplan_obj -obj inst:mgmt_core_wrapper/core_RAM256_bank0 -move {292.8405 24.953}
@innovus 51> gui_deselect -all 
@innovus 52> update_floorplan_obj -obj inst:mgmt_core_wrapper/core_RAM128 -move {558.1885 24.3595}
@innovus 53> gui_deselect -all 
@innovus 54> update_floorplan_obj -obj inst:mgmt_core_wrapper/core_RAM256_bank1 -move {240.1915 26.7375}
@innovus 55> gui_select -point {161.98400 194.53600}
@innovus 56> gui_select -toggle -point {404.39300 190.97100}
@innovus 57> gui_select -toggle -point {651.55550 189.78300}
@innovus 58> align_selected -side middle
@innovus 59> align_selected -side top
@innovus 60> align_selected -side center
@innovus 61> align_selected -side top
@innovus 62> align_selected -side top
@innovus 63> align_selected -side bottom
@innovus 64> align_selected -side middle
@innovus 65> align_selected -side right
@innovus 66> align_selected -side left
@innovus 67> gui_select -point {312.30150 332.97050}
@innovus 68> gui_select -point {248.13400 208.79550}
@innovus 69> gui_select -toggle -point {406.76950 189.78300}
@innovus 70> gui_select -toggle -point {638.48450 186.21800}
@innovus 71> align_selected -side top -refer_to_first
@innovus 72> align_selected -side bottom -refer_to_first
@innovus 73> align_selected -side left -refer_to_first
@innovus 74> gui_select -point {306.95400 305.04600}
@innovus 75> gui_select -rect {268.57550 310.66550 310.80050 270.68650}
@innovus 76> gui_select -rect {310.80050 270.68650 241.17400 315.60700}
@innovus 77> gui_select -point {222.30750 213.18850}
@innovus 78> gui_select -toggle -point {370.09550 208.69600}
@innovus 79> gui_select -toggle -point {650.84800 201.50900}
@innovus 80> flip_or_rotate_obj -flip MX -group
@innovus 81> create_route_halo -block core_RAM128 core_RAM256_bank0 core_RAM256_bank1 -space 1.8 -bottom_layer Metal1 -top_layer Metal11
@innovus 82> write_db DBS/fp_macros.invs

#% Begin save design ... (date=05/09 11:44:25, mem=2231.3M)
% Begin Save ccopt configuration ... (date=05/09 11:44:25, mem=2231.3M)
% End Save ccopt configuration ... (date=05/09 11:44:25, total cpu=0:00:00.0, real=0:00:00.0, peak res=2231.3M, current mem=2231.3M)
% Begin Save netlist data ... (date=05/09 11:44:25, mem=2231.3M)
Writing Binary DB to DBS/fp_macros.invs/mgmt_core_wrapper.v.bin in single-threaded mode...
% End Save netlist data ... (date=05/09 11:44:25, total cpu=0:00:00.0, real=0:00:00.0, peak res=2231.3M, current mem=2231.3M)
Saving symbol-table file ...
Saving congestion map file DBS/fp_macros.invs/mgmt_core_wrapper.route.congmap.gz ...
% Begin Save AAE data ... (date=05/09 11:44:26, mem=2231.3M)
Saving AAE Data ...
% End Save AAE data ... (date=05/09 11:44:26, total cpu=0:00:00.0, real=0:00:00.0, peak res=2231.3M, current mem=2231.3M)
Saving preference file DBS/fp_macros.invs/gui.pref.tcl ...
Saving mode setting ...
Saving root attributes to be loaded post write_db ...
Saving global file ...
Saving root attributes to be loaded previous write_db ...
% Begin Save floorplan data ... (date=05/09 11:44:27, mem=2231.6M)
Saving floorplan file ...
% End Save floorplan data ... (date=05/09 11:44:28, total cpu=0:00:00.0, real=0:00:01.0, peak res=2231.6M, current mem=2231.6M)
Saving Drc markers ...
... No Drc file written since there is no markers found.
% Begin Save placement data ... (date=05/09 11:44:28, mem=2231.6M)
** Saving stdCellPlacement_binary (version# 2) ...
Save Adaptive View Pruning View Names to Binary file
% End Save placement data ... (date=05/09 11:44:28, total cpu=0:00:00.0, real=0:00:00.0, peak res=2231.6M, current mem=2231.6M)
% Begin Save routing data ... (date=05/09 11:44:28, mem=2231.6M)
Saving route file ...
*** Completed saveRoute (cpu=0:00:00.0 real=0:00:00.0 mem=2177.3M) ***
% End Save routing data ... (date=05/09 11:44:28, total cpu=0:00:00.0, real=0:00:00.0, peak res=2231.6M, current mem=2231.6M)
Saving property file DBS/fp_macros.invs/mgmt_core_wrapper.prop
*** Completed saveProperty (cpu=0:00:00.0 real=0:00:00.0 mem=2180.3M) ***
Saving preRoute extracted patterns in file 'DBS/fp_macros.invs/mgmt_core_wrapper.techData.gz' ...
Saving preRoute extraction data in directory 'DBS/fp_macros.invs/extraction/' ...
% Begin Save power constraints data ... (date=05/09 11:44:28, mem=2231.6M)
% End Save power constraints data ... (date=05/09 11:44:28, total cpu=0:00:00.0, real=0:00:00.0, peak res=2231.6M, current mem=2231.6M)
default_emulate_rc_corner
default_emulate_rc_corner
default_emulate_rc_corner
Generated self-contained design fp_macros.invs
default_emulate_libset_max
default_emulate_rc_corner
default_emulate_constraint_mode
#% End save design ... (date=05/09 11:44:29, total cpu=0:00:02.1, real=0:00:04.0, peak res=2231.7M, current mem=2231.7M)
out_Apr13-18:47:39/mgmt_core_wrapper_m/cmn/mgmt_core_wrapper.mmmc/modes/default_emulate_constraint_mode/default_emulate_constraint_mode.sdc.gz
*** Message Summary: 0 warning(s), 0 error(s)

0
@innovus 83> gui_select -point {92.48700 412.18600}
@innovus 84> get_db init_power_nets

VDD
@innovus 85> get_db init_ground_nets

VSS
@innovus 86> connect_global_net VDD -type pgpin -pin VDD -all

@innovus 87> connect_global_net VSS -type pgpin -pin VSS -all

@innovus 88> connect_global_net VDD -type tiehi

@innovus 89> connect_global_net VSS -type tielo

@innovus 90> set_db add_rings_target default ; set_db add_rings_extend_over_row 0 ; set_db add_rings_ignore_rows 0 ; set_db add_rings_avoid_short 0 ; set_db add_rings_skip_shared_inner_ring none ; set_db add_rings_stacked_via_top_layer Metal11 ; set_db add_rings_stacked_via_bottom_layer Metal1 ; set_db add_rings_via_using_exact_crossover_size 1 ; set_db add_rings_orthogonal_only true ; set_db add_rings_skip_via_on_pin {  standardcell } ; set_db add_rings_skip_via_on_wire_shape {  noshape }
The ring targets are set to core/block ring wires.
add_rings command will disallow rings to go over rows.
add_rings command will consider rows while creating rings.
add_rings command will ignore shorts while creating rings.
@innovus 91> The ring targets are set to core/block ring wires.
add_rings command will consider rows while creating rings.
add_rings command will disallow rings to go over rows.
add_rings command will ignore shorts while creating rings.
add_rings -nets {VDD VSS} -type core_rings -follow core -layer {top Metal9 bottom Metal9 left Metal8 right Metal8} -width {top 9 bottom 9 left 9 right 9} -spacing {top 2 bottom 2 left 2 right 2} -offset {top 1.8 bottom 1.8 left 1.8 right 1.8} -center 1 -threshold 0 -jog_distance 0 -snap_wire_center_to_grid none
#% Begin add_rings (date=05/09 11:51:07, mem=2240.1M)


viaInitial starts at Sat May  9 11:51:07 2026
viaInitial ends at Sat May  9 11:51:07 2026
Loading cell geometries (cpu: 0:00:00.0, real: 0:00:00.0, peak mem: 2200.3M)
Ring generation is complete.
vias are now being generated.
add_rings created 8 wires.
ViaGen created 8 vias, deleted 0 via to avoid violation.
+--------+----------------+----------------+
|  Layer |     Created    |     Deleted    |
+--------+----------------+----------------+
| Metal8 |        4       |       NA       |
|  Via8  |        8       |        0       |
| Metal9 |        4       |       NA       |
+--------+----------------+----------------+
#% End add_rings (date=05/09 11:51:07, total cpu=0:00:00.0, real=0:00:00.0, peak res=2242.9M, current mem=2242.9M)
@innovus 92> gui_select -point {178.73450 479.56650}
@innovus 93> gui_select -point {-28.34850 396.46350}
@innovus 94> set_layer_preference pinObj -is_visible 1
@innovus 95> set_db add_stripes_ignore_block_check false ; set_db add_stripes_break_at none ; set_db add_stripes_route_over_rows_only false ; set_db add_stripes_rows_without_stripes_only false ; set_db add_stripes_extend_to_closest_target none ; set_db add_stripes_stop_at_last_wire_for_area false ; set_db add_stripes_partial_set_through_domain false ; set_db add_stripes_ignore_non_default_domains false ; set_db add_stripes_trim_antenna_back_to_shape none ; set_db add_stripes_spacing_type edge_to_edge ; set_db add_stripes_spacing_from_block 0 ; set_db add_stripes_stripe_min_length stripe_width ; set_db add_stripes_stacked_via_top_layer Metal11 ; set_db add_stripes_stacked_via_bottom_layer Metal1 ; set_db add_stripes_via_using_exact_crossover_size false ; set_db add_stripes_split_vias false ; set_db add_stripes_orthogonal_only true ; set_db add_stripes_allow_jog { padcore_ring  block_ring } ; set_db add_stripes_skip_via_on_pin {  standardcell } ; set_db add_stripes_skip_via_on_wire_shape {  noshape   }
When breaking rings, the power planner will consider the existence of blocks.
Stripes will not be created over regions without power planning wires.
Stripes will not extend to closest target.
Stripes will stop at the boundary of the specified area.
The entire stripe set will break at the domain if one of the nets is not in the domain.
add_stripes will break automatically at non-default domains when generating global stripes over the core area or default domain.
The power planner will set stripe antenna targets to none (no trimming allowed).
Offset for stripe breaking is set to 0.
add_stripes will allow jog to connect padcore ring and block ring.

@innovus 96> add_stripes will allow jog to connect padcore ring and block ring.

Stripes will stop at the boundary of the specified area.
When breaking rings, the power planner will consider the existence of blocks.
Stripes will not extend to closest target.
The power planner will set stripe antenna targets to none (no trimming allowed).
Stripes will not be created over regions without power planning wires.
The entire stripe set will break at the domain if one of the nets is not in the domain.
add_stripes will break automatically at non-default domains when generating global stripes over the core area or default domain.
Offset for stripe breaking is set to 0.
add_stripes -nets {} -layer Metal10 -direction vertical -width 5 -spacing 2 -set_to_set_distance 200 -start_from left -start_offset 50 -switch_layer_over_obs false -max_same_layer_jog_length 2 -pad_core_ring_top_layer_limit Metal11 -pad_core_ring_bottom_layer_limit Metal1 -block_ring_top_layer_limit Metal11 -block_ring_bottom_layer_limit Metal1 -use_wire_group 0 -snap_wire_center_to_grid none
#% Begin add_stripes (date=05/09 11:54:11, mem=2248.5M)

Initialize fgc environment(mem: 2203.3M) ...  fail and won't use fgc to check drc(cpu: 0:00:00.0, real: 0:00:00.0, peak mem: 2203.3M)
Loading cell geometries (cpu: 0:00:00.0, real: 0:00:00.0, peak mem: 2203.3M)
Loading wires (cpu: 0:00:00.0, real: 0:00:00.0, peak mem: 2203.3M)
Loading via instances (cpu: 0:00:00.0, real: 0:00:00.0, peak mem: 2203.3M)
#% End add_stripes (date=05/09 11:54:11, total cpu=0:00:00.0, real=0:00:00.0, peak res=2248.5M, current mem=2248.5M)
@innovus 97> set_db add_stripes_ignore_block_check false ; set_db add_stripes_break_at none ; set_db add_stripes_route_over_rows_only false ; set_db add_stripes_rows_without_stripes_only false ; set_db add_stripes_extend_to_closest_target none ; set_db add_stripes_stop_at_last_wire_for_area false ; set_db add_stripes_partial_set_through_domain false ; set_db add_stripes_ignore_non_default_domains false ; set_db add_stripes_trim_antenna_back_to_shape none ; set_db add_stripes_spacing_type edge_to_edge ; set_db add_stripes_spacing_from_block 0 ; set_db add_stripes_stripe_min_length stripe_width ; set_db add_stripes_stacked_via_top_layer Metal11 ; set_db add_stripes_stacked_via_bottom_layer Metal1 ; set_db add_stripes_via_using_exact_crossover_size false ; set_db add_stripes_split_vias false ; set_db add_stripes_orthogonal_only true ; set_db add_stripes_allow_jog { padcore_ring  block_ring } ; set_db add_stripes_skip_via_on_pin {  standardcell } ; set_db add_stripes_skip_via_on_wire_shape {  noshape   }
When breaking rings, the power planner will consider the existence of blocks.
Stripes will not be created over regions without power planning wires.
Stripes will not extend to closest target.
Stripes will stop at the boundary of the specified area.
The entire stripe set will break at the domain if one of the nets is not in the domain.
add_stripes will break automatically at non-default domains when generating global stripes over the core area or default domain.
The power planner will set stripe antenna targets to none (no trimming allowed).
Offset for stripe breaking is set to 0.
add_stripes will allow jog to connect padcore ring and block ring.

@innovus 98> add_stripes will allow jog to connect padcore ring and block ring.

Stripes will stop at the boundary of the specified area.
When breaking rings, the power planner will consider the existence of blocks.
Stripes will not extend to closest target.
The power planner will set stripe antenna targets to none (no trimming allowed).
Stripes will not be created over regions without power planning wires.
The entire stripe set will break at the domain if one of the nets is not in the domain.
add_stripes will break automatically at non-default domains when generating global stripes over the core area or default domain.
Offset for stripe breaking is set to 0.
add_stripes -nets {} -layer Metal10 -direction vertical -width 5 -spacing 2 -set_to_set_distance 200 -start_from left -start_offset 50 -switch_layer_over_obs false -max_same_layer_jog_length 2 -pad_core_ring_top_layer_limit Metal11 -pad_core_ring_bottom_layer_limit Metal1 -block_ring_top_layer_limit Metal11 -block_ring_bottom_layer_limit Metal1 -use_wire_group 0 -snap_wire_center_to_grid none
#% Begin add_stripes (date=05/09 11:54:14, mem=2248.9M)

Initialize fgc environment(mem: 2204.2M) ...  fail and won't use fgc to check drc(cpu: 0:00:00.0, real: 0:00:00.0, peak mem: 2204.2M)
Loading cell geometries (cpu: 0:00:00.0, real: 0:00:00.0, peak mem: 2204.2M)
Loading wires (cpu: 0:00:00.0, real: 0:00:00.0, peak mem: 2204.2M)
Loading via instances (cpu: 0:00:00.0, real: 0:00:00.0, peak mem: 2204.2M)
#% End add_stripes (date=05/09 11:54:14, total cpu=0:00:00.0, real=0:00:00.0, peak res=2248.9M, current mem=2248.9M)
@innovus 99> gui_select -point {213.32300 341.66050}
@innovus 100> **ERROR: (IMPSYT-6852):	No more action to undo.
set_db add_stripes_ignore_block_check false ; set_db add_stripes_break_at none ; set_db add_stripes_route_over_rows_only false ; set_db add_stripes_rows_without_stripes_only false ; set_db add_stripes_extend_to_closest_target none ; set_db add_stripes_stop_at_last_wire_for_area false ; set_db add_stripes_partial_set_through_domain false ; set_db add_stripes_ignore_non_default_domains false ; set_db add_stripes_trim_antenna_back_to_shape none ; set_db add_stripes_spacing_type edge_to_edge ; set_db add_stripes_spacing_from_block 0 ; set_db add_stripes_stripe_min_length stripe_width ; set_db add_stripes_stacked_via_top_layer Metal11 ; set_db add_stripes_stacked_via_bottom_layer Metal1 ; set_db add_stripes_via_using_exact_crossover_size false ; set_db add_stripes_split_vias false ; set_db add_stripes_orthogonal_only true ; set_db add_stripes_allow_jog { padcore_ring  block_ring } ; set_db add_stripes_skip_via_on_pin {  standardcell } ; set_db add_stripes_skip_via_on_wire_shape {  noshape   }
When breaking rings, the power planner will consider the existence of blocks.
Stripes will not be created over regions without power planning wires.
Stripes will not extend to closest target.
Stripes will stop at the boundary of the specified area.
The entire stripe set will break at the domain if one of the nets is not in the domain.
add_stripes will break automatically at non-default domains when generating global stripes over the core area or default domain.
The power planner will set stripe antenna targets to none (no trimming allowed).
Offset for stripe breaking is set to 0.
add_stripes will allow jog to connect padcore ring and block ring.

@innovus 101> add_stripes will allow jog to connect padcore ring and block ring.

Stripes will stop at the boundary of the specified area.
When breaking rings, the power planner will consider the existence of blocks.
Stripes will not extend to closest target.
The power planner will set stripe antenna targets to none (no trimming allowed).
Stripes will not be created over regions without power planning wires.
The entire stripe set will break at the domain if one of the nets is not in the domain.
add_stripes will break automatically at non-default domains when generating global stripes over the core area or default domain.
Offset for stripe breaking is set to 0.
add_stripes -nets {VDD VSS} -layer Metal10 -direction vertical -width 5 -spacing 2 -set_to_set_distance 200 -start_from left -start_offset 50 -switch_layer_over_obs false -max_same_layer_jog_length 2 -pad_core_ring_top_layer_limit Metal11 -pad_core_ring_bottom_layer_limit Metal1 -block_ring_top_layer_limit Metal11 -block_ring_bottom_layer_limit Metal1 -use_wire_group 0 -snap_wire_center_to_grid none
#% Begin add_stripes (date=05/09 11:54:42, mem=2248.8M)

Initialize fgc environment(mem: 2203.2M) ...  fail and won't use fgc to check drc(cpu: 0:00:00.0, real: 0:00:00.0, peak mem: 2203.2M)
Loading cell geometries (cpu: 0:00:00.0, real: 0:00:00.0, peak mem: 2203.2M)
Loading wires (cpu: 0:00:00.0, real: 0:00:00.0, peak mem: 2203.2M)
Loading via instances (cpu: 0:00:00.0, real: 0:00:00.0, peak mem: 2203.2M)
Starting stripe generation ...
Non-Default Mode Option Settings :
  NONE
Stripe generation is complete.
vias are now being generated.
**WARN: (IMPPP-532):	ViaGen Warning: The top layer and bottom layer have same direction but only orthogonal via is allowed between layer Metal4 & Metal10 at (274.89, 31.72) (279.89, 285.11).
**WARN: (IMPPP-532):	ViaGen Warning: The top layer and bottom layer have same direction but only orthogonal via is allowed between layer Metal4 & Metal10 at (281.89, 24.72) (286.89, 292.11).
add_stripes created 8 wires.
ViaGen created 96 vias, deleted 0 via to avoid violation.
+--------+----------------+----------------+
|  Layer |     Created    |     Deleted    |
+--------+----------------+----------------+
|  Via5  |       16       |        0       |
|  Via6  |       16       |        0       |
|  Via7  |       16       |        0       |
|  Via8  |       16       |        0       |
|  Via9  |       32       |        0       |
| Metal10|        8       |       NA       |
+--------+----------------+----------------+
#% End add_stripes (date=05/09 11:54:42, total cpu=0:00:00.0, real=0:00:00.0, peak res=2248.8M, current mem=2248.7M)
@innovus 102> set_db add_stripes_ignore_block_check false ; set_db add_stripes_break_at none ; set_db add_stripes_route_over_rows_only false ; set_db add_stripes_rows_without_stripes_only false ; set_db add_stripes_extend_to_closest_target none ; set_db add_stripes_stop_at_last_wire_for_area false ; set_db add_stripes_partial_set_through_domain false ; set_db add_stripes_ignore_non_default_domains false ; set_db add_stripes_trim_antenna_back_to_shape none ; set_db add_stripes_spacing_type edge_to_edge ; set_db add_stripes_spacing_from_block 0 ; set_db add_stripes_stripe_min_length stripe_width ; set_db add_stripes_stacked_via_top_layer Metal11 ; set_db add_stripes_stacked_via_bottom_layer Metal1 ; set_db add_stripes_via_using_exact_crossover_size false ; set_db add_stripes_split_vias false ; set_db add_stripes_orthogonal_only true ; set_db add_stripes_allow_jog { padcore_ring  block_ring } ; set_db add_stripes_skip_via_on_pin {  standardcell } ; set_db add_stripes_skip_via_on_wire_shape {  noshape   }
When breaking rings, the power planner will consider the existence of blocks.
Stripes will not be created over regions without power planning wires.
Stripes will not extend to closest target.
Stripes will stop at the boundary of the specified area.
The entire stripe set will break at the domain if one of the nets is not in the domain.
add_stripes will break automatically at non-default domains when generating global stripes over the core area or default domain.
The power planner will set stripe antenna targets to none (no trimming allowed).
Offset for stripe breaking is set to 0.
add_stripes will allow jog to connect padcore ring and block ring.

@innovus 103> add_stripes will allow jog to connect padcore ring and block ring.

Stripes will stop at the boundary of the specified area.
When breaking rings, the power planner will consider the existence of blocks.
Stripes will not extend to closest target.
The power planner will set stripe antenna targets to none (no trimming allowed).
Stripes will not be created over regions without power planning wires.
The entire stripe set will break at the domain if one of the nets is not in the domain.
add_stripes will break automatically at non-default domains when generating global stripes over the core area or default domain.
Offset for stripe breaking is set to 0.
add_stripes -nets {VDD VSS} -layer Metal10 -direction vertical -width 5 -spacing 2 -set_to_set_distance 300 -start_from left -start_offset 50 -switch_layer_over_obs false -max_same_layer_jog_length 2 -pad_core_ring_top_layer_limit Metal11 -pad_core_ring_bottom_layer_limit Metal1 -block_ring_top_layer_limit Metal11 -block_ring_bottom_layer_limit Metal1 -use_wire_group 0 -snap_wire_center_to_grid none
#% Begin add_stripes (date=05/09 11:55:33, mem=2248.9M)

Initialize fgc environment(mem: 2202.1M) ...  fail and won't use fgc to check drc(cpu: 0:00:00.0, real: 0:00:00.0, peak mem: 2202.1M)
Loading cell geometries (cpu: 0:00:00.0, real: 0:00:00.0, peak mem: 2202.1M)
Loading wires (cpu: 0:00:00.0, real: 0:00:00.0, peak mem: 2202.1M)
Loading via instances (cpu: 0:00:00.0, real: 0:00:00.0, peak mem: 2202.1M)
Starting stripe generation ...
Non-Default Mode Option Settings :
  NONE
**WARN: (IMPPP-170):	The power planner failed to create a wire at (76.500000, 12.970000) (76.500000, 484.734985) because same wire already exists.
**WARN: (IMPPP-170):	The power planner failed to create a wire at (676.500000, 12.970000) (676.500000, 484.734985) because same wire already exists.
**WARN: (IMPPP-170):	The power planner failed to create a wire at (83.500000, 1.970000) (83.500000, 495.734985) because same wire already exists.
**WARN: (IMPPP-170):	The power planner failed to create a wire at (683.500000, 1.970000) (683.500000, 495.734985) because same wire already exists.
Stripe generation is complete.
vias are now being generated.
add_stripes created 2 wires.
ViaGen created 24 vias, deleted 0 via to avoid violation.
+--------+----------------+----------------+
|  Layer |     Created    |     Deleted    |
+--------+----------------+----------------+
|  Via5  |        4       |        0       |
|  Via6  |        4       |        0       |
|  Via7  |        4       |        0       |
|  Via8  |        4       |        0       |
|  Via9  |        8       |        0       |
| Metal10|        2       |       NA       |
+--------+----------------+----------------+
#% End add_stripes (date=05/09 11:55:33, total cpu=0:00:00.0, real=0:00:00.0, peak res=2248.9M, current mem=2248.9M)
@innovus 104> set_db add_stripes_ignore_block_check false ; set_db add_stripes_break_at none ; set_db add_stripes_route_over_rows_only false ; set_db add_stripes_rows_without_stripes_only false ; set_db add_stripes_extend_to_closest_target none ; set_db add_stripes_stop_at_last_wire_for_area false ; set_db add_stripes_partial_set_through_domain false ; set_db add_stripes_ignore_non_default_domains false ; set_db add_stripes_trim_antenna_back_to_shape none ; set_db add_stripes_spacing_type edge_to_edge ; set_db add_stripes_spacing_from_block 0 ; set_db add_stripes_stripe_min_length stripe_width ; set_db add_stripes_stacked_via_top_layer Metal11 ; set_db add_stripes_stacked_via_bottom_layer Metal1 ; set_db add_stripes_via_using_exact_crossover_size false ; set_db add_stripes_split_vias false ; set_db add_stripes_orthogonal_only true ; set_db add_stripes_allow_jog { padcore_ring  block_ring } ; set_db add_stripes_skip_via_on_pin {  standardcell } ; set_db add_stripes_skip_via_on_wire_shape {  noshape   }
When breaking rings, the power planner will consider the existence of blocks.
Stripes will not be created over regions without power planning wires.
Stripes will not extend to closest target.
Stripes will stop at the boundary of the specified area.
The entire stripe set will break at the domain if one of the nets is not in the domain.
add_stripes will break automatically at non-default domains when generating global stripes over the core area or default domain.
The power planner will set stripe antenna targets to none (no trimming allowed).
Offset for stripe breaking is set to 0.
add_stripes will allow jog to connect padcore ring and block ring.

@innovus 105> add_stripes will allow jog to connect padcore ring and block ring.

Stripes will stop at the boundary of the specified area.
When breaking rings, the power planner will consider the existence of blocks.
Stripes will not extend to closest target.
The power planner will set stripe antenna targets to none (no trimming allowed).
Stripes will not be created over regions without power planning wires.
The entire stripe set will break at the domain if one of the nets is not in the domain.
add_stripes will break automatically at non-default domains when generating global stripes over the core area or default domain.
Offset for stripe breaking is set to 0.
add_stripes -nets {VDD VSS} -layer Metal10 -direction vertical -width 5 -spacing 2 -set_to_set_distance 100 -start_from left -start_offset 50 -switch_layer_over_obs false -max_same_layer_jog_length 2 -pad_core_ring_top_layer_limit Metal11 -pad_core_ring_bottom_layer_limit Metal1 -block_ring_top_layer_limit Metal11 -block_ring_bottom_layer_limit Metal1 -use_wire_group 0 -snap_wire_center_to_grid none
#% Begin add_stripes (date=05/09 11:55:41, mem=2249.0M)

Initialize fgc environment(mem: 2203.1M) ...  fail and won't use fgc to check drc(cpu: 0:00:00.0, real: 0:00:00.0, peak mem: 2203.1M)
Loading cell geometries (cpu: 0:00:00.0, real: 0:00:00.0, peak mem: 2203.1M)
Loading wires (cpu: 0:00:00.0, real: 0:00:00.0, peak mem: 2203.1M)
Loading via instances (cpu: 0:00:00.0, real: 0:00:00.0, peak mem: 2203.1M)
Starting stripe generation ...
Non-Default Mode Option Settings :
  NONE
**WARN: (IMPPP-170):	The power planner failed to create a wire at (76.500000, 12.970000) (76.500000, 484.734985) because same wire already exists.
**WARN: (IMPPP-170):	The power planner failed to create a wire at (276.500000, 12.970000) (276.500000, 484.734985) because same wire already exists.
**WARN: (IMPPP-170):	The power planner failed to create a wire at (376.500000, 12.970000) (376.500000, 484.734985) because same wire already exists.
**WARN: (IMPPP-170):	The power planner failed to create a wire at (476.500000, 12.970000) (476.500000, 484.734985) because same wire already exists.
**WARN: (IMPPP-170):	The power planner failed to create a wire at (676.500000, 12.970000) (676.500000, 484.734985) because same wire already exists.
**WARN: (IMPPP-170):	The power planner failed to create a wire at (83.500000, 1.970000) (83.500000, 495.734985) because same wire already exists.
**WARN: (IMPPP-170):	The power planner failed to create a wire at (283.500000, 1.970000) (283.500000, 495.734985) because same wire already exists.
**WARN: (IMPPP-170):	The power planner failed to create a wire at (383.500000, 1.970000) (383.500000, 495.734985) because same wire already exists.
**WARN: (IMPPP-170):	The power planner failed to create a wire at (483.500000, 1.970000) (483.500000, 495.734985) because same wire already exists.
**WARN: (IMPPP-170):	The power planner failed to create a wire at (683.500000, 1.970000) (683.500000, 495.734985) because same wire already exists.
Stripe generation is complete.
vias are now being generated.
add_stripes created 6 wires.
ViaGen created 72 vias, deleted 0 via to avoid violation.
+--------+----------------+----------------+
|  Layer |     Created    |     Deleted    |
+--------+----------------+----------------+
|  Via5  |       12       |        0       |
|  Via6  |       12       |        0       |
|  Via7  |       12       |        0       |
|  Via8  |       12       |        0       |
|  Via9  |       24       |        0       |
| Metal10|        6       |       NA       |
+--------+----------------+----------------+
#% End add_stripes (date=05/09 11:55:41, total cpu=0:00:00.0, real=0:00:00.0, peak res=2249.0M, current mem=2249.0M)
@innovus 106> **ERROR: (IMPSYT-6852):	No more action to undo.
**ERROR: (IMPSYT-6852):	No more action to undo.
**ERROR: (IMPSYT-6852):	No more action to undo.
**ERROR: (IMPSYT-6852):	No more action to undo.
**ERROR: (IMPSYT-6852):	No more action to undo.
**ERROR: (IMPSYT-6852):	No more action to undo.
**ERROR: (IMPSYT-6852):	No more action to undo.
**ERROR: (IMPSYT-6852):	No more action to undo.
**ERROR: (IMPSYT-6852):	No more action to undo.
**ERROR: (IMPSYT-6852):	No more action to undo.
**ERROR: (IMPSYT-6852):	No more action to undo.
**ERROR: (IMPSYT-6852):	No more action to undo.
**ERROR: (IMPSYT-6852):	No more action to undo.
**ERROR: (IMPSYT-6852):	No more action to undo.
**ERROR: (IMPSYT-6852):	No more action to undo.
**ERROR: (IMPSYT-6852):	No more action to undo.
**ERROR: (IMPSYT-6852):	No more action to undo.
**ERROR: (IMPSYT-6852):	No more action to undo.
**ERROR: (IMPSYT-6852):	No more action to undo.
**ERROR: (IMPSYT-6852):	No more action to undo.
**ERROR: (IMPSYT-6852):	No more action to undo.
**ERROR: (IMPSYT-6852):	No more action to undo.
**ERROR: (IMPSYT-6852):	No more action to undo.
**ERROR: (IMPSYT-6852):	No more action to undo.
**ERROR: (IMPSYT-6852):	No more action to undo.
**ERROR: (IMPSYT-6852):	No more action to undo.
**ERROR: (IMPSYT-6852):	No more action to undo.
**ERROR: (IMPSYT-6852):	No more action to undo.
**ERROR: (IMPSYT-6852):	No more action to undo.
**ERROR: (IMPSYT-6852):	No more action to undo.
gui_select -point {397.49700 448.12200}
@innovus 107> gui_select -point {377.73200 444.07950}
@innovus 108> delete_selected_from_floorplan 
@innovus 109> gui_select -point {383.34350 444.41500}
@innovus 110> **ERROR: (IMPSYT-6852):	No more action to undo.
**ERROR: (IMPSYT-6852):	No more action to undo.
**ERROR: (IMPSYT-6852):	No more action to undo.
**ERROR: (IMPSYT-6852):	No more action to undo.
**ERROR: (IMPSYT-6852):	No more action to undo.
gui_select -point {276.50900 391.19800}
@innovus 111> delete_selected_from_floorplan 
@innovus 112> gui_select -point {282.09000 391.39700}
@innovus 113> delete_selected_from_floorplan 
@innovus 114> gui_select -point {377.36250 381.83000}
@innovus 115> delete_selected_from_floorplan 
@innovus 116> gui_select -point {382.34550 381.83000}
@innovus 117> delete_selected_from_floorplan 
@innovus 118> gui_select -point {476.62150 374.25600}
@innovus 119> delete_selected_from_floorplan 
@innovus 120> gui_select -point {484.39500 373.45900}
@innovus 121> delete_selected_from_floorplan 
@innovus 122> gui_select -point {686.10150 422.88900}
@innovus 123> gui_select -point {683.11200 421.69300}
@innovus 124> gui_select -toggle -point {675.93650 416.90950}
@innovus 125> gui_select -toggle -point {82.77500 383.42450}
@innovus 126> gui_select -toggle -point {77.39350 383.42450}
@innovus 127> delete_selected_from_floorplan 
@innovus 128> gui_select -rect {83.97100 586.12800 33.74350 653.09800}
@innovus 129> set_db add_stripes_ignore_block_check false ; set_db add_stripes_break_at none ; set_db add_stripes_route_over_rows_only false ; set_db add_stripes_rows_without_stripes_only false ; set_db add_stripes_extend_to_closest_target none ; set_db add_stripes_stop_at_last_wire_for_area false ; set_db add_stripes_partial_set_through_domain false ; set_db add_stripes_ignore_non_default_domains false ; set_db add_stripes_trim_antenna_back_to_shape none ; set_db add_stripes_spacing_type edge_to_edge ; set_db add_stripes_spacing_from_block 0 ; set_db add_stripes_stripe_min_length stripe_width ; set_db add_stripes_stacked_via_top_layer Metal11 ; set_db add_stripes_stacked_via_bottom_layer Metal1 ; set_db add_stripes_via_using_exact_crossover_size false ; set_db add_stripes_split_vias false ; set_db add_stripes_orthogonal_only true ; set_db add_stripes_allow_jog { padcore_ring  block_ring } ; set_db add_stripes_skip_via_on_pin {  standardcell } ; set_db add_stripes_skip_via_on_wire_shape {  noshape   }
When breaking rings, the power planner will consider the existence of blocks.
Stripes will not be created over regions without power planning wires.
Stripes will not extend to closest target.
Stripes will stop at the boundary of the specified area.
The entire stripe set will break at the domain if one of the nets is not in the domain.
add_stripes will break automatically at non-default domains when generating global stripes over the core area or default domain.
The power planner will set stripe antenna targets to none (no trimming allowed).
Offset for stripe breaking is set to 0.
add_stripes will allow jog to connect padcore ring and block ring.

@innovus 130> add_stripes will allow jog to connect padcore ring and block ring.

Stripes will stop at the boundary of the specified area.
When breaking rings, the power planner will consider the existence of blocks.
Stripes will not extend to closest target.
The power planner will set stripe antenna targets to none (no trimming allowed).
Stripes will not be created over regions without power planning wires.
The entire stripe set will break at the domain if one of the nets is not in the domain.
add_stripes will break automatically at non-default domains when generating global stripes over the core area or default domain.
Offset for stripe breaking is set to 0.
add_stripes -nets {VDD VSS} -layer Metal10 -direction vertical -width 5 -spacing 2 -set_to_set_distance 300 -start_from left -start_offset 50 -switch_layer_over_obs false -max_same_layer_jog_length 2 -pad_core_ring_top_layer_limit Metal11 -pad_core_ring_bottom_layer_limit Metal1 -block_ring_top_layer_limit Metal11 -block_ring_bottom_layer_limit Metal1 -use_wire_group 0 -snap_wire_center_to_grid none
#% Begin add_stripes (date=05/09 11:56:56, mem=2249.3M)

Initialize fgc environment(mem: 2202.0M) ...  fail and won't use fgc to check drc(cpu: 0:00:00.0, real: 0:00:00.0, peak mem: 2202.0M)
Loading cell geometries (cpu: 0:00:00.0, real: 0:00:00.0, peak mem: 2202.0M)
Loading wires (cpu: 0:00:00.0, real: 0:00:00.0, peak mem: 2202.0M)
Loading via instances (cpu: 0:00:00.0, real: 0:00:00.0, peak mem: 2202.0M)
Starting stripe generation ...
Non-Default Mode Option Settings :
  NONE
Stripe generation is complete.
vias are now being generated.
add_stripes created 6 wires.
ViaGen created 72 vias, deleted 0 via to avoid violation.
+--------+----------------+----------------+
|  Layer |     Created    |     Deleted    |
+--------+----------------+----------------+
|  Via5  |       12       |        0       |
|  Via6  |       12       |        0       |
|  Via7  |       12       |        0       |
|  Via8  |       12       |        0       |
|  Via9  |       24       |        0       |
| Metal10|        6       |       NA       |
+--------+----------------+----------------+
#% End add_stripes (date=05/09 11:56:56, total cpu=0:00:00.0, real=0:00:00.0, peak res=2249.3M, current mem=2249.3M)
@innovus 131> gui_select -point {269.92300 353.78900}
@innovus 132> set_db add_stripes_ignore_block_check false ; set_db add_stripes_break_at none ; set_db add_stripes_route_over_rows_only false ; set_db add_stripes_rows_without_stripes_only false ; set_db add_stripes_extend_to_closest_target none ; set_db add_stripes_stop_at_last_wire_for_area false ; set_db add_stripes_partial_set_through_domain false ; set_db add_stripes_ignore_non_default_domains false ; set_db add_stripes_trim_antenna_back_to_shape none ; set_db add_stripes_spacing_type edge_to_edge ; set_db add_stripes_spacing_from_block 0 ; set_db add_stripes_stripe_min_length stripe_width ; set_db add_stripes_stacked_via_top_layer Metal11 ; set_db add_stripes_stacked_via_bottom_layer Metal1 ; set_db add_stripes_via_using_exact_crossover_size false ; set_db add_stripes_split_vias false ; set_db add_stripes_orthogonal_only true ; set_db add_stripes_allow_jog { padcore_ring  block_ring } ; set_db add_stripes_skip_via_on_pin {  standardcell } ; set_db add_stripes_skip_via_on_wire_shape {  noshape   }
When breaking rings, the power planner will consider the existence of blocks.
Stripes will not be created over regions without power planning wires.
Stripes will not extend to closest target.
Stripes will stop at the boundary of the specified area.
The entire stripe set will break at the domain if one of the nets is not in the domain.
add_stripes will break automatically at non-default domains when generating global stripes over the core area or default domain.
The power planner will set stripe antenna targets to none (no trimming allowed).
Offset for stripe breaking is set to 0.
add_stripes will allow jog to connect padcore ring and block ring.

@innovus 133> add_stripes will allow jog to connect padcore ring and block ring.

Stripes will stop at the boundary of the specified area.
When breaking rings, the power planner will consider the existence of blocks.
Stripes will not extend to closest target.
The power planner will set stripe antenna targets to none (no trimming allowed).
Stripes will not be created over regions without power planning wires.
The entire stripe set will break at the domain if one of the nets is not in the domain.
add_stripes will break automatically at non-default domains when generating global stripes over the core area or default domain.
Offset for stripe breaking is set to 0.
add_stripes -nets {VDD VSS} -layer Metal10 -direction vertical -width 5 -spacing 2 -set_to_set_distance 250 -start_from left -start_offset 50 -switch_layer_over_obs false -max_same_layer_jog_length 2 -pad_core_ring_top_layer_limit Metal11 -pad_core_ring_bottom_layer_limit Metal1 -block_ring_top_layer_limit Metal11 -block_ring_bottom_layer_limit Metal1 -use_wire_group 0 -snap_wire_center_to_grid none
#% Begin add_stripes (date=05/09 11:57:18, mem=2249.4M)

Initialize fgc environment(mem: 2202.0M) ...  fail and won't use fgc to check drc(cpu: 0:00:00.0, real: 0:00:00.0, peak mem: 2202.0M)
Loading cell geometries (cpu: 0:00:00.0, real: 0:00:00.0, peak mem: 2202.0M)
Loading wires (cpu: 0:00:00.0, real: 0:00:00.0, peak mem: 2202.0M)
Loading via instances (cpu: 0:00:00.0, real: 0:00:00.0, peak mem: 2202.0M)
Starting stripe generation ...
Non-Default Mode Option Settings :
  NONE
Stripe generation is complete.
vias are now being generated.
add_stripes created 6 wires.
ViaGen created 72 vias, deleted 0 via to avoid violation.
+--------+----------------+----------------+
|  Layer |     Created    |     Deleted    |
+--------+----------------+----------------+
|  Via5  |       12       |        0       |
|  Via6  |       12       |        0       |
|  Via7  |       12       |        0       |
|  Via8  |       12       |        0       |
|  Via9  |       24       |        0       |
| Metal10|        6       |       NA       |
+--------+----------------+----------------+
#% End add_stripes (date=05/09 11:57:18, total cpu=0:00:00.0, real=0:00:01.0, peak res=2249.4M, current mem=2249.4M)
@innovus 134> gui_select -point {429.83950 386.13200}
@innovus 135> set_db add_stripes_ignore_block_check false ; set_db add_stripes_break_at none ; set_db add_stripes_route_over_rows_only false ; set_db add_stripes_rows_without_stripes_only false ; set_db add_stripes_extend_to_closest_target none ; set_db add_stripes_stop_at_last_wire_for_area false ; set_db add_stripes_partial_set_through_domain false ; set_db add_stripes_ignore_non_default_domains false ; set_db add_stripes_trim_antenna_back_to_shape none ; set_db add_stripes_spacing_type edge_to_edge ; set_db add_stripes_spacing_from_block 0 ; set_db add_stripes_stripe_min_length stripe_width ; set_db add_stripes_stacked_via_top_layer Metal11 ; set_db add_stripes_stacked_via_bottom_layer Metal1 ; set_db add_stripes_via_using_exact_crossover_size false ; set_db add_stripes_split_vias false ; set_db add_stripes_orthogonal_only true ; set_db add_stripes_allow_jog { padcore_ring  block_ring } ; set_db add_stripes_skip_via_on_pin {  standardcell } ; set_db add_stripes_skip_via_on_wire_shape {  noshape   }
When breaking rings, the power planner will consider the existence of blocks.
Stripes will not be created over regions without power planning wires.
Stripes will not extend to closest target.
Stripes will stop at the boundary of the specified area.
The entire stripe set will break at the domain if one of the nets is not in the domain.
add_stripes will break automatically at non-default domains when generating global stripes over the core area or default domain.
The power planner will set stripe antenna targets to none (no trimming allowed).
Offset for stripe breaking is set to 0.
add_stripes will allow jog to connect padcore ring and block ring.

@innovus 136> add_stripes will allow jog to connect padcore ring and block ring.

Stripes will stop at the boundary of the specified area.
When breaking rings, the power planner will consider the existence of blocks.
Stripes will not extend to closest target.
The power planner will set stripe antenna targets to none (no trimming allowed).
Stripes will not be created over regions without power planning wires.
The entire stripe set will break at the domain if one of the nets is not in the domain.
add_stripes will break automatically at non-default domains when generating global stripes over the core area or default domain.
Offset for stripe breaking is set to 0.
add_stripes -nets {VDD VSS} -layer Metal10 -direction vertical -width 5 -spacing 2 -set_to_set_distance 250 -start_from left -start_offset 150 -switch_layer_over_obs false -max_same_layer_jog_length 2 -pad_core_ring_top_layer_limit Metal11 -pad_core_ring_bottom_layer_limit Metal1 -block_ring_top_layer_limit Metal11 -block_ring_bottom_layer_limit Metal1 -use_wire_group 0 -snap_wire_center_to_grid none
#% Begin add_stripes (date=05/09 11:58:07, mem=2249.5M)

Initialize fgc environment(mem: 2201.9M) ...  fail and won't use fgc to check drc(cpu: 0:00:00.0, real: 0:00:00.0, peak mem: 2201.9M)
Loading cell geometries (cpu: 0:00:00.0, real: 0:00:00.0, peak mem: 2201.9M)
Loading wires (cpu: 0:00:00.0, real: 0:00:00.0, peak mem: 2201.9M)
Loading via instances (cpu: 0:00:00.0, real: 0:00:00.0, peak mem: 2201.9M)
Starting stripe generation ...
Non-Default Mode Option Settings :
  NONE
Stripe generation is complete.
vias are now being generated.
add_stripes created 6 wires.
ViaGen created 72 vias, deleted 0 via to avoid violation.
+--------+----------------+----------------+
|  Layer |     Created    |     Deleted    |
+--------+----------------+----------------+
|  Via5  |       12       |        0       |
|  Via6  |       12       |        0       |
|  Via7  |       12       |        0       |
|  Via8  |       12       |        0       |
|  Via9  |       24       |        0       |
| Metal10|        6       |       NA       |
+--------+----------------+----------------+
#% End add_stripes (date=05/09 11:58:07, total cpu=0:00:00.0, real=0:00:00.0, peak res=2249.5M, current mem=2249.5M)
@innovus 137> gui_select -point {92.03800 438.23950}
@innovus 138> write_db DBS/fp_power.invs

#% Begin save design ... (date=05/09 11:58:33, mem=2249.5M)
% Begin Save ccopt configuration ... (date=05/09 11:58:33, mem=2249.5M)
% End Save ccopt configuration ... (date=05/09 11:58:33, total cpu=0:00:00.0, real=0:00:00.0, peak res=2249.6M, current mem=2249.6M)
% Begin Save netlist data ... (date=05/09 11:58:33, mem=2249.6M)
Writing Binary DB to DBS/fp_power.invs/mgmt_core_wrapper.v.bin in single-threaded mode...
% End Save netlist data ... (date=05/09 11:58:33, total cpu=0:00:00.0, real=0:00:00.0, peak res=2249.6M, current mem=2249.6M)
Saving symbol-table file ...
Saving congestion map file DBS/fp_power.invs/mgmt_core_wrapper.route.congmap.gz ...
% Begin Save AAE data ... (date=05/09 11:58:34, mem=2249.6M)
Saving AAE Data ...
% End Save AAE data ... (date=05/09 11:58:34, total cpu=0:00:00.0, real=0:00:00.0, peak res=2249.6M, current mem=2249.6M)
Saving preference file DBS/fp_power.invs/gui.pref.tcl ...
Saving mode setting ...
Saving root attributes to be loaded post write_db ...
Saving global file ...
Saving root attributes to be loaded previous write_db ...
% Begin Save floorplan data ... (date=05/09 11:58:36, mem=2249.6M)
Saving floorplan file ...
% End Save floorplan data ... (date=05/09 11:58:36, total cpu=0:00:00.0, real=0:00:00.0, peak res=2249.6M, current mem=2249.6M)
Saving PG file DBS/fp_power.invs/mgmt_core_wrapper.pg.gz, version#2, (Created by Innovus v22.33-s094_1 on Sat May  9 11:58:36 2026)
*** Completed savePGFile (cpu=0:00:00.0 real=0:00:00.0 mem=2203.4M) ***
Saving Drc markers ...
... No Drc file written since there is no markers found.
% Begin Save placement data ... (date=05/09 11:58:36, mem=2249.6M)
** Saving stdCellPlacement_binary (version# 2) ...
Save Adaptive View Pruning View Names to Binary file
% End Save placement data ... (date=05/09 11:58:36, total cpu=0:00:00.0, real=0:00:00.0, peak res=2249.6M, current mem=2249.6M)
% Begin Save routing data ... (date=05/09 11:58:37, mem=2249.6M)
Saving route file ...
*** Completed saveRoute (cpu=0:00:00.0 real=0:00:00.0 mem=2203.4M) ***
% End Save routing data ... (date=05/09 11:58:37, total cpu=0:00:00.1, real=0:00:00.0, peak res=2249.6M, current mem=2249.6M)
Saving property file DBS/fp_power.invs/mgmt_core_wrapper.prop
*** Completed saveProperty (cpu=0:00:00.0 real=0:00:00.0 mem=2206.4M) ***
Saving preRoute extracted patterns in file 'DBS/fp_power.invs/mgmt_core_wrapper.techData.gz' ...
Saving preRoute extraction data in directory 'DBS/fp_power.invs/extraction/' ...
% Begin Save power constraints data ... (date=05/09 11:58:37, mem=2249.6M)
% End Save power constraints data ... (date=05/09 11:58:37, total cpu=0:00:00.0, real=0:00:00.0, peak res=2249.6M, current mem=2249.6M)
default_emulate_rc_corner
default_emulate_rc_corner
default_emulate_rc_corner
Generated self-contained design fp_power.invs
default_emulate_libset_max
default_emulate_rc_corner
default_emulate_constraint_mode
#% End save design ... (date=05/09 11:58:38, total cpu=0:00:02.2, real=0:00:05.0, peak res=2249.7M, current mem=2249.7M)
out_Apr13-18:47:39/mgmt_core_wrapper_m/cmn/mgmt_core_wrapper.mmmc/modes/default_emulate_constraint_mode/default_emulate_constraint_mode.sdc.gz
*** Message Summary: 0 warning(s), 0 error(s)

0
@innovus 139> gui_select -point {526.86750 381.64000}
@innovus 140> set_db add_stripes_ignore_block_check false ; set_db add_stripes_break_at none ; set_db add_stripes_route_over_rows_only false ; set_db add_stripes_rows_without_stripes_only false ; set_db add_stripes_extend_to_closest_target none ; set_db add_stripes_stop_at_last_wire_for_area false ; set_db add_stripes_partial_set_through_domain false ; set_db add_stripes_ignore_non_default_domains false ; set_db add_stripes_trim_antenna_back_to_shape none ; set_db add_stripes_spacing_type edge_to_edge ; set_db add_stripes_spacing_from_block 0 ; set_db add_stripes_stripe_min_length stripe_width ; set_db add_stripes_stacked_via_top_layer Metal11 ; set_db add_stripes_stacked_via_bottom_layer Metal1 ; set_db add_stripes_via_using_exact_crossover_size false ; set_db add_stripes_split_vias false ; set_db add_stripes_orthogonal_only true ; set_db add_stripes_allow_jog { padcore_ring  block_ring } ; set_db add_stripes_skip_via_on_pin {  standardcell } ; set_db add_stripes_skip_via_on_wire_shape {  noshape   }
When breaking rings, the power planner will consider the existence of blocks.
Stripes will not be created over regions without power planning wires.
Stripes will not extend to closest target.
Stripes will stop at the boundary of the specified area.
The entire stripe set will break at the domain if one of the nets is not in the domain.
add_stripes will break automatically at non-default domains when generating global stripes over the core area or default domain.
The power planner will set stripe antenna targets to none (no trimming allowed).
Offset for stripe breaking is set to 0.
add_stripes will allow jog to connect padcore ring and block ring.

@innovus 141> add_stripes will allow jog to connect padcore ring and block ring.

Stripes will stop at the boundary of the specified area.
When breaking rings, the power planner will consider the existence of blocks.
Stripes will not extend to closest target.
The power planner will set stripe antenna targets to none (no trimming allowed).
Stripes will not be created over regions without power planning wires.
The entire stripe set will break at the domain if one of the nets is not in the domain.
add_stripes will break automatically at non-default domains when generating global stripes over the core area or default domain.
Offset for stripe breaking is set to 0.
add_stripes -nets {VDD VSS} -layer Metal11 -direction horizontal -width 5 -spacing 2 -set_to_set_distance 300 -start_from bottom -start_offset 150 -switch_layer_over_obs false -max_same_layer_jog_length 2 -pad_core_ring_top_layer_limit Metal11 -pad_core_ring_bottom_layer_limit Metal1 -block_ring_top_layer_limit Metal11 -block_ring_bottom_layer_limit Metal1 -use_wire_group 0 -snap_wire_center_to_grid none
#% Begin add_stripes (date=05/09 12:04:36, mem=2249.6M)

Initialize fgc environment(mem: 2205.4M) ...  fail and won't use fgc to check drc(cpu: 0:00:00.0, real: 0:00:00.0, peak mem: 2205.4M)
Loading cell geometries (cpu: 0:00:00.0, real: 0:00:00.0, peak mem: 2205.4M)
Loading wires (cpu: 0:00:00.0, real: 0:00:00.0, peak mem: 2205.4M)
Loading via instances (cpu: 0:00:00.0, real: 0:00:00.0, peak mem: 2205.4M)
Starting stripe generation ...
Non-Default Mode Option Settings :
  NONE
Stripe generation is complete.
vias are now being generated.
add_stripes created 2 wires.
ViaGen created 102 vias, deleted 0 via to avoid violation.
+--------+----------------+----------------+
|  Layer |     Created    |     Deleted    |
+--------+----------------+----------------+
|  Via4  |       12       |        0       |
|  Via5  |       12       |        0       |
|  Via6  |       12       |        0       |
|  Via7  |       12       |        0       |
|  Via8  |       16       |        0       |
|  Via9  |       16       |        0       |
|  Via10 |       22       |        0       |
| Metal11|        2       |       NA       |
+--------+----------------+----------------+
#% End add_stripes (date=05/09 12:04:36, total cpu=0:00:00.0, real=0:00:00.0, peak res=2249.6M, current mem=2249.6M)
@innovus 142> gui_select -point {319.78450 368.16350}
@innovus 143> set_db add_stripes_ignore_block_check false ; set_db add_stripes_break_at none ; set_db add_stripes_route_over_rows_only false ; set_db add_stripes_rows_without_stripes_only false ; set_db add_stripes_extend_to_closest_target none ; set_db add_stripes_stop_at_last_wire_for_area false ; set_db add_stripes_partial_set_through_domain false ; set_db add_stripes_ignore_non_default_domains false ; set_db add_stripes_trim_antenna_back_to_shape none ; set_db add_stripes_spacing_type edge_to_edge ; set_db add_stripes_spacing_from_block 0 ; set_db add_stripes_stripe_min_length stripe_width ; set_db add_stripes_stacked_via_top_layer Metal11 ; set_db add_stripes_stacked_via_bottom_layer Metal1 ; set_db add_stripes_via_using_exact_crossover_size false ; set_db add_stripes_split_vias false ; set_db add_stripes_orthogonal_only true ; set_db add_stripes_allow_jog { padcore_ring  block_ring } ; set_db add_stripes_skip_via_on_pin {  standardcell } ; set_db add_stripes_skip_via_on_wire_shape {  noshape   }
When breaking rings, the power planner will consider the existence of blocks.
Stripes will not be created over regions without power planning wires.
Stripes will not extend to closest target.
Stripes will stop at the boundary of the specified area.
The entire stripe set will break at the domain if one of the nets is not in the domain.
add_stripes will break automatically at non-default domains when generating global stripes over the core area or default domain.
The power planner will set stripe antenna targets to none (no trimming allowed).
Offset for stripe breaking is set to 0.
add_stripes will allow jog to connect padcore ring and block ring.

@innovus 144> add_stripes will allow jog to connect padcore ring and block ring.

Stripes will stop at the boundary of the specified area.
When breaking rings, the power planner will consider the existence of blocks.
Stripes will not extend to closest target.
The power planner will set stripe antenna targets to none (no trimming allowed).
Stripes will not be created over regions without power planning wires.
The entire stripe set will break at the domain if one of the nets is not in the domain.
add_stripes will break automatically at non-default domains when generating global stripes over the core area or default domain.
Offset for stripe breaking is set to 0.
add_stripes -nets {VDD VSS} -layer Metal11 -direction horizontal -width 5 -spacing 2 -set_to_set_distance 150 -start_from bottom -start_offset 100 -switch_layer_over_obs false -max_same_layer_jog_length 2 -pad_core_ring_top_layer_limit Metal11 -pad_core_ring_bottom_layer_limit Metal1 -block_ring_top_layer_limit Metal11 -block_ring_bottom_layer_limit Metal1 -use_wire_group 0 -snap_wire_center_to_grid none
#% Begin add_stripes (date=05/09 12:04:59, mem=2249.7M)

Initialize fgc environment(mem: 2205.4M) ...  fail and won't use fgc to check drc(cpu: 0:00:00.0, real: 0:00:00.0, peak mem: 2205.4M)
Loading cell geometries (cpu: 0:00:00.0, real: 0:00:00.0, peak mem: 2205.4M)
Loading wires (cpu: 0:00:00.0, real: 0:00:00.0, peak mem: 2205.4M)
Loading via instances (cpu: 0:00:00.0, real: 0:00:00.0, peak mem: 2205.4M)
Starting stripe generation ...
Non-Default Mode Option Settings :
  NONE
Stripe generation is complete.
vias are now being generated.
add_stripes created 6 wires.
ViaGen created 222 vias, deleted 0 via to avoid violation.
+--------+----------------+----------------+
|  Layer |     Created    |     Deleted    |
+--------+----------------+----------------+
|  Via4  |       24       |        0       |
|  Via5  |       24       |        0       |
|  Via6  |       24       |        0       |
|  Via7  |       24       |        0       |
|  Via8  |       36       |        0       |
|  Via9  |       36       |        0       |
|  Via10 |       54       |        0       |
| Metal11|        6       |       NA       |
+--------+----------------+----------------+
#% End add_stripes (date=05/09 12:04:59, total cpu=0:00:00.0, real=0:00:00.0, peak res=2249.8M, current mem=2249.8M)
@innovus 145> gui_select -point {340.89700 378.94450}
@innovus 146> set_db add_stripes_ignore_block_check false ; set_db add_stripes_break_at none ; set_db add_stripes_route_over_rows_only false ; set_db add_stripes_rows_without_stripes_only false ; set_db add_stripes_extend_to_closest_target none ; set_db add_stripes_stop_at_last_wire_for_area false ; set_db add_stripes_partial_set_through_domain false ; set_db add_stripes_ignore_non_default_domains false ; set_db add_stripes_trim_antenna_back_to_shape none ; set_db add_stripes_spacing_type edge_to_edge ; set_db add_stripes_spacing_from_block 0 ; set_db add_stripes_stripe_min_length stripe_width ; set_db add_stripes_stacked_via_top_layer Metal11 ; set_db add_stripes_stacked_via_bottom_layer Metal1 ; set_db add_stripes_via_using_exact_crossover_size false ; set_db add_stripes_split_vias false ; set_db add_stripes_orthogonal_only true ; set_db add_stripes_allow_jog { padcore_ring  block_ring } ; set_db add_stripes_skip_via_on_pin {  standardcell } ; set_db add_stripes_skip_via_on_wire_shape {  noshape   }
When breaking rings, the power planner will consider the existence of blocks.
Stripes will not be created over regions without power planning wires.
Stripes will not extend to closest target.
Stripes will stop at the boundary of the specified area.
The entire stripe set will break at the domain if one of the nets is not in the domain.
add_stripes will break automatically at non-default domains when generating global stripes over the core area or default domain.
The power planner will set stripe antenna targets to none (no trimming allowed).
Offset for stripe breaking is set to 0.
add_stripes will allow jog to connect padcore ring and block ring.

@innovus 147> add_stripes will allow jog to connect padcore ring and block ring.

Stripes will stop at the boundary of the specified area.
When breaking rings, the power planner will consider the existence of blocks.
Stripes will not extend to closest target.
The power planner will set stripe antenna targets to none (no trimming allowed).
Stripes will not be created over regions without power planning wires.
The entire stripe set will break at the domain if one of the nets is not in the domain.
add_stripes will break automatically at non-default domains when generating global stripes over the core area or default domain.
Offset for stripe breaking is set to 0.
add_stripes -nets {VDD VSS} -layer Metal11 -direction horizontal -width 5 -spacing 2 -set_to_set_distance 250 -start_from bottom -start_offset 100 -switch_layer_over_obs false -max_same_layer_jog_length 2 -pad_core_ring_top_layer_limit Metal11 -pad_core_ring_bottom_layer_limit Metal1 -block_ring_top_layer_limit Metal11 -block_ring_bottom_layer_limit Metal1 -use_wire_group 0 -snap_wire_center_to_grid none
#% Begin add_stripes (date=05/09 12:05:17, mem=2249.9M)

Initialize fgc environment(mem: 2205.3M) ...  fail and won't use fgc to check drc(cpu: 0:00:00.0, real: 0:00:00.0, peak mem: 2205.3M)
Loading cell geometries (cpu: 0:00:00.0, real: 0:00:00.0, peak mem: 2205.3M)
Loading wires (cpu: 0:00:00.0, real: 0:00:00.0, peak mem: 2205.3M)
Loading via instances (cpu: 0:00:00.0, real: 0:00:00.0, peak mem: 2205.3M)
Starting stripe generation ...
Non-Default Mode Option Settings :
  NONE
Stripe generation is complete.
vias are now being generated.
add_stripes created 4 wires.
ViaGen created 120 vias, deleted 0 via to avoid violation.
+--------+----------------+----------------+
|  Layer |     Created    |     Deleted    |
+--------+----------------+----------------+
|  Via4  |       12       |        0       |
|  Via5  |       12       |        0       |
|  Via6  |       12       |        0       |
|  Via7  |       12       |        0       |
|  Via8  |       20       |        0       |
|  Via9  |       20       |        0       |
|  Via10 |       32       |        0       |
| Metal11|        4       |       NA       |
+--------+----------------+----------------+
#% End add_stripes (date=05/09 12:05:17, total cpu=0:00:00.0, real=0:00:00.0, peak res=2249.9M, current mem=2249.9M)
@innovus 148> set_db add_stripes_ignore_block_check false ; set_db add_stripes_break_at none ; set_db add_stripes_route_over_rows_only false ; set_db add_stripes_rows_without_stripes_only false ; set_db add_stripes_extend_to_closest_target none ; set_db add_stripes_stop_at_last_wire_for_area false ; set_db add_stripes_partial_set_through_domain false ; set_db add_stripes_ignore_non_default_domains false ; set_db add_stripes_trim_antenna_back_to_shape none ; set_db add_stripes_spacing_type edge_to_edge ; set_db add_stripes_spacing_from_block 0 ; set_db add_stripes_stripe_min_length stripe_width ; set_db add_stripes_stacked_via_top_layer Metal11 ; set_db add_stripes_stacked_via_bottom_layer Metal1 ; set_db add_stripes_via_using_exact_crossover_size false ; set_db add_stripes_split_vias false ; set_db add_stripes_orthogonal_only true ; set_db add_stripes_allow_jog { padcore_ring  block_ring } ; set_db add_stripes_skip_via_on_pin {  standardcell } ; set_db add_stripes_skip_via_on_wire_shape {  noshape   }
When breaking rings, the power planner will consider the existence of blocks.
Stripes will not be created over regions without power planning wires.
Stripes will not extend to closest target.
Stripes will stop at the boundary of the specified area.
The entire stripe set will break at the domain if one of the nets is not in the domain.
add_stripes will break automatically at non-default domains when generating global stripes over the core area or default domain.
The power planner will set stripe antenna targets to none (no trimming allowed).
Offset for stripe breaking is set to 0.
add_stripes will allow jog to connect padcore ring and block ring.

@innovus 149> add_stripes will allow jog to connect padcore ring and block ring.

Stripes will stop at the boundary of the specified area.
When breaking rings, the power planner will consider the existence of blocks.
Stripes will not extend to closest target.
The power planner will set stripe antenna targets to none (no trimming allowed).
Stripes will not be created over regions without power planning wires.
The entire stripe set will break at the domain if one of the nets is not in the domain.
add_stripes will break automatically at non-default domains when generating global stripes over the core area or default domain.
Offset for stripe breaking is set to 0.
add_stripes -nets {VDD VSS} -layer Metal11 -direction horizontal -width 5 -spacing 2 -set_to_set_distance 250 -start_from bottom -start_offset 100 -switch_layer_over_obs false -max_same_layer_jog_length 2 -pad_core_ring_top_layer_limit Metal11 -pad_core_ring_bottom_layer_limit Metal1 -block_ring_top_layer_limit Metal11 -block_ring_bottom_layer_limit Metal1 -use_wire_group 0 -snap_wire_center_to_grid none
#% Begin add_stripes (date=05/09 12:05:31, mem=2249.7M)

Initialize fgc environment(mem: 2206.3M) ...  fail and won't use fgc to check drc(cpu: 0:00:00.0, real: 0:00:00.0, peak mem: 2206.3M)
Loading cell geometries (cpu: 0:00:00.0, real: 0:00:00.0, peak mem: 2206.3M)
Loading wires (cpu: 0:00:00.0, real: 0:00:00.0, peak mem: 2206.3M)
Loading via instances (cpu: 0:00:00.0, real: 0:00:00.0, peak mem: 2206.3M)
Starting stripe generation ...
Non-Default Mode Option Settings :
  NONE
**WARN: (IMPPP-170):	The power planner failed to create a wire at (13.000000, 126.440002) (835.000000, 126.440002) because same wire already exists.
**WARN: (IMPPP-170):	The power planner failed to create a wire at (13.000000, 376.440002) (835.000000, 376.440002) because same wire already exists.
**WARN: (IMPPP-170):	The power planner failed to create a wire at (2.000000, 133.440002) (846.000000, 133.440002) because same wire already exists.
**WARN: (IMPPP-170):	The power planner failed to create a wire at (2.000000, 383.440002) (846.000000, 383.440002) because same wire already exists.
Stripe generation is complete.
#% End add_stripes (date=05/09 12:05:31, total cpu=0:00:00.0, real=0:00:00.0, peak res=2249.7M, current mem=2249.7M)
@innovus 150> gui_select -point {328.76850 345.70350}
@innovus 151> set_db route_special_via_connect_to_shape { stripe blockring }
@innovus 152> route_special -connect {core_pin} -layer_change_range { Metal1(1) Metal11(11) } -block_pin_target {nearest_target} -core_pin_target {none} -allow_jogging 1 -crossover_via_layer_range { Metal1(1) Metal11(11) } -nets { VDD VSS } -allow_layer_change 1 -target_via_layer_range { Metal1(1) Metal11(11) }
#% Begin route_special (date=05/09 12:07:51, mem=2251.6M)
**WARN: (IMPSR-4058):	Route_special option: blockPinTarget should be used in conjunction with option: -connect blockPin. 
*** Begin SPECIAL ROUTE on Sat May  9 12:07:51 2026 ***
SPECIAL ROUTE ran on directory: /home/alumnes/s/serik.perez/dnd/synth/caravel-picorv32/R1
SPECIAL ROUTE ran on machine: CadenceRocky8 (Linux 4.18.0-553.45.1.el8_10.x86_64 Xeon 2.00Ghz)

Begin option processing ...
srouteConnectPowerBump set to false
routeSelectNet set to "VDD VSS"
routeSpecial set to true
srouteBottomLayerLimit set to 1
srouteBottomTargetLayerLimit set to 1
srouteConnectBlockPin set to false
srouteConnectConverterPin set to false
srouteConnectPadPin set to false
srouteConnectStripe set to false
srouteCrossoverViaBottomLayer set to 1
srouteCrossoverViaTopLayer set to 11
srouteFollowCorePinEnd set to 3
srouteFollowPadPin set to false
srouteJogControl set to "preferWithChanges differentLayer"
srouteNoViaOnWireShape set to "padring ring blockpin coverpin noshape blockwire corewire followpin iowire"
sroutePadPinAllPorts set to true
sroutePreserveExistingRoutes set to true
srouteRoutePowerBarPortOnBothDir set to true
srouteStopBlockPin set to "nearestTarget"
srouteStopSCPin set to true
srouteTopLayerLimit set to 11
srouteTopTargetLayerLimit set to 11
End option processing: cpu: 0:00:00, real: 0:00:00, peak: 3725.00 megs.

Reading DB technology information...
Finished reading DB technology information.
Reading floorplan and netlist information...
Finished reading floorplan and netlist information.
**WARN: (IMPSR-4302):	Cap-table/qrcTechFile is found in the design, so the same information from the technology file will be ignored.
Read in 24 layers, 11 routing layers, 1 overlap layer
Read in 2 nondefault rules, 0 used
Read in 586 macros, 124 used
Read in 126 components
  123 core components: 123 unplaced, 0 placed, 0 fixed
  3 block/ring components: 0 unplaced, 0 placed, 3 fixed
Read in 695 logical pins
Read in 1 blockages
Read in 686 nets
Read in 2 special nets, 2 routed
Read in 252 terminals
2 nets selected.

Begin power routing ...
CPU time for VDD FollowPin 0 seconds
CPU time for VSS FollowPin 0 seconds
  Number of Core ports routed: 0
  Number of Followpin connections: 735
End power routing: cpu: 0:00:00, real: 0:00:00, peak: 3727.00 megs.



 Begin updating DB with routing results ...
 Updating DB with 0 via definition ...Extracting standard cell pins and blockage ...... 
Pin and blockage extraction finished

route_special created 735 wires.
ViaGen created 2862 vias, deleted 0 via to avoid violation.
+--------+----------------+----------------+
|  Layer |     Created    |     Deleted    |
+--------+----------------+----------------+
| Metal1 |       735      |       NA       |
|  Via1  |       318      |        0       |
|  Via2  |       318      |        0       |
|  Via3  |       318      |        0       |
|  Via4  |       318      |        0       |
|  Via5  |       318      |        0       |
|  Via6  |       318      |        0       |
|  Via7  |       318      |        0       |
|  Via8  |       318      |        0       |
|  Via9  |       318      |        0       |
+--------+----------------+----------------+
#% End route_special (date=05/09 12:07:52, total cpu=0:00:00.6, real=0:00:01.0, peak res=2256.5M, current mem=2256.5M)
@innovus 153> set_db route_special_via_connect_to_shape { stripe blockring }
@innovus 154> route_special -connect {core_pin} -layer_change_range { Metal1(1) Metal11(11) } -block_pin_target {nearest_target} -core_pin_target {none} -allow_jogging 1 -crossover_via_layer_range { Metal1(1) Metal11(11) } -nets { VDD VSS } -allow_layer_change 1 -target_via_layer_range { Metal1(1) Metal11(11) }
#% Begin route_special (date=05/09 12:07:56, mem=2255.8M)
**WARN: (IMPSR-4058):	Route_special option: blockPinTarget should be used in conjunction with option: -connect blockPin. 
*** Begin SPECIAL ROUTE on Sat May  9 12:07:56 2026 ***
SPECIAL ROUTE ran on directory: /home/alumnes/s/serik.perez/dnd/synth/caravel-picorv32/R1
SPECIAL ROUTE ran on machine: CadenceRocky8 (Linux 4.18.0-553.45.1.el8_10.x86_64 Xeon 2.00Ghz)

Begin option processing ...
srouteConnectPowerBump set to false
routeSelectNet set to "VDD VSS"
routeSpecial set to true
srouteBottomLayerLimit set to 1
srouteBottomTargetLayerLimit set to 1
srouteConnectBlockPin set to false
srouteConnectConverterPin set to false
srouteConnectPadPin set to false
srouteConnectStripe set to false
srouteCrossoverViaBottomLayer set to 1
srouteCrossoverViaTopLayer set to 11
srouteFollowCorePinEnd set to 3
srouteFollowPadPin set to false
srouteJogControl set to "preferWithChanges differentLayer"
srouteNoViaOnWireShape set to "padring ring blockpin coverpin noshape blockwire corewire followpin iowire"
sroutePadPinAllPorts set to true
sroutePreserveExistingRoutes set to true
srouteRoutePowerBarPortOnBothDir set to true
srouteStopBlockPin set to "nearestTarget"
srouteStopSCPin set to true
srouteTopLayerLimit set to 11
srouteTopTargetLayerLimit set to 11
End option processing: cpu: 0:00:00, real: 0:00:00, peak: 3730.00 megs.

Reading DB technology information...
Finished reading DB technology information.
Reading floorplan and netlist information...
Finished reading floorplan and netlist information.
**WARN: (IMPSR-4302):	Cap-table/qrcTechFile is found in the design, so the same information from the technology file will be ignored.
Read in 24 layers, 11 routing layers, 1 overlap layer
Read in 2 nondefault rules, 0 used
Read in 586 macros, 124 used
Read in 126 components
  123 core components: 123 unplaced, 0 placed, 0 fixed
  3 block/ring components: 0 unplaced, 0 placed, 3 fixed
Read in 695 logical pins
Read in 1 blockages
Read in 686 nets
Read in 2 special nets, 2 routed
Read in 252 terminals
2 nets selected.

Begin power routing ...
CPU time for VDD FollowPin 0 seconds
CPU time for VSS FollowPin 0 seconds
  Number of Core ports routed: 0
End power routing: cpu: 0:00:00, real: 0:00:01, peak: 3733.00 megs.



 Begin updating DB with routing results ...
 Updating DB with 0 via definition ...
route_special created 0 wire.
ViaGen created 0 via, deleted 0 via to avoid violation.
#% End route_special (date=05/09 12:07:57, total cpu=0:00:00.4, real=0:00:01.0, peak res=2255.8M, current mem=2255.2M)
@innovus 155> gui_select -rect {-17.56800 312.91150 -22.95850 312.46250}
@innovus 156> gui_select -point {-30.14550 187.58350}
@innovus 157> write_db DBS/fp_power.invs

#% Begin save design ... (date=05/09 12:08:26, mem=2255.3M)
% Begin Save ccopt configuration ... (date=05/09 12:08:26, mem=2255.3M)
% End Save ccopt configuration ... (date=05/09 12:08:26, total cpu=0:00:00.0, real=0:00:00.0, peak res=2255.6M, current mem=2255.6M)
% Begin Save netlist data ... (date=05/09 12:08:26, mem=2255.6M)
Writing Binary DB to DBS/fp_power.invs.tmp/mgmt_core_wrapper.v.bin in single-threaded mode...
% End Save netlist data ... (date=05/09 12:08:26, total cpu=0:00:00.0, real=0:00:00.0, peak res=2255.6M, current mem=2255.6M)
Saving symbol-table file ...
Saving congestion map file DBS/fp_power.invs.tmp/mgmt_core_wrapper.route.congmap.gz ...
% Begin Save AAE data ... (date=05/09 12:08:27, mem=2255.6M)
Saving AAE Data ...
% End Save AAE data ... (date=05/09 12:08:27, total cpu=0:00:00.0, real=0:00:00.0, peak res=2255.6M, current mem=2255.6M)
Saving preference file DBS/fp_power.invs.tmp/gui.pref.tcl ...
Saving mode setting ...
Saving root attributes to be loaded post write_db ...
Saving global file ...
Saving root attributes to be loaded previous write_db ...
% Begin Save floorplan data ... (date=05/09 12:08:28, mem=2256.5M)
Saving floorplan file ...
% End Save floorplan data ... (date=05/09 12:08:29, total cpu=0:00:00.1, real=0:00:01.0, peak res=2256.5M, current mem=2256.5M)
Saving PG file DBS/fp_power.invs.tmp/mgmt_core_wrapper.pg.gz, version#2, (Created by Innovus v22.33-s094_1 on Sat May  9 12:08:29 2026)
*** Completed savePGFile (cpu=0:00:00.0 real=0:00:00.0 mem=2216.2M) ***
Saving Drc markers ...
... No Drc file written since there is no markers found.
% Begin Save placement data ... (date=05/09 12:08:29, mem=2256.8M)
** Saving stdCellPlacement_binary (version# 2) ...
Save Adaptive View Pruning View Names to Binary file
% End Save placement data ... (date=05/09 12:08:29, total cpu=0:00:00.0, real=0:00:00.0, peak res=2256.9M, current mem=2256.9M)
% Begin Save routing data ... (date=05/09 12:08:29, mem=2256.9M)
Saving route file ...
*** Completed saveRoute (cpu=0:00:00.0 real=0:00:00.0 mem=2216.2M) ***
% End Save routing data ... (date=05/09 12:08:29, total cpu=0:00:00.1, real=0:00:00.0, peak res=2256.9M, current mem=2254.0M)
Saving property file DBS/fp_power.invs.tmp/mgmt_core_wrapper.prop
*** Completed saveProperty (cpu=0:00:00.0 real=0:00:00.0 mem=2219.2M) ***
Saving preRoute extracted patterns in file 'DBS/fp_power.invs.tmp/mgmt_core_wrapper.techData.gz' ...
Saving preRoute extraction data in directory 'DBS/fp_power.invs.tmp/extraction/' ...
% Begin Save power constraints data ... (date=05/09 12:08:30, mem=2254.0M)
% End Save power constraints data ... (date=05/09 12:08:30, total cpu=0:00:00.0, real=0:00:00.0, peak res=2254.0M, current mem=2254.0M)
default_emulate_rc_corner
default_emulate_rc_corner
default_emulate_rc_corner
Generated self-contained design fp_power.invs.tmp
default_emulate_libset_max
default_emulate_rc_corner
default_emulate_constraint_mode
#% End save design ... (date=05/09 12:08:31, total cpu=0:00:02.3, real=0:00:05.0, peak res=2256.9M, current mem=2254.6M)
out_Apr13-18:47:39/mgmt_core_wrapper_m/cmn/mgmt_core_wrapper.mmmc/modes/default_emulate_constraint_mode/default_emulate_constraint_mode.sdc.gz
*** Message Summary: 0 warning(s), 0 error(s)

0
@innovus 158> gui_select -point {-39.57900 67.19700}
@innovus 159> set_db assign_pins_edit_in_batch true
@innovus 160> edit_pin -snap usergrid -fix_overlap 1 -unit micron -spread_direction clockwise -side Top -layer 4 -spread_type center -spacing 1 -pin {core_clk core_rstn debug_in debug_mode debug_oeb debug_out flash_clk flash_csb flash_io0_do flash_io0_oeb flash_io1_di flash_io1_do flash_io1_oeb flash_io2_do flash_io2_oeb flash_io3_do flash_io3_oeb gpio_in_pad gpio_inenb_pad gpio_mode0_pad gpio_mode1_pad gpio_out_pad gpio_outenb_pad hk_ack_i hk_cyc_o {hk_dat_i[0]} {hk_dat_i[1]} {hk_dat_i[2]} {hk_dat_i[3]} {hk_dat_i[4]} {hk_dat_i[5]} {hk_dat_i[6]} {hk_dat_i[7]} {hk_dat_i[8]} {hk_dat_i[9]} {hk_dat_i[10]} {hk_dat_i[11]} {hk_dat_i[12]} {hk_dat_i[13]} {hk_dat_i[14]} {hk_dat_i[15]} {hk_dat_i[16]} {hk_dat_i[17]} {hk_dat_i[18]} {hk_dat_i[19]} {hk_dat_i[20]} {hk_dat_i[21]} {hk_dat_i[22]} {hk_dat_i[23]} {hk_dat_i[24]} {hk_dat_i[25]} {hk_dat_i[26]} {hk_dat_i[27]} {hk_dat_i[28]} {hk_dat_i[29]} {hk_dat_i[30]} {hk_dat_i[31]} hk_stb_o {irq[0]} {irq[1]} {irq[2]} {irq[3]} {irq[4]} {irq[5]} {la_iena[0]} {la_iena[1]} {la_iena[2]} {la_iena[3]} {la_iena[4]} {la_iena[5]} {la_iena[6]} {la_iena[7]} {la_iena[8]} {la_iena[9]} {la_iena[10]} {la_iena[11]} {la_iena[12]} {la_iena[13]} {la_iena[14]} {la_iena[15]} {la_iena[16]} {la_iena[17]} {la_iena[18]} {la_iena[19]} {la_iena[20]} {la_iena[21]} {la_iena[22]} {la_iena[23]} {la_iena[24]} {la_iena[25]} {la_iena[26]} {la_iena[27]} {la_iena[28]} {la_iena[29]} {la_iena[30]} {la_iena[31]} {la_iena[32]} {la_iena[33]} {la_iena[34]} {la_iena[35]} {la_iena[36]} {la_iena[37]} {la_iena[38]} {la_iena[39]} {la_iena[40]} {la_iena[41]} {la_iena[42]} {la_iena[43]} {la_iena[44]} {la_iena[45]} {la_iena[46]} {la_iena[47]} {la_iena[48]} {la_iena[49]} {la_iena[50]} {la_iena[51]} {la_iena[52]} {la_iena[53]} {la_iena[54]} {la_iena[55]} {la_iena[56]} {la_iena[57]} {la_iena[58]} {la_iena[59]} {la_iena[60]} {la_iena[61]} {la_iena[62]} {la_iena[63]} {la_iena[64]} {la_iena[65]} {la_iena[66]} {la_iena[67]} {la_iena[68]} {la_iena[69]} {la_iena[70]} {la_iena[71]} {la_iena[72]} {la_iena[73]} {la_iena[74]} {la_iena[75]} {la_iena[76]} {la_iena[77]} {la_iena[78]} {la_iena[79]} {la_iena[80]} {la_iena[81]} {la_iena[82]} {la_iena[83]} {la_iena[84]} {la_iena[85]} {la_iena[86]} {la_iena[87]} {la_iena[88]} {la_iena[89]} {la_iena[90]} {la_iena[91]} {la_iena[92]} {la_iena[93]} {la_iena[94]} {la_iena[95]} {la_iena[96]} {la_iena[97]} {la_iena[98]} {la_iena[99]} {la_iena[100]} {la_iena[101]} {la_iena[102]} {la_iena[103]} {la_iena[104]} {la_iena[105]} {la_iena[106]} {la_iena[107]} {la_iena[108]} {la_iena[109]} {la_iena[110]} {la_iena[111]} {la_iena[112]} {la_iena[113]} {la_iena[114]} {la_iena[115]} {la_iena[116]} {la_iena[117]} {la_iena[118]} {la_iena[119]} {la_iena[120]} {la_iena[121]} {la_iena[122]} {la_iena[123]} {la_iena[124]} {la_iena[125]} {la_iena[126]} {la_iena[127]} {la_input[0]} {la_input[1]} {la_input[2]} {la_input[3]} {la_input[4]} {la_input[5]} {la_input[6]} {la_input[7]} {la_input[8]} {la_input[9]} {la_input[10]} {la_input[11]} {la_input[12]} {la_input[13]} {la_input[14]} {la_input[15]} {la_input[16]} {la_input[17]} {la_input[18]} {la_input[19]} {la_input[20]} {la_input[21]} {la_input[22]} {la_input[23]} {la_input[24]} {la_input[25]} {la_input[26]} {la_input[27]} {la_input[28]} {la_input[29]} {la_input[30]} {la_input[31]} {la_input[32]} {la_input[33]} {la_input[34]} {la_input[35]} {la_input[36]} {la_input[37]} {la_input[38]} {la_input[39]} {la_input[40]} {la_input[41]} {la_input[42]} {la_input[43]} {la_input[44]} {la_input[45]} {la_input[46]} {la_input[47]} {la_input[48]} {la_input[49]} {la_input[50]} {la_input[51]} {la_input[52]} {la_input[53]} {la_input[54]} {la_input[55]} {la_input[56]} {la_input[57]} {la_input[58]} {la_input[59]} {la_input[60]} {la_input[61]} {la_input[62]} {la_input[63]} {la_input[64]} {la_input[65]} {la_input[66]} {la_input[67]} {la_input[68]} {la_input[69]} {la_input[70]} {la_input[71]} {la_input[72]} {la_input[73]} {la_input[74]} {la_input[75]} {la_input[76]} {la_input[77]} {la_input[78]} {la_input[79]} {la_input[80]} {la_input[81]} {la_input[82]} {la_input[83]} {la_input[84]} {la_input[85]} {la_input[86]} {la_input[87]} {la_input[88]} {la_input[89]} {la_input[90]} {la_input[91]} {la_input[92]} {la_input[93]} {la_input[94]} {la_input[95]} {la_input[96]} {la_input[97]} {la_input[98]} {la_input[99]} {la_input[100]} {la_input[101]} {la_input[102]} {la_input[103]} {la_input[104]} {la_input[105]} {la_input[106]} {la_input[107]} {la_input[108]} {la_input[109]} {la_input[110]} {la_input[111]} {la_input[112]} {la_input[113]} {la_input[114]} {la_input[115]} {la_input[116]} {la_input[117]} {la_input[118]} {la_input[119]} {la_input[120]} {la_input[121]} {la_input[122]} {la_input[123]} {la_input[124]} {la_input[125]} {la_input[126]} {la_input[127]} {la_oenb[0]} {la_oenb[1]} {la_oenb[2]} {la_oenb[3]} {la_oenb[4]} {la_oenb[5]} {la_oenb[6]} {la_oenb[7]} {la_oenb[8]} {la_oenb[9]} {la_oenb[10]} {la_oenb[11]} {la_oenb[12]} {la_oenb[13]} {la_oenb[14]} {la_oenb[15]} {la_oenb[16]} {la_oenb[17]} {la_oenb[18]} {la_oenb[19]} {la_oenb[20]} {la_oenb[21]} {la_oenb[22]} {la_oenb[23]} {la_oenb[24]} {la_oenb[25]} {la_oenb[26]} {la_oenb[27]} {la_oenb[28]} {la_oenb[29]} {la_oenb[30]} {la_oenb[31]} {la_oenb[32]} {la_oenb[33]} {la_oenb[34]} {la_oenb[35]} {la_oenb[36]} {la_oenb[37]} {la_oenb[38]} {la_oenb[39]} {la_oenb[40]} {la_oenb[41]} {la_oenb[42]} {la_oenb[43]} {la_oenb[44]} {la_oenb[45]} {la_oenb[46]} {la_oenb[47]} {la_oenb[48]} {la_oenb[49]} {la_oenb[50]} {la_oenb[51]} {la_oenb[52]} {la_oenb[53]} {la_oenb[54]} {la_oenb[55]} {la_oenb[56]} {la_oenb[57]} {la_oenb[58]} {la_oenb[59]} {la_oenb[60]} {la_oenb[61]} {la_oenb[62]} {la_oenb[63]} {la_oenb[64]} {la_oenb[65]} {la_oenb[66]} {la_oenb[67]} {la_oenb[68]} {la_oenb[69]} {la_oenb[70]} {la_oenb[71]} {la_oenb[72]} {la_oenb[73]} {la_oenb[74]} {la_oenb[75]} {la_oenb[76]} {la_oenb[77]} {la_oenb[78]} {la_oenb[79]} {la_oenb[80]} {la_oenb[81]} {la_oenb[82]} {la_oenb[83]} {la_oenb[84]} {la_oenb[85]} {la_oenb[86]} {la_oenb[87]} {la_oenb[88]} {la_oenb[89]} {la_oenb[90]} {la_oenb[91]} {la_oenb[92]} {la_oenb[93]} {la_oenb[94]} {la_oenb[95]} {la_oenb[96]} {la_oenb[97]} {la_oenb[98]} {la_oenb[99]} {la_oenb[100]} {la_oenb[101]} {la_oenb[102]} {la_oenb[103]} {la_oenb[104]} {la_oenb[105]} {la_oenb[106]} {la_oenb[107]} {la_oenb[108]} {la_oenb[109]} {la_oenb[110]} {la_oenb[111]} {la_oenb[112]} {la_oenb[113]} {la_oenb[114]} {la_oenb[115]} {la_oenb[116]} {la_oenb[117]} {la_oenb[118]} {la_oenb[119]} {la_oenb[120]} {la_oenb[121]} {la_oenb[122]} {la_oenb[123]} {la_oenb[124]} {la_oenb[125]} {la_oenb[126]} {la_oenb[127]} {la_output[0]} {la_output[1]} {la_output[2]} {la_output[3]} {la_output[4]} {la_output[5]} {la_output[6]} {la_output[7]} {la_output[8]} {la_output[9]} {la_output[10]} {la_output[11]} {la_output[12]} {la_output[13]} {la_output[14]} {la_output[15]} {la_output[16]} {la_output[17]} {la_output[18]} {la_output[19]} {la_output[20]} {la_output[21]} {la_output[22]} {la_output[23]} {la_output[24]} {la_output[25]} {la_output[26]} {la_output[27]} {la_output[28]} {la_output[29]} {la_output[30]} {la_output[31]} {la_output[32]} {la_output[33]} {la_output[34]} {la_output[35]} {la_output[36]} {la_output[37]} {la_output[38]} {la_output[39]} {la_output[40]} {la_output[41]} {la_output[42]} {la_output[43]} {la_output[44]} {la_output[45]} {la_output[46]} {la_output[47]} {la_output[48]} {la_output[49]} {la_output[50]} {la_output[51]} {la_output[52]} {la_output[53]} {la_output[54]} {la_output[55]} {la_output[56]} {la_output[57]} {la_output[58]} {la_output[59]} {la_output[60]} {la_output[61]} {la_output[62]} {la_output[63]} {la_output[64]} {la_output[65]} {la_output[66]} {la_output[67]} {la_output[68]} {la_output[69]} {la_output[70]} {la_output[71]} {la_output[72]} {la_output[73]} {la_output[74]} {la_output[75]} {la_output[76]} {la_output[77]} {la_output[78]} {la_output[79]} {la_output[80]} {la_output[81]} {la_output[82]} {la_output[83]} {la_output[84]} {la_output[85]} {la_output[86]} {la_output[87]} {la_output[88]} {la_output[89]} {la_output[90]} {la_output[91]} {la_output[92]} {la_output[93]} {la_output[94]} {la_output[95]} {la_output[96]} {la_output[97]} {la_output[98]} {la_output[99]} {la_output[100]} {la_output[101]} {la_output[102]} {la_output[103]} {la_output[104]} {la_output[105]} {la_output[106]} {la_output[107]} {la_output[108]} {la_output[109]} {la_output[110]} {la_output[111]} {la_output[112]} {la_output[113]} {la_output[114]} {la_output[115]} {la_output[116]} {la_output[117]} {la_output[118]} {la_output[119]} {la_output[120]} {la_output[121]} {la_output[122]} {la_output[123]} {la_output[124]} {la_output[125]} {la_output[126]} {la_output[127]} mprj_ack_i {mprj_adr_o[0]} {mprj_adr_o[1]} {mprj_adr_o[2]} {mprj_adr_o[3]} {mprj_adr_o[4]} {mprj_adr_o[5]} {mprj_adr_o[6]} {mprj_adr_o[7]} {mprj_adr_o[8]} {mprj_adr_o[9]} {mprj_adr_o[10]} {mprj_adr_o[11]} {mprj_adr_o[12]} {mprj_adr_o[13]} {mprj_adr_o[14]} {mprj_adr_o[15]} {mprj_adr_o[16]} {mprj_adr_o[17]} {mprj_adr_o[18]} {mprj_adr_o[19]} {mprj_adr_o[20]} {mprj_adr_o[21]} {mprj_adr_o[22]} {mprj_adr_o[23]} {mprj_adr_o[24]} {mprj_adr_o[25]} {mprj_adr_o[26]} {mprj_adr_o[27]} {mprj_adr_o[28]} {mprj_adr_o[29]} {mprj_adr_o[30]} {mprj_adr_o[31]} mprj_cyc_o {mprj_dat_i[0]} {mprj_dat_i[1]} {mprj_dat_i[2]} {mprj_dat_i[3]} {mprj_dat_i[4]} {mprj_dat_i[5]} {mprj_dat_i[6]} {mprj_dat_i[7]} {mprj_dat_i[8]} {mprj_dat_i[9]} {mprj_dat_i[10]} {mprj_dat_i[11]} {mprj_dat_i[12]} {mprj_dat_i[13]} {mprj_dat_i[14]} {mprj_dat_i[15]} {mprj_dat_i[16]} {mprj_dat_i[17]} {mprj_dat_i[18]} {mprj_dat_i[19]} {mprj_dat_i[20]} {mprj_dat_i[21]} {mprj_dat_i[22]} {mprj_dat_i[23]} {mprj_dat_i[24]} {mprj_dat_i[25]} {mprj_dat_i[26]} {mprj_dat_i[27]} {mprj_dat_i[28]} {mprj_dat_i[29]} {mprj_dat_i[30]} {mprj_dat_i[31]} {mprj_dat_o[0]} {mprj_dat_o[1]} {mprj_dat_o[2]} {mprj_dat_o[3]} {mprj_dat_o[4]} {mprj_dat_o[5]} {mprj_dat_o[6]} {mprj_dat_o[7]} {mprj_dat_o[8]} {mprj_dat_o[9]} {mprj_dat_o[10]} {mprj_dat_o[11]} {mprj_dat_o[12]} {mprj_dat_o[13]} {mprj_dat_o[14]} {mprj_dat_o[15]} {mprj_dat_o[16]} {mprj_dat_o[17]} {mprj_dat_o[18]} {mprj_dat_o[19]} {mprj_dat_o[20]} {mprj_dat_o[21]} {mprj_dat_o[22]} {mprj_dat_o[23]} {mprj_dat_o[24]} {mprj_dat_o[25]} {mprj_dat_o[26]} {mprj_dat_o[27]} {mprj_dat_o[28]} {mprj_dat_o[29]} {mprj_dat_o[30]} {mprj_dat_o[31]} {mprj_sel_o[0]} {mprj_sel_o[1]} {mprj_sel_o[2]} {mprj_sel_o[3]} mprj_stb_o mprj_wb_iena mprj_we_o qspi_enabled ser_rx ser_tx spi_csb spi_enabled spi_sck spi_sdi spi_sdo spi_sdoenb trap uart_enabled {user_irq_ena[0]} {user_irq_ena[1]} {user_irq_ena[2]}}
Fixing pin overlap option is turned OFF. Automatic tool checks for overlap only for snap to TRACK.
Successfully spread [695] pins.
editPin : finished (cpu = 0:00:00.0 real = 0:00:00.0, mem = 2245.7M).
@innovus 161> set_db assign_pins_edit_in_batch false
@innovus 162> set_db assign_pins_edit_in_batch true
@innovus 163> edit_pin -pin_width 0.08 -pin_depth 0.25 -snap usergrid -fix_overlap 1 -unit micron -spread_direction clockwise -side Top -layer 4 -spread_type center -spacing 1.0 -pin {core_clk core_rstn debug_in debug_mode debug_oeb debug_out flash_clk flash_csb flash_io0_do flash_io0_oeb flash_io1_di flash_io1_do flash_io1_oeb flash_io2_do flash_io2_oeb flash_io3_do flash_io3_oeb gpio_in_pad gpio_inenb_pad gpio_mode0_pad gpio_mode1_pad gpio_out_pad gpio_outenb_pad hk_ack_i hk_cyc_o {hk_dat_i[0]} {hk_dat_i[1]} {hk_dat_i[2]} {hk_dat_i[3]} {hk_dat_i[4]} {hk_dat_i[5]} {hk_dat_i[6]} {hk_dat_i[7]} {hk_dat_i[8]} {hk_dat_i[9]} {hk_dat_i[10]} {hk_dat_i[11]} {hk_dat_i[12]} {hk_dat_i[13]} {hk_dat_i[14]} {hk_dat_i[15]} {hk_dat_i[16]} {hk_dat_i[17]} {hk_dat_i[18]} {hk_dat_i[19]} {hk_dat_i[20]} {hk_dat_i[21]} {hk_dat_i[22]} {hk_dat_i[23]} {hk_dat_i[24]} {hk_dat_i[25]} {hk_dat_i[26]} {hk_dat_i[27]} {hk_dat_i[28]} {hk_dat_i[29]} {hk_dat_i[30]} {hk_dat_i[31]} hk_stb_o {irq[0]} {irq[1]} {irq[2]} {irq[3]} {irq[4]} {irq[5]} {la_iena[0]} {la_iena[1]} {la_iena[2]} {la_iena[3]} {la_iena[4]} {la_iena[5]} {la_iena[6]} {la_iena[7]} {la_iena[8]} {la_iena[9]} {la_iena[10]} {la_iena[11]} {la_iena[12]} {la_iena[13]} {la_iena[14]} {la_iena[15]} {la_iena[16]} {la_iena[17]} {la_iena[18]} {la_iena[19]} {la_iena[20]} {la_iena[21]} {la_iena[22]} {la_iena[23]} {la_iena[24]} {la_iena[25]} {la_iena[26]} {la_iena[27]} {la_iena[28]} {la_iena[29]} {la_iena[30]} {la_iena[31]} {la_iena[32]} {la_iena[33]} {la_iena[34]} {la_iena[35]} {la_iena[36]} {la_iena[37]} {la_iena[38]} {la_iena[39]} {la_iena[40]} {la_iena[41]} {la_iena[42]} {la_iena[43]} {la_iena[44]} {la_iena[45]} {la_iena[46]} {la_iena[47]} {la_iena[48]} {la_iena[49]} {la_iena[50]} {la_iena[51]} {la_iena[52]} {la_iena[53]} {la_iena[54]} {la_iena[55]} {la_iena[56]} {la_iena[57]} {la_iena[58]} {la_iena[59]} {la_iena[60]} {la_iena[61]} {la_iena[62]} {la_iena[63]} {la_iena[64]} {la_iena[65]} {la_iena[66]} {la_iena[67]} {la_iena[68]} {la_iena[69]} {la_iena[70]} {la_iena[71]} {la_iena[72]} {la_iena[73]} {la_iena[74]} {la_iena[75]} {la_iena[76]} {la_iena[77]} {la_iena[78]} {la_iena[79]} {la_iena[80]} {la_iena[81]} {la_iena[82]} {la_iena[83]} {la_iena[84]} {la_iena[85]} {la_iena[86]} {la_iena[87]} {la_iena[88]} {la_iena[89]} {la_iena[90]} {la_iena[91]} {la_iena[92]} {la_iena[93]} {la_iena[94]} {la_iena[95]} {la_iena[96]} {la_iena[97]} {la_iena[98]} {la_iena[99]} {la_iena[100]} {la_iena[101]} {la_iena[102]} {la_iena[103]} {la_iena[104]} {la_iena[105]} {la_iena[106]} {la_iena[107]} {la_iena[108]} {la_iena[109]} {la_iena[110]} {la_iena[111]} {la_iena[112]} {la_iena[113]} {la_iena[114]} {la_iena[115]} {la_iena[116]} {la_iena[117]} {la_iena[118]} {la_iena[119]} {la_iena[120]} {la_iena[121]} {la_iena[122]} {la_iena[123]} {la_iena[124]} {la_iena[125]} {la_iena[126]} {la_iena[127]} {la_input[0]} {la_input[1]} {la_input[2]} {la_input[3]} {la_input[4]} {la_input[5]} {la_input[6]} {la_input[7]} {la_input[8]} {la_input[9]} {la_input[10]} {la_input[11]} {la_input[12]} {la_input[13]} {la_input[14]} {la_input[15]} {la_input[16]} {la_input[17]} {la_input[18]} {la_input[19]} {la_input[20]} {la_input[21]} {la_input[22]} {la_input[23]} {la_input[24]} {la_input[25]} {la_input[26]} {la_input[27]} {la_input[28]} {la_input[29]} {la_input[30]} {la_input[31]} {la_input[32]} {la_input[33]} {la_input[34]} {la_input[35]} {la_input[36]} {la_input[37]} {la_input[38]} {la_input[39]} {la_input[40]} {la_input[41]} {la_input[42]} {la_input[43]} {la_input[44]} {la_input[45]} {la_input[46]} {la_input[47]} {la_input[48]} {la_input[49]} {la_input[50]} {la_input[51]} {la_input[52]} {la_input[53]} {la_input[54]} {la_input[55]} {la_input[56]} {la_input[57]} {la_input[58]} {la_input[59]} {la_input[60]} {la_input[61]} {la_input[62]} {la_input[63]} {la_input[64]} {la_input[65]} {la_input[66]} {la_input[67]} {la_input[68]} {la_input[69]} {la_input[70]} {la_input[71]} {la_input[72]} {la_input[73]} {la_input[74]} {la_input[75]} {la_input[76]} {la_input[77]} {la_input[78]} {la_input[79]} {la_input[80]} {la_input[81]} {la_input[82]} {la_input[83]} {la_input[84]} {la_input[85]} {la_input[86]} {la_input[87]} {la_input[88]} {la_input[89]} {la_input[90]} {la_input[91]} {la_input[92]} {la_input[93]} {la_input[94]} {la_input[95]} {la_input[96]} {la_input[97]} {la_input[98]} {la_input[99]} {la_input[100]} {la_input[101]} {la_input[102]} {la_input[103]} {la_input[104]} {la_input[105]} {la_input[106]} {la_input[107]} {la_input[108]} {la_input[109]} {la_input[110]} {la_input[111]} {la_input[112]} {la_input[113]} {la_input[114]} {la_input[115]} {la_input[116]} {la_input[117]} {la_input[118]} {la_input[119]} {la_input[120]} {la_input[121]} {la_input[122]} {la_input[123]} {la_input[124]} {la_input[125]} {la_input[126]} {la_input[127]} {la_oenb[0]} {la_oenb[1]} {la_oenb[2]} {la_oenb[3]} {la_oenb[4]} {la_oenb[5]} {la_oenb[6]} {la_oenb[7]} {la_oenb[8]} {la_oenb[9]} {la_oenb[10]} {la_oenb[11]} {la_oenb[12]} {la_oenb[13]} {la_oenb[14]} {la_oenb[15]} {la_oenb[16]} {la_oenb[17]} {la_oenb[18]} {la_oenb[19]} {la_oenb[20]} {la_oenb[21]} {la_oenb[22]} {la_oenb[23]} {la_oenb[24]} {la_oenb[25]} {la_oenb[26]} {la_oenb[27]} {la_oenb[28]} {la_oenb[29]} {la_oenb[30]} {la_oenb[31]} {la_oenb[32]} {la_oenb[33]} {la_oenb[34]} {la_oenb[35]} {la_oenb[36]} {la_oenb[37]} {la_oenb[38]} {la_oenb[39]} {la_oenb[40]} {la_oenb[41]} {la_oenb[42]} {la_oenb[43]} {la_oenb[44]} {la_oenb[45]} {la_oenb[46]} {la_oenb[47]} {la_oenb[48]} {la_oenb[49]} {la_oenb[50]} {la_oenb[51]} {la_oenb[52]} {la_oenb[53]} {la_oenb[54]} {la_oenb[55]} {la_oenb[56]} {la_oenb[57]} {la_oenb[58]} {la_oenb[59]} {la_oenb[60]} {la_oenb[61]} {la_oenb[62]} {la_oenb[63]} {la_oenb[64]} {la_oenb[65]} {la_oenb[66]} {la_oenb[67]} {la_oenb[68]} {la_oenb[69]} {la_oenb[70]} {la_oenb[71]} {la_oenb[72]} {la_oenb[73]} {la_oenb[74]} {la_oenb[75]} {la_oenb[76]} {la_oenb[77]} {la_oenb[78]} {la_oenb[79]} {la_oenb[80]} {la_oenb[81]} {la_oenb[82]} {la_oenb[83]} {la_oenb[84]} {la_oenb[85]} {la_oenb[86]} {la_oenb[87]} {la_oenb[88]} {la_oenb[89]} {la_oenb[90]} {la_oenb[91]} {la_oenb[92]} {la_oenb[93]} {la_oenb[94]} {la_oenb[95]} {la_oenb[96]} {la_oenb[97]} {la_oenb[98]} {la_oenb[99]} {la_oenb[100]} {la_oenb[101]} {la_oenb[102]} {la_oenb[103]} {la_oenb[104]} {la_oenb[105]} {la_oenb[106]} {la_oenb[107]} {la_oenb[108]} {la_oenb[109]} {la_oenb[110]} {la_oenb[111]} {la_oenb[112]} {la_oenb[113]} {la_oenb[114]} {la_oenb[115]} {la_oenb[116]} {la_oenb[117]} {la_oenb[118]} {la_oenb[119]} {la_oenb[120]} {la_oenb[121]} {la_oenb[122]} {la_oenb[123]} {la_oenb[124]} {la_oenb[125]} {la_oenb[126]} {la_oenb[127]} {la_output[0]} {la_output[1]} {la_output[2]} {la_output[3]} {la_output[4]} {la_output[5]} {la_output[6]} {la_output[7]} {la_output[8]} {la_output[9]} {la_output[10]} {la_output[11]} {la_output[12]} {la_output[13]} {la_output[14]} {la_output[15]} {la_output[16]} {la_output[17]} {la_output[18]} {la_output[19]} {la_output[20]} {la_output[21]} {la_output[22]} {la_output[23]} {la_output[24]} {la_output[25]} {la_output[26]} {la_output[27]} {la_output[28]} {la_output[29]} {la_output[30]} {la_output[31]} {la_output[32]} {la_output[33]} {la_output[34]} {la_output[35]} {la_output[36]} {la_output[37]} {la_output[38]} {la_output[39]} {la_output[40]} {la_output[41]} {la_output[42]} {la_output[43]} {la_output[44]} {la_output[45]} {la_output[46]} {la_output[47]} {la_output[48]} {la_output[49]} {la_output[50]} {la_output[51]} {la_output[52]} {la_output[53]} {la_output[54]} {la_output[55]} {la_output[56]} {la_output[57]} {la_output[58]} {la_output[59]} {la_output[60]} {la_output[61]} {la_output[62]} {la_output[63]} {la_output[64]} {la_output[65]} {la_output[66]} {la_output[67]} {la_output[68]} {la_output[69]} {la_output[70]} {la_output[71]} {la_output[72]} {la_output[73]} {la_output[74]} {la_output[75]} {la_output[76]} {la_output[77]} {la_output[78]} {la_output[79]} {la_output[80]} {la_output[81]} {la_output[82]} {la_output[83]} {la_output[84]} {la_output[85]} {la_output[86]} {la_output[87]} {la_output[88]} {la_output[89]} {la_output[90]} {la_output[91]} {la_output[92]} {la_output[93]} {la_output[94]} {la_output[95]} {la_output[96]} {la_output[97]} {la_output[98]} {la_output[99]} {la_output[100]} {la_output[101]} {la_output[102]} {la_output[103]} {la_output[104]} {la_output[105]} {la_output[106]} {la_output[107]} {la_output[108]} {la_output[109]} {la_output[110]} {la_output[111]} {la_output[112]} {la_output[113]} {la_output[114]} {la_output[115]} {la_output[116]} {la_output[117]} {la_output[118]} {la_output[119]} {la_output[120]} {la_output[121]} {la_output[122]} {la_output[123]} {la_output[124]} {la_output[125]} {la_output[126]} {la_output[127]} mprj_ack_i {mprj_adr_o[0]} {mprj_adr_o[1]} {mprj_adr_o[2]} {mprj_adr_o[3]} {mprj_adr_o[4]} {mprj_adr_o[5]} {mprj_adr_o[6]} {mprj_adr_o[7]} {mprj_adr_o[8]} {mprj_adr_o[9]} {mprj_adr_o[10]} {mprj_adr_o[11]} {mprj_adr_o[12]} {mprj_adr_o[13]} {mprj_adr_o[14]} {mprj_adr_o[15]} {mprj_adr_o[16]} {mprj_adr_o[17]} {mprj_adr_o[18]} {mprj_adr_o[19]} {mprj_adr_o[20]} {mprj_adr_o[21]} {mprj_adr_o[22]} {mprj_adr_o[23]} {mprj_adr_o[24]} {mprj_adr_o[25]} {mprj_adr_o[26]} {mprj_adr_o[27]} {mprj_adr_o[28]} {mprj_adr_o[29]} {mprj_adr_o[30]} {mprj_adr_o[31]} mprj_cyc_o {mprj_dat_i[0]} {mprj_dat_i[1]} {mprj_dat_i[2]} {mprj_dat_i[3]} {mprj_dat_i[4]} {mprj_dat_i[5]} {mprj_dat_i[6]} {mprj_dat_i[7]} {mprj_dat_i[8]} {mprj_dat_i[9]} {mprj_dat_i[10]} {mprj_dat_i[11]} {mprj_dat_i[12]} {mprj_dat_i[13]} {mprj_dat_i[14]} {mprj_dat_i[15]} {mprj_dat_i[16]} {mprj_dat_i[17]} {mprj_dat_i[18]} {mprj_dat_i[19]} {mprj_dat_i[20]} {mprj_dat_i[21]} {mprj_dat_i[22]} {mprj_dat_i[23]} {mprj_dat_i[24]} {mprj_dat_i[25]} {mprj_dat_i[26]} {mprj_dat_i[27]} {mprj_dat_i[28]} {mprj_dat_i[29]} {mprj_dat_i[30]} {mprj_dat_i[31]} {mprj_dat_o[0]} {mprj_dat_o[1]} {mprj_dat_o[2]} {mprj_dat_o[3]} {mprj_dat_o[4]} {mprj_dat_o[5]} {mprj_dat_o[6]} {mprj_dat_o[7]} {mprj_dat_o[8]} {mprj_dat_o[9]} {mprj_dat_o[10]} {mprj_dat_o[11]} {mprj_dat_o[12]} {mprj_dat_o[13]} {mprj_dat_o[14]} {mprj_dat_o[15]} {mprj_dat_o[16]} {mprj_dat_o[17]} {mprj_dat_o[18]} {mprj_dat_o[19]} {mprj_dat_o[20]} {mprj_dat_o[21]} {mprj_dat_o[22]} {mprj_dat_o[23]} {mprj_dat_o[24]} {mprj_dat_o[25]} {mprj_dat_o[26]} {mprj_dat_o[27]} {mprj_dat_o[28]} {mprj_dat_o[29]} {mprj_dat_o[30]} {mprj_dat_o[31]} {mprj_sel_o[0]} {mprj_sel_o[1]} {mprj_sel_o[2]} {mprj_sel_o[3]} mprj_stb_o mprj_wb_iena mprj_we_o qspi_enabled ser_rx ser_tx spi_csb spi_enabled spi_sck spi_sdi spi_sdo spi_sdoenb trap uart_enabled {user_irq_ena[0]} {user_irq_ena[1]} {user_irq_ena[2]}}
Fixing pin overlap option is turned OFF. Automatic tool checks for overlap only for snap to TRACK.
Successfully spread [695] pins.
editPin : finished (cpu = 0:00:00.0 real = 0:00:00.0, mem = 2247.9M).
@innovus 164> set_db assign_pins_edit_in_batch false
@innovus 165> gui_select -rect {243.86900 506.51850 216.01850 493.94100}
@innovus 166> gui_select -point {237.13100 508.76450}
@innovus 167> write_db DBS/fp_final

#% Begin save design ... (date=05/09 12:15:37, mem=2260.7M)
% Begin Save ccopt configuration ... (date=05/09 12:15:37, mem=2260.7M)
% End Save ccopt configuration ... (date=05/09 12:15:37, total cpu=0:00:00.0, real=0:00:00.0, peak res=2260.7M, current mem=2260.7M)
% Begin Save netlist data ... (date=05/09 12:15:37, mem=2260.7M)
Writing Binary DB to DBS/fp_final/mgmt_core_wrapper.v.bin in single-threaded mode...
% End Save netlist data ... (date=05/09 12:15:37, total cpu=0:00:00.1, real=0:00:00.0, peak res=2260.7M, current mem=2260.7M)
Saving symbol-table file ...
Saving congestion map file DBS/fp_final/mgmt_core_wrapper.route.congmap.gz ...
% Begin Save AAE data ... (date=05/09 12:15:38, mem=2260.7M)
Saving AAE Data ...
% End Save AAE data ... (date=05/09 12:15:38, total cpu=0:00:00.0, real=0:00:00.0, peak res=2260.7M, current mem=2260.7M)
Saving preference file DBS/fp_final/gui.pref.tcl ...
Saving mode setting ...
Saving root attributes to be loaded post write_db ...
Saving global file ...
Saving root attributes to be loaded previous write_db ...
% Begin Save floorplan data ... (date=05/09 12:15:40, mem=2261.3M)
Saving floorplan file ...
% End Save floorplan data ... (date=05/09 12:15:40, total cpu=0:00:00.0, real=0:00:00.0, peak res=2261.3M, current mem=2261.3M)
Saving PG file DBS/fp_final/mgmt_core_wrapper.pg.gz, version#2, (Created by Innovus v22.33-s094_1 on Sat May  9 12:15:40 2026)
*** Completed savePGFile (cpu=0:00:00.0 real=0:00:00.0 mem=2223.4M) ***
Saving Drc markers ...
... No Drc file written since there is no markers found.
% Begin Save placement data ... (date=05/09 12:15:40, mem=2261.3M)
** Saving stdCellPlacement_binary (version# 2) ...
Save Adaptive View Pruning View Names to Binary file
% End Save placement data ... (date=05/09 12:15:40, total cpu=0:00:00.0, real=0:00:00.0, peak res=2261.3M, current mem=2261.3M)
% Begin Save routing data ... (date=05/09 12:15:40, mem=2261.3M)
Saving route file ...
*** Completed saveRoute (cpu=0:00:00.0 real=0:00:00.0 mem=2223.4M) ***
% End Save routing data ... (date=05/09 12:15:40, total cpu=0:00:00.1, real=0:00:00.0, peak res=2261.3M, current mem=2261.3M)
Saving property file DBS/fp_final/mgmt_core_wrapper.prop
*** Completed saveProperty (cpu=0:00:00.0 real=0:00:00.0 mem=2226.4M) ***
Saving preRoute extracted patterns in file 'DBS/fp_final/mgmt_core_wrapper.techData.gz' ...
Saving preRoute extraction data in directory 'DBS/fp_final/extraction/' ...
% Begin Save power constraints data ... (date=05/09 12:15:41, mem=2261.3M)
% End Save power constraints data ... (date=05/09 12:15:41, total cpu=0:00:00.0, real=0:00:00.0, peak res=2261.3M, current mem=2261.3M)
default_emulate_rc_corner
default_emulate_rc_corner
default_emulate_rc_corner
Generated self-contained design fp_final
default_emulate_libset_max
default_emulate_rc_corner
default_emulate_constraint_mode
#% End save design ... (date=05/09 12:15:42, total cpu=0:00:02.2, real=0:00:05.0, peak res=2261.5M, current mem=2261.5M)
out_Apr13-18:47:39/mgmt_core_wrapper_m/cmn/mgmt_core_wrapper.mmmc/modes/default_emulate_constraint_mode/default_emulate_constraint_mode.sdc.gz
*** Message Summary: 0 warning(s), 0 error(s)

0
@innovus 168> set_db place_global_place_io_pins FALSE

1 false
@innovus 169> set_db design_top_routing_layer 4

1 4
@innovus 170> gui_select -point {697.11600 516.85050}
@innovus 171> set_db place_design_floorplan_mode false
@innovus 172> place_design 
*** placeDesign #1 [begin] : totSession cpu/real = 0:10:46.4/1:22:52.3 (0.1), mem = 2241.3M
**ERROR: (IMPSP-9099):	Scan chains exist in this design but are not defined for 20.24% flops. Placement and timing QoR can be severely impacted in this case!
It is highly recommend to define scan chains either through input scan def (preferred) or create_scan_chain.
*** Starting place_design default flow ***
*** Start delete_buffer_trees ***
**WARN: (IMPCTE-337):	An unsupported Liberty attribute: max_clock_tree_path - was found on pin clk_i of cell: scm_128x32 in library: scm_128x32. This attribute is not supported by timing analysis and will be ignored. Type 'man IMPCTE-337' for more detailed information.
Type 'man IMPCTE-337' for more detail.
Info: Detect buffers to remove automatically.
Analyzing netlist ...
Updating netlist

*summary: 33 instances (buffers/inverters) removed
*** Finish delete_buffer_trees (0:00:01.3) ***
**INFO: Enable pre-place timing setting for timing analysis
Set Using Default Delay Limit as 101.
**WARN: (IMPDC-1629):	The default delay limit was set to 101. This is less than the default of 1000 and may result in inaccurate delay calculation for nets with a fanout higher than the setting.  If needed, the default delay limit may be adjusted by running the command 'set delaycal_use_default_delay_limit'.
Set Default Net Delay as 0 ps.
Set Default Net Load as 0 pF. 
Set Default Input Pin Transition as 1 ps.
**INFO: Analyzing IO path groups for slack adjustment
Effort level <high> specified for reg2reg_tmp.6365 path_group
AAE_INFO: opIsDesignInPostRouteState() is 0
AAE DB initialization (MEM=2264.16 CPU=0:00:00.0 REAL=0:00:00.0) 
#################################################################################
# Design Stage: PreRoute
# Design Name: mgmt_core_wrapper
# Design Mode: 45nm
# Analysis Mode: MMMC Non-OCV 
# Parasitics Mode: No SPEF/RCDB 
# Signoff Settings: SI Off 
#################################################################################
Calculate delays in Single mode...
Start delay calculation (fullDC) (1 T). (MEM=2275.67)
siFlow : Timing analysis mode is single, using late cdB files
Total number of fetched objects 12824
AAE_INFO: Total number of nets for which stage creation was skipped for all views 0
End delay calculation. (MEM=2397.69 CPU=0:00:01.1 REAL=0:00:01.0)
End delay calculation (fullDC). (MEM=2397.69 CPU=0:00:01.4 REAL=0:00:01.0)
**INFO: Disable pre-place timing setting for timing analysis
Set Using Default Delay Limit as 1000.
Set Default Net Delay as 1000 ps.
Set Default Input Pin Transition as 0.1 ps.
Set Default Net Load as 0.5 pF. 
**INFO: Pre-place timing setting for timing analysis already disabled
Deleted 0 physical inst  (cell - / prefix -).
INFO: #ExclusiveGroups=0
INFO: There are no Exclusive Groups.
*** Starting "NanoPlace(TM) placement v#7 (mem=2380.2M)" ...
Estimated loop count for BSM: 30016
*** Build Buffered Sizing Timing Model
(cpu=0:00:00.6 mem=2388.2M) ***
*** Build Virtual Sizing Timing Model
(cpu=0:00:00.7 mem=2388.2M) ***
No user-set net weight.
Net fanout histogram:
2		: 7641 (59.7%) nets
3		: 1874 (14.6%) nets
4     -	14	: 2944 (23.0%) nets
15    -	39	: 332 (2.6%) nets
40    -	79	: 14 (0.1%) nets
80    -	159	: 1 (0.0%) nets
160   -	319	: 1 (0.0%) nets
320   -	639	: 0 (0.0%) nets
640   -	1279	: 0 (0.0%) nets
1280  -	2559	: 0 (0.0%) nets
2560  -	5119	: 1 (0.0%) nets
5120+		: 0 (0.0%) nets
Options: timingDriven clkGateAware ignoreScan pinGuide congEffort=auto gpeffort=medium 
Scan chains were not defined.
#std cell=12031 (0 fixed + 12031 movable) #buf cell=0 #inv cell=652 #block=3 (0 floating + 3 preplaced)
#ioInst=0 #net=12808 #term=50018 #term/net=3.91, #fixedIo=0, #floatIo=0, #fixedPin=0, #floatPin=685
stdCell: 12031 single + 0 double + 0 multi
Total standard cell length = 23.8662 (mm), area = 0.0408 (mm^2)
Estimated cell power/ground rail width = 0.160 um
Average module density = 0.272.
Density for the design = 0.272.
       = stdcell_area 119331 sites (40811 um^2) / alloc_area 439229 sites (150216 um^2).
Pin Density = 0.04755.
            = total # of pins 50018 / total area 1052000.
=== lastAutoLevel = 9 
Clock gating cells determined by native netlist tracing.
Iteration  1: Total net bbox = 3.109e+05 (1.93e+05 1.18e+05)
              Est.  stn bbox = 3.496e+05 (2.20e+05 1.29e+05)
              cpu = 0:00:00.2 real = 0:00:00.0 mem = 2585.6M
Iteration  2: Total net bbox = 3.109e+05 (1.93e+05 1.18e+05)
              Est.  stn bbox = 3.496e+05 (2.20e+05 1.29e+05)
              cpu = 0:00:00.0 real = 0:00:00.0 mem = 2585.6M
Iteration  3: Total net bbox = 2.425e+05 (1.80e+05 6.26e+04)
              Est.  stn bbox = 2.888e+05 (2.14e+05 7.45e+04)
              cpu = 0:00:01.8 real = 0:00:02.0 mem = 2626.7M
Active setup views:
    default_emulate_view
Iteration  4: Total net bbox = 2.455e+05 (1.77e+05 6.81e+04)
              Est.  stn bbox = 2.928e+05 (2.12e+05 8.12e+04)
              cpu = 0:00:01.1 real = 0:00:01.0 mem = 2626.7M
Iteration  5: Total net bbox = 3.090e+05 (2.35e+05 7.44e+04)
              Est.  stn bbox = 3.755e+05 (2.85e+05 9.08e+04)
              cpu = 0:00:02.4 real = 0:00:03.0 mem = 2626.7M
Iteration  6: Total net bbox = 3.477e+05 (2.40e+05 1.07e+05)
              Est.  stn bbox = 4.229e+05 (2.90e+05 1.33e+05)
              cpu = 0:00:04.5 real = 0:00:05.0 mem = 2648.3M

Iteration  7: Total net bbox = 3.530e+05 (2.45e+05 1.08e+05)
              Est.  stn bbox = 4.289e+05 (2.95e+05 1.34e+05)
              cpu = 0:00:00.0 real = 0:00:00.0 mem = 2648.3M
Iteration  8: Total net bbox = 3.530e+05 (2.45e+05 1.08e+05)
              Est.  stn bbox = 4.289e+05 (2.95e+05 1.34e+05)
              cpu = 0:00:04.2 real = 0:00:04.0 mem = 2648.3M
[NR-eGR] Started Early Global Route kernel ( Curr Mem: 2.52 MB )
Iteration  9: Total net bbox = 3.515e+05 (2.34e+05 1.17e+05)
              Est.  stn bbox = 4.325e+05 (2.86e+05 1.47e+05)
              cpu = 0:00:05.9 real = 0:00:07.0 mem = 2643.9M
Iteration 10: Total net bbox = 3.515e+05 (2.34e+05 1.17e+05)
              Est.  stn bbox = 4.325e+05 (2.86e+05 1.47e+05)
              cpu = 0:00:04.2 real = 0:00:04.0 mem = 2643.9M
MH packer: No MH instances from GP
Iteration 11: Total net bbox = 3.710e+05 (2.52e+05 1.19e+05)
              Est.  stn bbox = 4.573e+05 (3.09e+05 1.48e+05)
              cpu = 0:00:13.3 real = 0:00:15.0 mem = 2644.4M
Iteration 12: Total net bbox = 3.710e+05 (2.52e+05 1.19e+05)
              Est.  stn bbox = 4.573e+05 (3.09e+05 1.48e+05)
              cpu = 0:00:04.2 real = 0:00:04.0 mem = 2644.4M
MH packer: No MH instances from GP
Iteration 13: Total net bbox = 3.835e+05 (2.63e+05 1.20e+05)
              Est.  stn bbox = 4.710e+05 (3.21e+05 1.50e+05)
              cpu = 0:00:20.9 real = 0:00:22.0 mem = 2658.6M
Iteration 14: Total net bbox = 3.835e+05 (2.63e+05 1.20e+05)
              Est.  stn bbox = 4.710e+05 (3.21e+05 1.50e+05)
              cpu = 0:00:00.0 real = 0:00:00.0 mem = 2658.6M
MH packer: No MH instances from GP
Iteration 15: Total net bbox = 3.895e+05 (2.66e+05 1.23e+05)
              Est.  stn bbox = 4.767e+05 (3.24e+05 1.52e+05)
              cpu = 0:00:11.2 real = 0:00:13.0 mem = 2679.7M
Iteration 16: Total net bbox = 3.895e+05 (2.66e+05 1.23e+05)
              Est.  stn bbox = 4.767e+05 (3.24e+05 1.52e+05)
              cpu = 0:00:04.2 real = 0:00:04.0 mem = 2679.7M
MH packer: No MH instances from GP
Iteration 17: Total net bbox = 3.920e+05 (2.68e+05 1.24e+05)
              Est.  stn bbox = 4.788e+05 (3.25e+05 1.54e+05)
              cpu = 0:00:03.4 real = 0:00:04.0 mem = 2679.7M
Iteration 18: Total net bbox = 3.920e+05 (2.68e+05 1.24e+05)
              Est.  stn bbox = 4.788e+05 (3.25e+05 1.54e+05)
              cpu = 0:00:00.0 real = 0:00:00.0 mem = 2679.7M
*** cost = 3.920e+05 (2.68e+05 1.24e+05) (cpu for global=0:01:23) real=0:01:30***
Info: 0 clock gating cells identified, 0 (on average) moved 0/10
Solver runtime cpu: 0:00:58.1 real: 0:01:04
Core Placement runtime cpu: 0:01:03 real: 0:01:11
Begin: Reorder Scan Chains
**WARN: (IMPSP-9025):	No scan chain specified/traced.
Type 'man IMPSP-9025' for more detail.
End: Reorder Scan Chains
*** Starting place_detail (0:12:18 mem=2679.7M) ***
Total net bbox length = 3.920e+05 (2.676e+05 1.244e+05) (ext = 6.635e+04)
Move report: Detail placement moves 12030 insts, mean move: 0.73 um, max move: 32.22 um 
	Max move on inst (core_g160966): (457.00, 471.83) --> (462.00, 444.60)
	Runtime: CPU: 0:00:02.8 REAL: 0:00:03.0 MEM: 2657.7MB
Summary Report:
Instances move: 12030 (out of 12031 movable)
Instances flipped: 1
Mean displacement: 0.73 um
Max displacement: 32.22 um (Instance: core_g160966) (457.002, 471.826) -> (462, 444.6)
	Length: 4 sites, height: 1 rows, site name: CoreSite, cell type: INVX3
Total net bbox length = 3.918e+05 (2.671e+05 1.247e+05) (ext = 6.638e+04)
Runtime: CPU: 0:00:02.8 REAL: 0:00:03.0 MEM: 2657.7MB
*** Finished place_detail (0:12:20 mem=2657.7M) ***
*** End of Placement (cpu=0:01:29, real=0:01:36, mem=2635.7M) ***
default core: bins with density > 0.750 = 56.90 % ( 722 / 1269 )
Density distribution unevenness ratio = 24.025%
*** Free Virtual Timing Model ...(mem=2635.7M)
UM:   flow.cputime  flow.realtime  timing.setup.tns  timing.setup.wns  snapshot
UM:*                                                                   final
      flow.cputime  flow.realtime  timing.setup.tns  timing.setup.wns  snapshot
UM:*                                                                   global_place
**INFO: Enable pre-place timing setting for timing analysis
Set Using Default Delay Limit as 101.
**WARN: (IMPDC-1629):	The default delay limit was set to 101. This is less than the default of 1000 and may result in inaccurate delay calculation for nets with a fanout higher than the setting.  If needed, the default delay limit may be adjusted by running the command 'set delaycal_use_default_delay_limit'.
Set Default Net Delay as 0 ps.
Set Default Net Load as 0 pF. 
**INFO: Analyzing IO path groups for slack adjustment
Effort level <high> specified for reg2reg_tmp.6365 path_group
AAE_INFO: opIsDesignInPostRouteState() is 0
#################################################################################
# Design Stage: PreRoute
# Design Name: mgmt_core_wrapper
# Design Mode: 45nm
# Analysis Mode: MMMC Non-OCV 
# Parasitics Mode: No SPEF/RCDB 
# Signoff Settings: SI Off 
#################################################################################
Calculate delays in Single mode...
Start delay calculation (fullDC) (1 T). (MEM=2638.23)
Total number of fetched objects 12824
AAE_INFO: Total number of nets for which stage creation was skipped for all views 0
End delay calculation. (MEM=2695.93 CPU=0:00:01.1 REAL=0:00:01.0)
End delay calculation (fullDC). (MEM=2695.93 CPU=0:00:01.4 REAL=0:00:01.0)
**INFO: Disable pre-place timing setting for timing analysis
Set Using Default Delay Limit as 1000.
Set Default Net Delay as 1000 ps.
Set Default Net Load as 0.5 pF. 
Info: Disable timing driven in postCTS congRepair.

Starting congRepair ...
[NR-eGR] Track table information for default rule: 
[NR-eGR] Metal1 has single uniform track structure
[NR-eGR] Metal2 has single uniform track structure
[NR-eGR] Metal3 has single uniform track structure
[NR-eGR] Metal4 has single uniform track structure
[NR-eGR] Metal5 has single uniform track structure
[NR-eGR] Metal6 has single uniform track structure
[NR-eGR] Metal7 has single uniform track structure
[NR-eGR] Metal8 has single uniform track structure
[NR-eGR] Metal9 has single uniform track structure
[NR-eGR] Metal10 has single uniform track structure
[NR-eGR] Metal11 has single uniform track structure
[NR-eGR] Read 1920 PG shapes
[NR-eGR] Read 0 clock shapes
[NR-eGR] Read 0 other shapes
[NR-eGR] #Routing Blockages  : 0
[NR-eGR] #Instance Blockages : 240
[NR-eGR] #PG Blockages       : 1920
[NR-eGR] #Halo Blockages     : 0
[NR-eGR] #Boundary Blockages : 0
[NR-eGR] #Clock Blockages    : 0
[NR-eGR] #Other Blockages    : 0
[NR-eGR] Early global route reroute all routable nets
[NR-eGR] Num Prerouted Nets = 0  Num Prerouted Wires = 0
[NR-eGR] Read 12808 nets ( ignored 0 )
[NR-eGR] There are 1 clock nets ( 0 with NDR ).
[NR-eGR] ============ Routing rule table ============
[NR-eGR] Rule id: 0  Nets: 12808
[NR-eGR] ========================================
[NR-eGR] 
[NR-eGR] Layer group 1: route 12808 net(s) in layer range [2, 4]
[NR-eGR] Early Global Route overflow of layer group 1: 0.33% H + 0.00% V. EstWL: 4.580851e+05um
[NR-eGR] Congestion Analysis By layer: (blocked Gcells are excluded) 
[NR-eGR]                        OverCon           OverCon            
[NR-eGR]                         #Gcell            #Gcell     %Gcell
[NR-eGR]        Layer             (1-2)               (3)    OverCon
[NR-eGR] ---------------------------------------------------------------
[NR-eGR]  Metal1 ( 1)         0( 0.00%)         0( 0.00%)   ( 0.00%) 
[NR-eGR]  Metal2 ( 2)         1( 0.00%)         0( 0.00%)   ( 0.00%) 
[NR-eGR]  Metal3 ( 3)       241( 0.33%)         2( 0.00%)   ( 0.33%) 
[NR-eGR]  Metal4 ( 4)         0( 0.00%)         0( 0.00%)   ( 0.00%) 
[NR-eGR] ---------------------------------------------------------------
[NR-eGR]        Total       242( 0.08%)         2( 0.00%)   ( 0.08%) 
[NR-eGR] 
[NR-eGR] Overflow after Early Global Route 0.33% H + 0.00% V
[NR-eGR] Finished Early Global Route kernel ( CPU: 0.66 sec, Real: 0.80 sec, Curr Mem: 2.52 MB )
Early Global Route congestion estimation runtime: 0.81 seconds, mem = 2635.9M
Local HotSpot Analysis: normalized max congestion hotspot area = 0.00, normalized total congestion hotspot area = 0.00 (area is in unit of 4 std-cell row bins)
Skipped repairing congestion.
[NR-eGR] Connected 0 must-join pins/ports (post-process)
[NR-eGR] Total eGR-routed clock nets wire length: 13968um, number of vias: 10658
[NR-eGR] --------------------------------------------------------------------------
[NR-eGR]                  Length (um)    Vias 
[NR-eGR] -------------------------------------
[NR-eGR]  Metal1   (1H)             0   49111 
[NR-eGR]  Metal2   (2V)        106279   75133 
[NR-eGR]  Metal3   (3H)        291668    4911 
[NR-eGR]  Metal4   (4V)         73766       0 
[NR-eGR]  Metal5   (5H)             0       0 
[NR-eGR]  Metal6   (6V)             0       0 
[NR-eGR]  Metal7   (7H)             0       0 
[NR-eGR]  Metal8   (8V)             0       0 
[NR-eGR]  Metal9   (9H)             0       0 
[NR-eGR]  Metal10  (10V)            0       0 
[NR-eGR]  Metal11  (11H)            0       0 
[NR-eGR] -------------------------------------
[NR-eGR]           Total       471712  129155 
[NR-eGR] --------------------------------------------------------------------------
[NR-eGR] Total half perimeter of net bounding box: 391792um
[NR-eGR] Total length: 471712um, number of vias: 129155
[NR-eGR] --------------------------------------------------------------------------
Early Global Route wiring runtime: 0.51 seconds, mem = 2655.2M
Tdgp not enabled or already been cleared! skip clearing
End of congRepair (cpu=0:00:01.2, real=0:00:01.0)
*** Finishing place_design default flow ***
**ERROR: (IMPSP-9099):	Scan chains exist in this design but are not defined for 20.24% flops. Placement and timing QoR can be severely impacted in this case!
It is highly recommend to define scan chains either through input scan def (preferred) or create_scan_chain.
***** Total cpu  0:1:38
***** Total real time  0:1:46
**place_design ... cpu = 0: 1:38, real = 0: 1:46, mem = 2646.2M **
Tdgp not enabled or already been cleared! skip clearing

*** Summary of all messages that are not suppressed in this session:
Severity  ID               Count  Summary                                  
WARNING   IMPDC-1629           2  The default delay limit was set to %d. T...
WARNING   IMPSP-9025           1  No scan chain specified/traced.          
ERROR     IMPSP-9099           2  Scan chains exist in this design but are...
WARNING   IMPCTE-337           1  An unsupported Liberty attribute: max_cl...
*** Message Summary: 4 warning(s), 2 error(s)

      flow.cputime  flow.realtime  timing.setup.tns  timing.setup.wns  snapshot
UM:*                                                                   final
UM: Running design category ...
      flow.cputime  flow.realtime  timing.setup.tns  timing.setup.wns  snapshot
UM:         746.01           5083                                      place_design
*** placeDesign #1 [finish] : cpu/real = 0:01:39.7/0:01:47.9 (0.9), totSession cpu/real = 0:12:26.0/1:24:40.2 (0.1), mem = 2654.2M
@innovus 173> gui_select -point {205.68650 376.24950}
@innovus 174> gui_select -point {226.35000 397.81100}
@innovus 175> set_layer_preference node_net -is_visible 0
@innovus 176> set_layer_preference node_net -is_visible 1
@innovus 177> set_layer_preference node_net -is_visible 0
@innovus 178> set_layer_preference node_net -is_visible 1
@innovus 179> set_layer_preference node_net -is_visible 0
@innovus 180> set_layer_preference routeCongest -is_visible 1
@innovus 181> gui_select -toggle -point {483.01600 368.51050}
@innovus 182> set_db design_top_routing_layer 6

1 6
@innovus 183> place_design

*** placeDesign #2 [begin] : totSession cpu/real = 0:13:20.3/1:31:07.3 (0.1), mem = 2722.2M
**ERROR: (IMPSP-9099):	Scan chains exist in this design but are not defined for 20.24% flops. Placement and timing QoR can be severely impacted in this case!
It is highly recommend to define scan chains either through input scan def (preferred) or create_scan_chain.
*** Starting place_design default flow ***
*** Start delete_buffer_trees ***
Info: Detect buffers to remove automatically.
Analyzing netlist ...
Updating netlist

*summary: 0 instances (buffers/inverters) removed
*** Finish delete_buffer_trees (0:00:00.7) ***
**INFO: Enable pre-place timing setting for timing analysis
Set Using Default Delay Limit as 101.
**WARN: (IMPDC-1629):	The default delay limit was set to 101. This is less than the default of 1000 and may result in inaccurate delay calculation for nets with a fanout higher than the setting.  If needed, the default delay limit may be adjusted by running the command 'set delaycal_use_default_delay_limit'.
Set Default Net Delay as 0 ps.
Set Default Net Load as 0 pF. 
**INFO: Analyzing IO path groups for slack adjustment
Effort level <high> specified for reg2reg_tmp.6365 path_group
AAE_INFO: opIsDesignInPostRouteState() is 0
#################################################################################
# Design Stage: PreRoute
# Design Name: mgmt_core_wrapper
# Design Mode: 45nm
# Analysis Mode: MMMC Non-OCV 
# Parasitics Mode: No SPEF/RCDB 
# Signoff Settings: SI Off 
#################################################################################
Calculate delays in Single mode...
Start delay calculation (fullDC) (1 T). (MEM=2722.7)
Total number of fetched objects 12824
AAE_INFO: Total number of nets for which stage creation was skipped for all views 0
End delay calculation. (MEM=2772.39 CPU=0:00:01.1 REAL=0:00:01.0)
End delay calculation (fullDC). (MEM=2772.39 CPU=0:00:01.4 REAL=0:00:01.0)
**INFO: Disable pre-place timing setting for timing analysis
Set Using Default Delay Limit as 1000.
Set Default Net Delay as 1000 ps.
Set Default Net Load as 0.5 pF. 
**INFO: Pre-place timing setting for timing analysis already disabled
Deleted 0 physical inst  (cell - / prefix -).
INFO: #ExclusiveGroups=0
INFO: There are no Exclusive Groups.
*** Starting "NanoPlace(TM) placement v#7 (mem=2762.9M)" ...
Estimated loop count for BSM: 30016
*** Build Buffered Sizing Timing Model
(cpu=0:00:00.6 mem=2762.9M) ***
*** Build Virtual Sizing Timing Model
(cpu=0:00:00.7 mem=2762.9M) ***
No user-set net weight.
Net fanout histogram:
2		: 7641 (59.7%) nets
3		: 1874 (14.6%) nets
4     -	14	: 2944 (23.0%) nets
15    -	39	: 332 (2.6%) nets
40    -	79	: 14 (0.1%) nets
80    -	159	: 1 (0.0%) nets
160   -	319	: 1 (0.0%) nets
320   -	639	: 0 (0.0%) nets
640   -	1279	: 0 (0.0%) nets
1280  -	2559	: 0 (0.0%) nets
2560  -	5119	: 1 (0.0%) nets
5120+		: 0 (0.0%) nets
Options: timingDriven clkGateAware ignoreScan pinGuide congEffort=auto gpeffort=medium 
Scan chains were not defined.
#std cell=12031 (0 fixed + 12031 movable) #buf cell=0 #inv cell=652 #block=3 (0 floating + 3 preplaced)
#ioInst=0 #net=12808 #term=50018 #term/net=3.91, #fixedIo=0, #floatIo=0, #fixedPin=0, #floatPin=685
stdCell: 12031 single + 0 double + 0 multi
Total standard cell length = 23.8662 (mm), area = 0.0408 (mm^2)
Average module density = 0.272.
Density for the design = 0.272.
       = stdcell_area 119331 sites (40811 um^2) / alloc_area 439229 sites (150216 um^2).
Pin Density = 0.04755.
            = total # of pins 50018 / total area 1052000.
=== lastAutoLevel = 9 
Clock gating cells determined by native netlist tracing.
Iteration  1: Total net bbox = 3.109e+05 (1.93e+05 1.18e+05)
              Est.  stn bbox = 3.496e+05 (2.20e+05 1.29e+05)
              cpu = 0:00:00.1 real = 0:00:00.0 mem = 2723.4M
Iteration  2: Total net bbox = 3.109e+05 (1.93e+05 1.18e+05)
              Est.  stn bbox = 3.496e+05 (2.20e+05 1.29e+05)
              cpu = 0:00:00.0 real = 0:00:00.0 mem = 2723.4M
Iteration  3: Total net bbox = 2.425e+05 (1.80e+05 6.26e+04)
              Est.  stn bbox = 2.888e+05 (2.14e+05 7.45e+04)
              cpu = 0:00:01.1 real = 0:00:01.0 mem = 2762.5M
Active setup views:
    default_emulate_view
Iteration  4: Total net bbox = 2.455e+05 (1.77e+05 6.81e+04)
              Est.  stn bbox = 2.928e+05 (2.12e+05 8.12e+04)
              cpu = 0:00:01.1 real = 0:00:02.0 mem = 2763.5M
Iteration  5: Total net bbox = 3.090e+05 (2.35e+05 7.44e+04)
              Est.  stn bbox = 3.755e+05 (2.85e+05 9.08e+04)
              cpu = 0:00:02.4 real = 0:00:02.0 mem = 2763.5M
Iteration  6: Total net bbox = 3.477e+05 (2.40e+05 1.07e+05)
              Est.  stn bbox = 4.229e+05 (2.90e+05 1.33e+05)
              cpu = 0:00:04.1 real = 0:00:04.0 mem = 2786.1M

Iteration  7: Total net bbox = 3.530e+05 (2.45e+05 1.08e+05)
              Est.  stn bbox = 4.289e+05 (2.95e+05 1.34e+05)
              cpu = 0:00:00.0 real = 0:00:00.0 mem = 2786.1M
Iteration  8: Total net bbox = 3.530e+05 (2.45e+05 1.08e+05)
              Est.  stn bbox = 4.289e+05 (2.95e+05 1.34e+05)
              cpu = 0:00:02.5 real = 0:00:03.0 mem = 2786.1M
[NR-eGR] Started Early Global Route kernel ( Curr Mem: 2.66 MB )
Iteration  9: Total net bbox = 3.515e+05 (2.34e+05 1.17e+05)
              Est.  stn bbox = 4.325e+05 (2.86e+05 1.47e+05)
              cpu = 0:00:03.6 real = 0:00:04.0 mem = 2777.9M
Iteration 10: Total net bbox = 3.515e+05 (2.34e+05 1.17e+05)
              Est.  stn bbox = 4.325e+05 (2.86e+05 1.47e+05)
              cpu = 0:00:02.5 real = 0:00:02.0 mem = 2777.9M
MH packer: No MH instances from GP
Iteration 11: Total net bbox = 3.555e+05 (2.36e+05 1.20e+05)
              Est.  stn bbox = 4.392e+05 (2.88e+05 1.51e+05)
              cpu = 0:00:02.9 real = 0:00:03.0 mem = 2780.3M
Iteration 12: Total net bbox = 3.555e+05 (2.36e+05 1.20e+05)
              Est.  stn bbox = 4.392e+05 (2.88e+05 1.51e+05)
              cpu = 0:00:02.5 real = 0:00:03.0 mem = 2780.3M
MH packer: No MH instances from GP
Iteration 13: Total net bbox = 3.603e+05 (2.40e+05 1.21e+05)
              Est.  stn bbox = 4.445e+05 (2.92e+05 1.52e+05)
              cpu = 0:00:07.0 real = 0:00:07.0 mem = 2786.9M
Iteration 14: Total net bbox = 3.603e+05 (2.40e+05 1.21e+05)
              Est.  stn bbox = 4.445e+05 (2.92e+05 1.52e+05)
              cpu = 0:00:00.0 real = 0:00:00.0 mem = 2786.9M
MH packer: No MH instances from GP
Iteration 15: Total net bbox = 3.645e+05 (2.42e+05 1.23e+05)
              Est.  stn bbox = 4.482e+05 (2.94e+05 1.54e+05)
              cpu = 0:00:04.5 real = 0:00:05.0 mem = 2803.6M
Iteration 16: Total net bbox = 3.645e+05 (2.42e+05 1.23e+05)
              Est.  stn bbox = 4.482e+05 (2.94e+05 1.54e+05)
              cpu = 0:00:04.2 real = 0:00:04.0 mem = 2803.6M
MH packer: No MH instances from GP
Iteration 17: Total net bbox = 3.691e+05 (2.44e+05 1.25e+05)
              Est.  stn bbox = 4.525e+05 (2.96e+05 1.56e+05)
              cpu = 0:00:03.0 real = 0:00:03.0 mem = 2803.6M
Iteration 18: Total net bbox = 3.691e+05 (2.44e+05 1.25e+05)
              Est.  stn bbox = 4.525e+05 (2.96e+05 1.56e+05)
              cpu = 0:00:00.0 real = 0:00:00.0 mem = 2803.6M
*** cost = 3.691e+05 (2.44e+05 1.25e+05) (cpu for global=0:00:42.4) real=0:00:44.0***
Info: 0 clock gating cells identified, 0 (on average) moved 0/10
Solver runtime cpu: 0:00:24.8 real: 0:00:26.1
Core Placement runtime cpu: 0:00:28.5 real: 0:00:29.0
Begin: Reorder Scan Chains
**WARN: (IMPSP-9025):	No scan chain specified/traced.
Type 'man IMPSP-9025' for more detail.
End: Reorder Scan Chains
*** Starting place_detail (0:14:09 mem=2803.6M) ***
Total net bbox length = 3.691e+05 (2.442e+05 1.248e+05) (ext = 6.324e+04)
Move report: Detail placement moves 12031 insts, mean move: 0.72 um, max move: 20.05 um 
	Max move on inst (core_g248486): (416.97, 427.48) --> (437.00, 427.50)
	Runtime: CPU: 0:00:03.0 REAL: 0:00:03.0 MEM: 2780.7MB
Summary Report:
Instances move: 12031 (out of 12031 movable)
Instances flipped: 0
Mean displacement: 0.72 um
Max displacement: 20.05 um (Instance: core_g248486) (416.967, 427.481) -> (437, 427.5)
	Length: 2 sites, height: 1 rows, site name: CoreSite, cell type: INVX1
Total net bbox length = 3.683e+05 (2.433e+05 1.250e+05) (ext = 6.324e+04)
Runtime: CPU: 0:00:03.1 REAL: 0:00:03.0 MEM: 2780.7MB
*** Finished place_detail (0:14:12 mem=2780.7M) ***
*** End of Placement (cpu=0:00:48.4, real=0:00:50.0, mem=2760.7M) ***
default core: bins with density > 0.750 = 54.53 % ( 692 / 1269 )
Density distribution unevenness ratio = 23.678%
*** Free Virtual Timing Model ...(mem=2760.7M)
      flow.cputime  flow.realtime  timing.setup.tns  timing.setup.wns  snapshot
UM:*                                                                   final
      flow.cputime  flow.realtime  timing.setup.tns  timing.setup.wns  snapshot
UM:*                                                                   global_place
**INFO: Enable pre-place timing setting for timing analysis
Set Using Default Delay Limit as 101.
**WARN: (IMPDC-1629):	The default delay limit was set to 101. This is less than the default of 1000 and may result in inaccurate delay calculation for nets with a fanout higher than the setting.  If needed, the default delay limit may be adjusted by running the command 'set delaycal_use_default_delay_limit'.
Set Default Net Delay as 0 ps.
Set Default Net Load as 0 pF. 
**INFO: Analyzing IO path groups for slack adjustment
Effort level <high> specified for reg2reg_tmp.6365 path_group
AAE_INFO: opIsDesignInPostRouteState() is 0
#################################################################################
# Design Stage: PreRoute
# Design Name: mgmt_core_wrapper
# Design Mode: 45nm
# Analysis Mode: MMMC Non-OCV 
# Parasitics Mode: No SPEF/RCDB 
# Signoff Settings: SI Off 
#################################################################################
Calculate delays in Single mode...
Start delay calculation (fullDC) (1 T). (MEM=2763.23)
Total number of fetched objects 12824
AAE_INFO: Total number of nets for which stage creation was skipped for all views 0
End delay calculation. (MEM=2820.93 CPU=0:00:01.1 REAL=0:00:01.0)
End delay calculation (fullDC). (MEM=2820.93 CPU=0:00:01.4 REAL=0:00:01.0)
**INFO: Disable pre-place timing setting for timing analysis
Set Using Default Delay Limit as 1000.
Set Default Net Delay as 1000 ps.
Set Default Net Load as 0.5 pF. 
Info: Disable timing driven in postCTS congRepair.

Starting congRepair ...
[NR-eGR] Track table information for default rule: 
[NR-eGR] Metal1 has single uniform track structure
[NR-eGR] Metal2 has single uniform track structure
[NR-eGR] Metal3 has single uniform track structure
[NR-eGR] Metal4 has single uniform track structure
[NR-eGR] Metal5 has single uniform track structure
[NR-eGR] Metal6 has single uniform track structure
[NR-eGR] Metal7 has single uniform track structure
[NR-eGR] Metal8 has single uniform track structure
[NR-eGR] Metal9 has single uniform track structure
[NR-eGR] Metal10 has single uniform track structure
[NR-eGR] Metal11 has single uniform track structure
[NR-eGR] Read 3276 PG shapes
[NR-eGR] Read 0 clock shapes
[NR-eGR] Read 0 other shapes
[NR-eGR] #Routing Blockages  : 0
[NR-eGR] #Instance Blockages : 252
[NR-eGR] #PG Blockages       : 3276
[NR-eGR] #Halo Blockages     : 0
[NR-eGR] #Boundary Blockages : 0
[NR-eGR] #Clock Blockages    : 0
[NR-eGR] #Other Blockages    : 0
[NR-eGR] Early global route reroute all routable nets
[NR-eGR] Num Prerouted Nets = 0  Num Prerouted Wires = 0
[NR-eGR] Read 12808 nets ( ignored 0 )
[NR-eGR] There are 1 clock nets ( 0 with NDR ).
[NR-eGR] ============ Routing rule table ============
[NR-eGR] Rule id: 0  Nets: 12808
[NR-eGR] ========================================
[NR-eGR] 
[NR-eGR] Layer group 1: route 12808 net(s) in layer range [2, 6]
[NR-eGR] Early Global Route overflow of layer group 1: 0.00% H + 0.00% V. EstWL: 4.349436e+05um
[NR-eGR] Congestion Analysis By layer: (blocked Gcells are excluded) 
[NR-eGR]                        OverCon            
[NR-eGR]                         #Gcell     %Gcell
[NR-eGR]        Layer             (1-2)    OverCon
[NR-eGR] ----------------------------------------------
[NR-eGR]  Metal1 ( 1)         0( 0.00%)   ( 0.00%) 
[NR-eGR]  Metal2 ( 2)         0( 0.00%)   ( 0.00%) 
[NR-eGR]  Metal3 ( 3)        35( 0.05%)   ( 0.05%) 
[NR-eGR]  Metal4 ( 4)         0( 0.00%)   ( 0.00%) 
[NR-eGR]  Metal5 ( 5)         0( 0.00%)   ( 0.00%) 
[NR-eGR]  Metal6 ( 6)         0( 0.00%)   ( 0.00%) 
[NR-eGR] ----------------------------------------------
[NR-eGR]        Total        35( 0.01%)   ( 0.01%) 
[NR-eGR] 
[NR-eGR] Overflow after Early Global Route 0.00% H + 0.00% V
[NR-eGR] Finished Early Global Route kernel ( CPU: 0.69 sec, Real: 0.79 sec, Curr Mem: 2.62 MB )
Early Global Route congestion estimation runtime: 0.80 seconds, mem = 2758.9M
Local HotSpot Analysis: normalized max congestion hotspot area = 0.00, normalized total congestion hotspot area = 0.00 (area is in unit of 4 std-cell row bins)
Skipped repairing congestion.
[NR-eGR] Connected 0 must-join pins/ports (post-process)
[NR-eGR] Total eGR-routed clock nets wire length: 13634um, number of vias: 10460
[NR-eGR] --------------------------------------------------------------------------
[NR-eGR]                  Length (um)    Vias 
[NR-eGR] -------------------------------------
[NR-eGR]  Metal1   (1H)             0   49111 
[NR-eGR]  Metal2   (2V)        100528   75088 
[NR-eGR]  Metal3   (3H)        165532    5316 
[NR-eGR]  Metal4   (4V)         74392    2232 
[NR-eGR]  Metal5   (5H)        105332      27 
[NR-eGR]  Metal6   (6V)           372       0 
[NR-eGR]  Metal7   (7H)             0       0 
[NR-eGR]  Metal8   (8V)             0       0 
[NR-eGR]  Metal9   (9H)             0       0 
[NR-eGR]  Metal10  (10V)            0       0 
[NR-eGR]  Metal11  (11H)            0       0 
[NR-eGR] -------------------------------------
[NR-eGR]           Total       446157  131774 
[NR-eGR] --------------------------------------------------------------------------
[NR-eGR] Total half perimeter of net bounding box: 368346um
[NR-eGR] Total length: 446157um, number of vias: 131774
[NR-eGR] --------------------------------------------------------------------------
Early Global Route wiring runtime: 0.45 seconds, mem = 2778.3M
Tdgp not enabled or already been cleared! skip clearing
End of congRepair (cpu=0:00:01.2, real=0:00:01.0)
*** Finishing place_design default flow ***
**ERROR: (IMPSP-9099):	Scan chains exist in this design but are not defined for 20.24% flops. Placement and timing QoR can be severely impacted in this case!
It is highly recommend to define scan chains either through input scan def (preferred) or create_scan_chain.
***** Total cpu  0:0:56
***** Total real time  0:0:58
**place_design ... cpu = 0: 0:56, real = 0: 0:58, mem = 2769.3M **
Tdgp not enabled or already been cleared! skip clearing

*** Summary of all messages that are not suppressed in this session:
Severity  ID               Count  Summary                                  
WARNING   IMPDC-1629           2  The default delay limit was set to %d. T...
WARNING   IMPSP-9025           1  No scan chain specified/traced.          
ERROR     IMPSP-9099           2  Scan chains exist in this design but are...
*** Message Summary: 3 warning(s), 2 error(s)

      flow.cputime  flow.realtime  timing.setup.tns  timing.setup.wns  snapshot
UM:*                                                                   final
UM: Running design category ...
      flow.cputime  flow.realtime  timing.setup.tns  timing.setup.wns  snapshot
UM:         111.89            447                                      place_design
*** placeDesign #2 [finish] : cpu/real = 0:00:57.6/0:00:59.7 (1.0), totSession cpu/real = 0:14:17.9/1:32:07.0 (0.2), mem = 2777.3M
0
@innovus 184> gui_select -point {492.92250 389.78700}
@innovus 185> write_db DBS/placed

#% Begin save design ... (date=05/09 12:27:37, mem=2552.2M)
% Begin Save ccopt configuration ... (date=05/09 12:27:37, mem=2552.2M)
% End Save ccopt configuration ... (date=05/09 12:27:37, total cpu=0:00:00.0, real=0:00:00.0, peak res=2552.4M, current mem=2552.4M)
% Begin Save netlist data ... (date=05/09 12:27:37, mem=2552.4M)
Writing Binary DB to DBS/placed/mgmt_core_wrapper.v.bin in single-threaded mode...
% End Save netlist data ... (date=05/09 12:27:37, total cpu=0:00:00.1, real=0:00:00.0, peak res=2552.4M, current mem=2552.4M)
Saving symbol-table file ...
Saving congestion map file DBS/placed/mgmt_core_wrapper.route.congmap.gz ...
% Begin Save AAE data ... (date=05/09 12:27:38, mem=2552.6M)
Saving AAE Data ...
% End Save AAE data ... (date=05/09 12:27:39, total cpu=0:00:00.0, real=0:00:01.0, peak res=2552.6M, current mem=2552.6M)
Saving preference file DBS/placed/gui.pref.tcl ...
Saving mode setting ...
Saving root attributes to be loaded post write_db ...
Saving global file ...
Saving root attributes to be loaded previous write_db ...
% Begin Save floorplan data ... (date=05/09 12:27:41, mem=2553.0M)
Saving floorplan file ...
% End Save floorplan data ... (date=05/09 12:27:41, total cpu=0:00:00.1, real=0:00:00.0, peak res=2553.0M, current mem=2553.0M)
Saving PG file DBS/placed/mgmt_core_wrapper.pg.gz, version#2, (Created by Innovus v22.33-s094_1 on Sat May  9 12:27:41 2026)
*** Completed savePGFile (cpu=0:00:00.0 real=0:00:01.0 mem=2778.8M) ***
Saving Drc markers ...
... No Drc file written since there is no markers found.
% Begin Save placement data ... (date=05/09 12:27:42, mem=2553.0M)
** Saving stdCellPlacement_binary (version# 2) ...
Save Adaptive View Pruning View Names to Binary file
% End Save placement data ... (date=05/09 12:27:42, total cpu=0:00:00.0, real=0:00:00.0, peak res=2553.2M, current mem=2553.2M)
% Begin Save routing data ... (date=05/09 12:27:42, mem=2553.2M)
Saving route file ...
*** Completed saveRoute (cpu=0:00:00.1 real=0:00:00.0 mem=2778.8M) ***
% End Save routing data ... (date=05/09 12:27:42, total cpu=0:00:00.1, real=0:00:00.0, peak res=2553.6M, current mem=2553.6M)
Saving property file DBS/placed/mgmt_core_wrapper.prop
*** Completed saveProperty (cpu=0:00:00.0 real=0:00:00.0 mem=2781.8M) ***
Saving preRoute extracted patterns in file 'DBS/placed/mgmt_core_wrapper.techData.gz' ...
Saving preRoute extraction data in directory 'DBS/placed/extraction/' ...
% Begin Save power constraints data ... (date=05/09 12:27:42, mem=2554.7M)
% End Save power constraints data ... (date=05/09 12:27:42, total cpu=0:00:00.0, real=0:00:00.0, peak res=2554.7M, current mem=2554.7M)
default_emulate_rc_corner
default_emulate_rc_corner
default_emulate_rc_corner
Generated self-contained design placed
default_emulate_libset_max
default_emulate_rc_corner
default_emulate_constraint_mode
#% End save design ... (date=05/09 12:27:44, total cpu=0:00:02.5, real=0:00:07.0, peak res=2554.7M, current mem=2554.3M)
out_Apr13-18:47:39/mgmt_core_wrapper_m/cmn/mgmt_core_wrapper.mmmc/modes/default_emulate_constraint_mode/default_emulate_constraint_mode.sdc.gz
*** Message Summary: 0 warning(s), 0 error(s)

0
@innovus 186> gui_select -point {878.59450 446.32550}
@innovus 187> set_layer_preference node_net -is_visible 1
@innovus 188> The X11 connection broke (error 1). Did the X11 server die?
