============================================================
  Generated by:           Genus(TM) Synthesis Solution 22.13-s093_1
  Generated on:           Apr 13 2026  07:17:48 pm
  Module:                 picorv32
  Operating conditions:   PVT_1P1V_0C 
  Interconnect mode:      global
  Area mode:              physical library
============================================================


Path 1: MET (2699 ps) Setup Check with Pin reg_op1_reg[29]/CK->D
          Group: I2C
     Startpoint: (R) mem_ready
          Clock: (R) myclock
       Endpoint: (R) reg_op1_reg[29]/D
          Clock: (R) myclock

                     Capture       Launch     
        Clock Edge:+    4000            0     
        Drv Adjust:+       0            0     
       Src Latency:+       0            0     
       Net Latency:+       0 (I)        0 (I) 
           Arrival:=    4000            0     
                                              
             Setup:-      25                  
       Uncertainty:-      20                  
     Required Time:=    3955                  
      Launch Clock:-       0                  
       Input Delay:-     100                  
         Data Path:-    1156                  
             Slack:=    2699                  

Exceptions/Constraints:
  input_delay             100             picorv32.sdc_line_18_1_1 

#-------------------------------------------------------------------------------------------
#   Timing Point    Flags    Arc   Edge   Cell     Fanout Load Trans Delay Arrival Instance 
#                                                         (fF)  (ps)  (ps)   (ps)  Location 
#-------------------------------------------------------------------------------------------
  mem_ready         -       -      R     (arrival)      2  7.8    15     0     100    (-,-) 
  g93634/Y          -       A->Y   F     NAND2X8       37 63.0   136    78     178    (-,-) 
  g93530/Y          -       A->Y   R     INVX1          9 16.7   137   108     285    (-,-) 
  g93027/Y          -       B0->Y  F     OAI211X1       1  2.7    74    90     375    (-,-) 
  g92697/Y          -       A1N->Y F     OAI2BB1X1      6 10.5   133   100     474    (-,-) 
  g92535/Y          -       B->Y   R     NAND2X1        2  4.2    55    60     535    (-,-) 
  g92409/Y          -       C->Y   F     NAND3BXL       2  4.4   140    99     634    (-,-) 
  g92369/Y          -       B->Y   R     NOR2X1         3  6.0   100    94     728    (-,-) 
  g92290/Y          -       B->Y   F     NOR2X1         2  4.3    49    51     780    (-,-) 
  g92257/Y          -       B0->Y  F     OA21X4        35 56.0   114    92     871    (-,-) 
  g92251/Y          -       A->Y   R     INVX1          3  6.2    64    61     932    (-,-) 
  g92222/Y          -       D->Y   R     AND4X4        31 53.1   110   131    1063    (-,-) 
  g90942/Y          -       A1->Y  F     AOI222X1       1  2.8    79    80    1144    (-,-) 
  g90936/Y          -       C0->Y  R     OAI221X1       1  2.9    70    40    1184    (-,-) 
  g90891/Y          -       C0->Y  F     AOI221X1       1  2.8    68    37    1221    (-,-) 
  g90874/Y          -       B->Y   R     NAND2X1        1  2.7    33    35    1256    (-,-) 
  reg_op1_reg[29]/D -       -      R     DFFX4          1    -     -     0    1256    (-,-) 
#-------------------------------------------------------------------------------------------



Path 2: MET (2707 ps) Setup Check with Pin reg_op1_reg[30]/CK->D
          Group: I2C
     Startpoint: (R) mem_ready
          Clock: (R) myclock
       Endpoint: (R) reg_op1_reg[30]/D
          Clock: (R) myclock

                     Capture       Launch     
        Clock Edge:+    4000            0     
        Drv Adjust:+       0            0     
       Src Latency:+       0            0     
       Net Latency:+       0 (I)        0 (I) 
           Arrival:=    4000            0     
                                              
             Setup:-      25                  
       Uncertainty:-      20                  
     Required Time:=    3955                  
      Launch Clock:-       0                  
       Input Delay:-     100                  
         Data Path:-    1148                  
             Slack:=    2707                  

Exceptions/Constraints:
  input_delay             100             picorv32.sdc_line_18_1_1 

#-------------------------------------------------------------------------------------------
#   Timing Point    Flags    Arc   Edge   Cell     Fanout Load Trans Delay Arrival Instance 
#                                                         (fF)  (ps)  (ps)   (ps)  Location 
#-------------------------------------------------------------------------------------------
  mem_ready         -       -      R     (arrival)      2  7.8    15     0     100    (-,-) 
  g93634/Y          -       A->Y   F     NAND2X8       37 63.0   136    78     178    (-,-) 
  g93530/Y          -       A->Y   R     INVX1          9 16.7   137   108     285    (-,-) 
  g93027/Y          -       B0->Y  F     OAI211X1       1  2.7    74    90     375    (-,-) 
  g92697/Y          -       A1N->Y F     OAI2BB1X1      6 10.5   133   100     474    (-,-) 
  g92535/Y          -       B->Y   R     NAND2X1        2  4.2    55    60     535    (-,-) 
  g92409/Y          -       C->Y   F     NAND3BXL       2  4.4   140    99     634    (-,-) 
  g92369/Y          -       B->Y   R     NOR2X1         3  6.0   100    94     728    (-,-) 
  g92290/Y          -       B->Y   F     NOR2X1         2  4.3    49    51     780    (-,-) 
  g92257/Y          -       B0->Y  F     OA21X4        35 56.0   114    92     871    (-,-) 
  g92251/Y          -       A->Y   R     INVX1          3  6.2    64    61     932    (-,-) 
  g92222/Y          -       D->Y   R     AND4X4        31 53.1   110   131    1063    (-,-) 
  g90943/Y          -       B1->Y  F     AOI222X1       1  2.8    78    73    1136    (-,-) 
  g90922/Y          -       C0->Y  R     OAI221X1       1  2.9    70    40    1176    (-,-) 
  g90890/Y          -       C0->Y  F     AOI221X1       1  2.8    68    37    1213    (-,-) 
  g90873/Y          -       B->Y   R     NAND2X1        1  2.7    33    35    1248    (-,-) 
  reg_op1_reg[30]/D -       -      R     DFFX4          1    -     -     0    1248    (-,-) 
#-------------------------------------------------------------------------------------------



Path 3: MET (2707 ps) Setup Check with Pin reg_op1_reg[28]/CK->D
          Group: I2C
     Startpoint: (R) mem_ready
          Clock: (R) myclock
       Endpoint: (R) reg_op1_reg[28]/D
          Clock: (R) myclock

                     Capture       Launch     
        Clock Edge:+    4000            0     
        Drv Adjust:+       0            0     
       Src Latency:+       0            0     
       Net Latency:+       0 (I)        0 (I) 
           Arrival:=    4000            0     
                                              
             Setup:-      25                  
       Uncertainty:-      20                  
     Required Time:=    3955                  
      Launch Clock:-       0                  
       Input Delay:-     100                  
         Data Path:-    1148                  
             Slack:=    2707                  

Exceptions/Constraints:
  input_delay             100             picorv32.sdc_line_18_1_1 

#-------------------------------------------------------------------------------------------
#   Timing Point    Flags    Arc   Edge   Cell     Fanout Load Trans Delay Arrival Instance 
#                                                         (fF)  (ps)  (ps)   (ps)  Location 
#-------------------------------------------------------------------------------------------
  mem_ready         -       -      R     (arrival)      2  7.8    15     0     100    (-,-) 
  g93634/Y          -       A->Y   F     NAND2X8       37 63.0   136    78     178    (-,-) 
  g93530/Y          -       A->Y   R     INVX1          9 16.7   137   108     285    (-,-) 
  g93027/Y          -       B0->Y  F     OAI211X1       1  2.7    74    90     375    (-,-) 
  g92697/Y          -       A1N->Y F     OAI2BB1X1      6 10.5   133   100     474    (-,-) 
  g92535/Y          -       B->Y   R     NAND2X1        2  4.2    55    60     535    (-,-) 
  g92409/Y          -       C->Y   F     NAND3BXL       2  4.4   140    99     634    (-,-) 
  g92369/Y          -       B->Y   R     NOR2X1         3  6.0   100    94     728    (-,-) 
  g92290/Y          -       B->Y   F     NOR2X1         2  4.3    49    51     780    (-,-) 
  g92257/Y          -       B0->Y  F     OA21X4        35 56.0   114    92     871    (-,-) 
  g92251/Y          -       A->Y   R     INVX1          3  6.2    64    61     932    (-,-) 
  g92222/Y          -       D->Y   R     AND4X4        31 53.1   110   131    1063    (-,-) 
  g90941/Y          -       B1->Y  F     AOI222X1       1  2.8    78    73    1136    (-,-) 
  g90935/Y          -       C0->Y  R     OAI221X1       1  2.9    70    40    1176    (-,-) 
  g90892/Y          -       C0->Y  F     AOI221X1       1  2.8    68    37    1213    (-,-) 
  g90871/Y          -       B->Y   R     NAND2X1        1  2.7    33    35    1248    (-,-) 
  reg_op1_reg[28]/D -       -      R     DFFX4          1    -     -     0    1248    (-,-) 
#-------------------------------------------------------------------------------------------



Path 4: MET (2768 ps) Setup Check with Pin reg_op1_reg[1]/CK->D
          Group: I2C
     Startpoint: (R) mem_ready
          Clock: (R) myclock
       Endpoint: (R) reg_op1_reg[1]/D
          Clock: (R) myclock

                     Capture       Launch     
        Clock Edge:+    4000            0     
        Drv Adjust:+       0            0     
       Src Latency:+       0            0     
       Net Latency:+       0 (I)        0 (I) 
           Arrival:=    4000            0     
                                              
             Setup:-      30                  
       Uncertainty:-      20                  
     Required Time:=    3950                  
      Launch Clock:-       0                  
       Input Delay:-     100                  
         Data Path:-    1082                  
             Slack:=    2768                  

Exceptions/Constraints:
  input_delay             100             picorv32.sdc_line_18_1_1 

#------------------------------------------------------------------------------------------
#  Timing Point    Flags    Arc   Edge   Cell     Fanout Load Trans Delay Arrival Instance 
#                                                        (fF)  (ps)  (ps)   (ps)  Location 
#------------------------------------------------------------------------------------------
  mem_ready        -       -      R     (arrival)      2  7.8    15     0     100    (-,-) 
  g93634/Y         -       A->Y   F     NAND2X8       37 63.0   136    78     178    (-,-) 
  g93530/Y         -       A->Y   R     INVX1          9 16.7   137   108     285    (-,-) 
  g93027/Y         -       B0->Y  F     OAI211X1       1  2.7    74    90     375    (-,-) 
  g92697/Y         -       A1N->Y F     OAI2BB1X1      6 10.5   133   100     474    (-,-) 
  g92535/Y         -       B->Y   R     NAND2X1        2  4.2    55    60     535    (-,-) 
  g92409/Y         -       C->Y   F     NAND3BXL       2  4.4   140    99     634    (-,-) 
  g92369/Y         -       B->Y   R     NOR2X1         3  6.0   100    94     728    (-,-) 
  g92290/Y         -       B->Y   F     NOR2X1         2  4.3    49    51     780    (-,-) 
  g92257/Y         -       B0->Y  F     OA21X4        35 56.0   114    92     871    (-,-) 
  g92220/Y         -       B->Y   R     NOR2X1         3  6.2    99    88     959    (-,-) 
  g92143/Y         -       B->Y   R     AND2X4        28 48.0    93   102    1060    (-,-) 
  g90949/Y         -       A1->Y  F     AOI222X1       1  2.6    74    73    1134    (-,-) 
  g90908/Y         -       D->Y   R     NAND4XL        1  2.8    50    48    1182    (-,-) 
  reg_op1_reg[1]/D -       -      R     DFFHQX8        1    -     -     0    1182    (-,-) 
#------------------------------------------------------------------------------------------



Path 5: MET (2769 ps) Setup Check with Pin reg_op1_reg[25]/CK->D
          Group: I2C
     Startpoint: (R) mem_ready
          Clock: (R) myclock
       Endpoint: (R) reg_op1_reg[25]/D
          Clock: (R) myclock

                     Capture       Launch     
        Clock Edge:+    4000            0     
        Drv Adjust:+       0            0     
       Src Latency:+       0            0     
       Net Latency:+       0 (I)        0 (I) 
           Arrival:=    4000            0     
                                              
             Setup:-      28                  
       Uncertainty:-      20                  
     Required Time:=    3952                  
      Launch Clock:-       0                  
       Input Delay:-     100                  
         Data Path:-    1083                  
             Slack:=    2769                  

Exceptions/Constraints:
  input_delay             100             picorv32.sdc_line_18_1_1 

#-------------------------------------------------------------------------------------------
#   Timing Point    Flags    Arc   Edge   Cell     Fanout Load Trans Delay Arrival Instance 
#                                                         (fF)  (ps)  (ps)   (ps)  Location 
#-------------------------------------------------------------------------------------------
  mem_ready         -       -      R     (arrival)      2  7.8    15     0     100    (-,-) 
  g93634/Y          -       A->Y   F     NAND2X8       37 63.0   136    78     178    (-,-) 
  g93530/Y          -       A->Y   R     INVX1          9 16.7   137   108     285    (-,-) 
  g93027/Y          -       B0->Y  F     OAI211X1       1  2.7    74    90     375    (-,-) 
  g92697/Y          -       A1N->Y F     OAI2BB1X1      6 10.5   133   100     474    (-,-) 
  g92535/Y          -       B->Y   R     NAND2X1        2  4.2    55    60     535    (-,-) 
  g92409/Y          -       C->Y   F     NAND3BXL       2  4.4   140    99     634    (-,-) 
  g92369/Y          -       B->Y   R     NOR2X1         3  6.0   100    94     728    (-,-) 
  g92290/Y          -       B->Y   F     NOR2X1         2  4.3    49    51     780    (-,-) 
  g92257/Y          -       B0->Y  F     OA21X4        35 56.0   114    92     871    (-,-) 
  g92251/Y          -       A->Y   R     INVX1          3  6.2    64    61     932    (-,-) 
  g92222/Y          -       D->Y   R     AND4X4        31 53.1   110   131    1063    (-,-) 
  g91506/Y          -       A1->Y  F     AOI22X1        1  2.7    66    71    1134    (-,-) 
  g90912/Y          -       A->Y   R     NAND4XL        1  2.7    50    48    1183    (-,-) 
  reg_op1_reg[25]/D -       -      R     DFFQX4         1    -     -     0    1183    (-,-) 
#-------------------------------------------------------------------------------------------



Path 6: MET (2769 ps) Setup Check with Pin reg_op1_reg[24]/CK->D
          Group: I2C
     Startpoint: (R) mem_ready
          Clock: (R) myclock
       Endpoint: (R) reg_op1_reg[24]/D
          Clock: (R) myclock

                     Capture       Launch     
        Clock Edge:+    4000            0     
        Drv Adjust:+       0            0     
       Src Latency:+       0            0     
       Net Latency:+       0 (I)        0 (I) 
           Arrival:=    4000            0     
                                              
             Setup:-      28                  
       Uncertainty:-      20                  
     Required Time:=    3952                  
      Launch Clock:-       0                  
       Input Delay:-     100                  
         Data Path:-    1083                  
             Slack:=    2769                  

Exceptions/Constraints:
  input_delay             100             picorv32.sdc_line_18_1_1 

#-------------------------------------------------------------------------------------------
#   Timing Point    Flags    Arc   Edge   Cell     Fanout Load Trans Delay Arrival Instance 
#                                                         (fF)  (ps)  (ps)   (ps)  Location 
#-------------------------------------------------------------------------------------------
  mem_ready         -       -      R     (arrival)      2  7.8    15     0     100    (-,-) 
  g93634/Y          -       A->Y   F     NAND2X8       37 63.0   136    78     178    (-,-) 
  g93530/Y          -       A->Y   R     INVX1          9 16.7   137   108     285    (-,-) 
  g93027/Y          -       B0->Y  F     OAI211X1       1  2.7    74    90     375    (-,-) 
  g92697/Y          -       A1N->Y F     OAI2BB1X1      6 10.5   133   100     474    (-,-) 
  g92535/Y          -       B->Y   R     NAND2X1        2  4.2    55    60     535    (-,-) 
  g92409/Y          -       C->Y   F     NAND3BXL       2  4.4   140    99     634    (-,-) 
  g92369/Y          -       B->Y   R     NOR2X1         3  6.0   100    94     728    (-,-) 
  g92290/Y          -       B->Y   F     NOR2X1         2  4.3    49    51     780    (-,-) 
  g92257/Y          -       B0->Y  F     OA21X4        35 56.0   114    92     871    (-,-) 
  g92251/Y          -       A->Y   R     INVX1          3  6.2    64    61     932    (-,-) 
  g92222/Y          -       D->Y   R     AND4X4        31 53.1   110   131    1063    (-,-) 
  g91507/Y          -       A1->Y  F     AOI22X1        1  2.7    66    71    1134    (-,-) 
  g90906/Y          -       A->Y   R     NAND4XL        1  2.7    50    48    1183    (-,-) 
  reg_op1_reg[24]/D -       -      R     DFFQX4         1    -     -     0    1183    (-,-) 
#-------------------------------------------------------------------------------------------



Path 7: MET (2769 ps) Setup Check with Pin reg_op1_reg[23]/CK->D
          Group: I2C
     Startpoint: (R) mem_ready
          Clock: (R) myclock
       Endpoint: (R) reg_op1_reg[23]/D
          Clock: (R) myclock

                     Capture       Launch     
        Clock Edge:+    4000            0     
        Drv Adjust:+       0            0     
       Src Latency:+       0            0     
       Net Latency:+       0 (I)        0 (I) 
           Arrival:=    4000            0     
                                              
             Setup:-      28                  
       Uncertainty:-      20                  
     Required Time:=    3952                  
      Launch Clock:-       0                  
       Input Delay:-     100                  
         Data Path:-    1083                  
             Slack:=    2769                  

Exceptions/Constraints:
  input_delay             100             picorv32.sdc_line_18_1_1 

#-------------------------------------------------------------------------------------------
#   Timing Point    Flags    Arc   Edge   Cell     Fanout Load Trans Delay Arrival Instance 
#                                                         (fF)  (ps)  (ps)   (ps)  Location 
#-------------------------------------------------------------------------------------------
  mem_ready         -       -      R     (arrival)      2  7.8    15     0     100    (-,-) 
  g93634/Y          -       A->Y   F     NAND2X8       37 63.0   136    78     178    (-,-) 
  g93530/Y          -       A->Y   R     INVX1          9 16.7   137   108     285    (-,-) 
  g93027/Y          -       B0->Y  F     OAI211X1       1  2.7    74    90     375    (-,-) 
  g92697/Y          -       A1N->Y F     OAI2BB1X1      6 10.5   133   100     474    (-,-) 
  g92535/Y          -       B->Y   R     NAND2X1        2  4.2    55    60     535    (-,-) 
  g92409/Y          -       C->Y   F     NAND3BXL       2  4.4   140    99     634    (-,-) 
  g92369/Y          -       B->Y   R     NOR2X1         3  6.0   100    94     728    (-,-) 
  g92290/Y          -       B->Y   F     NOR2X1         2  4.3    49    51     780    (-,-) 
  g92257/Y          -       B0->Y  F     OA21X4        35 56.0   114    92     871    (-,-) 
  g92251/Y          -       A->Y   R     INVX1          3  6.2    64    61     932    (-,-) 
  g92222/Y          -       D->Y   R     AND4X4        31 53.1   110   131    1063    (-,-) 
  g91508/Y          -       A1->Y  F     AOI22X1        1  2.7    66    71    1134    (-,-) 
  g90930/Y          -       A->Y   R     NAND4XL        1  2.7    50    48    1183    (-,-) 
  reg_op1_reg[23]/D -       -      R     DFFQX4         1    -     -     0    1183    (-,-) 
#-------------------------------------------------------------------------------------------



Path 8: MET (2769 ps) Setup Check with Pin reg_op1_reg[22]/CK->D
          Group: I2C
     Startpoint: (R) mem_ready
          Clock: (R) myclock
       Endpoint: (R) reg_op1_reg[22]/D
          Clock: (R) myclock

                     Capture       Launch     
        Clock Edge:+    4000            0     
        Drv Adjust:+       0            0     
       Src Latency:+       0            0     
       Net Latency:+       0 (I)        0 (I) 
           Arrival:=    4000            0     
                                              
             Setup:-      28                  
       Uncertainty:-      20                  
     Required Time:=    3952                  
      Launch Clock:-       0                  
       Input Delay:-     100                  
         Data Path:-    1083                  
             Slack:=    2769                  

Exceptions/Constraints:
  input_delay             100             picorv32.sdc_line_18_1_1 

#-------------------------------------------------------------------------------------------
#   Timing Point    Flags    Arc   Edge   Cell     Fanout Load Trans Delay Arrival Instance 
#                                                         (fF)  (ps)  (ps)   (ps)  Location 
#-------------------------------------------------------------------------------------------
  mem_ready         -       -      R     (arrival)      2  7.8    15     0     100    (-,-) 
  g93634/Y          -       A->Y   F     NAND2X8       37 63.0   136    78     178    (-,-) 
  g93530/Y          -       A->Y   R     INVX1          9 16.7   137   108     285    (-,-) 
  g93027/Y          -       B0->Y  F     OAI211X1       1  2.7    74    90     375    (-,-) 
  g92697/Y          -       A1N->Y F     OAI2BB1X1      6 10.5   133   100     474    (-,-) 
  g92535/Y          -       B->Y   R     NAND2X1        2  4.2    55    60     535    (-,-) 
  g92409/Y          -       C->Y   F     NAND3BXL       2  4.4   140    99     634    (-,-) 
  g92369/Y          -       B->Y   R     NOR2X1         3  6.0   100    94     728    (-,-) 
  g92290/Y          -       B->Y   F     NOR2X1         2  4.3    49    51     780    (-,-) 
  g92257/Y          -       B0->Y  F     OA21X4        35 56.0   114    92     871    (-,-) 
  g92251/Y          -       A->Y   R     INVX1          3  6.2    64    61     932    (-,-) 
  g92222/Y          -       D->Y   R     AND4X4        31 53.1   110   131    1063    (-,-) 
  g91509/Y          -       A1->Y  F     AOI22X1        1  2.7    66    71    1134    (-,-) 
  g90929/Y          -       A->Y   R     NAND4XL        1  2.7    50    48    1183    (-,-) 
  reg_op1_reg[22]/D -       -      R     DFFQX4         1    -     -     0    1183    (-,-) 
#-------------------------------------------------------------------------------------------



Path 9: MET (2769 ps) Setup Check with Pin reg_op1_reg[19]/CK->D
          Group: I2C
     Startpoint: (R) mem_ready
          Clock: (R) myclock
       Endpoint: (R) reg_op1_reg[19]/D
          Clock: (R) myclock

                     Capture       Launch     
        Clock Edge:+    4000            0     
        Drv Adjust:+       0            0     
       Src Latency:+       0            0     
       Net Latency:+       0 (I)        0 (I) 
           Arrival:=    4000            0     
                                              
             Setup:-      28                  
       Uncertainty:-      20                  
     Required Time:=    3952                  
      Launch Clock:-       0                  
       Input Delay:-     100                  
         Data Path:-    1083                  
             Slack:=    2769                  

Exceptions/Constraints:
  input_delay             100             picorv32.sdc_line_18_1_1 

#-------------------------------------------------------------------------------------------
#   Timing Point    Flags    Arc   Edge   Cell     Fanout Load Trans Delay Arrival Instance 
#                                                         (fF)  (ps)  (ps)   (ps)  Location 
#-------------------------------------------------------------------------------------------
  mem_ready         -       -      R     (arrival)      2  7.8    15     0     100    (-,-) 
  g93634/Y          -       A->Y   F     NAND2X8       37 63.0   136    78     178    (-,-) 
  g93530/Y          -       A->Y   R     INVX1          9 16.7   137   108     285    (-,-) 
  g93027/Y          -       B0->Y  F     OAI211X1       1  2.7    74    90     375    (-,-) 
  g92697/Y          -       A1N->Y F     OAI2BB1X1      6 10.5   133   100     474    (-,-) 
  g92535/Y          -       B->Y   R     NAND2X1        2  4.2    55    60     535    (-,-) 
  g92409/Y          -       C->Y   F     NAND3BXL       2  4.4   140    99     634    (-,-) 
  g92369/Y          -       B->Y   R     NOR2X1         3  6.0   100    94     728    (-,-) 
  g92290/Y          -       B->Y   F     NOR2X1         2  4.3    49    51     780    (-,-) 
  g92257/Y          -       B0->Y  F     OA21X4        35 56.0   114    92     871    (-,-) 
  g92251/Y          -       A->Y   R     INVX1          3  6.2    64    61     932    (-,-) 
  g92222/Y          -       D->Y   R     AND4X4        31 53.1   110   131    1063    (-,-) 
  g91512/Y          -       A1->Y  F     AOI22X1        1  2.7    66    71    1134    (-,-) 
  g90920/Y          -       A->Y   R     NAND4XL        1  2.7    50    48    1183    (-,-) 
  reg_op1_reg[19]/D -       -      R     DFFQX4         1    -     -     0    1183    (-,-) 
#-------------------------------------------------------------------------------------------



Path 10: MET (2769 ps) Setup Check with Pin reg_op1_reg[18]/CK->D
          Group: I2C
     Startpoint: (R) mem_ready
          Clock: (R) myclock
       Endpoint: (R) reg_op1_reg[18]/D
          Clock: (R) myclock

                     Capture       Launch     
        Clock Edge:+    4000            0     
        Drv Adjust:+       0            0     
       Src Latency:+       0            0     
       Net Latency:+       0 (I)        0 (I) 
           Arrival:=    4000            0     
                                              
             Setup:-      28                  
       Uncertainty:-      20                  
     Required Time:=    3952                  
      Launch Clock:-       0                  
       Input Delay:-     100                  
         Data Path:-    1083                  
             Slack:=    2769                  

Exceptions/Constraints:
  input_delay             100             picorv32.sdc_line_18_1_1 

#-------------------------------------------------------------------------------------------
#   Timing Point    Flags    Arc   Edge   Cell     Fanout Load Trans Delay Arrival Instance 
#                                                         (fF)  (ps)  (ps)   (ps)  Location 
#-------------------------------------------------------------------------------------------
  mem_ready         -       -      R     (arrival)      2  7.8    15     0     100    (-,-) 
  g93634/Y          -       A->Y   F     NAND2X8       37 63.0   136    78     178    (-,-) 
  g93530/Y          -       A->Y   R     INVX1          9 16.7   137   108     285    (-,-) 
  g93027/Y          -       B0->Y  F     OAI211X1       1  2.7    74    90     375    (-,-) 
  g92697/Y          -       A1N->Y F     OAI2BB1X1      6 10.5   133   100     474    (-,-) 
  g92535/Y          -       B->Y   R     NAND2X1        2  4.2    55    60     535    (-,-) 
  g92409/Y          -       C->Y   F     NAND3BXL       2  4.4   140    99     634    (-,-) 
  g92369/Y          -       B->Y   R     NOR2X1         3  6.0   100    94     728    (-,-) 
  g92290/Y          -       B->Y   F     NOR2X1         2  4.3    49    51     780    (-,-) 
  g92257/Y          -       B0->Y  F     OA21X4        35 56.0   114    92     871    (-,-) 
  g92251/Y          -       A->Y   R     INVX1          3  6.2    64    61     932    (-,-) 
  g92222/Y          -       D->Y   R     AND4X4        31 53.1   110   131    1063    (-,-) 
  g91513/Y          -       A1->Y  F     AOI22X1        1  2.7    66    71    1134    (-,-) 
  g90927/Y          -       A->Y   R     NAND4XL        1  2.7    50    48    1183    (-,-) 
  reg_op1_reg[18]/D -       -      R     DFFQX4         1    -     -     0    1183    (-,-) 
#-------------------------------------------------------------------------------------------



Path 11: MET (2769 ps) Setup Check with Pin reg_op1_reg[17]/CK->D
          Group: I2C
     Startpoint: (R) mem_ready
          Clock: (R) myclock
       Endpoint: (R) reg_op1_reg[17]/D
          Clock: (R) myclock

                     Capture       Launch     
        Clock Edge:+    4000            0     
        Drv Adjust:+       0            0     
       Src Latency:+       0            0     
       Net Latency:+       0 (I)        0 (I) 
           Arrival:=    4000            0     
                                              
             Setup:-      28                  
       Uncertainty:-      20                  
     Required Time:=    3952                  
      Launch Clock:-       0                  
       Input Delay:-     100                  
         Data Path:-    1083                  
             Slack:=    2769                  

Exceptions/Constraints:
  input_delay             100             picorv32.sdc_line_18_1_1 

#-------------------------------------------------------------------------------------------
#   Timing Point    Flags    Arc   Edge   Cell     Fanout Load Trans Delay Arrival Instance 
#                                                         (fF)  (ps)  (ps)   (ps)  Location 
#-------------------------------------------------------------------------------------------
  mem_ready         -       -      R     (arrival)      2  7.8    15     0     100    (-,-) 
  g93634/Y          -       A->Y   F     NAND2X8       37 63.0   136    78     178    (-,-) 
  g93530/Y          -       A->Y   R     INVX1          9 16.7   137   108     285    (-,-) 
  g93027/Y          -       B0->Y  F     OAI211X1       1  2.7    74    90     375    (-,-) 
  g92697/Y          -       A1N->Y F     OAI2BB1X1      6 10.5   133   100     474    (-,-) 
  g92535/Y          -       B->Y   R     NAND2X1        2  4.2    55    60     535    (-,-) 
  g92409/Y          -       C->Y   F     NAND3BXL       2  4.4   140    99     634    (-,-) 
  g92369/Y          -       B->Y   R     NOR2X1         3  6.0   100    94     728    (-,-) 
  g92290/Y          -       B->Y   F     NOR2X1         2  4.3    49    51     780    (-,-) 
  g92257/Y          -       B0->Y  F     OA21X4        35 56.0   114    92     871    (-,-) 
  g92251/Y          -       A->Y   R     INVX1          3  6.2    64    61     932    (-,-) 
  g92222/Y          -       D->Y   R     AND4X4        31 53.1   110   131    1063    (-,-) 
  g91514/Y          -       A1->Y  F     AOI22X1        1  2.7    66    71    1134    (-,-) 
  g90919/Y          -       A->Y   R     NAND4XL        1  2.7    50    48    1183    (-,-) 
  reg_op1_reg[17]/D -       -      R     DFFQX4         1    -     -     0    1183    (-,-) 
#-------------------------------------------------------------------------------------------



Path 12: MET (2769 ps) Setup Check with Pin reg_op1_reg[16]/CK->D
          Group: I2C
     Startpoint: (R) mem_ready
          Clock: (R) myclock
       Endpoint: (R) reg_op1_reg[16]/D
          Clock: (R) myclock

                     Capture       Launch     
        Clock Edge:+    4000            0     
        Drv Adjust:+       0            0     
       Src Latency:+       0            0     
       Net Latency:+       0 (I)        0 (I) 
           Arrival:=    4000            0     
                                              
             Setup:-      28                  
       Uncertainty:-      20                  
     Required Time:=    3952                  
      Launch Clock:-       0                  
       Input Delay:-     100                  
         Data Path:-    1083                  
             Slack:=    2769                  

Exceptions/Constraints:
  input_delay             100             picorv32.sdc_line_18_1_1 

#-------------------------------------------------------------------------------------------
#   Timing Point    Flags    Arc   Edge   Cell     Fanout Load Trans Delay Arrival Instance 
#                                                         (fF)  (ps)  (ps)   (ps)  Location 
#-------------------------------------------------------------------------------------------
  mem_ready         -       -      R     (arrival)      2  7.8    15     0     100    (-,-) 
  g93634/Y          -       A->Y   F     NAND2X8       37 63.0   136    78     178    (-,-) 
  g93530/Y          -       A->Y   R     INVX1          9 16.7   137   108     285    (-,-) 
  g93027/Y          -       B0->Y  F     OAI211X1       1  2.7    74    90     375    (-,-) 
  g92697/Y          -       A1N->Y F     OAI2BB1X1      6 10.5   133   100     474    (-,-) 
  g92535/Y          -       B->Y   R     NAND2X1        2  4.2    55    60     535    (-,-) 
  g92409/Y          -       C->Y   F     NAND3BXL       2  4.4   140    99     634    (-,-) 
  g92369/Y          -       B->Y   R     NOR2X1         3  6.0   100    94     728    (-,-) 
  g92290/Y          -       B->Y   F     NOR2X1         2  4.3    49    51     780    (-,-) 
  g92257/Y          -       B0->Y  F     OA21X4        35 56.0   114    92     871    (-,-) 
  g92251/Y          -       A->Y   R     INVX1          3  6.2    64    61     932    (-,-) 
  g92222/Y          -       D->Y   R     AND4X4        31 53.1   110   131    1063    (-,-) 
  g91515/Y          -       A1->Y  F     AOI22X1        1  2.7    66    71    1134    (-,-) 
  g90918/Y          -       A->Y   R     NAND4XL        1  2.7    50    48    1183    (-,-) 
  reg_op1_reg[16]/D -       -      R     DFFQX4         1    -     -     0    1183    (-,-) 
#-------------------------------------------------------------------------------------------



Path 13: MET (2769 ps) Setup Check with Pin reg_op1_reg[15]/CK->D
          Group: I2C
     Startpoint: (R) mem_ready
          Clock: (R) myclock
       Endpoint: (R) reg_op1_reg[15]/D
          Clock: (R) myclock

                     Capture       Launch     
        Clock Edge:+    4000            0     
        Drv Adjust:+       0            0     
       Src Latency:+       0            0     
       Net Latency:+       0 (I)        0 (I) 
           Arrival:=    4000            0     
                                              
             Setup:-      28                  
       Uncertainty:-      20                  
     Required Time:=    3952                  
      Launch Clock:-       0                  
       Input Delay:-     100                  
         Data Path:-    1083                  
             Slack:=    2769                  

Exceptions/Constraints:
  input_delay             100             picorv32.sdc_line_18_1_1 

#-------------------------------------------------------------------------------------------
#   Timing Point    Flags    Arc   Edge   Cell     Fanout Load Trans Delay Arrival Instance 
#                                                         (fF)  (ps)  (ps)   (ps)  Location 
#-------------------------------------------------------------------------------------------
  mem_ready         -       -      R     (arrival)      2  7.8    15     0     100    (-,-) 
  g93634/Y          -       A->Y   F     NAND2X8       37 63.0   136    78     178    (-,-) 
  g93530/Y          -       A->Y   R     INVX1          9 16.7   137   108     285    (-,-) 
  g93027/Y          -       B0->Y  F     OAI211X1       1  2.7    74    90     375    (-,-) 
  g92697/Y          -       A1N->Y F     OAI2BB1X1      6 10.5   133   100     474    (-,-) 
  g92535/Y          -       B->Y   R     NAND2X1        2  4.2    55    60     535    (-,-) 
  g92409/Y          -       C->Y   F     NAND3BXL       2  4.4   140    99     634    (-,-) 
  g92369/Y          -       B->Y   R     NOR2X1         3  6.0   100    94     728    (-,-) 
  g92290/Y          -       B->Y   F     NOR2X1         2  4.3    49    51     780    (-,-) 
  g92257/Y          -       B0->Y  F     OA21X4        35 56.0   114    92     871    (-,-) 
  g92251/Y          -       A->Y   R     INVX1          3  6.2    64    61     932    (-,-) 
  g92222/Y          -       D->Y   R     AND4X4        31 53.1   110   131    1063    (-,-) 
  g91516/Y          -       A1->Y  F     AOI22X1        1  2.7    66    71    1134    (-,-) 
  g90913/Y          -       A->Y   R     NAND4XL        1  2.7    50    48    1183    (-,-) 
  reg_op1_reg[15]/D -       -      R     DFFQX4         1    -     -     0    1183    (-,-) 
#-------------------------------------------------------------------------------------------



Path 14: MET (2769 ps) Setup Check with Pin reg_op1_reg[14]/CK->D
          Group: I2C
     Startpoint: (R) mem_ready
          Clock: (R) myclock
       Endpoint: (R) reg_op1_reg[14]/D
          Clock: (R) myclock

                     Capture       Launch     
        Clock Edge:+    4000            0     
        Drv Adjust:+       0            0     
       Src Latency:+       0            0     
       Net Latency:+       0 (I)        0 (I) 
           Arrival:=    4000            0     
                                              
             Setup:-      28                  
       Uncertainty:-      20                  
     Required Time:=    3952                  
      Launch Clock:-       0                  
       Input Delay:-     100                  
         Data Path:-    1083                  
             Slack:=    2769                  

Exceptions/Constraints:
  input_delay             100             picorv32.sdc_line_18_1_1 

#-------------------------------------------------------------------------------------------
#   Timing Point    Flags    Arc   Edge   Cell     Fanout Load Trans Delay Arrival Instance 
#                                                         (fF)  (ps)  (ps)   (ps)  Location 
#-------------------------------------------------------------------------------------------
  mem_ready         -       -      R     (arrival)      2  7.8    15     0     100    (-,-) 
  g93634/Y          -       A->Y   F     NAND2X8       37 63.0   136    78     178    (-,-) 
  g93530/Y          -       A->Y   R     INVX1          9 16.7   137   108     285    (-,-) 
  g93027/Y          -       B0->Y  F     OAI211X1       1  2.7    74    90     375    (-,-) 
  g92697/Y          -       A1N->Y F     OAI2BB1X1      6 10.5   133   100     474    (-,-) 
  g92535/Y          -       B->Y   R     NAND2X1        2  4.2    55    60     535    (-,-) 
  g92409/Y          -       C->Y   F     NAND3BXL       2  4.4   140    99     634    (-,-) 
  g92369/Y          -       B->Y   R     NOR2X1         3  6.0   100    94     728    (-,-) 
  g92290/Y          -       B->Y   F     NOR2X1         2  4.3    49    51     780    (-,-) 
  g92257/Y          -       B0->Y  F     OA21X4        35 56.0   114    92     871    (-,-) 
  g92251/Y          -       A->Y   R     INVX1          3  6.2    64    61     932    (-,-) 
  g92222/Y          -       D->Y   R     AND4X4        31 53.1   110   131    1063    (-,-) 
  g91517/Y          -       A1->Y  F     AOI22X1        1  2.7    66    71    1134    (-,-) 
  g90926/Y          -       A->Y   R     NAND4XL        1  2.7    50    48    1183    (-,-) 
  reg_op1_reg[14]/D -       -      R     DFFQX4         1    -     -     0    1183    (-,-) 
#-------------------------------------------------------------------------------------------



Path 15: MET (2769 ps) Setup Check with Pin reg_op1_reg[13]/CK->D
          Group: I2C
     Startpoint: (R) mem_ready
          Clock: (R) myclock
       Endpoint: (R) reg_op1_reg[13]/D
          Clock: (R) myclock

                     Capture       Launch     
        Clock Edge:+    4000            0     
        Drv Adjust:+       0            0     
       Src Latency:+       0            0     
       Net Latency:+       0 (I)        0 (I) 
           Arrival:=    4000            0     
                                              
             Setup:-      28                  
       Uncertainty:-      20                  
     Required Time:=    3952                  
      Launch Clock:-       0                  
       Input Delay:-     100                  
         Data Path:-    1083                  
             Slack:=    2769                  

Exceptions/Constraints:
  input_delay             100             picorv32.sdc_line_18_1_1 

#-------------------------------------------------------------------------------------------
#   Timing Point    Flags    Arc   Edge   Cell     Fanout Load Trans Delay Arrival Instance 
#                                                         (fF)  (ps)  (ps)   (ps)  Location 
#-------------------------------------------------------------------------------------------
  mem_ready         -       -      R     (arrival)      2  7.8    15     0     100    (-,-) 
  g93634/Y          -       A->Y   F     NAND2X8       37 63.0   136    78     178    (-,-) 
  g93530/Y          -       A->Y   R     INVX1          9 16.7   137   108     285    (-,-) 
  g93027/Y          -       B0->Y  F     OAI211X1       1  2.7    74    90     375    (-,-) 
  g92697/Y          -       A1N->Y F     OAI2BB1X1      6 10.5   133   100     474    (-,-) 
  g92535/Y          -       B->Y   R     NAND2X1        2  4.2    55    60     535    (-,-) 
  g92409/Y          -       C->Y   F     NAND3BXL       2  4.4   140    99     634    (-,-) 
  g92369/Y          -       B->Y   R     NOR2X1         3  6.0   100    94     728    (-,-) 
  g92290/Y          -       B->Y   F     NOR2X1         2  4.3    49    51     780    (-,-) 
  g92257/Y          -       B0->Y  F     OA21X4        35 56.0   114    92     871    (-,-) 
  g92251/Y          -       A->Y   R     INVX1          3  6.2    64    61     932    (-,-) 
  g92222/Y          -       D->Y   R     AND4X4        31 53.1   110   131    1063    (-,-) 
  g91518/Y          -       A1->Y  F     AOI22X1        1  2.7    66    71    1134    (-,-) 
  g90917/Y          -       A->Y   R     NAND4XL        1  2.7    50    48    1183    (-,-) 
  reg_op1_reg[13]/D -       -      R     DFFQX4         1    -     -     0    1183    (-,-) 
#-------------------------------------------------------------------------------------------



Path 16: MET (2769 ps) Setup Check with Pin reg_op1_reg[11]/CK->D
          Group: I2C
     Startpoint: (R) mem_ready
          Clock: (R) myclock
       Endpoint: (R) reg_op1_reg[11]/D
          Clock: (R) myclock

                     Capture       Launch     
        Clock Edge:+    4000            0     
        Drv Adjust:+       0            0     
       Src Latency:+       0            0     
       Net Latency:+       0 (I)        0 (I) 
           Arrival:=    4000            0     
                                              
             Setup:-      28                  
       Uncertainty:-      20                  
     Required Time:=    3952                  
      Launch Clock:-       0                  
       Input Delay:-     100                  
         Data Path:-    1083                  
             Slack:=    2769                  

Exceptions/Constraints:
  input_delay             100             picorv32.sdc_line_18_1_1 

#-------------------------------------------------------------------------------------------
#   Timing Point    Flags    Arc   Edge   Cell     Fanout Load Trans Delay Arrival Instance 
#                                                         (fF)  (ps)  (ps)   (ps)  Location 
#-------------------------------------------------------------------------------------------
  mem_ready         -       -      R     (arrival)      2  7.8    15     0     100    (-,-) 
  g93634/Y          -       A->Y   F     NAND2X8       37 63.0   136    78     178    (-,-) 
  g93530/Y          -       A->Y   R     INVX1          9 16.7   137   108     285    (-,-) 
  g93027/Y          -       B0->Y  F     OAI211X1       1  2.7    74    90     375    (-,-) 
  g92697/Y          -       A1N->Y F     OAI2BB1X1      6 10.5   133   100     474    (-,-) 
  g92535/Y          -       B->Y   R     NAND2X1        2  4.2    55    60     535    (-,-) 
  g92409/Y          -       C->Y   F     NAND3BXL       2  4.4   140    99     634    (-,-) 
  g92369/Y          -       B->Y   R     NOR2X1         3  6.0   100    94     728    (-,-) 
  g92290/Y          -       B->Y   F     NOR2X1         2  4.3    49    51     780    (-,-) 
  g92257/Y          -       B0->Y  F     OA21X4        35 56.0   114    92     871    (-,-) 
  g92251/Y          -       A->Y   R     INVX1          3  6.2    64    61     932    (-,-) 
  g92222/Y          -       D->Y   R     AND4X4        31 53.1   110   131    1063    (-,-) 
  g91520/Y          -       A1->Y  F     AOI22X1        1  2.7    66    71    1134    (-,-) 
  g90916/Y          -       A->Y   R     NAND4XL        1  2.7    50    48    1183    (-,-) 
  reg_op1_reg[11]/D -       -      R     DFFQX4         1    -     -     0    1183    (-,-) 
#-------------------------------------------------------------------------------------------



Path 17: MET (2769 ps) Setup Check with Pin reg_op1_reg[10]/CK->D
          Group: I2C
     Startpoint: (R) mem_ready
          Clock: (R) myclock
       Endpoint: (R) reg_op1_reg[10]/D
          Clock: (R) myclock

                     Capture       Launch     
        Clock Edge:+    4000            0     
        Drv Adjust:+       0            0     
       Src Latency:+       0            0     
       Net Latency:+       0 (I)        0 (I) 
           Arrival:=    4000            0     
                                              
             Setup:-      28                  
       Uncertainty:-      20                  
     Required Time:=    3952                  
      Launch Clock:-       0                  
       Input Delay:-     100                  
         Data Path:-    1083                  
             Slack:=    2769                  

Exceptions/Constraints:
  input_delay             100             picorv32.sdc_line_18_1_1 

#-------------------------------------------------------------------------------------------
#   Timing Point    Flags    Arc   Edge   Cell     Fanout Load Trans Delay Arrival Instance 
#                                                         (fF)  (ps)  (ps)   (ps)  Location 
#-------------------------------------------------------------------------------------------
  mem_ready         -       -      R     (arrival)      2  7.8    15     0     100    (-,-) 
  g93634/Y          -       A->Y   F     NAND2X8       37 63.0   136    78     178    (-,-) 
  g93530/Y          -       A->Y   R     INVX1          9 16.7   137   108     285    (-,-) 
  g93027/Y          -       B0->Y  F     OAI211X1       1  2.7    74    90     375    (-,-) 
  g92697/Y          -       A1N->Y F     OAI2BB1X1      6 10.5   133   100     474    (-,-) 
  g92535/Y          -       B->Y   R     NAND2X1        2  4.2    55    60     535    (-,-) 
  g92409/Y          -       C->Y   F     NAND3BXL       2  4.4   140    99     634    (-,-) 
  g92369/Y          -       B->Y   R     NOR2X1         3  6.0   100    94     728    (-,-) 
  g92290/Y          -       B->Y   F     NOR2X1         2  4.3    49    51     780    (-,-) 
  g92257/Y          -       B0->Y  F     OA21X4        35 56.0   114    92     871    (-,-) 
  g92251/Y          -       A->Y   R     INVX1          3  6.2    64    61     932    (-,-) 
  g92222/Y          -       D->Y   R     AND4X4        31 53.1   110   131    1063    (-,-) 
  g91521/Y          -       A1->Y  F     AOI22X1        1  2.7    66    71    1134    (-,-) 
  g90925/Y          -       A->Y   R     NAND4XL        1  2.7    50    48    1183    (-,-) 
  reg_op1_reg[10]/D -       -      R     DFFQX4         1    -     -     0    1183    (-,-) 
#-------------------------------------------------------------------------------------------



Path 18: MET (2769 ps) Setup Check with Pin reg_op1_reg[7]/CK->D
          Group: I2C
     Startpoint: (R) mem_ready
          Clock: (R) myclock
       Endpoint: (R) reg_op1_reg[7]/D
          Clock: (R) myclock

                     Capture       Launch     
        Clock Edge:+    4000            0     
        Drv Adjust:+       0            0     
       Src Latency:+       0            0     
       Net Latency:+       0 (I)        0 (I) 
           Arrival:=    4000            0     
                                              
             Setup:-      28                  
       Uncertainty:-      20                  
     Required Time:=    3952                  
      Launch Clock:-       0                  
       Input Delay:-     100                  
         Data Path:-    1083                  
             Slack:=    2769                  

Exceptions/Constraints:
  input_delay             100             picorv32.sdc_line_18_1_1 

#------------------------------------------------------------------------------------------
#  Timing Point    Flags    Arc   Edge   Cell     Fanout Load Trans Delay Arrival Instance 
#                                                        (fF)  (ps)  (ps)   (ps)  Location 
#------------------------------------------------------------------------------------------
  mem_ready        -       -      R     (arrival)      2  7.8    15     0     100    (-,-) 
  g93634/Y         -       A->Y   F     NAND2X8       37 63.0   136    78     178    (-,-) 
  g93530/Y         -       A->Y   R     INVX1          9 16.7   137   108     285    (-,-) 
  g93027/Y         -       B0->Y  F     OAI211X1       1  2.7    74    90     375    (-,-) 
  g92697/Y         -       A1N->Y F     OAI2BB1X1      6 10.5   133   100     474    (-,-) 
  g92535/Y         -       B->Y   R     NAND2X1        2  4.2    55    60     535    (-,-) 
  g92409/Y         -       C->Y   F     NAND3BXL       2  4.4   140    99     634    (-,-) 
  g92369/Y         -       B->Y   R     NOR2X1         3  6.0   100    94     728    (-,-) 
  g92290/Y         -       B->Y   F     NOR2X1         2  4.3    49    51     780    (-,-) 
  g92257/Y         -       B0->Y  F     OA21X4        35 56.0   114    92     871    (-,-) 
  g92251/Y         -       A->Y   R     INVX1          3  6.2    64    61     932    (-,-) 
  g92222/Y         -       D->Y   R     AND4X4        31 53.1   110   131    1063    (-,-) 
  g91524/Y         -       A1->Y  F     AOI22X1        1  2.7    66    71    1134    (-,-) 
  g90914/Y         -       A->Y   R     NAND4XL        1  2.7    50    48    1183    (-,-) 
  reg_op1_reg[7]/D -       -      R     DFFQX4         1    -     -     0    1183    (-,-) 
#------------------------------------------------------------------------------------------



Path 19: MET (2769 ps) Setup Check with Pin reg_op1_reg[6]/CK->D
          Group: I2C
     Startpoint: (R) mem_ready
          Clock: (R) myclock
       Endpoint: (R) reg_op1_reg[6]/D
          Clock: (R) myclock

                     Capture       Launch     
        Clock Edge:+    4000            0     
        Drv Adjust:+       0            0     
       Src Latency:+       0            0     
       Net Latency:+       0 (I)        0 (I) 
           Arrival:=    4000            0     
                                              
             Setup:-      28                  
       Uncertainty:-      20                  
     Required Time:=    3952                  
      Launch Clock:-       0                  
       Input Delay:-     100                  
         Data Path:-    1083                  
             Slack:=    2769                  

Exceptions/Constraints:
  input_delay             100             picorv32.sdc_line_18_1_1 

#------------------------------------------------------------------------------------------
#  Timing Point    Flags    Arc   Edge   Cell     Fanout Load Trans Delay Arrival Instance 
#                                                        (fF)  (ps)  (ps)   (ps)  Location 
#------------------------------------------------------------------------------------------
  mem_ready        -       -      R     (arrival)      2  7.8    15     0     100    (-,-) 
  g93634/Y         -       A->Y   F     NAND2X8       37 63.0   136    78     178    (-,-) 
  g93530/Y         -       A->Y   R     INVX1          9 16.7   137   108     285    (-,-) 
  g93027/Y         -       B0->Y  F     OAI211X1       1  2.7    74    90     375    (-,-) 
  g92697/Y         -       A1N->Y F     OAI2BB1X1      6 10.5   133   100     474    (-,-) 
  g92535/Y         -       B->Y   R     NAND2X1        2  4.2    55    60     535    (-,-) 
  g92409/Y         -       C->Y   F     NAND3BXL       2  4.4   140    99     634    (-,-) 
  g92369/Y         -       B->Y   R     NOR2X1         3  6.0   100    94     728    (-,-) 
  g92290/Y         -       B->Y   F     NOR2X1         2  4.3    49    51     780    (-,-) 
  g92257/Y         -       B0->Y  F     OA21X4        35 56.0   114    92     871    (-,-) 
  g92251/Y         -       A->Y   R     INVX1          3  6.2    64    61     932    (-,-) 
  g92222/Y         -       D->Y   R     AND4X4        31 53.1   110   131    1063    (-,-) 
  g91525/Y         -       A1->Y  F     AOI22X1        1  2.7    66    71    1134    (-,-) 
  g90932/Y         -       A->Y   R     NAND4XL        1  2.7    50    48    1183    (-,-) 
  reg_op1_reg[6]/D -       -      R     DFFQX4         1    -     -     0    1183    (-,-) 
#------------------------------------------------------------------------------------------



Path 20: MET (2769 ps) Setup Check with Pin reg_op1_reg[5]/CK->D
          Group: I2C
     Startpoint: (R) mem_ready
          Clock: (R) myclock
       Endpoint: (R) reg_op1_reg[5]/D
          Clock: (R) myclock

                     Capture       Launch     
        Clock Edge:+    4000            0     
        Drv Adjust:+       0            0     
       Src Latency:+       0            0     
       Net Latency:+       0 (I)        0 (I) 
           Arrival:=    4000            0     
                                              
             Setup:-      28                  
       Uncertainty:-      20                  
     Required Time:=    3952                  
      Launch Clock:-       0                  
       Input Delay:-     100                  
         Data Path:-    1083                  
             Slack:=    2769                  

Exceptions/Constraints:
  input_delay             100             picorv32.sdc_line_18_1_1 

#------------------------------------------------------------------------------------------
#  Timing Point    Flags    Arc   Edge   Cell     Fanout Load Trans Delay Arrival Instance 
#                                                        (fF)  (ps)  (ps)   (ps)  Location 
#------------------------------------------------------------------------------------------
  mem_ready        -       -      R     (arrival)      2  7.8    15     0     100    (-,-) 
  g93634/Y         -       A->Y   F     NAND2X8       37 63.0   136    78     178    (-,-) 
  g93530/Y         -       A->Y   R     INVX1          9 16.7   137   108     285    (-,-) 
  g93027/Y         -       B0->Y  F     OAI211X1       1  2.7    74    90     375    (-,-) 
  g92697/Y         -       A1N->Y F     OAI2BB1X1      6 10.5   133   100     474    (-,-) 
  g92535/Y         -       B->Y   R     NAND2X1        2  4.2    55    60     535    (-,-) 
  g92409/Y         -       C->Y   F     NAND3BXL       2  4.4   140    99     634    (-,-) 
  g92369/Y         -       B->Y   R     NOR2X1         3  6.0   100    94     728    (-,-) 
  g92290/Y         -       B->Y   F     NOR2X1         2  4.3    49    51     780    (-,-) 
  g92257/Y         -       B0->Y  F     OA21X4        35 56.0   114    92     871    (-,-) 
  g92251/Y         -       A->Y   R     INVX1          3  6.2    64    61     932    (-,-) 
  g92222/Y         -       D->Y   R     AND4X4        31 53.1   110   131    1063    (-,-) 
  g91526/Y         -       A1->Y  F     AOI22X1        1  2.7    66    71    1134    (-,-) 
  g90923/Y         -       A->Y   R     NAND4XL        1  2.7    50    48    1183    (-,-) 
  reg_op1_reg[5]/D -       -      R     DFFQX4         1    -     -     0    1183    (-,-) 
#------------------------------------------------------------------------------------------



Path 21: MET (2769 ps) Setup Check with Pin reg_op1_reg[27]/CK->D
          Group: I2C
     Startpoint: (R) mem_ready
          Clock: (R) myclock
       Endpoint: (R) reg_op1_reg[27]/D
          Clock: (R) myclock

                     Capture       Launch     
        Clock Edge:+    4000            0     
        Drv Adjust:+       0            0     
       Src Latency:+       0            0     
       Net Latency:+       0 (I)        0 (I) 
           Arrival:=    4000            0     
                                              
             Setup:-      28                  
       Uncertainty:-      20                  
     Required Time:=    3952                  
      Launch Clock:-       0                  
       Input Delay:-     100                  
         Data Path:-    1083                  
             Slack:=    2769                  

Exceptions/Constraints:
  input_delay             100             picorv32.sdc_line_18_1_1 

#-------------------------------------------------------------------------------------------
#   Timing Point    Flags    Arc   Edge   Cell     Fanout Load Trans Delay Arrival Instance 
#                                                         (fF)  (ps)  (ps)   (ps)  Location 
#-------------------------------------------------------------------------------------------
  mem_ready         -       -      R     (arrival)      2  7.8    15     0     100    (-,-) 
  g93634/Y          -       A->Y   F     NAND2X8       37 63.0   136    78     178    (-,-) 
  g93530/Y          -       A->Y   R     INVX1          9 16.7   137   108     285    (-,-) 
  g93027/Y          -       B0->Y  F     OAI211X1       1  2.7    74    90     375    (-,-) 
  g92697/Y          -       A1N->Y F     OAI2BB1X1      6 10.5   133   100     474    (-,-) 
  g92535/Y          -       B->Y   R     NAND2X1        2  4.2    55    60     535    (-,-) 
  g92409/Y          -       C->Y   F     NAND3BXL       2  4.4   140    99     634    (-,-) 
  g92369/Y          -       B->Y   R     NOR2X1         3  6.0   100    94     728    (-,-) 
  g92290/Y          -       B->Y   F     NOR2X1         2  4.3    49    51     780    (-,-) 
  g92257/Y          -       B0->Y  F     OA21X4        35 56.0   114    92     871    (-,-) 
  g92251/Y          -       A->Y   R     INVX1          3  6.2    64    61     932    (-,-) 
  g92222/Y          -       D->Y   R     AND4X4        31 53.1   110   131    1063    (-,-) 
  g91504/Y          -       A1->Y  F     AOI22X1        1  2.7    66    71    1134    (-,-) 
  g90933/Y          -       A->Y   R     NAND4XL        1  2.7    50    48    1183    (-,-) 
  reg_op1_reg[27]/D -       -      R     DFFX4          1    -     -     0    1183    (-,-) 
#-------------------------------------------------------------------------------------------



Path 22: MET (2769 ps) Setup Check with Pin reg_op1_reg[26]/CK->D
          Group: I2C
     Startpoint: (R) mem_ready
          Clock: (R) myclock
       Endpoint: (R) reg_op1_reg[26]/D
          Clock: (R) myclock

                     Capture       Launch     
        Clock Edge:+    4000            0     
        Drv Adjust:+       0            0     
       Src Latency:+       0            0     
       Net Latency:+       0 (I)        0 (I) 
           Arrival:=    4000            0     
                                              
             Setup:-      28                  
       Uncertainty:-      20                  
     Required Time:=    3952                  
      Launch Clock:-       0                  
       Input Delay:-     100                  
         Data Path:-    1083                  
             Slack:=    2769                  

Exceptions/Constraints:
  input_delay             100             picorv32.sdc_line_18_1_1 

#-------------------------------------------------------------------------------------------
#   Timing Point    Flags    Arc   Edge   Cell     Fanout Load Trans Delay Arrival Instance 
#                                                         (fF)  (ps)  (ps)   (ps)  Location 
#-------------------------------------------------------------------------------------------
  mem_ready         -       -      R     (arrival)      2  7.8    15     0     100    (-,-) 
  g93634/Y          -       A->Y   F     NAND2X8       37 63.0   136    78     178    (-,-) 
  g93530/Y          -       A->Y   R     INVX1          9 16.7   137   108     285    (-,-) 
  g93027/Y          -       B0->Y  F     OAI211X1       1  2.7    74    90     375    (-,-) 
  g92697/Y          -       A1N->Y F     OAI2BB1X1      6 10.5   133   100     474    (-,-) 
  g92535/Y          -       B->Y   R     NAND2X1        2  4.2    55    60     535    (-,-) 
  g92409/Y          -       C->Y   F     NAND3BXL       2  4.4   140    99     634    (-,-) 
  g92369/Y          -       B->Y   R     NOR2X1         3  6.0   100    94     728    (-,-) 
  g92290/Y          -       B->Y   F     NOR2X1         2  4.3    49    51     780    (-,-) 
  g92257/Y          -       B0->Y  F     OA21X4        35 56.0   114    92     871    (-,-) 
  g92251/Y          -       A->Y   R     INVX1          3  6.2    64    61     932    (-,-) 
  g92222/Y          -       D->Y   R     AND4X4        31 53.1   110   131    1063    (-,-) 
  g91505/Y          -       A1->Y  F     AOI22X1        1  2.7    66    71    1134    (-,-) 
  g90931/Y          -       A->Y   R     NAND4XL        1  2.7    50    48    1183    (-,-) 
  reg_op1_reg[26]/D -       -      R     DFFX4          1    -     -     0    1183    (-,-) 
#-------------------------------------------------------------------------------------------



Path 23: MET (2769 ps) Setup Check with Pin reg_op1_reg[21]/CK->D
          Group: I2C
     Startpoint: (R) mem_ready
          Clock: (R) myclock
       Endpoint: (R) reg_op1_reg[21]/D
          Clock: (R) myclock

                     Capture       Launch     
        Clock Edge:+    4000            0     
        Drv Adjust:+       0            0     
       Src Latency:+       0            0     
       Net Latency:+       0 (I)        0 (I) 
           Arrival:=    4000            0     
                                              
             Setup:-      28                  
       Uncertainty:-      20                  
     Required Time:=    3952                  
      Launch Clock:-       0                  
       Input Delay:-     100                  
         Data Path:-    1083                  
             Slack:=    2769                  

Exceptions/Constraints:
  input_delay             100             picorv32.sdc_line_18_1_1 

#-------------------------------------------------------------------------------------------
#   Timing Point    Flags    Arc   Edge   Cell     Fanout Load Trans Delay Arrival Instance 
#                                                         (fF)  (ps)  (ps)   (ps)  Location 
#-------------------------------------------------------------------------------------------
  mem_ready         -       -      R     (arrival)      2  7.8    15     0     100    (-,-) 
  g93634/Y          -       A->Y   F     NAND2X8       37 63.0   136    78     178    (-,-) 
  g93530/Y          -       A->Y   R     INVX1          9 16.7   137   108     285    (-,-) 
  g93027/Y          -       B0->Y  F     OAI211X1       1  2.7    74    90     375    (-,-) 
  g92697/Y          -       A1N->Y F     OAI2BB1X1      6 10.5   133   100     474    (-,-) 
  g92535/Y          -       B->Y   R     NAND2X1        2  4.2    55    60     535    (-,-) 
  g92409/Y          -       C->Y   F     NAND3BXL       2  4.4   140    99     634    (-,-) 
  g92369/Y          -       B->Y   R     NOR2X1         3  6.0   100    94     728    (-,-) 
  g92290/Y          -       B->Y   F     NOR2X1         2  4.3    49    51     780    (-,-) 
  g92257/Y          -       B0->Y  F     OA21X4        35 56.0   114    92     871    (-,-) 
  g92251/Y          -       A->Y   R     INVX1          3  6.2    64    61     932    (-,-) 
  g92222/Y          -       D->Y   R     AND4X4        31 53.1   110   131    1063    (-,-) 
  g91510/Y          -       A1->Y  F     AOI22X1        1  2.7    66    71    1134    (-,-) 
  g90928/Y          -       A->Y   R     NAND4XL        1  2.7    50    48    1183    (-,-) 
  reg_op1_reg[21]/D -       -      R     DFFX4          1    -     -     0    1183    (-,-) 
#-------------------------------------------------------------------------------------------



Path 24: MET (2769 ps) Setup Check with Pin reg_op1_reg[20]/CK->D
          Group: I2C
     Startpoint: (R) mem_ready
          Clock: (R) myclock
       Endpoint: (R) reg_op1_reg[20]/D
          Clock: (R) myclock

                     Capture       Launch     
        Clock Edge:+    4000            0     
        Drv Adjust:+       0            0     
       Src Latency:+       0            0     
       Net Latency:+       0 (I)        0 (I) 
           Arrival:=    4000            0     
                                              
             Setup:-      28                  
       Uncertainty:-      20                  
     Required Time:=    3952                  
      Launch Clock:-       0                  
       Input Delay:-     100                  
         Data Path:-    1083                  
             Slack:=    2769                  

Exceptions/Constraints:
  input_delay             100             picorv32.sdc_line_18_1_1 

#-------------------------------------------------------------------------------------------
#   Timing Point    Flags    Arc   Edge   Cell     Fanout Load Trans Delay Arrival Instance 
#                                                         (fF)  (ps)  (ps)   (ps)  Location 
#-------------------------------------------------------------------------------------------
  mem_ready         -       -      R     (arrival)      2  7.8    15     0     100    (-,-) 
  g93634/Y          -       A->Y   F     NAND2X8       37 63.0   136    78     178    (-,-) 
  g93530/Y          -       A->Y   R     INVX1          9 16.7   137   108     285    (-,-) 
  g93027/Y          -       B0->Y  F     OAI211X1       1  2.7    74    90     375    (-,-) 
  g92697/Y          -       A1N->Y F     OAI2BB1X1      6 10.5   133   100     474    (-,-) 
  g92535/Y          -       B->Y   R     NAND2X1        2  4.2    55    60     535    (-,-) 
  g92409/Y          -       C->Y   F     NAND3BXL       2  4.4   140    99     634    (-,-) 
  g92369/Y          -       B->Y   R     NOR2X1         3  6.0   100    94     728    (-,-) 
  g92290/Y          -       B->Y   F     NOR2X1         2  4.3    49    51     780    (-,-) 
  g92257/Y          -       B0->Y  F     OA21X4        35 56.0   114    92     871    (-,-) 
  g92251/Y          -       A->Y   R     INVX1          3  6.2    64    61     932    (-,-) 
  g92222/Y          -       D->Y   R     AND4X4        31 53.1   110   131    1063    (-,-) 
  g91511/Y          -       A1->Y  F     AOI22X1        1  2.7    66    71    1134    (-,-) 
  g90909/Y          -       A->Y   R     NAND4XL        1  2.7    50    48    1183    (-,-) 
  reg_op1_reg[20]/D -       -      R     DFFX4          1    -     -     0    1183    (-,-) 
#-------------------------------------------------------------------------------------------



Path 25: MET (2769 ps) Setup Check with Pin reg_op1_reg[12]/CK->D
          Group: I2C
     Startpoint: (R) mem_ready
          Clock: (R) myclock
       Endpoint: (R) reg_op1_reg[12]/D
          Clock: (R) myclock

                     Capture       Launch     
        Clock Edge:+    4000            0     
        Drv Adjust:+       0            0     
       Src Latency:+       0            0     
       Net Latency:+       0 (I)        0 (I) 
           Arrival:=    4000            0     
                                              
             Setup:-      28                  
       Uncertainty:-      20                  
     Required Time:=    3952                  
      Launch Clock:-       0                  
       Input Delay:-     100                  
         Data Path:-    1083                  
             Slack:=    2769                  

Exceptions/Constraints:
  input_delay             100             picorv32.sdc_line_18_1_1 

#-------------------------------------------------------------------------------------------
#   Timing Point    Flags    Arc   Edge   Cell     Fanout Load Trans Delay Arrival Instance 
#                                                         (fF)  (ps)  (ps)   (ps)  Location 
#-------------------------------------------------------------------------------------------
  mem_ready         -       -      R     (arrival)      2  7.8    15     0     100    (-,-) 
  g93634/Y          -       A->Y   F     NAND2X8       37 63.0   136    78     178    (-,-) 
  g93530/Y          -       A->Y   R     INVX1          9 16.7   137   108     285    (-,-) 
  g93027/Y          -       B0->Y  F     OAI211X1       1  2.7    74    90     375    (-,-) 
  g92697/Y          -       A1N->Y F     OAI2BB1X1      6 10.5   133   100     474    (-,-) 
  g92535/Y          -       B->Y   R     NAND2X1        2  4.2    55    60     535    (-,-) 
  g92409/Y          -       C->Y   F     NAND3BXL       2  4.4   140    99     634    (-,-) 
  g92369/Y          -       B->Y   R     NOR2X1         3  6.0   100    94     728    (-,-) 
  g92290/Y          -       B->Y   F     NOR2X1         2  4.3    49    51     780    (-,-) 
  g92257/Y          -       B0->Y  F     OA21X4        35 56.0   114    92     871    (-,-) 
  g92251/Y          -       A->Y   R     INVX1          3  6.2    64    61     932    (-,-) 
  g92222/Y          -       D->Y   R     AND4X4        31 53.1   110   131    1063    (-,-) 
  g91519/Y          -       A1->Y  F     AOI22X1        1  2.7    66    71    1134    (-,-) 
  g90907/Y          -       A->Y   R     NAND4XL        1  2.7    50    48    1183    (-,-) 
  reg_op1_reg[12]/D -       -      R     DFFX4          1    -     -     0    1183    (-,-) 
#-------------------------------------------------------------------------------------------



Path 26: MET (2769 ps) Setup Check with Pin reg_op1_reg[9]/CK->D
          Group: I2C
     Startpoint: (R) mem_ready
          Clock: (R) myclock
       Endpoint: (R) reg_op1_reg[9]/D
          Clock: (R) myclock

                     Capture       Launch     
        Clock Edge:+    4000            0     
        Drv Adjust:+       0            0     
       Src Latency:+       0            0     
       Net Latency:+       0 (I)        0 (I) 
           Arrival:=    4000            0     
                                              
             Setup:-      28                  
       Uncertainty:-      20                  
     Required Time:=    3952                  
      Launch Clock:-       0                  
       Input Delay:-     100                  
         Data Path:-    1083                  
             Slack:=    2769                  

Exceptions/Constraints:
  input_delay             100             picorv32.sdc_line_18_1_1 

#------------------------------------------------------------------------------------------
#  Timing Point    Flags    Arc   Edge   Cell     Fanout Load Trans Delay Arrival Instance 
#                                                        (fF)  (ps)  (ps)   (ps)  Location 
#------------------------------------------------------------------------------------------
  mem_ready        -       -      R     (arrival)      2  7.8    15     0     100    (-,-) 
  g93634/Y         -       A->Y   F     NAND2X8       37 63.0   136    78     178    (-,-) 
  g93530/Y         -       A->Y   R     INVX1          9 16.7   137   108     285    (-,-) 
  g93027/Y         -       B0->Y  F     OAI211X1       1  2.7    74    90     375    (-,-) 
  g92697/Y         -       A1N->Y F     OAI2BB1X1      6 10.5   133   100     474    (-,-) 
  g92535/Y         -       B->Y   R     NAND2X1        2  4.2    55    60     535    (-,-) 
  g92409/Y         -       C->Y   F     NAND3BXL       2  4.4   140    99     634    (-,-) 
  g92369/Y         -       B->Y   R     NOR2X1         3  6.0   100    94     728    (-,-) 
  g92290/Y         -       B->Y   F     NOR2X1         2  4.3    49    51     780    (-,-) 
  g92257/Y         -       B0->Y  F     OA21X4        35 56.0   114    92     871    (-,-) 
  g92251/Y         -       A->Y   R     INVX1          3  6.2    64    61     932    (-,-) 
  g92222/Y         -       D->Y   R     AND4X4        31 53.1   110   131    1063    (-,-) 
  g91522/Y         -       A1->Y  F     AOI22X1        1  2.7    66    71    1134    (-,-) 
  g90924/Y         -       A->Y   R     NAND4XL        1  2.7    50    48    1183    (-,-) 
  reg_op1_reg[9]/D -       -      R     DFFX4          1    -     -     0    1183    (-,-) 
#------------------------------------------------------------------------------------------



Path 27: MET (2769 ps) Setup Check with Pin reg_op1_reg[8]/CK->D
          Group: I2C
     Startpoint: (R) mem_ready
          Clock: (R) myclock
       Endpoint: (R) reg_op1_reg[8]/D
          Clock: (R) myclock

                     Capture       Launch     
        Clock Edge:+    4000            0     
        Drv Adjust:+       0            0     
       Src Latency:+       0            0     
       Net Latency:+       0 (I)        0 (I) 
           Arrival:=    4000            0     
                                              
             Setup:-      28                  
       Uncertainty:-      20                  
     Required Time:=    3952                  
      Launch Clock:-       0                  
       Input Delay:-     100                  
         Data Path:-    1083                  
             Slack:=    2769                  

Exceptions/Constraints:
  input_delay             100             picorv32.sdc_line_18_1_1 

#------------------------------------------------------------------------------------------
#  Timing Point    Flags    Arc   Edge   Cell     Fanout Load Trans Delay Arrival Instance 
#                                                        (fF)  (ps)  (ps)   (ps)  Location 
#------------------------------------------------------------------------------------------
  mem_ready        -       -      R     (arrival)      2  7.8    15     0     100    (-,-) 
  g93634/Y         -       A->Y   F     NAND2X8       37 63.0   136    78     178    (-,-) 
  g93530/Y         -       A->Y   R     INVX1          9 16.7   137   108     285    (-,-) 
  g93027/Y         -       B0->Y  F     OAI211X1       1  2.7    74    90     375    (-,-) 
  g92697/Y         -       A1N->Y F     OAI2BB1X1      6 10.5   133   100     474    (-,-) 
  g92535/Y         -       B->Y   R     NAND2X1        2  4.2    55    60     535    (-,-) 
  g92409/Y         -       C->Y   F     NAND3BXL       2  4.4   140    99     634    (-,-) 
  g92369/Y         -       B->Y   R     NOR2X1         3  6.0   100    94     728    (-,-) 
  g92290/Y         -       B->Y   F     NOR2X1         2  4.3    49    51     780    (-,-) 
  g92257/Y         -       B0->Y  F     OA21X4        35 56.0   114    92     871    (-,-) 
  g92251/Y         -       A->Y   R     INVX1          3  6.2    64    61     932    (-,-) 
  g92222/Y         -       D->Y   R     AND4X4        31 53.1   110   131    1063    (-,-) 
  g91523/Y         -       A1->Y  F     AOI22X1        1  2.7    66    71    1134    (-,-) 
  g90911/Y         -       A->Y   R     NAND4XL        1  2.7    50    48    1183    (-,-) 
  reg_op1_reg[8]/D -       -      R     DFFX4          1    -     -     0    1183    (-,-) 
#------------------------------------------------------------------------------------------



Path 28: MET (2769 ps) Setup Check with Pin reg_op1_reg[4]/CK->D
          Group: I2C
     Startpoint: (R) mem_ready
          Clock: (R) myclock
       Endpoint: (R) reg_op1_reg[4]/D
          Clock: (R) myclock

                     Capture       Launch     
        Clock Edge:+    4000            0     
        Drv Adjust:+       0            0     
       Src Latency:+       0            0     
       Net Latency:+       0 (I)        0 (I) 
           Arrival:=    4000            0     
                                              
             Setup:-      28                  
       Uncertainty:-      20                  
     Required Time:=    3952                  
      Launch Clock:-       0                  
       Input Delay:-     100                  
         Data Path:-    1083                  
             Slack:=    2769                  

Exceptions/Constraints:
  input_delay             100             picorv32.sdc_line_18_1_1 

#------------------------------------------------------------------------------------------
#  Timing Point    Flags    Arc   Edge   Cell     Fanout Load Trans Delay Arrival Instance 
#                                                        (fF)  (ps)  (ps)   (ps)  Location 
#------------------------------------------------------------------------------------------
  mem_ready        -       -      R     (arrival)      2  7.8    15     0     100    (-,-) 
  g93634/Y         -       A->Y   F     NAND2X8       37 63.0   136    78     178    (-,-) 
  g93530/Y         -       A->Y   R     INVX1          9 16.7   137   108     285    (-,-) 
  g93027/Y         -       B0->Y  F     OAI211X1       1  2.7    74    90     375    (-,-) 
  g92697/Y         -       A1N->Y F     OAI2BB1X1      6 10.5   133   100     474    (-,-) 
  g92535/Y         -       B->Y   R     NAND2X1        2  4.2    55    60     535    (-,-) 
  g92409/Y         -       C->Y   F     NAND3BXL       2  4.4   140    99     634    (-,-) 
  g92369/Y         -       B->Y   R     NOR2X1         3  6.0   100    94     728    (-,-) 
  g92290/Y         -       B->Y   F     NOR2X1         2  4.3    49    51     780    (-,-) 
  g92257/Y         -       B0->Y  F     OA21X4        35 56.0   114    92     871    (-,-) 
  g92251/Y         -       A->Y   R     INVX1          3  6.2    64    61     932    (-,-) 
  g92222/Y         -       D->Y   R     AND4X4        31 53.1   110   131    1063    (-,-) 
  g91527/Y         -       A1->Y  F     AOI22X1        1  2.7    66    71    1134    (-,-) 
  g90937/Y         -       A->Y   R     NAND4XL        1  2.7    50    48    1183    (-,-) 
  reg_op1_reg[4]/D -       -      R     DFFX4          1    -     -     0    1183    (-,-) 
#------------------------------------------------------------------------------------------



Path 29: MET (2771 ps) Setup Check with Pin reg_op1_reg[3]/CK->D
          Group: I2C
     Startpoint: (R) mem_ready
          Clock: (R) myclock
       Endpoint: (R) reg_op1_reg[3]/D
          Clock: (R) myclock

                     Capture       Launch     
        Clock Edge:+    4000            0     
        Drv Adjust:+       0            0     
       Src Latency:+       0            0     
       Net Latency:+       0 (I)        0 (I) 
           Arrival:=    4000            0     
                                              
             Setup:-      28                  
       Uncertainty:-      20                  
     Required Time:=    3952                  
      Launch Clock:-       0                  
       Input Delay:-     100                  
         Data Path:-    1081                  
             Slack:=    2771                  

Exceptions/Constraints:
  input_delay             100             picorv32.sdc_line_18_1_1 

#------------------------------------------------------------------------------------------
#  Timing Point    Flags    Arc   Edge   Cell     Fanout Load Trans Delay Arrival Instance 
#                                                        (fF)  (ps)  (ps)   (ps)  Location 
#------------------------------------------------------------------------------------------
  mem_ready        -       -      R     (arrival)      2  7.8    15     0     100    (-,-) 
  g93634/Y         -       A->Y   F     NAND2X8       37 63.0   136    78     178    (-,-) 
  g93530/Y         -       A->Y   R     INVX1          9 16.7   137   108     285    (-,-) 
  g93027/Y         -       B0->Y  F     OAI211X1       1  2.7    74    90     375    (-,-) 
  g92697/Y         -       A1N->Y F     OAI2BB1X1      6 10.5   133   100     474    (-,-) 
  g92535/Y         -       B->Y   R     NAND2X1        2  4.2    55    60     535    (-,-) 
  g92409/Y         -       C->Y   F     NAND3BXL       2  4.4   140    99     634    (-,-) 
  g92369/Y         -       B->Y   R     NOR2X1         3  6.0   100    94     728    (-,-) 
  g92290/Y         -       B->Y   F     NOR2X1         2  4.3    49    51     780    (-,-) 
  g92257/Y         -       B0->Y  F     OA21X4        35 56.0   114    92     871    (-,-) 
  g92220/Y         -       B->Y   R     NOR2X1         3  6.2    99    88     959    (-,-) 
  g92143/Y         -       B->Y   R     AND2X4        28 48.0    93   102    1060    (-,-) 
  g90951/Y         -       A1->Y  F     AOI222X1       1  2.6    74    73    1134    (-,-) 
  g90915/Y         -       D->Y   R     NAND4XL        1  2.7    48    48    1181    (-,-) 
  reg_op1_reg[3]/D -       -      R     DFFQX4         1    -     -     0    1181    (-,-) 
#------------------------------------------------------------------------------------------



Path 30: MET (2771 ps) Setup Check with Pin reg_op1_reg[2]/CK->D
          Group: I2C
     Startpoint: (R) mem_ready
          Clock: (R) myclock
       Endpoint: (R) reg_op1_reg[2]/D
          Clock: (R) myclock

                     Capture       Launch     
        Clock Edge:+    4000            0     
        Drv Adjust:+       0            0     
       Src Latency:+       0            0     
       Net Latency:+       0 (I)        0 (I) 
           Arrival:=    4000            0     
                                              
             Setup:-      28                  
       Uncertainty:-      20                  
     Required Time:=    3952                  
      Launch Clock:-       0                  
       Input Delay:-     100                  
         Data Path:-    1081                  
             Slack:=    2771                  

Exceptions/Constraints:
  input_delay             100             picorv32.sdc_line_18_1_1 

#------------------------------------------------------------------------------------------
#  Timing Point    Flags    Arc   Edge   Cell     Fanout Load Trans Delay Arrival Instance 
#                                                        (fF)  (ps)  (ps)   (ps)  Location 
#------------------------------------------------------------------------------------------
  mem_ready        -       -      R     (arrival)      2  7.8    15     0     100    (-,-) 
  g93634/Y         -       A->Y   F     NAND2X8       37 63.0   136    78     178    (-,-) 
  g93530/Y         -       A->Y   R     INVX1          9 16.7   137   108     285    (-,-) 
  g93027/Y         -       B0->Y  F     OAI211X1       1  2.7    74    90     375    (-,-) 
  g92697/Y         -       A1N->Y F     OAI2BB1X1      6 10.5   133   100     474    (-,-) 
  g92535/Y         -       B->Y   R     NAND2X1        2  4.2    55    60     535    (-,-) 
  g92409/Y         -       C->Y   F     NAND3BXL       2  4.4   140    99     634    (-,-) 
  g92369/Y         -       B->Y   R     NOR2X1         3  6.0   100    94     728    (-,-) 
  g92290/Y         -       B->Y   F     NOR2X1         2  4.3    49    51     780    (-,-) 
  g92257/Y         -       B0->Y  F     OA21X4        35 56.0   114    92     871    (-,-) 
  g92220/Y         -       B->Y   R     NOR2X1         3  6.2    99    88     959    (-,-) 
  g92143/Y         -       B->Y   R     AND2X4        28 48.0    93   102    1060    (-,-) 
  g90950/Y         -       A1->Y  F     AOI222X1       1  2.6    74    73    1134    (-,-) 
  g90910/Y         -       D->Y   R     NAND4XL        1  2.7    48    48    1181    (-,-) 
  reg_op1_reg[2]/D -       -      R     DFFQX4         1    -     -     0    1181    (-,-) 
#------------------------------------------------------------------------------------------



Path 31: MET (2780 ps) Setup Check with Pin reg_op1_reg[31]/CK->D
          Group: I2C
     Startpoint: (R) mem_ready
          Clock: (R) myclock
       Endpoint: (R) reg_op1_reg[31]/D
          Clock: (R) myclock

                     Capture       Launch     
        Clock Edge:+    4000            0     
        Drv Adjust:+       0            0     
       Src Latency:+       0            0     
       Net Latency:+       0 (I)        0 (I) 
           Arrival:=    4000            0     
                                              
             Setup:-      28                  
       Uncertainty:-      20                  
     Required Time:=    3952                  
      Launch Clock:-       0                  
       Input Delay:-     100                  
         Data Path:-    1072                  
             Slack:=    2780                  

Exceptions/Constraints:
  input_delay             100             picorv32.sdc_line_18_1_1 

#-------------------------------------------------------------------------------------------
#   Timing Point    Flags    Arc   Edge   Cell     Fanout Load Trans Delay Arrival Instance 
#                                                         (fF)  (ps)  (ps)   (ps)  Location 
#-------------------------------------------------------------------------------------------
  mem_ready         -       -      R     (arrival)      2  7.8    15     0     100    (-,-) 
  g93634/Y          -       A->Y   F     NAND2X8       37 63.0   136    78     178    (-,-) 
  g93530/Y          -       A->Y   R     INVX1          9 16.7   137   108     285    (-,-) 
  g93027/Y          -       B0->Y  F     OAI211X1       1  2.7    74    90     375    (-,-) 
  g92697/Y          -       A1N->Y F     OAI2BB1X1      6 10.5   133   100     474    (-,-) 
  g92535/Y          -       B->Y   R     NAND2X1        2  4.2    55    60     535    (-,-) 
  g92409/Y          -       C->Y   F     NAND3BXL       2  4.4   140    99     634    (-,-) 
  g92369/Y          -       B->Y   R     NOR2X1         3  6.0   100    94     728    (-,-) 
  g92290/Y          -       B->Y   F     NOR2X1         2  4.3    49    51     780    (-,-) 
  g92257/Y          -       B0->Y  F     OA21X4        35 56.0   114    92     871    (-,-) 
  g92251/Y          -       A->Y   R     INVX1          3  6.2    64    61     932    (-,-) 
  g92222/Y          -       D->Y   R     AND4X4        31 53.1   110   131    1063    (-,-) 
  g91166/Y          -       B1->Y  F     AOI22X1        1  2.7    67    62    1126    (-,-) 
  g90893/Y          -       C->Y   R     NAND4XL        1  2.7    48    46    1172    (-,-) 
  reg_op1_reg[31]/D -       -      R     DFFX4          1    -     -     0    1172    (-,-) 
#-------------------------------------------------------------------------------------------



Path 32: MET (2784 ps) Setup Check with Pin reg_op1_reg[0]/CK->D
          Group: I2C
     Startpoint: (R) mem_ready
          Clock: (R) myclock
       Endpoint: (R) reg_op1_reg[0]/D
          Clock: (R) myclock

                     Capture       Launch     
        Clock Edge:+    4000            0     
        Drv Adjust:+       0            0     
       Src Latency:+       0            0     
       Net Latency:+       0 (I)        0 (I) 
           Arrival:=    4000            0     
                                              
             Setup:-      26                  
       Uncertainty:-      20                  
     Required Time:=    3954                  
      Launch Clock:-       0                  
       Input Delay:-     100                  
         Data Path:-    1070                  
             Slack:=    2784                  

Exceptions/Constraints:
  input_delay             100             picorv32.sdc_line_18_1_1 

#------------------------------------------------------------------------------------------
#  Timing Point    Flags    Arc   Edge   Cell     Fanout Load Trans Delay Arrival Instance 
#                                                        (fF)  (ps)  (ps)   (ps)  Location 
#------------------------------------------------------------------------------------------
  mem_ready        -       -      R     (arrival)      2  7.8    15     0     100    (-,-) 
  g93634/Y         -       A->Y   F     NAND2X8       37 63.0   136    78     178    (-,-) 
  g93530/Y         -       A->Y   R     INVX1          9 16.7   137   108     285    (-,-) 
  g93027/Y         -       B0->Y  F     OAI211X1       1  2.7    74    90     375    (-,-) 
  g92697/Y         -       A1N->Y F     OAI2BB1X1      6 10.5   133   100     474    (-,-) 
  g92535/Y         -       B->Y   R     NAND2X1        2  4.2    55    60     535    (-,-) 
  g92409/Y         -       C->Y   F     NAND3BXL       2  4.4   140    99     634    (-,-) 
  g92369/Y         -       B->Y   R     NOR2X1         3  6.0   100    94     728    (-,-) 
  g92290/Y         -       B->Y   F     NOR2X1         2  4.3    49    51     780    (-,-) 
  g92257/Y         -       B0->Y  F     OA21X4        35 56.0   114    92     871    (-,-) 
  g92221/Y         -       C->Y   F     OR3X1          3 10.1    72    94     965    (-,-) 
  g92145/Y         -       B->Y   R     NOR2X6        29 49.7   123    82    1047    (-,-) 
  g90940/Y         -       A1->Y  F     AOI222X1       1  2.8    80    85    1132    (-,-) 
  g90938/Y         -       B->Y   R     NAND2X1        1  2.7    35    39    1170    (-,-) 
  reg_op1_reg[0]/D -       -      R     DFFX4          1    -     -     0    1170    (-,-) 
#------------------------------------------------------------------------------------------



Path 33: MET (2872 ps) Setup Check with Pin cpu_state_reg[7]/CK->D
          Group: I2C
     Startpoint: (R) mem_ready
          Clock: (R) myclock
       Endpoint: (R) cpu_state_reg[7]/D
          Clock: (R) myclock

                     Capture       Launch     
        Clock Edge:+    4000            0     
        Drv Adjust:+       0            0     
       Src Latency:+       0            0     
       Net Latency:+       0 (I)        0 (I) 
           Arrival:=    4000            0     
                                              
             Setup:-      30                  
       Uncertainty:-      20                  
     Required Time:=    3950                  
      Launch Clock:-       0                  
       Input Delay:-     100                  
         Data Path:-     978                  
             Slack:=    2872                  

Exceptions/Constraints:
  input_delay             100             picorv32.sdc_line_18_1_1 

#--------------------------------------------------------------------------------------------
#   Timing Point     Flags    Arc   Edge   Cell     Fanout Load Trans Delay Arrival Instance 
#                                                          (fF)  (ps)  (ps)   (ps)  Location 
#--------------------------------------------------------------------------------------------
  mem_ready          -       -      R     (arrival)      2  7.8    15     0     100    (-,-) 
  g93634/Y           -       A->Y   F     NAND2X8       37 63.0   136    78     178    (-,-) 
  g93530/Y           -       A->Y   R     INVX1          9 16.7   137   108     285    (-,-) 
  g93027/Y           -       B0->Y  F     OAI211X1       1  2.7    74    90     375    (-,-) 
  g92697/Y           -       A1N->Y F     OAI2BB1X1      6 10.5   133   100     474    (-,-) 
  g92529/Y           -       AN->Y  F     NAND3BXL       2  4.3   137   107     581    (-,-) 
  g92453/Y           -       B0->Y  F     OA21X1         1  2.7    22    51     632    (-,-) 
  g92325/Y           -       BN->Y  F     NOR4BBX1       1  2.8    39    32     664    (-,-) 
  g92072/Y           -       D->Y   R     NAND4X1        2  4.4    47    34     698    (-,-) 
  g91530/Y           -       B->Y   F     NAND2X1        1  2.8    46    41     740    (-,-) 
  g91112/Y           -       C->Y   R     NOR3X1         3  6.0   129    88     827    (-,-) 
  g91107/Y           -       B->Y   F     NAND2X1        4  7.8   116   102     930    (-,-) 
  g91105/Y           -       A->Y   R     INVX1          2  4.4    52    55     984    (-,-) 
  g91097/Y           -       A0->Y  F     AOI22X1        1  2.6    61    51    1036    (-,-) 
  g91081/Y           -       C->Y   R     NAND3BXL       1  2.8    56    43    1078    (-,-) 
  cpu_state_reg[7]/D -       -      R     DFFHQX1        1    -     -     0    1078    (-,-) 
#--------------------------------------------------------------------------------------------



Path 34: MET (2916 ps) Setup Check with Pin cpu_state_reg[3]/CK->D
          Group: I2C
     Startpoint: (R) mem_ready
          Clock: (R) myclock
       Endpoint: (R) cpu_state_reg[3]/D
          Clock: (R) myclock

                     Capture       Launch     
        Clock Edge:+    4000            0     
        Drv Adjust:+       0            0     
       Src Latency:+       0            0     
       Net Latency:+       0 (I)        0 (I) 
           Arrival:=    4000            0     
                                              
             Setup:-      23                  
       Uncertainty:-      20                  
     Required Time:=    3957                  
      Launch Clock:-       0                  
       Input Delay:-     100                  
         Data Path:-     940                  
             Slack:=    2916                  

Exceptions/Constraints:
  input_delay             100             picorv32.sdc_line_18_1_1 

#--------------------------------------------------------------------------------------------
#   Timing Point     Flags    Arc   Edge   Cell     Fanout Load Trans Delay Arrival Instance 
#                                                          (fF)  (ps)  (ps)   (ps)  Location 
#--------------------------------------------------------------------------------------------
  mem_ready          -       -      R     (arrival)      2  7.8    15     0     100    (-,-) 
  g93634/Y           -       A->Y   F     NAND2X8       37 63.0   136    78     178    (-,-) 
  g93530/Y           -       A->Y   R     INVX1          9 16.7   137   108     285    (-,-) 
  g93027/Y           -       B0->Y  F     OAI211X1       1  2.7    74    90     375    (-,-) 
  g92697/Y           -       A1N->Y F     OAI2BB1X1      6 10.5   133   100     474    (-,-) 
  g92529/Y           -       AN->Y  F     NAND3BXL       2  4.3   137   107     581    (-,-) 
  g92453/Y           -       B0->Y  F     OA21X1         1  2.7    22    51     632    (-,-) 
  g92325/Y           -       BN->Y  F     NOR4BBX1       1  2.8    39    32     664    (-,-) 
  g92072/Y           -       D->Y   R     NAND4X1        2  4.4    47    34     698    (-,-) 
  g91530/Y           -       B->Y   F     NAND2X1        1  2.8    46    41     740    (-,-) 
  g91112/Y           -       C->Y   R     NOR3X1         3  6.0   129    88     827    (-,-) 
  g91107/Y           -       B->Y   F     NAND2X1        4  7.8   116   102     930    (-,-) 
  g91105/Y           -       A->Y   R     INVX1          2  4.4    52    55     984    (-,-) 
  g91008/Y           -       A0->Y  R     AO22X1         1  2.7    23    56    1040    (-,-) 
  cpu_state_reg[3]/D -       -      R     DFFX4          1    -     -     0    1040    (-,-) 
#--------------------------------------------------------------------------------------------



Path 35: MET (2952 ps) Setup Check with Pin cpu_state_reg[0]/CK->D
          Group: I2C
     Startpoint: (R) mem_ready
          Clock: (R) myclock
       Endpoint: (R) cpu_state_reg[0]/D
          Clock: (R) myclock

                     Capture       Launch     
        Clock Edge:+    4000            0     
        Drv Adjust:+       0            0     
       Src Latency:+       0            0     
       Net Latency:+       0 (I)        0 (I) 
           Arrival:=    4000            0     
                                              
             Setup:-      31                  
       Uncertainty:-      20                  
     Required Time:=    3949                  
      Launch Clock:-       0                  
       Input Delay:-     100                  
         Data Path:-     897                  
             Slack:=    2952                  

Exceptions/Constraints:
  input_delay             100             picorv32.sdc_line_18_1_1 

#--------------------------------------------------------------------------------------------
#   Timing Point     Flags    Arc   Edge   Cell     Fanout Load Trans Delay Arrival Instance 
#                                                          (fF)  (ps)  (ps)   (ps)  Location 
#--------------------------------------------------------------------------------------------
  mem_ready          -       -      R     (arrival)      2  7.8    15     0     100    (-,-) 
  g93634/Y           -       A->Y   F     NAND2X8       37 63.0   136    78     178    (-,-) 
  g93530/Y           -       A->Y   R     INVX1          9 16.7   137   108     285    (-,-) 
  g93027/Y           -       B0->Y  F     OAI211X1       1  2.7    74    90     375    (-,-) 
  g92697/Y           -       A1N->Y F     OAI2BB1X1      6 10.5   133   100     474    (-,-) 
  g92529/Y           -       AN->Y  F     NAND3BXL       2  4.3   137   107     581    (-,-) 
  g92453/Y           -       B0->Y  F     OA21X1         1  2.7    22    51     632    (-,-) 
  g92325/Y           -       BN->Y  F     NOR4BBX1       1  2.8    39    32     664    (-,-) 
  g92072/Y           -       D->Y   R     NAND4X1        2  4.4    47    34     698    (-,-) 
  g91530/Y           -       B->Y   F     NAND2X1        1  2.8    46    41     740    (-,-) 
  g91112/Y           -       C->Y   R     NOR3X1         3  6.0   129    88     827    (-,-) 
  g91107/Y           -       B->Y   F     NAND2X1        4  7.8   116   102     930    (-,-) 
  g91089/Y           -       A0->Y  R     OAI22X1        1  2.7    67    67     997    (-,-) 
  cpu_state_reg[0]/D -       -      R     DFFX2          1    -     -     0     997    (-,-) 
#--------------------------------------------------------------------------------------------



Path 36: MET (2952 ps) Setup Check with Pin cpu_state_reg[2]/CK->D
          Group: I2C
     Startpoint: (R) mem_ready
          Clock: (R) myclock
       Endpoint: (R) cpu_state_reg[2]/D
          Clock: (R) myclock

                     Capture       Launch     
        Clock Edge:+    4000            0     
        Drv Adjust:+       0            0     
       Src Latency:+       0            0     
       Net Latency:+       0 (I)        0 (I) 
           Arrival:=    4000            0     
                                              
             Setup:-      31                  
       Uncertainty:-      20                  
     Required Time:=    3949                  
      Launch Clock:-       0                  
       Input Delay:-     100                  
         Data Path:-     897                  
             Slack:=    2952                  

Exceptions/Constraints:
  input_delay             100             picorv32.sdc_line_18_1_1 

#--------------------------------------------------------------------------------------------
#   Timing Point     Flags    Arc   Edge   Cell     Fanout Load Trans Delay Arrival Instance 
#                                                          (fF)  (ps)  (ps)   (ps)  Location 
#--------------------------------------------------------------------------------------------
  mem_ready          -       -      R     (arrival)      2  7.8    15     0     100    (-,-) 
  g93634/Y           -       A->Y   F     NAND2X8       37 63.0   136    78     178    (-,-) 
  g93530/Y           -       A->Y   R     INVX1          9 16.7   137   108     285    (-,-) 
  g93027/Y           -       B0->Y  F     OAI211X1       1  2.7    74    90     375    (-,-) 
  g92697/Y           -       A1N->Y F     OAI2BB1X1      6 10.5   133   100     474    (-,-) 
  g92529/Y           -       AN->Y  F     NAND3BXL       2  4.3   137   107     581    (-,-) 
  g92453/Y           -       B0->Y  F     OA21X1         1  2.7    22    51     632    (-,-) 
  g92325/Y           -       BN->Y  F     NOR4BBX1       1  2.8    39    32     664    (-,-) 
  g92072/Y           -       D->Y   R     NAND4X1        2  4.4    47    34     698    (-,-) 
  g91530/Y           -       B->Y   F     NAND2X1        1  2.8    46    41     740    (-,-) 
  g91112/Y           -       C->Y   R     NOR3X1         3  6.0   129    88     827    (-,-) 
  g91107/Y           -       B->Y   F     NAND2X1        4  7.8   116   102     930    (-,-) 
  g91049/Y           -       A0->Y  R     OAI22X1        1  2.7    67    67     997    (-,-) 
  cpu_state_reg[2]/D -       -      R     DFFX4          1    -     -     0     997    (-,-) 
#--------------------------------------------------------------------------------------------



Path 37: MET (2953 ps) Setup Check with Pin cpu_state_reg[1]/CK->D
          Group: I2C
     Startpoint: (R) mem_ready
          Clock: (R) myclock
       Endpoint: (R) cpu_state_reg[1]/D
          Clock: (R) myclock

                     Capture       Launch     
        Clock Edge:+    4000            0     
        Drv Adjust:+       0            0     
       Src Latency:+       0            0     
       Net Latency:+       0 (I)        0 (I) 
           Arrival:=    4000            0     
                                              
             Setup:-      31                  
       Uncertainty:-      20                  
     Required Time:=    3949                  
      Launch Clock:-       0                  
       Input Delay:-     100                  
         Data Path:-     897                  
             Slack:=    2953                  

Exceptions/Constraints:
  input_delay             100             picorv32.sdc_line_18_1_1 

#--------------------------------------------------------------------------------------------
#   Timing Point     Flags    Arc   Edge   Cell     Fanout Load Trans Delay Arrival Instance 
#                                                          (fF)  (ps)  (ps)   (ps)  Location 
#--------------------------------------------------------------------------------------------
  mem_ready          -       -      R     (arrival)      2  7.8    15     0     100    (-,-) 
  g93634/Y           -       A->Y   F     NAND2X8       37 63.0   136    78     178    (-,-) 
  g93530/Y           -       A->Y   R     INVX1          9 16.7   137   108     285    (-,-) 
  g93027/Y           -       B0->Y  F     OAI211X1       1  2.7    74    90     375    (-,-) 
  g92697/Y           -       A1N->Y F     OAI2BB1X1      6 10.5   133   100     474    (-,-) 
  g92529/Y           -       AN->Y  F     NAND3BXL       2  4.3   137   107     581    (-,-) 
  g92453/Y           -       B0->Y  F     OA21X1         1  2.7    22    51     632    (-,-) 
  g92325/Y           -       BN->Y  F     NOR4BBX1       1  2.8    39    32     664    (-,-) 
  g92072/Y           -       D->Y   R     NAND4X1        2  4.4    47    34     698    (-,-) 
  g91530/Y           -       B->Y   F     NAND2X1        1  2.8    46    41     740    (-,-) 
  g91112/Y           -       C->Y   R     NOR3X1         3  6.0   129    88     827    (-,-) 
  g91107/Y           -       B->Y   F     NAND2X1        4  7.8   116   102     930    (-,-) 
  g91073/Y           -       A0->Y  R     OAI22X1        1  2.7    67    67     997    (-,-) 
  cpu_state_reg[1]/D -       -      R     DFFX1          1    -     -     0     997    (-,-) 
#--------------------------------------------------------------------------------------------



Path 38: MET (3024 ps) Setup Check with Pin cpu_state_reg[6]/CK->D
          Group: I2C
     Startpoint: (R) mem_ready
          Clock: (R) myclock
       Endpoint: (R) cpu_state_reg[6]/D
          Clock: (R) myclock

                     Capture       Launch     
        Clock Edge:+    4000            0     
        Drv Adjust:+       0            0     
       Src Latency:+       0            0     
       Net Latency:+       0 (I)        0 (I) 
           Arrival:=    4000            0     
                                              
             Setup:-      31                  
       Uncertainty:-      20                  
     Required Time:=    3949                  
      Launch Clock:-       0                  
       Input Delay:-     100                  
         Data Path:-     825                  
             Slack:=    3024                  

Exceptions/Constraints:
  input_delay             100             picorv32.sdc_line_18_1_1 

#--------------------------------------------------------------------------------------------
#   Timing Point     Flags    Arc   Edge   Cell     Fanout Load Trans Delay Arrival Instance 
#                                                          (fF)  (ps)  (ps)   (ps)  Location 
#--------------------------------------------------------------------------------------------
  mem_ready          -       -      R     (arrival)      2  7.8    15     0     100    (-,-) 
  g93634/Y           -       A->Y   F     NAND2X8       37 63.0   136    78     178    (-,-) 
  g93530/Y           -       A->Y   R     INVX1          9 16.7   137   108     285    (-,-) 
  g93027/Y           -       B0->Y  F     OAI211X1       1  2.7    74    90     375    (-,-) 
  g92697/Y           -       A1N->Y F     OAI2BB1X1      6 10.5   133   100     474    (-,-) 
  g92529/Y           -       AN->Y  F     NAND3BXL       2  4.3   137   107     581    (-,-) 
  g92453/Y           -       B0->Y  F     OA21X1         1  2.7    22    51     632    (-,-) 
  g92325/Y           -       BN->Y  F     NOR4BBX1       1  2.8    39    32     664    (-,-) 
  g92072/Y           -       D->Y   R     NAND4X1        2  4.4    47    34     698    (-,-) 
  g91530/Y           -       B->Y   F     NAND2X1        1  2.8    46    41     740    (-,-) 
  g91112/Y           -       C->Y   R     NOR3X1         3  6.0   129    88     827    (-,-) 
  g91108/Y           -       B0->Y  F     OAI2BB1X1      1  2.8    52    67     894    (-,-) 
  g91096/Y           -       C0->Y  R     OAI211X1       1  2.7    64    31     925    (-,-) 
  cpu_state_reg[6]/D -       -      R     DFFX4          1    -     -     0     925    (-,-) 
#--------------------------------------------------------------------------------------------



Path 39: MET (3054 ps) Setup Check with Pin decoded_imm_j_reg[20]/CK->D
          Group: I2C
     Startpoint: (R) mem_ready
          Clock: (R) myclock
       Endpoint: (R) decoded_imm_j_reg[20]/D
          Clock: (R) myclock

                     Capture       Launch     
        Clock Edge:+    4000            0     
        Drv Adjust:+       0            0     
       Src Latency:+       0            0     
       Net Latency:+       0 (I)        0 (I) 
           Arrival:=    4000            0     
                                              
             Setup:-      26                  
       Uncertainty:-      20                  
     Required Time:=    3954                  
      Launch Clock:-       0                  
       Input Delay:-     100                  
         Data Path:-     801                  
             Slack:=    3054                  

Exceptions/Constraints:
  input_delay             100             picorv32.sdc_line_18_1_1 

#-------------------------------------------------------------------------------------------------
#      Timing Point       Flags    Arc   Edge   Cell     Fanout Load Trans Delay Arrival Instance 
#                                                               (fF)  (ps)  (ps)   (ps)  Location 
#-------------------------------------------------------------------------------------------------
  mem_ready               -       -      R     (arrival)      2  7.8    15     0     100    (-,-) 
  g93634/Y                -       A->Y   F     NAND2X8       37 63.0   136    78     178    (-,-) 
  g93530/Y                -       A->Y   R     INVX1          9 16.7   137   108     285    (-,-) 
  g93027/Y                -       B0->Y  F     OAI211X1       1  2.7    74    90     375    (-,-) 
  g92697/Y                -       A1N->Y F     OAI2BB1X1      6 10.5   133   100     474    (-,-) 
  g92538/Y                -       B->Y   F     OR2X4         35 57.3   117   124     599    (-,-) 
  g92501/Y                -       A->Y   R     INVX1          4  7.6    73    67     666    (-,-) 
  g92460/Y                -       B->Y   R     AND2X2        22 38.0   136   117     783    (-,-) 
  g92396/Y                -       A1->Y  F     AOI22X1        1  2.8    70    80     863    (-,-) 
  g92342/Y                -       B0->Y  R     OAI2BB1X1      1  2.8    35    38     901    (-,-) 
  decoded_imm_j_reg[20]/D -       -      R     DFFHQX1        1    -     -     0     901    (-,-) 
#-------------------------------------------------------------------------------------------------



Path 40: MET (3054 ps) Setup Check with Pin decoded_imm_j_reg[19]/CK->D
          Group: I2C
     Startpoint: (R) mem_ready
          Clock: (R) myclock
       Endpoint: (R) decoded_imm_j_reg[19]/D
          Clock: (R) myclock

                     Capture       Launch     
        Clock Edge:+    4000            0     
        Drv Adjust:+       0            0     
       Src Latency:+       0            0     
       Net Latency:+       0 (I)        0 (I) 
           Arrival:=    4000            0     
                                              
             Setup:-      26                  
       Uncertainty:-      20                  
     Required Time:=    3954                  
      Launch Clock:-       0                  
       Input Delay:-     100                  
         Data Path:-     801                  
             Slack:=    3054                  

Exceptions/Constraints:
  input_delay             100             picorv32.sdc_line_18_1_1 

#-------------------------------------------------------------------------------------------------
#      Timing Point       Flags    Arc   Edge   Cell     Fanout Load Trans Delay Arrival Instance 
#                                                               (fF)  (ps)  (ps)   (ps)  Location 
#-------------------------------------------------------------------------------------------------
  mem_ready               -       -      R     (arrival)      2  7.8    15     0     100    (-,-) 
  g93634/Y                -       A->Y   F     NAND2X8       37 63.0   136    78     178    (-,-) 
  g93530/Y                -       A->Y   R     INVX1          9 16.7   137   108     285    (-,-) 
  g93027/Y                -       B0->Y  F     OAI211X1       1  2.7    74    90     375    (-,-) 
  g92697/Y                -       A1N->Y F     OAI2BB1X1      6 10.5   133   100     474    (-,-) 
  g92538/Y                -       B->Y   F     OR2X4         35 57.3   117   124     599    (-,-) 
  g92501/Y                -       A->Y   R     INVX1          4  7.6    73    67     666    (-,-) 
  g92460/Y                -       B->Y   R     AND2X2        22 38.0   136   117     783    (-,-) 
  g92395/Y                -       A1->Y  F     AOI22X1        1  2.8    70    80     863    (-,-) 
  g92341/Y                -       B0->Y  R     OAI2BB1X1      1  2.8    35    38     901    (-,-) 
  decoded_imm_j_reg[19]/D -       -      R     DFFHQX1        1    -     -     0     901    (-,-) 
#-------------------------------------------------------------------------------------------------



Path 41: MET (3054 ps) Setup Check with Pin decoded_imm_j_reg[18]/CK->D
          Group: I2C
     Startpoint: (R) mem_ready
          Clock: (R) myclock
       Endpoint: (R) decoded_imm_j_reg[18]/D
          Clock: (R) myclock

                     Capture       Launch     
        Clock Edge:+    4000            0     
        Drv Adjust:+       0            0     
       Src Latency:+       0            0     
       Net Latency:+       0 (I)        0 (I) 
           Arrival:=    4000            0     
                                              
             Setup:-      26                  
       Uncertainty:-      20                  
     Required Time:=    3954                  
      Launch Clock:-       0                  
       Input Delay:-     100                  
         Data Path:-     801                  
             Slack:=    3054                  

Exceptions/Constraints:
  input_delay             100             picorv32.sdc_line_18_1_1 

#-------------------------------------------------------------------------------------------------
#      Timing Point       Flags    Arc   Edge   Cell     Fanout Load Trans Delay Arrival Instance 
#                                                               (fF)  (ps)  (ps)   (ps)  Location 
#-------------------------------------------------------------------------------------------------
  mem_ready               -       -      R     (arrival)      2  7.8    15     0     100    (-,-) 
  g93634/Y                -       A->Y   F     NAND2X8       37 63.0   136    78     178    (-,-) 
  g93530/Y                -       A->Y   R     INVX1          9 16.7   137   108     285    (-,-) 
  g93027/Y                -       B0->Y  F     OAI211X1       1  2.7    74    90     375    (-,-) 
  g92697/Y                -       A1N->Y F     OAI2BB1X1      6 10.5   133   100     474    (-,-) 
  g92538/Y                -       B->Y   F     OR2X4         35 57.3   117   124     599    (-,-) 
  g92501/Y                -       A->Y   R     INVX1          4  7.6    73    67     666    (-,-) 
  g92460/Y                -       B->Y   R     AND2X2        22 38.0   136   117     783    (-,-) 
  g92394/Y                -       A1->Y  F     AOI22X1        1  2.8    70    80     863    (-,-) 
  g92340/Y                -       B0->Y  R     OAI2BB1X1      1  2.8    35    38     901    (-,-) 
  decoded_imm_j_reg[18]/D -       -      R     DFFHQX1        1    -     -     0     901    (-,-) 
#-------------------------------------------------------------------------------------------------



Path 42: MET (3054 ps) Setup Check with Pin decoded_imm_j_reg[17]/CK->D
          Group: I2C
     Startpoint: (R) mem_ready
          Clock: (R) myclock
       Endpoint: (R) decoded_imm_j_reg[17]/D
          Clock: (R) myclock

                     Capture       Launch     
        Clock Edge:+    4000            0     
        Drv Adjust:+       0            0     
       Src Latency:+       0            0     
       Net Latency:+       0 (I)        0 (I) 
           Arrival:=    4000            0     
                                              
             Setup:-      26                  
       Uncertainty:-      20                  
     Required Time:=    3954                  
      Launch Clock:-       0                  
       Input Delay:-     100                  
         Data Path:-     801                  
             Slack:=    3054                  

Exceptions/Constraints:
  input_delay             100             picorv32.sdc_line_18_1_1 

#-------------------------------------------------------------------------------------------------
#      Timing Point       Flags    Arc   Edge   Cell     Fanout Load Trans Delay Arrival Instance 
#                                                               (fF)  (ps)  (ps)   (ps)  Location 
#-------------------------------------------------------------------------------------------------
  mem_ready               -       -      R     (arrival)      2  7.8    15     0     100    (-,-) 
  g93634/Y                -       A->Y   F     NAND2X8       37 63.0   136    78     178    (-,-) 
  g93530/Y                -       A->Y   R     INVX1          9 16.7   137   108     285    (-,-) 
  g93027/Y                -       B0->Y  F     OAI211X1       1  2.7    74    90     375    (-,-) 
  g92697/Y                -       A1N->Y F     OAI2BB1X1      6 10.5   133   100     474    (-,-) 
  g92538/Y                -       B->Y   F     OR2X4         35 57.3   117   124     599    (-,-) 
  g92501/Y                -       A->Y   R     INVX1          4  7.6    73    67     666    (-,-) 
  g92460/Y                -       B->Y   R     AND2X2        22 38.0   136   117     783    (-,-) 
  g92393/Y                -       A1->Y  F     AOI22X1        1  2.8    70    80     863    (-,-) 
  g92339/Y                -       B0->Y  R     OAI2BB1X1      1  2.8    35    38     901    (-,-) 
  decoded_imm_j_reg[17]/D -       -      R     DFFHQX1        1    -     -     0     901    (-,-) 
#-------------------------------------------------------------------------------------------------



Path 43: MET (3054 ps) Setup Check with Pin decoded_imm_j_reg[16]/CK->D
          Group: I2C
     Startpoint: (R) mem_ready
          Clock: (R) myclock
       Endpoint: (R) decoded_imm_j_reg[16]/D
          Clock: (R) myclock

                     Capture       Launch     
        Clock Edge:+    4000            0     
        Drv Adjust:+       0            0     
       Src Latency:+       0            0     
       Net Latency:+       0 (I)        0 (I) 
           Arrival:=    4000            0     
                                              
             Setup:-      26                  
       Uncertainty:-      20                  
     Required Time:=    3954                  
      Launch Clock:-       0                  
       Input Delay:-     100                  
         Data Path:-     801                  
             Slack:=    3054                  

Exceptions/Constraints:
  input_delay             100             picorv32.sdc_line_18_1_1 

#-------------------------------------------------------------------------------------------------
#      Timing Point       Flags    Arc   Edge   Cell     Fanout Load Trans Delay Arrival Instance 
#                                                               (fF)  (ps)  (ps)   (ps)  Location 
#-------------------------------------------------------------------------------------------------
  mem_ready               -       -      R     (arrival)      2  7.8    15     0     100    (-,-) 
  g93634/Y                -       A->Y   F     NAND2X8       37 63.0   136    78     178    (-,-) 
  g93530/Y                -       A->Y   R     INVX1          9 16.7   137   108     285    (-,-) 
  g93027/Y                -       B0->Y  F     OAI211X1       1  2.7    74    90     375    (-,-) 
  g92697/Y                -       A1N->Y F     OAI2BB1X1      6 10.5   133   100     474    (-,-) 
  g92538/Y                -       B->Y   F     OR2X4         35 57.3   117   124     599    (-,-) 
  g92501/Y                -       A->Y   R     INVX1          4  7.6    73    67     666    (-,-) 
  g92460/Y                -       B->Y   R     AND2X2        22 38.0   136   117     783    (-,-) 
  g92392/Y                -       A1->Y  F     AOI22X1        1  2.8    70    80     863    (-,-) 
  g92338/Y                -       B0->Y  R     OAI2BB1X1      1  2.8    35    38     901    (-,-) 
  decoded_imm_j_reg[16]/D -       -      R     DFFHQX1        1    -     -     0     901    (-,-) 
#-------------------------------------------------------------------------------------------------



Path 44: MET (3054 ps) Setup Check with Pin decoded_imm_j_reg[15]/CK->D
          Group: I2C
     Startpoint: (R) mem_ready
          Clock: (R) myclock
       Endpoint: (R) decoded_imm_j_reg[15]/D
          Clock: (R) myclock

                     Capture       Launch     
        Clock Edge:+    4000            0     
        Drv Adjust:+       0            0     
       Src Latency:+       0            0     
       Net Latency:+       0 (I)        0 (I) 
           Arrival:=    4000            0     
                                              
             Setup:-      26                  
       Uncertainty:-      20                  
     Required Time:=    3954                  
      Launch Clock:-       0                  
       Input Delay:-     100                  
         Data Path:-     801                  
             Slack:=    3054                  

Exceptions/Constraints:
  input_delay             100             picorv32.sdc_line_18_1_1 

#-------------------------------------------------------------------------------------------------
#      Timing Point       Flags    Arc   Edge   Cell     Fanout Load Trans Delay Arrival Instance 
#                                                               (fF)  (ps)  (ps)   (ps)  Location 
#-------------------------------------------------------------------------------------------------
  mem_ready               -       -      R     (arrival)      2  7.8    15     0     100    (-,-) 
  g93634/Y                -       A->Y   F     NAND2X8       37 63.0   136    78     178    (-,-) 
  g93530/Y                -       A->Y   R     INVX1          9 16.7   137   108     285    (-,-) 
  g93027/Y                -       B0->Y  F     OAI211X1       1  2.7    74    90     375    (-,-) 
  g92697/Y                -       A1N->Y F     OAI2BB1X1      6 10.5   133   100     474    (-,-) 
  g92538/Y                -       B->Y   F     OR2X4         35 57.3   117   124     599    (-,-) 
  g92501/Y                -       A->Y   R     INVX1          4  7.6    73    67     666    (-,-) 
  g92460/Y                -       B->Y   R     AND2X2        22 38.0   136   117     783    (-,-) 
  g92391/Y                -       A1->Y  F     AOI22X1        1  2.8    70    80     863    (-,-) 
  g92337/Y                -       B0->Y  R     OAI2BB1X1      1  2.8    35    38     901    (-,-) 
  decoded_imm_j_reg[15]/D -       -      R     DFFHQX1        1    -     -     0     901    (-,-) 
#-------------------------------------------------------------------------------------------------



Path 45: MET (3054 ps) Setup Check with Pin decoded_imm_j_reg[10]/CK->D
          Group: I2C
     Startpoint: (R) mem_ready
          Clock: (R) myclock
       Endpoint: (R) decoded_imm_j_reg[10]/D
          Clock: (R) myclock

                     Capture       Launch     
        Clock Edge:+    4000            0     
        Drv Adjust:+       0            0     
       Src Latency:+       0            0     
       Net Latency:+       0 (I)        0 (I) 
           Arrival:=    4000            0     
                                              
             Setup:-      26                  
       Uncertainty:-      20                  
     Required Time:=    3954                  
      Launch Clock:-       0                  
       Input Delay:-     100                  
         Data Path:-     801                  
             Slack:=    3054                  

Exceptions/Constraints:
  input_delay             100             picorv32.sdc_line_18_1_1 

#-------------------------------------------------------------------------------------------------
#      Timing Point       Flags    Arc   Edge   Cell     Fanout Load Trans Delay Arrival Instance 
#                                                               (fF)  (ps)  (ps)   (ps)  Location 
#-------------------------------------------------------------------------------------------------
  mem_ready               -       -      R     (arrival)      2  7.8    15     0     100    (-,-) 
  g93634/Y                -       A->Y   F     NAND2X8       37 63.0   136    78     178    (-,-) 
  g93530/Y                -       A->Y   R     INVX1          9 16.7   137   108     285    (-,-) 
  g93027/Y                -       B0->Y  F     OAI211X1       1  2.7    74    90     375    (-,-) 
  g92697/Y                -       A1N->Y F     OAI2BB1X1      6 10.5   133   100     474    (-,-) 
  g92538/Y                -       B->Y   F     OR2X4         35 57.3   117   124     599    (-,-) 
  g92501/Y                -       A->Y   R     INVX1          4  7.6    73    67     666    (-,-) 
  g92460/Y                -       B->Y   R     AND2X2        22 38.0   136   117     783    (-,-) 
  g92389/Y                -       A1->Y  F     AOI22X1        1  2.8    70    80     863    (-,-) 
  g92335/Y                -       B0->Y  R     OAI2BB1X1      1  2.8    35    38     901    (-,-) 
  decoded_imm_j_reg[10]/D -       -      R     DFFHQX1        1    -     -     0     901    (-,-) 
#-------------------------------------------------------------------------------------------------



Path 46: MET (3054 ps) Setup Check with Pin decoded_imm_j_reg[9]/CK->D
          Group: I2C
     Startpoint: (R) mem_ready
          Clock: (R) myclock
       Endpoint: (R) decoded_imm_j_reg[9]/D
          Clock: (R) myclock

                     Capture       Launch     
        Clock Edge:+    4000            0     
        Drv Adjust:+       0            0     
       Src Latency:+       0            0     
       Net Latency:+       0 (I)        0 (I) 
           Arrival:=    4000            0     
                                              
             Setup:-      26                  
       Uncertainty:-      20                  
     Required Time:=    3954                  
      Launch Clock:-       0                  
       Input Delay:-     100                  
         Data Path:-     801                  
             Slack:=    3054                  

Exceptions/Constraints:
  input_delay             100             picorv32.sdc_line_18_1_1 

#------------------------------------------------------------------------------------------------
#     Timing Point       Flags    Arc   Edge   Cell     Fanout Load Trans Delay Arrival Instance 
#                                                              (fF)  (ps)  (ps)   (ps)  Location 
#------------------------------------------------------------------------------------------------
  mem_ready              -       -      R     (arrival)      2  7.8    15     0     100    (-,-) 
  g93634/Y               -       A->Y   F     NAND2X8       37 63.0   136    78     178    (-,-) 
  g93530/Y               -       A->Y   R     INVX1          9 16.7   137   108     285    (-,-) 
  g93027/Y               -       B0->Y  F     OAI211X1       1  2.7    74    90     375    (-,-) 
  g92697/Y               -       A1N->Y F     OAI2BB1X1      6 10.5   133   100     474    (-,-) 
  g92538/Y               -       B->Y   F     OR2X4         35 57.3   117   124     599    (-,-) 
  g92501/Y               -       A->Y   R     INVX1          4  7.6    73    67     666    (-,-) 
  g92460/Y               -       B->Y   R     AND2X2        22 38.0   136   117     783    (-,-) 
  g92388/Y               -       A1->Y  F     AOI22X1        1  2.8    70    80     863    (-,-) 
  g92334/Y               -       B0->Y  R     OAI2BB1X1      1  2.8    35    38     901    (-,-) 
  decoded_imm_j_reg[9]/D -       -      R     DFFHQX1        1    -     -     0     901    (-,-) 
#------------------------------------------------------------------------------------------------



Path 47: MET (3054 ps) Setup Check with Pin decoded_imm_j_reg[8]/CK->D
          Group: I2C
     Startpoint: (R) mem_ready
          Clock: (R) myclock
       Endpoint: (R) decoded_imm_j_reg[8]/D
          Clock: (R) myclock

                     Capture       Launch     
        Clock Edge:+    4000            0     
        Drv Adjust:+       0            0     
       Src Latency:+       0            0     
       Net Latency:+       0 (I)        0 (I) 
           Arrival:=    4000            0     
                                              
             Setup:-      26                  
       Uncertainty:-      20                  
     Required Time:=    3954                  
      Launch Clock:-       0                  
       Input Delay:-     100                  
         Data Path:-     801                  
             Slack:=    3054                  

Exceptions/Constraints:
  input_delay             100             picorv32.sdc_line_18_1_1 

#------------------------------------------------------------------------------------------------
#     Timing Point       Flags    Arc   Edge   Cell     Fanout Load Trans Delay Arrival Instance 
#                                                              (fF)  (ps)  (ps)   (ps)  Location 
#------------------------------------------------------------------------------------------------
  mem_ready              -       -      R     (arrival)      2  7.8    15     0     100    (-,-) 
  g93634/Y               -       A->Y   F     NAND2X8       37 63.0   136    78     178    (-,-) 
  g93530/Y               -       A->Y   R     INVX1          9 16.7   137   108     285    (-,-) 
  g93027/Y               -       B0->Y  F     OAI211X1       1  2.7    74    90     375    (-,-) 
  g92697/Y               -       A1N->Y F     OAI2BB1X1      6 10.5   133   100     474    (-,-) 
  g92538/Y               -       B->Y   F     OR2X4         35 57.3   117   124     599    (-,-) 
  g92501/Y               -       A->Y   R     INVX1          4  7.6    73    67     666    (-,-) 
  g92460/Y               -       B->Y   R     AND2X2        22 38.0   136   117     783    (-,-) 
  g92380/Y               -       A1->Y  F     AOI22X1        1  2.8    70    80     863    (-,-) 
  g92317/Y               -       B0->Y  R     OAI2BB1X1      1  2.8    35    38     901    (-,-) 
  decoded_imm_j_reg[8]/D -       -      R     DFFHQX1        1    -     -     0     901    (-,-) 
#------------------------------------------------------------------------------------------------



Path 48: MET (3054 ps) Setup Check with Pin decoded_imm_j_reg[7]/CK->D
          Group: I2C
     Startpoint: (R) mem_ready
          Clock: (R) myclock
       Endpoint: (R) decoded_imm_j_reg[7]/D
          Clock: (R) myclock

                     Capture       Launch     
        Clock Edge:+    4000            0     
        Drv Adjust:+       0            0     
       Src Latency:+       0            0     
       Net Latency:+       0 (I)        0 (I) 
           Arrival:=    4000            0     
                                              
             Setup:-      26                  
       Uncertainty:-      20                  
     Required Time:=    3954                  
      Launch Clock:-       0                  
       Input Delay:-     100                  
         Data Path:-     801                  
             Slack:=    3054                  

Exceptions/Constraints:
  input_delay             100             picorv32.sdc_line_18_1_1 

#------------------------------------------------------------------------------------------------
#     Timing Point       Flags    Arc   Edge   Cell     Fanout Load Trans Delay Arrival Instance 
#                                                              (fF)  (ps)  (ps)   (ps)  Location 
#------------------------------------------------------------------------------------------------
  mem_ready              -       -      R     (arrival)      2  7.8    15     0     100    (-,-) 
  g93634/Y               -       A->Y   F     NAND2X8       37 63.0   136    78     178    (-,-) 
  g93530/Y               -       A->Y   R     INVX1          9 16.7   137   108     285    (-,-) 
  g93027/Y               -       B0->Y  F     OAI211X1       1  2.7    74    90     375    (-,-) 
  g92697/Y               -       A1N->Y F     OAI2BB1X1      6 10.5   133   100     474    (-,-) 
  g92538/Y               -       B->Y   F     OR2X4         35 57.3   117   124     599    (-,-) 
  g92501/Y               -       A->Y   R     INVX1          4  7.6    73    67     666    (-,-) 
  g92460/Y               -       B->Y   R     AND2X2        22 38.0   136   117     783    (-,-) 
  g92387/Y               -       A1->Y  F     AOI22X1        1  2.8    70    80     863    (-,-) 
  g92332/Y               -       B0->Y  R     OAI2BB1X1      1  2.8    35    38     901    (-,-) 
  decoded_imm_j_reg[7]/D -       -      R     DFFHQX1        1    -     -     0     901    (-,-) 
#------------------------------------------------------------------------------------------------



Path 49: MET (3054 ps) Setup Check with Pin decoded_imm_j_reg[6]/CK->D
          Group: I2C
     Startpoint: (R) mem_ready
          Clock: (R) myclock
       Endpoint: (R) decoded_imm_j_reg[6]/D
          Clock: (R) myclock

                     Capture       Launch     
        Clock Edge:+    4000            0     
        Drv Adjust:+       0            0     
       Src Latency:+       0            0     
       Net Latency:+       0 (I)        0 (I) 
           Arrival:=    4000            0     
                                              
             Setup:-      26                  
       Uncertainty:-      20                  
     Required Time:=    3954                  
      Launch Clock:-       0                  
       Input Delay:-     100                  
         Data Path:-     801                  
             Slack:=    3054                  

Exceptions/Constraints:
  input_delay             100             picorv32.sdc_line_18_1_1 

#------------------------------------------------------------------------------------------------
#     Timing Point       Flags    Arc   Edge   Cell     Fanout Load Trans Delay Arrival Instance 
#                                                              (fF)  (ps)  (ps)   (ps)  Location 
#------------------------------------------------------------------------------------------------
  mem_ready              -       -      R     (arrival)      2  7.8    15     0     100    (-,-) 
  g93634/Y               -       A->Y   F     NAND2X8       37 63.0   136    78     178    (-,-) 
  g93530/Y               -       A->Y   R     INVX1          9 16.7   137   108     285    (-,-) 
  g93027/Y               -       B0->Y  F     OAI211X1       1  2.7    74    90     375    (-,-) 
  g92697/Y               -       A1N->Y F     OAI2BB1X1      6 10.5   133   100     474    (-,-) 
  g92538/Y               -       B->Y   F     OR2X4         35 57.3   117   124     599    (-,-) 
  g92501/Y               -       A->Y   R     INVX1          4  7.6    73    67     666    (-,-) 
  g92460/Y               -       B->Y   R     AND2X2        22 38.0   136   117     783    (-,-) 
  g92386/Y               -       A1->Y  F     AOI22X1        1  2.8    70    80     863    (-,-) 
  g92331/Y               -       B0->Y  R     OAI2BB1X1      1  2.8    35    38     901    (-,-) 
  decoded_imm_j_reg[6]/D -       -      R     DFFHQX1        1    -     -     0     901    (-,-) 
#------------------------------------------------------------------------------------------------



Path 50: MET (3054 ps) Setup Check with Pin decoded_imm_j_reg[5]/CK->D
          Group: I2C
     Startpoint: (R) mem_ready
          Clock: (R) myclock
       Endpoint: (R) decoded_imm_j_reg[5]/D
          Clock: (R) myclock

                     Capture       Launch     
        Clock Edge:+    4000            0     
        Drv Adjust:+       0            0     
       Src Latency:+       0            0     
       Net Latency:+       0 (I)        0 (I) 
           Arrival:=    4000            0     
                                              
             Setup:-      26                  
       Uncertainty:-      20                  
     Required Time:=    3954                  
      Launch Clock:-       0                  
       Input Delay:-     100                  
         Data Path:-     801                  
             Slack:=    3054                  

Exceptions/Constraints:
  input_delay             100             picorv32.sdc_line_18_1_1 

#------------------------------------------------------------------------------------------------
#     Timing Point       Flags    Arc   Edge   Cell     Fanout Load Trans Delay Arrival Instance 
#                                                              (fF)  (ps)  (ps)   (ps)  Location 
#------------------------------------------------------------------------------------------------
  mem_ready              -       -      R     (arrival)      2  7.8    15     0     100    (-,-) 
  g93634/Y               -       A->Y   F     NAND2X8       37 63.0   136    78     178    (-,-) 
  g93530/Y               -       A->Y   R     INVX1          9 16.7   137   108     285    (-,-) 
  g93027/Y               -       B0->Y  F     OAI211X1       1  2.7    74    90     375    (-,-) 
  g92697/Y               -       A1N->Y F     OAI2BB1X1      6 10.5   133   100     474    (-,-) 
  g92538/Y               -       B->Y   F     OR2X4         35 57.3   117   124     599    (-,-) 
  g92501/Y               -       A->Y   R     INVX1          4  7.6    73    67     666    (-,-) 
  g92460/Y               -       B->Y   R     AND2X2        22 38.0   136   117     783    (-,-) 
  g92385/Y               -       A1->Y  F     AOI22X1        1  2.8    70    80     863    (-,-) 
  g92326/Y               -       B0->Y  R     OAI2BB1X1      1  2.8    35    38     901    (-,-) 
  decoded_imm_j_reg[5]/D -       -      R     DFFHQX1        1    -     -     0     901    (-,-) 
#------------------------------------------------------------------------------------------------

