============================================================
  Generated by:           Genus(TM) Synthesis Solution 22.13-s093_1
  Generated on:           Apr 13 2026  07:17:48 pm
  Module:                 picorv32
  Operating conditions:   PVT_1P1V_0C 
  Interconnect mode:      global
  Area mode:              physical library
============================================================


Path 1: MET (3292 ps) Late External Delay Assertion at pin mem_la_addr[2]
          Group: C2O
     Startpoint: (R) latched_branch_reg/CK
          Clock: (R) myclock
       Endpoint: (R) mem_la_addr[2]
          Clock: (R) myclock

                     Capture       Launch     
        Clock Edge:+    4000            0     
       Src Latency:+       0            0     
       Net Latency:+       0 (I)        0 (I) 
           Arrival:=    4000            0     
                                              
      Output Delay:-     200                  
       Uncertainty:-      20                  
     Required Time:=    3780                  
      Launch Clock:-       0                  
         Data Path:-     488                  
             Slack:=    3292                  

Exceptions/Constraints:
  output_delay             200             picorv32.sdc_line_24_201_1 

#----------------------------------------------------------------------------------------------
#     Timing Point      Flags   Arc   Edge   Cell     Fanout Load Trans Delay Arrival Instance 
#                                                            (fF)  (ps)  (ps)   (ps)  Location 
#----------------------------------------------------------------------------------------------
  latched_branch_reg/CK -       -     R     (arrival)   1556    -     0     0       0    (-,-) 
  latched_branch_reg/Q  -       CK->Q R     DFFX4         33 52.5    95   104     104    (-,-) 
  g61065/Y              -       B->Y  F     NAND2X6       33 53.1   147   101     205    (-,-) 
  g61059/Y              -       A->Y  R     INVX1          3  6.2    70    71     276    (-,-) 
  g61044/Y              -       B->Y  R     AND2X4        30 51.4    98    98     374    (-,-) 
  g60659/Y              -       A1->Y R     AO21X4         2 53.9   103   114     488    (-,-) 
  mem_la_addr[2]        -       -     R     (port)         -    -     -     0     488    (-,-) 
#----------------------------------------------------------------------------------------------



Path 2: MET (3292 ps) Late External Delay Assertion at pin mem_la_addr[3]
          Group: C2O
     Startpoint: (R) latched_branch_reg/CK
          Clock: (R) myclock
       Endpoint: (R) mem_la_addr[3]
          Clock: (R) myclock

                     Capture       Launch     
        Clock Edge:+    4000            0     
       Src Latency:+       0            0     
       Net Latency:+       0 (I)        0 (I) 
           Arrival:=    4000            0     
                                              
      Output Delay:-     200                  
       Uncertainty:-      20                  
     Required Time:=    3780                  
      Launch Clock:-       0                  
         Data Path:-     488                  
             Slack:=    3292                  

Exceptions/Constraints:
  output_delay             200             picorv32.sdc_line_24_200_1 

#----------------------------------------------------------------------------------------------
#     Timing Point      Flags   Arc   Edge   Cell     Fanout Load Trans Delay Arrival Instance 
#                                                            (fF)  (ps)  (ps)   (ps)  Location 
#----------------------------------------------------------------------------------------------
  latched_branch_reg/CK -       -     R     (arrival)   1556    -     0     0       0    (-,-) 
  latched_branch_reg/Q  -       CK->Q R     DFFX4         33 52.5    95   104     104    (-,-) 
  g61065/Y              -       B->Y  F     NAND2X6       33 53.1   147   101     205    (-,-) 
  g61059/Y              -       A->Y  R     INVX1          3  6.2    70    71     276    (-,-) 
  g61044/Y              -       B->Y  R     AND2X4        30 51.4    98    98     374    (-,-) 
  g60655/Y              -       A1->Y R     AO21X4         2 53.9   103   114     488    (-,-) 
  mem_la_addr[3]        -       -     R     (port)         -    -     -     0     488    (-,-) 
#----------------------------------------------------------------------------------------------



Path 3: MET (3292 ps) Late External Delay Assertion at pin mem_la_addr[4]
          Group: C2O
     Startpoint: (R) latched_branch_reg/CK
          Clock: (R) myclock
       Endpoint: (R) mem_la_addr[4]
          Clock: (R) myclock

                     Capture       Launch     
        Clock Edge:+    4000            0     
       Src Latency:+       0            0     
       Net Latency:+       0 (I)        0 (I) 
           Arrival:=    4000            0     
                                              
      Output Delay:-     200                  
       Uncertainty:-      20                  
     Required Time:=    3780                  
      Launch Clock:-       0                  
         Data Path:-     488                  
             Slack:=    3292                  

Exceptions/Constraints:
  output_delay             200             picorv32.sdc_line_24_199_1 

#----------------------------------------------------------------------------------------------
#     Timing Point      Flags   Arc   Edge   Cell     Fanout Load Trans Delay Arrival Instance 
#                                                            (fF)  (ps)  (ps)   (ps)  Location 
#----------------------------------------------------------------------------------------------
  latched_branch_reg/CK -       -     R     (arrival)   1556    -     0     0       0    (-,-) 
  latched_branch_reg/Q  -       CK->Q R     DFFX4         33 52.5    95   104     104    (-,-) 
  g61065/Y              -       B->Y  F     NAND2X6       33 53.1   147   101     205    (-,-) 
  g61059/Y              -       A->Y  R     INVX1          3  6.2    70    71     276    (-,-) 
  g61044/Y              -       B->Y  R     AND2X4        30 51.4    98    98     374    (-,-) 
  g60862/Y              -       A1->Y R     AO21X4         2 53.9   103   114     488    (-,-) 
  mem_la_addr[4]        -       -     R     (port)         -    -     -     0     488    (-,-) 
#----------------------------------------------------------------------------------------------



Path 4: MET (3292 ps) Late External Delay Assertion at pin mem_la_addr[5]
          Group: C2O
     Startpoint: (R) latched_branch_reg/CK
          Clock: (R) myclock
       Endpoint: (R) mem_la_addr[5]
          Clock: (R) myclock

                     Capture       Launch     
        Clock Edge:+    4000            0     
       Src Latency:+       0            0     
       Net Latency:+       0 (I)        0 (I) 
           Arrival:=    4000            0     
                                              
      Output Delay:-     200                  
       Uncertainty:-      20                  
     Required Time:=    3780                  
      Launch Clock:-       0                  
         Data Path:-     488                  
             Slack:=    3292                  

Exceptions/Constraints:
  output_delay             200             picorv32.sdc_line_24_198_1 

#----------------------------------------------------------------------------------------------
#     Timing Point      Flags   Arc   Edge   Cell     Fanout Load Trans Delay Arrival Instance 
#                                                            (fF)  (ps)  (ps)   (ps)  Location 
#----------------------------------------------------------------------------------------------
  latched_branch_reg/CK -       -     R     (arrival)   1556    -     0     0       0    (-,-) 
  latched_branch_reg/Q  -       CK->Q R     DFFX4         33 52.5    95   104     104    (-,-) 
  g61065/Y              -       B->Y  F     NAND2X6       33 53.1   147   101     205    (-,-) 
  g61059/Y              -       A->Y  R     INVX1          3  6.2    70    71     276    (-,-) 
  g61044/Y              -       B->Y  R     AND2X4        30 51.4    98    98     374    (-,-) 
  g60649/Y              -       A1->Y R     AO21X4         2 53.9   103   114     488    (-,-) 
  mem_la_addr[5]        -       -     R     (port)         -    -     -     0     488    (-,-) 
#----------------------------------------------------------------------------------------------



Path 5: MET (3292 ps) Late External Delay Assertion at pin mem_la_addr[6]
          Group: C2O
     Startpoint: (R) latched_branch_reg/CK
          Clock: (R) myclock
       Endpoint: (R) mem_la_addr[6]
          Clock: (R) myclock

                     Capture       Launch     
        Clock Edge:+    4000            0     
       Src Latency:+       0            0     
       Net Latency:+       0 (I)        0 (I) 
           Arrival:=    4000            0     
                                              
      Output Delay:-     200                  
       Uncertainty:-      20                  
     Required Time:=    3780                  
      Launch Clock:-       0                  
         Data Path:-     488                  
             Slack:=    3292                  

Exceptions/Constraints:
  output_delay             200             picorv32.sdc_line_24_197_1 

#----------------------------------------------------------------------------------------------
#     Timing Point      Flags   Arc   Edge   Cell     Fanout Load Trans Delay Arrival Instance 
#                                                            (fF)  (ps)  (ps)   (ps)  Location 
#----------------------------------------------------------------------------------------------
  latched_branch_reg/CK -       -     R     (arrival)   1556    -     0     0       0    (-,-) 
  latched_branch_reg/Q  -       CK->Q R     DFFX4         33 52.5    95   104     104    (-,-) 
  g61065/Y              -       B->Y  F     NAND2X6       33 53.1   147   101     205    (-,-) 
  g61059/Y              -       A->Y  R     INVX1          3  6.2    70    71     276    (-,-) 
  g61044/Y              -       B->Y  R     AND2X4        30 51.4    98    98     374    (-,-) 
  g60646/Y              -       A1->Y R     AO21X4         2 53.9   103   114     488    (-,-) 
  mem_la_addr[6]        -       -     R     (port)         -    -     -     0     488    (-,-) 
#----------------------------------------------------------------------------------------------



Path 6: MET (3292 ps) Late External Delay Assertion at pin mem_la_addr[7]
          Group: C2O
     Startpoint: (R) latched_branch_reg/CK
          Clock: (R) myclock
       Endpoint: (R) mem_la_addr[7]
          Clock: (R) myclock

                     Capture       Launch     
        Clock Edge:+    4000            0     
       Src Latency:+       0            0     
       Net Latency:+       0 (I)        0 (I) 
           Arrival:=    4000            0     
                                              
      Output Delay:-     200                  
       Uncertainty:-      20                  
     Required Time:=    3780                  
      Launch Clock:-       0                  
         Data Path:-     488                  
             Slack:=    3292                  

Exceptions/Constraints:
  output_delay             200             picorv32.sdc_line_24_196_1 

#----------------------------------------------------------------------------------------------
#     Timing Point      Flags   Arc   Edge   Cell     Fanout Load Trans Delay Arrival Instance 
#                                                            (fF)  (ps)  (ps)   (ps)  Location 
#----------------------------------------------------------------------------------------------
  latched_branch_reg/CK -       -     R     (arrival)   1556    -     0     0       0    (-,-) 
  latched_branch_reg/Q  -       CK->Q R     DFFX4         33 52.5    95   104     104    (-,-) 
  g61065/Y              -       B->Y  F     NAND2X6       33 53.1   147   101     205    (-,-) 
  g61059/Y              -       A->Y  R     INVX1          3  6.2    70    71     276    (-,-) 
  g61044/Y              -       B->Y  R     AND2X4        30 51.4    98    98     374    (-,-) 
  g60644/Y              -       A1->Y R     AO21X4         2 53.9   103   114     488    (-,-) 
  mem_la_addr[7]        -       -     R     (port)         -    -     -     0     488    (-,-) 
#----------------------------------------------------------------------------------------------



Path 7: MET (3292 ps) Late External Delay Assertion at pin mem_la_addr[8]
          Group: C2O
     Startpoint: (R) latched_branch_reg/CK
          Clock: (R) myclock
       Endpoint: (R) mem_la_addr[8]
          Clock: (R) myclock

                     Capture       Launch     
        Clock Edge:+    4000            0     
       Src Latency:+       0            0     
       Net Latency:+       0 (I)        0 (I) 
           Arrival:=    4000            0     
                                              
      Output Delay:-     200                  
       Uncertainty:-      20                  
     Required Time:=    3780                  
      Launch Clock:-       0                  
         Data Path:-     488                  
             Slack:=    3292                  

Exceptions/Constraints:
  output_delay             200             picorv32.sdc_line_24_195_1 

#----------------------------------------------------------------------------------------------
#     Timing Point      Flags   Arc   Edge   Cell     Fanout Load Trans Delay Arrival Instance 
#                                                            (fF)  (ps)  (ps)   (ps)  Location 
#----------------------------------------------------------------------------------------------
  latched_branch_reg/CK -       -     R     (arrival)   1556    -     0     0       0    (-,-) 
  latched_branch_reg/Q  -       CK->Q R     DFFX4         33 52.5    95   104     104    (-,-) 
  g61065/Y              -       B->Y  F     NAND2X6       33 53.1   147   101     205    (-,-) 
  g61059/Y              -       A->Y  R     INVX1          3  6.2    70    71     276    (-,-) 
  g61044/Y              -       B->Y  R     AND2X4        30 51.4    98    98     374    (-,-) 
  g60856/Y              -       A1->Y R     AO21X4         2 53.9   103   114     488    (-,-) 
  mem_la_addr[8]        -       -     R     (port)         -    -     -     0     488    (-,-) 
#----------------------------------------------------------------------------------------------



Path 8: MET (3292 ps) Late External Delay Assertion at pin mem_la_addr[9]
          Group: C2O
     Startpoint: (R) latched_branch_reg/CK
          Clock: (R) myclock
       Endpoint: (R) mem_la_addr[9]
          Clock: (R) myclock

                     Capture       Launch     
        Clock Edge:+    4000            0     
       Src Latency:+       0            0     
       Net Latency:+       0 (I)        0 (I) 
           Arrival:=    4000            0     
                                              
      Output Delay:-     200                  
       Uncertainty:-      20                  
     Required Time:=    3780                  
      Launch Clock:-       0                  
         Data Path:-     488                  
             Slack:=    3292                  

Exceptions/Constraints:
  output_delay             200             picorv32.sdc_line_24_194_1 

#----------------------------------------------------------------------------------------------
#     Timing Point      Flags   Arc   Edge   Cell     Fanout Load Trans Delay Arrival Instance 
#                                                            (fF)  (ps)  (ps)   (ps)  Location 
#----------------------------------------------------------------------------------------------
  latched_branch_reg/CK -       -     R     (arrival)   1556    -     0     0       0    (-,-) 
  latched_branch_reg/Q  -       CK->Q R     DFFX4         33 52.5    95   104     104    (-,-) 
  g61065/Y              -       B->Y  F     NAND2X6       33 53.1   147   101     205    (-,-) 
  g61059/Y              -       A->Y  R     INVX1          3  6.2    70    71     276    (-,-) 
  g61044/Y              -       B->Y  R     AND2X4        30 51.4    98    98     374    (-,-) 
  g60672/Y              -       A1->Y R     AO21X4         2 53.9   103   114     488    (-,-) 
  mem_la_addr[9]        -       -     R     (port)         -    -     -     0     488    (-,-) 
#----------------------------------------------------------------------------------------------



Path 9: MET (3292 ps) Late External Delay Assertion at pin mem_la_addr[10]
          Group: C2O
     Startpoint: (R) latched_branch_reg/CK
          Clock: (R) myclock
       Endpoint: (R) mem_la_addr[10]
          Clock: (R) myclock

                     Capture       Launch     
        Clock Edge:+    4000            0     
       Src Latency:+       0            0     
       Net Latency:+       0 (I)        0 (I) 
           Arrival:=    4000            0     
                                              
      Output Delay:-     200                  
       Uncertainty:-      20                  
     Required Time:=    3780                  
      Launch Clock:-       0                  
         Data Path:-     488                  
             Slack:=    3292                  

Exceptions/Constraints:
  output_delay             200             picorv32.sdc_line_24_193_1 

#----------------------------------------------------------------------------------------------
#     Timing Point      Flags   Arc   Edge   Cell     Fanout Load Trans Delay Arrival Instance 
#                                                            (fF)  (ps)  (ps)   (ps)  Location 
#----------------------------------------------------------------------------------------------
  latched_branch_reg/CK -       -     R     (arrival)   1556    -     0     0       0    (-,-) 
  latched_branch_reg/Q  -       CK->Q R     DFFX4         33 52.5    95   104     104    (-,-) 
  g61065/Y              -       B->Y  F     NAND2X6       33 53.1   147   101     205    (-,-) 
  g61059/Y              -       A->Y  R     INVX1          3  6.2    70    71     276    (-,-) 
  g61044/Y              -       B->Y  R     AND2X4        30 51.4    98    98     374    (-,-) 
  g60669/Y              -       A1->Y R     AO21X4         2 53.9   103   114     488    (-,-) 
  mem_la_addr[10]       -       -     R     (port)         -    -     -     0     488    (-,-) 
#----------------------------------------------------------------------------------------------



Path 10: MET (3292 ps) Late External Delay Assertion at pin mem_la_addr[11]
          Group: C2O
     Startpoint: (R) latched_branch_reg/CK
          Clock: (R) myclock
       Endpoint: (R) mem_la_addr[11]
          Clock: (R) myclock

                     Capture       Launch     
        Clock Edge:+    4000            0     
       Src Latency:+       0            0     
       Net Latency:+       0 (I)        0 (I) 
           Arrival:=    4000            0     
                                              
      Output Delay:-     200                  
       Uncertainty:-      20                  
     Required Time:=    3780                  
      Launch Clock:-       0                  
         Data Path:-     488                  
             Slack:=    3292                  

Exceptions/Constraints:
  output_delay             200             picorv32.sdc_line_24_192_1 

#----------------------------------------------------------------------------------------------
#     Timing Point      Flags   Arc   Edge   Cell     Fanout Load Trans Delay Arrival Instance 
#                                                            (fF)  (ps)  (ps)   (ps)  Location 
#----------------------------------------------------------------------------------------------
  latched_branch_reg/CK -       -     R     (arrival)   1556    -     0     0       0    (-,-) 
  latched_branch_reg/Q  -       CK->Q R     DFFX4         33 52.5    95   104     104    (-,-) 
  g61065/Y              -       B->Y  F     NAND2X6       33 53.1   147   101     205    (-,-) 
  g61059/Y              -       A->Y  R     INVX1          3  6.2    70    71     276    (-,-) 
  g61044/Y              -       B->Y  R     AND2X4        30 51.4    98    98     374    (-,-) 
  g60670/Y              -       A1->Y R     AO21X4         2 53.9   103   114     488    (-,-) 
  mem_la_addr[11]       -       -     R     (port)         -    -     -     0     488    (-,-) 
#----------------------------------------------------------------------------------------------



Path 11: MET (3292 ps) Late External Delay Assertion at pin mem_la_addr[12]
          Group: C2O
     Startpoint: (R) latched_branch_reg/CK
          Clock: (R) myclock
       Endpoint: (R) mem_la_addr[12]
          Clock: (R) myclock

                     Capture       Launch     
        Clock Edge:+    4000            0     
       Src Latency:+       0            0     
       Net Latency:+       0 (I)        0 (I) 
           Arrival:=    4000            0     
                                              
      Output Delay:-     200                  
       Uncertainty:-      20                  
     Required Time:=    3780                  
      Launch Clock:-       0                  
         Data Path:-     488                  
             Slack:=    3292                  

Exceptions/Constraints:
  output_delay             200             picorv32.sdc_line_24_191_1 

#----------------------------------------------------------------------------------------------
#     Timing Point      Flags   Arc   Edge   Cell     Fanout Load Trans Delay Arrival Instance 
#                                                            (fF)  (ps)  (ps)   (ps)  Location 
#----------------------------------------------------------------------------------------------
  latched_branch_reg/CK -       -     R     (arrival)   1556    -     0     0       0    (-,-) 
  latched_branch_reg/Q  -       CK->Q R     DFFX4         33 52.5    95   104     104    (-,-) 
  g61065/Y              -       B->Y  F     NAND2X6       33 53.1   147   101     205    (-,-) 
  g61059/Y              -       A->Y  R     INVX1          3  6.2    70    71     276    (-,-) 
  g61044/Y              -       B->Y  R     AND2X4        30 51.4    98    98     374    (-,-) 
  g60671/Y              -       A1->Y R     AO21X4         2 53.9   103   114     488    (-,-) 
  mem_la_addr[12]       -       -     R     (port)         -    -     -     0     488    (-,-) 
#----------------------------------------------------------------------------------------------



Path 12: MET (3292 ps) Late External Delay Assertion at pin mem_la_addr[13]
          Group: C2O
     Startpoint: (R) latched_branch_reg/CK
          Clock: (R) myclock
       Endpoint: (R) mem_la_addr[13]
          Clock: (R) myclock

                     Capture       Launch     
        Clock Edge:+    4000            0     
       Src Latency:+       0            0     
       Net Latency:+       0 (I)        0 (I) 
           Arrival:=    4000            0     
                                              
      Output Delay:-     200                  
       Uncertainty:-      20                  
     Required Time:=    3780                  
      Launch Clock:-       0                  
         Data Path:-     488                  
             Slack:=    3292                  

Exceptions/Constraints:
  output_delay             200             picorv32.sdc_line_24_190_1 

#----------------------------------------------------------------------------------------------
#     Timing Point      Flags   Arc   Edge   Cell     Fanout Load Trans Delay Arrival Instance 
#                                                            (fF)  (ps)  (ps)   (ps)  Location 
#----------------------------------------------------------------------------------------------
  latched_branch_reg/CK -       -     R     (arrival)   1556    -     0     0       0    (-,-) 
  latched_branch_reg/Q  -       CK->Q R     DFFX4         33 52.5    95   104     104    (-,-) 
  g61065/Y              -       B->Y  F     NAND2X6       33 53.1   147   101     205    (-,-) 
  g61059/Y              -       A->Y  R     INVX1          3  6.2    70    71     276    (-,-) 
  g61044/Y              -       B->Y  R     AND2X4        30 51.4    98    98     374    (-,-) 
  g60844/Y              -       A1->Y R     AO21X4         2 53.9   103   114     488    (-,-) 
  mem_la_addr[13]       -       -     R     (port)         -    -     -     0     488    (-,-) 
#----------------------------------------------------------------------------------------------



Path 13: MET (3292 ps) Late External Delay Assertion at pin mem_la_addr[14]
          Group: C2O
     Startpoint: (R) latched_branch_reg/CK
          Clock: (R) myclock
       Endpoint: (R) mem_la_addr[14]
          Clock: (R) myclock

                     Capture       Launch     
        Clock Edge:+    4000            0     
       Src Latency:+       0            0     
       Net Latency:+       0 (I)        0 (I) 
           Arrival:=    4000            0     
                                              
      Output Delay:-     200                  
       Uncertainty:-      20                  
     Required Time:=    3780                  
      Launch Clock:-       0                  
         Data Path:-     488                  
             Slack:=    3292                  

Exceptions/Constraints:
  output_delay             200             picorv32.sdc_line_24_189_1 

#----------------------------------------------------------------------------------------------
#     Timing Point      Flags   Arc   Edge   Cell     Fanout Load Trans Delay Arrival Instance 
#                                                            (fF)  (ps)  (ps)   (ps)  Location 
#----------------------------------------------------------------------------------------------
  latched_branch_reg/CK -       -     R     (arrival)   1556    -     0     0       0    (-,-) 
  latched_branch_reg/Q  -       CK->Q R     DFFX4         33 52.5    95   104     104    (-,-) 
  g61065/Y              -       B->Y  F     NAND2X6       33 53.1   147   101     205    (-,-) 
  g61059/Y              -       A->Y  R     INVX1          3  6.2    70    71     276    (-,-) 
  g61044/Y              -       B->Y  R     AND2X4        30 51.4    98    98     374    (-,-) 
  g60668/Y              -       A1->Y R     AO21X4         2 53.9   103   114     488    (-,-) 
  mem_la_addr[14]       -       -     R     (port)         -    -     -     0     488    (-,-) 
#----------------------------------------------------------------------------------------------



Path 14: MET (3292 ps) Late External Delay Assertion at pin mem_la_addr[15]
          Group: C2O
     Startpoint: (R) latched_branch_reg/CK
          Clock: (R) myclock
       Endpoint: (R) mem_la_addr[15]
          Clock: (R) myclock

                     Capture       Launch     
        Clock Edge:+    4000            0     
       Src Latency:+       0            0     
       Net Latency:+       0 (I)        0 (I) 
           Arrival:=    4000            0     
                                              
      Output Delay:-     200                  
       Uncertainty:-      20                  
     Required Time:=    3780                  
      Launch Clock:-       0                  
         Data Path:-     488                  
             Slack:=    3292                  

Exceptions/Constraints:
  output_delay             200             picorv32.sdc_line_24_188_1 

#----------------------------------------------------------------------------------------------
#     Timing Point      Flags   Arc   Edge   Cell     Fanout Load Trans Delay Arrival Instance 
#                                                            (fF)  (ps)  (ps)   (ps)  Location 
#----------------------------------------------------------------------------------------------
  latched_branch_reg/CK -       -     R     (arrival)   1556    -     0     0       0    (-,-) 
  latched_branch_reg/Q  -       CK->Q R     DFFX4         33 52.5    95   104     104    (-,-) 
  g61065/Y              -       B->Y  F     NAND2X6       33 53.1   147   101     205    (-,-) 
  g61059/Y              -       A->Y  R     INVX1          3  6.2    70    71     276    (-,-) 
  g61044/Y              -       B->Y  R     AND2X4        30 51.4    98    98     374    (-,-) 
  g60627/Y              -       A1->Y R     AO21X4         2 53.9   103   114     488    (-,-) 
  mem_la_addr[15]       -       -     R     (port)         -    -     -     0     488    (-,-) 
#----------------------------------------------------------------------------------------------



Path 15: MET (3292 ps) Late External Delay Assertion at pin mem_la_addr[16]
          Group: C2O
     Startpoint: (R) latched_branch_reg/CK
          Clock: (R) myclock
       Endpoint: (R) mem_la_addr[16]
          Clock: (R) myclock

                     Capture       Launch     
        Clock Edge:+    4000            0     
       Src Latency:+       0            0     
       Net Latency:+       0 (I)        0 (I) 
           Arrival:=    4000            0     
                                              
      Output Delay:-     200                  
       Uncertainty:-      20                  
     Required Time:=    3780                  
      Launch Clock:-       0                  
         Data Path:-     488                  
             Slack:=    3292                  

Exceptions/Constraints:
  output_delay             200             picorv32.sdc_line_24_187_1 

#----------------------------------------------------------------------------------------------
#     Timing Point      Flags   Arc   Edge   Cell     Fanout Load Trans Delay Arrival Instance 
#                                                            (fF)  (ps)  (ps)   (ps)  Location 
#----------------------------------------------------------------------------------------------
  latched_branch_reg/CK -       -     R     (arrival)   1556    -     0     0       0    (-,-) 
  latched_branch_reg/Q  -       CK->Q R     DFFX4         33 52.5    95   104     104    (-,-) 
  g61065/Y              -       B->Y  F     NAND2X6       33 53.1   147   101     205    (-,-) 
  g61059/Y              -       A->Y  R     INVX1          3  6.2    70    71     276    (-,-) 
  g61044/Y              -       B->Y  R     AND2X4        30 51.4    98    98     374    (-,-) 
  g60630/Y              -       A1->Y R     AO21X4         2 53.9   103   114     488    (-,-) 
  mem_la_addr[16]       -       -     R     (port)         -    -     -     0     488    (-,-) 
#----------------------------------------------------------------------------------------------



Path 16: MET (3292 ps) Late External Delay Assertion at pin mem_la_addr[17]
          Group: C2O
     Startpoint: (R) latched_branch_reg/CK
          Clock: (R) myclock
       Endpoint: (R) mem_la_addr[17]
          Clock: (R) myclock

                     Capture       Launch     
        Clock Edge:+    4000            0     
       Src Latency:+       0            0     
       Net Latency:+       0 (I)        0 (I) 
           Arrival:=    4000            0     
                                              
      Output Delay:-     200                  
       Uncertainty:-      20                  
     Required Time:=    3780                  
      Launch Clock:-       0                  
         Data Path:-     488                  
             Slack:=    3292                  

Exceptions/Constraints:
  output_delay             200             picorv32.sdc_line_24_186_1 

#----------------------------------------------------------------------------------------------
#     Timing Point      Flags   Arc   Edge   Cell     Fanout Load Trans Delay Arrival Instance 
#                                                            (fF)  (ps)  (ps)   (ps)  Location 
#----------------------------------------------------------------------------------------------
  latched_branch_reg/CK -       -     R     (arrival)   1556    -     0     0       0    (-,-) 
  latched_branch_reg/Q  -       CK->Q R     DFFX4         33 52.5    95   104     104    (-,-) 
  g61065/Y              -       B->Y  F     NAND2X6       33 53.1   147   101     205    (-,-) 
  g61059/Y              -       A->Y  R     INVX1          3  6.2    70    71     276    (-,-) 
  g61044/Y              -       B->Y  R     AND2X4        30 51.4    98    98     374    (-,-) 
  g60629/Y              -       A1->Y R     AO21X4         2 53.9   103   114     488    (-,-) 
  mem_la_addr[17]       -       -     R     (port)         -    -     -     0     488    (-,-) 
#----------------------------------------------------------------------------------------------



Path 17: MET (3292 ps) Late External Delay Assertion at pin mem_la_addr[18]
          Group: C2O
     Startpoint: (R) latched_branch_reg/CK
          Clock: (R) myclock
       Endpoint: (R) mem_la_addr[18]
          Clock: (R) myclock

                     Capture       Launch     
        Clock Edge:+    4000            0     
       Src Latency:+       0            0     
       Net Latency:+       0 (I)        0 (I) 
           Arrival:=    4000            0     
                                              
      Output Delay:-     200                  
       Uncertainty:-      20                  
     Required Time:=    3780                  
      Launch Clock:-       0                  
         Data Path:-     488                  
             Slack:=    3292                  

Exceptions/Constraints:
  output_delay             200             picorv32.sdc_line_24_185_1 

#----------------------------------------------------------------------------------------------
#     Timing Point      Flags   Arc   Edge   Cell     Fanout Load Trans Delay Arrival Instance 
#                                                            (fF)  (ps)  (ps)   (ps)  Location 
#----------------------------------------------------------------------------------------------
  latched_branch_reg/CK -       -     R     (arrival)   1556    -     0     0       0    (-,-) 
  latched_branch_reg/Q  -       CK->Q R     DFFX4         33 52.5    95   104     104    (-,-) 
  g61065/Y              -       B->Y  F     NAND2X6       33 53.1   147   101     205    (-,-) 
  g61059/Y              -       A->Y  R     INVX1          3  6.2    70    71     276    (-,-) 
  g61044/Y              -       B->Y  R     AND2X4        30 51.4    98    98     374    (-,-) 
  g60645/Y              -       A1->Y R     AO21X4         2 53.9   103   114     488    (-,-) 
  mem_la_addr[18]       -       -     R     (port)         -    -     -     0     488    (-,-) 
#----------------------------------------------------------------------------------------------



Path 18: MET (3292 ps) Late External Delay Assertion at pin mem_la_addr[19]
          Group: C2O
     Startpoint: (R) latched_branch_reg/CK
          Clock: (R) myclock
       Endpoint: (R) mem_la_addr[19]
          Clock: (R) myclock

                     Capture       Launch     
        Clock Edge:+    4000            0     
       Src Latency:+       0            0     
       Net Latency:+       0 (I)        0 (I) 
           Arrival:=    4000            0     
                                              
      Output Delay:-     200                  
       Uncertainty:-      20                  
     Required Time:=    3780                  
      Launch Clock:-       0                  
         Data Path:-     488                  
             Slack:=    3292                  

Exceptions/Constraints:
  output_delay             200             picorv32.sdc_line_24_184_1 

#----------------------------------------------------------------------------------------------
#     Timing Point      Flags   Arc   Edge   Cell     Fanout Load Trans Delay Arrival Instance 
#                                                            (fF)  (ps)  (ps)   (ps)  Location 
#----------------------------------------------------------------------------------------------
  latched_branch_reg/CK -       -     R     (arrival)   1556    -     0     0       0    (-,-) 
  latched_branch_reg/Q  -       CK->Q R     DFFX4         33 52.5    95   104     104    (-,-) 
  g61065/Y              -       B->Y  F     NAND2X6       33 53.1   147   101     205    (-,-) 
  g61059/Y              -       A->Y  R     INVX1          3  6.2    70    71     276    (-,-) 
  g61044/Y              -       B->Y  R     AND2X4        30 51.4    98    98     374    (-,-) 
  g60648/Y              -       A1->Y R     AO21X4         2 53.9   103   114     488    (-,-) 
  mem_la_addr[19]       -       -     R     (port)         -    -     -     0     488    (-,-) 
#----------------------------------------------------------------------------------------------



Path 19: MET (3292 ps) Late External Delay Assertion at pin mem_la_addr[20]
          Group: C2O
     Startpoint: (R) latched_branch_reg/CK
          Clock: (R) myclock
       Endpoint: (R) mem_la_addr[20]
          Clock: (R) myclock

                     Capture       Launch     
        Clock Edge:+    4000            0     
       Src Latency:+       0            0     
       Net Latency:+       0 (I)        0 (I) 
           Arrival:=    4000            0     
                                              
      Output Delay:-     200                  
       Uncertainty:-      20                  
     Required Time:=    3780                  
      Launch Clock:-       0                  
         Data Path:-     488                  
             Slack:=    3292                  

Exceptions/Constraints:
  output_delay             200             picorv32.sdc_line_24_183_1 

#----------------------------------------------------------------------------------------------
#     Timing Point      Flags   Arc   Edge   Cell     Fanout Load Trans Delay Arrival Instance 
#                                                            (fF)  (ps)  (ps)   (ps)  Location 
#----------------------------------------------------------------------------------------------
  latched_branch_reg/CK -       -     R     (arrival)   1556    -     0     0       0    (-,-) 
  latched_branch_reg/Q  -       CK->Q R     DFFX4         33 52.5    95   104     104    (-,-) 
  g61065/Y              -       B->Y  F     NAND2X6       33 53.1   147   101     205    (-,-) 
  g61059/Y              -       A->Y  R     INVX1          3  6.2    70    71     276    (-,-) 
  g61044/Y              -       B->Y  R     AND2X4        30 51.4    98    98     374    (-,-) 
  g60643/Y              -       A1->Y R     AO21X4         2 53.9   103   114     488    (-,-) 
  mem_la_addr[20]       -       -     R     (port)         -    -     -     0     488    (-,-) 
#----------------------------------------------------------------------------------------------



Path 20: MET (3292 ps) Late External Delay Assertion at pin mem_la_addr[21]
          Group: C2O
     Startpoint: (R) latched_branch_reg/CK
          Clock: (R) myclock
       Endpoint: (R) mem_la_addr[21]
          Clock: (R) myclock

                     Capture       Launch     
        Clock Edge:+    4000            0     
       Src Latency:+       0            0     
       Net Latency:+       0 (I)        0 (I) 
           Arrival:=    4000            0     
                                              
      Output Delay:-     200                  
       Uncertainty:-      20                  
     Required Time:=    3780                  
      Launch Clock:-       0                  
         Data Path:-     488                  
             Slack:=    3292                  

Exceptions/Constraints:
  output_delay             200             picorv32.sdc_line_24_182_1 

#----------------------------------------------------------------------------------------------
#     Timing Point      Flags   Arc   Edge   Cell     Fanout Load Trans Delay Arrival Instance 
#                                                            (fF)  (ps)  (ps)   (ps)  Location 
#----------------------------------------------------------------------------------------------
  latched_branch_reg/CK -       -     R     (arrival)   1556    -     0     0       0    (-,-) 
  latched_branch_reg/Q  -       CK->Q R     DFFX4         33 52.5    95   104     104    (-,-) 
  g61065/Y              -       B->Y  F     NAND2X6       33 53.1   147   101     205    (-,-) 
  g61059/Y              -       A->Y  R     INVX1          3  6.2    70    71     276    (-,-) 
  g61044/Y              -       B->Y  R     AND2X4        30 51.4    98    98     374    (-,-) 
  g60855/Y              -       A1->Y R     AO21X4         2 53.9   103   114     488    (-,-) 
  mem_la_addr[21]       -       -     R     (port)         -    -     -     0     488    (-,-) 
#----------------------------------------------------------------------------------------------



Path 21: MET (3292 ps) Late External Delay Assertion at pin mem_la_addr[22]
          Group: C2O
     Startpoint: (R) latched_branch_reg/CK
          Clock: (R) myclock
       Endpoint: (R) mem_la_addr[22]
          Clock: (R) myclock

                     Capture       Launch     
        Clock Edge:+    4000            0     
       Src Latency:+       0            0     
       Net Latency:+       0 (I)        0 (I) 
           Arrival:=    4000            0     
                                              
      Output Delay:-     200                  
       Uncertainty:-      20                  
     Required Time:=    3780                  
      Launch Clock:-       0                  
         Data Path:-     488                  
             Slack:=    3292                  

Exceptions/Constraints:
  output_delay             200             picorv32.sdc_line_24_181_1 

#----------------------------------------------------------------------------------------------
#     Timing Point      Flags   Arc   Edge   Cell     Fanout Load Trans Delay Arrival Instance 
#                                                            (fF)  (ps)  (ps)   (ps)  Location 
#----------------------------------------------------------------------------------------------
  latched_branch_reg/CK -       -     R     (arrival)   1556    -     0     0       0    (-,-) 
  latched_branch_reg/Q  -       CK->Q R     DFFX4         33 52.5    95   104     104    (-,-) 
  g61065/Y              -       B->Y  F     NAND2X6       33 53.1   147   101     205    (-,-) 
  g61059/Y              -       A->Y  R     INVX1          3  6.2    70    71     276    (-,-) 
  g61044/Y              -       B->Y  R     AND2X4        30 51.4    98    98     374    (-,-) 
  g60640/Y              -       A1->Y R     AO21X4         2 53.9   103   114     488    (-,-) 
  mem_la_addr[22]       -       -     R     (port)         -    -     -     0     488    (-,-) 
#----------------------------------------------------------------------------------------------



Path 22: MET (3292 ps) Late External Delay Assertion at pin mem_la_addr[23]
          Group: C2O
     Startpoint: (R) latched_branch_reg/CK
          Clock: (R) myclock
       Endpoint: (R) mem_la_addr[23]
          Clock: (R) myclock

                     Capture       Launch     
        Clock Edge:+    4000            0     
       Src Latency:+       0            0     
       Net Latency:+       0 (I)        0 (I) 
           Arrival:=    4000            0     
                                              
      Output Delay:-     200                  
       Uncertainty:-      20                  
     Required Time:=    3780                  
      Launch Clock:-       0                  
         Data Path:-     488                  
             Slack:=    3292                  

Exceptions/Constraints:
  output_delay             200             picorv32.sdc_line_24_180_1 

#----------------------------------------------------------------------------------------------
#     Timing Point      Flags   Arc   Edge   Cell     Fanout Load Trans Delay Arrival Instance 
#                                                            (fF)  (ps)  (ps)   (ps)  Location 
#----------------------------------------------------------------------------------------------
  latched_branch_reg/CK -       -     R     (arrival)   1556    -     0     0       0    (-,-) 
  latched_branch_reg/Q  -       CK->Q R     DFFX4         33 52.5    95   104     104    (-,-) 
  g61065/Y              -       B->Y  F     NAND2X6       33 53.1   147   101     205    (-,-) 
  g61059/Y              -       A->Y  R     INVX1          3  6.2    70    71     276    (-,-) 
  g61044/Y              -       B->Y  R     AND2X4        30 51.4    98    98     374    (-,-) 
  g60639/Y              -       A1->Y R     AO21X4         2 53.9   103   114     488    (-,-) 
  mem_la_addr[23]       -       -     R     (port)         -    -     -     0     488    (-,-) 
#----------------------------------------------------------------------------------------------



Path 23: MET (3292 ps) Late External Delay Assertion at pin mem_la_addr[24]
          Group: C2O
     Startpoint: (R) latched_branch_reg/CK
          Clock: (R) myclock
       Endpoint: (R) mem_la_addr[24]
          Clock: (R) myclock

                     Capture       Launch     
        Clock Edge:+    4000            0     
       Src Latency:+       0            0     
       Net Latency:+       0 (I)        0 (I) 
           Arrival:=    4000            0     
                                              
      Output Delay:-     200                  
       Uncertainty:-      20                  
     Required Time:=    3780                  
      Launch Clock:-       0                  
         Data Path:-     488                  
             Slack:=    3292                  

Exceptions/Constraints:
  output_delay             200             picorv32.sdc_line_24_179_1 

#----------------------------------------------------------------------------------------------
#     Timing Point      Flags   Arc   Edge   Cell     Fanout Load Trans Delay Arrival Instance 
#                                                            (fF)  (ps)  (ps)   (ps)  Location 
#----------------------------------------------------------------------------------------------
  latched_branch_reg/CK -       -     R     (arrival)   1556    -     0     0       0    (-,-) 
  latched_branch_reg/Q  -       CK->Q R     DFFX4         33 52.5    95   104     104    (-,-) 
  g61065/Y              -       B->Y  F     NAND2X6       33 53.1   147   101     205    (-,-) 
  g61059/Y              -       A->Y  R     INVX1          3  6.2    70    71     276    (-,-) 
  g61044/Y              -       B->Y  R     AND2X4        30 51.4    98    98     374    (-,-) 
  g60635/Y              -       A1->Y R     AO21X4         2 53.9   103   114     488    (-,-) 
  mem_la_addr[24]       -       -     R     (port)         -    -     -     0     488    (-,-) 
#----------------------------------------------------------------------------------------------



Path 24: MET (3292 ps) Late External Delay Assertion at pin mem_la_addr[25]
          Group: C2O
     Startpoint: (R) latched_branch_reg/CK
          Clock: (R) myclock
       Endpoint: (R) mem_la_addr[25]
          Clock: (R) myclock

                     Capture       Launch     
        Clock Edge:+    4000            0     
       Src Latency:+       0            0     
       Net Latency:+       0 (I)        0 (I) 
           Arrival:=    4000            0     
                                              
      Output Delay:-     200                  
       Uncertainty:-      20                  
     Required Time:=    3780                  
      Launch Clock:-       0                  
         Data Path:-     488                  
             Slack:=    3292                  

Exceptions/Constraints:
  output_delay             200             picorv32.sdc_line_24_178_1 

#----------------------------------------------------------------------------------------------
#     Timing Point      Flags   Arc   Edge   Cell     Fanout Load Trans Delay Arrival Instance 
#                                                            (fF)  (ps)  (ps)   (ps)  Location 
#----------------------------------------------------------------------------------------------
  latched_branch_reg/CK -       -     R     (arrival)   1556    -     0     0       0    (-,-) 
  latched_branch_reg/Q  -       CK->Q R     DFFX4         33 52.5    95   104     104    (-,-) 
  g61065/Y              -       B->Y  F     NAND2X6       33 53.1   147   101     205    (-,-) 
  g61059/Y              -       A->Y  R     INVX1          3  6.2    70    71     276    (-,-) 
  g61044/Y              -       B->Y  R     AND2X4        30 51.4    98    98     374    (-,-) 
  g60628/Y              -       A1->Y R     AO21X4         2 53.9   103   114     488    (-,-) 
  mem_la_addr[25]       -       -     R     (port)         -    -     -     0     488    (-,-) 
#----------------------------------------------------------------------------------------------



Path 25: MET (3292 ps) Late External Delay Assertion at pin mem_la_addr[26]
          Group: C2O
     Startpoint: (R) latched_branch_reg/CK
          Clock: (R) myclock
       Endpoint: (R) mem_la_addr[26]
          Clock: (R) myclock

                     Capture       Launch     
        Clock Edge:+    4000            0     
       Src Latency:+       0            0     
       Net Latency:+       0 (I)        0 (I) 
           Arrival:=    4000            0     
                                              
      Output Delay:-     200                  
       Uncertainty:-      20                  
     Required Time:=    3780                  
      Launch Clock:-       0                  
         Data Path:-     488                  
             Slack:=    3292                  

Exceptions/Constraints:
  output_delay             200             picorv32.sdc_line_24_177_1 

#----------------------------------------------------------------------------------------------
#     Timing Point      Flags   Arc   Edge   Cell     Fanout Load Trans Delay Arrival Instance 
#                                                            (fF)  (ps)  (ps)   (ps)  Location 
#----------------------------------------------------------------------------------------------
  latched_branch_reg/CK -       -     R     (arrival)   1556    -     0     0       0    (-,-) 
  latched_branch_reg/Q  -       CK->Q R     DFFX4         33 52.5    95   104     104    (-,-) 
  g61065/Y              -       B->Y  F     NAND2X6       33 53.1   147   101     205    (-,-) 
  g61059/Y              -       A->Y  R     INVX1          3  6.2    70    71     276    (-,-) 
  g61044/Y              -       B->Y  R     AND2X4        30 51.4    98    98     374    (-,-) 
  g60863/Y              -       A1->Y R     AO21X4         2 53.9   103   114     488    (-,-) 
  mem_la_addr[26]       -       -     R     (port)         -    -     -     0     488    (-,-) 
#----------------------------------------------------------------------------------------------



Path 26: MET (3292 ps) Late External Delay Assertion at pin mem_la_addr[27]
          Group: C2O
     Startpoint: (R) latched_branch_reg/CK
          Clock: (R) myclock
       Endpoint: (R) mem_la_addr[27]
          Clock: (R) myclock

                     Capture       Launch     
        Clock Edge:+    4000            0     
       Src Latency:+       0            0     
       Net Latency:+       0 (I)        0 (I) 
           Arrival:=    4000            0     
                                              
      Output Delay:-     200                  
       Uncertainty:-      20                  
     Required Time:=    3780                  
      Launch Clock:-       0                  
         Data Path:-     488                  
             Slack:=    3292                  

Exceptions/Constraints:
  output_delay             200             picorv32.sdc_line_24_176_1 

#----------------------------------------------------------------------------------------------
#     Timing Point      Flags   Arc   Edge   Cell     Fanout Load Trans Delay Arrival Instance 
#                                                            (fF)  (ps)  (ps)   (ps)  Location 
#----------------------------------------------------------------------------------------------
  latched_branch_reg/CK -       -     R     (arrival)   1556    -     0     0       0    (-,-) 
  latched_branch_reg/Q  -       CK->Q R     DFFX4         33 52.5    95   104     104    (-,-) 
  g61065/Y              -       B->Y  F     NAND2X6       33 53.1   147   101     205    (-,-) 
  g61059/Y              -       A->Y  R     INVX1          3  6.2    70    71     276    (-,-) 
  g61044/Y              -       B->Y  R     AND2X4        30 51.4    98    98     374    (-,-) 
  g60654/Y              -       A1->Y R     AO21X4         2 53.9   103   114     488    (-,-) 
  mem_la_addr[27]       -       -     R     (port)         -    -     -     0     488    (-,-) 
#----------------------------------------------------------------------------------------------



Path 27: MET (3292 ps) Late External Delay Assertion at pin mem_la_addr[28]
          Group: C2O
     Startpoint: (R) latched_branch_reg/CK
          Clock: (R) myclock
       Endpoint: (R) mem_la_addr[28]
          Clock: (R) myclock

                     Capture       Launch     
        Clock Edge:+    4000            0     
       Src Latency:+       0            0     
       Net Latency:+       0 (I)        0 (I) 
           Arrival:=    4000            0     
                                              
      Output Delay:-     200                  
       Uncertainty:-      20                  
     Required Time:=    3780                  
      Launch Clock:-       0                  
         Data Path:-     488                  
             Slack:=    3292                  

Exceptions/Constraints:
  output_delay             200             picorv32.sdc_line_24_175_1 

#----------------------------------------------------------------------------------------------
#     Timing Point      Flags   Arc   Edge   Cell     Fanout Load Trans Delay Arrival Instance 
#                                                            (fF)  (ps)  (ps)   (ps)  Location 
#----------------------------------------------------------------------------------------------
  latched_branch_reg/CK -       -     R     (arrival)   1556    -     0     0       0    (-,-) 
  latched_branch_reg/Q  -       CK->Q R     DFFX4         33 52.5    95   104     104    (-,-) 
  g61065/Y              -       B->Y  F     NAND2X6       33 53.1   147   101     205    (-,-) 
  g61059/Y              -       A->Y  R     INVX1          3  6.2    70    71     276    (-,-) 
  g61044/Y              -       B->Y  R     AND2X4        30 51.4    98    98     374    (-,-) 
  g60636/Y              -       A1->Y R     AO21X4         2 53.9   103   114     488    (-,-) 
  mem_la_addr[28]       -       -     R     (port)         -    -     -     0     488    (-,-) 
#----------------------------------------------------------------------------------------------



Path 28: MET (3292 ps) Late External Delay Assertion at pin mem_la_addr[29]
          Group: C2O
     Startpoint: (R) latched_branch_reg/CK
          Clock: (R) myclock
       Endpoint: (R) mem_la_addr[29]
          Clock: (R) myclock

                     Capture       Launch     
        Clock Edge:+    4000            0     
       Src Latency:+       0            0     
       Net Latency:+       0 (I)        0 (I) 
           Arrival:=    4000            0     
                                              
      Output Delay:-     200                  
       Uncertainty:-      20                  
     Required Time:=    3780                  
      Launch Clock:-       0                  
         Data Path:-     488                  
             Slack:=    3292                  

Exceptions/Constraints:
  output_delay             200             picorv32.sdc_line_24_174_1 

#----------------------------------------------------------------------------------------------
#     Timing Point      Flags   Arc   Edge   Cell     Fanout Load Trans Delay Arrival Instance 
#                                                            (fF)  (ps)  (ps)   (ps)  Location 
#----------------------------------------------------------------------------------------------
  latched_branch_reg/CK -       -     R     (arrival)   1556    -     0     0       0    (-,-) 
  latched_branch_reg/Q  -       CK->Q R     DFFX4         33 52.5    95   104     104    (-,-) 
  g61065/Y              -       B->Y  F     NAND2X6       33 53.1   147   101     205    (-,-) 
  g61059/Y              -       A->Y  R     INVX1          3  6.2    70    71     276    (-,-) 
  g61044/Y              -       B->Y  R     AND2X4        30 51.4    98    98     374    (-,-) 
  g60860/Y              -       A1->Y R     AO21X4         2 53.9   103   114     488    (-,-) 
  mem_la_addr[29]       -       -     R     (port)         -    -     -     0     488    (-,-) 
#----------------------------------------------------------------------------------------------



Path 29: MET (3292 ps) Late External Delay Assertion at pin mem_la_addr[30]
          Group: C2O
     Startpoint: (R) latched_branch_reg/CK
          Clock: (R) myclock
       Endpoint: (R) mem_la_addr[30]
          Clock: (R) myclock

                     Capture       Launch     
        Clock Edge:+    4000            0     
       Src Latency:+       0            0     
       Net Latency:+       0 (I)        0 (I) 
           Arrival:=    4000            0     
                                              
      Output Delay:-     200                  
       Uncertainty:-      20                  
     Required Time:=    3780                  
      Launch Clock:-       0                  
         Data Path:-     488                  
             Slack:=    3292                  

Exceptions/Constraints:
  output_delay             200             picorv32.sdc_line_24_173_1 

#----------------------------------------------------------------------------------------------
#     Timing Point      Flags   Arc   Edge   Cell     Fanout Load Trans Delay Arrival Instance 
#                                                            (fF)  (ps)  (ps)   (ps)  Location 
#----------------------------------------------------------------------------------------------
  latched_branch_reg/CK -       -     R     (arrival)   1556    -     0     0       0    (-,-) 
  latched_branch_reg/Q  -       CK->Q R     DFFX4         33 52.5    95   104     104    (-,-) 
  g61065/Y              -       B->Y  F     NAND2X6       33 53.1   147   101     205    (-,-) 
  g61059/Y              -       A->Y  R     INVX1          3  6.2    70    71     276    (-,-) 
  g61044/Y              -       B->Y  R     AND2X4        30 51.4    98    98     374    (-,-) 
  g60861/Y              -       A1->Y R     AO21X4         2 53.9   103   114     488    (-,-) 
  mem_la_addr[30]       -       -     R     (port)         -    -     -     0     488    (-,-) 
#----------------------------------------------------------------------------------------------



Path 30: MET (3292 ps) Late External Delay Assertion at pin mem_la_addr[31]
          Group: C2O
     Startpoint: (R) latched_branch_reg/CK
          Clock: (R) myclock
       Endpoint: (R) mem_la_addr[31]
          Clock: (R) myclock

                     Capture       Launch     
        Clock Edge:+    4000            0     
       Src Latency:+       0            0     
       Net Latency:+       0 (I)        0 (I) 
           Arrival:=    4000            0     
                                              
      Output Delay:-     200                  
       Uncertainty:-      20                  
     Required Time:=    3780                  
      Launch Clock:-       0                  
         Data Path:-     488                  
             Slack:=    3292                  

Exceptions/Constraints:
  output_delay             200             picorv32.sdc_line_24_172_1 

#----------------------------------------------------------------------------------------------
#     Timing Point      Flags   Arc   Edge   Cell     Fanout Load Trans Delay Arrival Instance 
#                                                            (fF)  (ps)  (ps)   (ps)  Location 
#----------------------------------------------------------------------------------------------
  latched_branch_reg/CK -       -     R     (arrival)   1556    -     0     0       0    (-,-) 
  latched_branch_reg/Q  -       CK->Q R     DFFX4         33 52.5    95   104     104    (-,-) 
  g61065/Y              -       B->Y  F     NAND2X6       33 53.1   147   101     205    (-,-) 
  g61059/Y              -       A->Y  R     INVX1          3  6.2    70    71     276    (-,-) 
  g61044/Y              -       B->Y  R     AND2X4        30 51.4    98    98     374    (-,-) 
  g60642/Y              -       A1->Y R     AO21X4         2 53.9   103   114     488    (-,-) 
  mem_la_addr[31]       -       -     R     (port)         -    -     -     0     488    (-,-) 
#----------------------------------------------------------------------------------------------



Path 31: MET (3311 ps) Late External Delay Assertion at pin mem_la_wstrb[2]
          Group: C2O
     Startpoint: (R) mem_wordsize_reg[1]/CK
          Clock: (R) myclock
       Endpoint: (R) mem_la_wstrb[2]
          Clock: (R) myclock

                     Capture       Launch     
        Clock Edge:+    4000            0     
       Src Latency:+       0            0     
       Net Latency:+       0 (I)        0 (I) 
           Arrival:=    4000            0     
                                              
      Output Delay:-     200                  
       Uncertainty:-      20                  
     Required Time:=    3780                  
      Launch Clock:-       0                  
         Data Path:-     469                  
             Slack:=    3311                  

Exceptions/Constraints:
  output_delay             200             picorv32.sdc_line_24_237_1 

#-----------------------------------------------------------------------------------------------
#     Timing Point       Flags   Arc   Edge   Cell     Fanout Load Trans Delay Arrival Instance 
#                                                             (fF)  (ps)  (ps)   (ps)  Location 
#-----------------------------------------------------------------------------------------------
  mem_wordsize_reg[1]/CK -       -     R     (arrival)   1556    -     0     0       0    (-,-) 
  mem_wordsize_reg[1]/Q  -       CK->Q R     SDFFQX1        5  9.3    65    75      75    (-,-) 
  g61067/Y               -       A->Y  F     INVX2          9 15.8    68    52     127    (-,-) 
  g61053/Y               -       B->Y  R     NOR2X2        13 20.8   149   101     228    (-,-) 
  g61027/Y               -       C->Y  F     NAND3BXL       1  2.8   104   105     333    (-,-) 
  g60962/Y               -       B->Y  R     NAND2BX1       2  4.6    52    53     386    (-,-) 
  g60872/Y               -       B->Y  R     OR2X4          2 53.9   100    82     469    (-,-) 
  mem_la_wstrb[2]        -       -     R     (port)         -    -     -     0     469    (-,-) 
#-----------------------------------------------------------------------------------------------



Path 32: MET (3313 ps) Late External Delay Assertion at pin mem_la_wstrb[1]
          Group: C2O
     Startpoint: (R) mem_wordsize_reg[1]/CK
          Clock: (R) myclock
       Endpoint: (R) mem_la_wstrb[1]
          Clock: (R) myclock

                     Capture       Launch     
        Clock Edge:+    4000            0     
       Src Latency:+       0            0     
       Net Latency:+       0 (I)        0 (I) 
           Arrival:=    4000            0     
                                              
      Output Delay:-     200                  
       Uncertainty:-      20                  
     Required Time:=    3780                  
      Launch Clock:-       0                  
         Data Path:-     467                  
             Slack:=    3313                  

Exceptions/Constraints:
  output_delay             200             picorv32.sdc_line_24_238_1 

#-----------------------------------------------------------------------------------------------
#     Timing Point       Flags   Arc   Edge   Cell     Fanout Load Trans Delay Arrival Instance 
#                                                             (fF)  (ps)  (ps)   (ps)  Location 
#-----------------------------------------------------------------------------------------------
  mem_wordsize_reg[1]/CK -       -     R     (arrival)   1556    -     0     0       0    (-,-) 
  mem_wordsize_reg[1]/Q  -       CK->Q R     SDFFQX1        5  9.3    65    75      75    (-,-) 
  g61067/Y               -       A->Y  F     INVX2          9 15.8    68    52     127    (-,-) 
  g61053/Y               -       B->Y  R     NOR2X2        13 20.8   149   101     228    (-,-) 
  g61040/Y               -       C->Y  F     NAND3BX1       2  4.5   106   104     332    (-,-) 
  g61012/Y               -       A->Y  R     INVX1          2  4.4    50    52     384    (-,-) 
  g60873/Y               -       B->Y  R     OR2X4          2 53.9   100    82     466    (-,-) 
  mem_la_wstrb[1]        -       -     R     (port)         -    -     -     0     467    (-,-) 
#-----------------------------------------------------------------------------------------------



Path 33: MET (3357 ps) Late External Delay Assertion at pin mem_la_wstrb[3]
          Group: C2O
     Startpoint: (R) mem_wordsize_reg[1]/CK
          Clock: (R) myclock
       Endpoint: (R) mem_la_wstrb[3]
          Clock: (R) myclock

                     Capture       Launch     
        Clock Edge:+    4000            0     
       Src Latency:+       0            0     
       Net Latency:+       0 (I)        0 (I) 
           Arrival:=    4000            0     
                                              
      Output Delay:-     200                  
       Uncertainty:-      20                  
     Required Time:=    3780                  
      Launch Clock:-       0                  
         Data Path:-     423                  
             Slack:=    3357                  

Exceptions/Constraints:
  output_delay             200             picorv32.sdc_line_24_236_1 

#-----------------------------------------------------------------------------------------------
#     Timing Point       Flags   Arc   Edge   Cell     Fanout Load Trans Delay Arrival Instance 
#                                                             (fF)  (ps)  (ps)   (ps)  Location 
#-----------------------------------------------------------------------------------------------
  mem_wordsize_reg[1]/CK -       -     R     (arrival)   1556    -     0     0       0    (-,-) 
  mem_wordsize_reg[1]/Q  -       CK->Q R     SDFFQX1        5  9.3    65    75      75    (-,-) 
  g61067/Y               -       A->Y  F     INVX2          9 15.8    68    52     127    (-,-) 
  g61053/Y               -       B->Y  R     NOR2X2        13 20.8   149   101     228    (-,-) 
  g61041/Y               -       C->Y  R     AND3XL         4  7.7    92   102     330    (-,-) 
  g60884/Y               -       C->Y  R     OR3X4          2 53.9   100    92     422    (-,-) 
  mem_la_wstrb[3]        -       -     R     (port)         -    -     -     0     423    (-,-) 
#-----------------------------------------------------------------------------------------------



Path 34: MET (3362 ps) Late External Delay Assertion at pin mem_la_wdata[16]
          Group: C2O
     Startpoint: (R) mem_wordsize_reg[1]/CK
          Clock: (R) myclock
       Endpoint: (R) mem_la_wdata[16]
          Clock: (R) myclock

                     Capture       Launch     
        Clock Edge:+    4000            0     
       Src Latency:+       0            0     
       Net Latency:+       0 (I)        0 (I) 
           Arrival:=    4000            0     
                                              
      Output Delay:-     200                  
       Uncertainty:-      20                  
     Required Time:=    3780                  
      Launch Clock:-       0                  
         Data Path:-     418                  
             Slack:=    3362                  

Exceptions/Constraints:
  output_delay             200             picorv32.sdc_line_24_219_1 

#-----------------------------------------------------------------------------------------------
#     Timing Point       Flags   Arc   Edge   Cell     Fanout Load Trans Delay Arrival Instance 
#                                                             (fF)  (ps)  (ps)   (ps)  Location 
#-----------------------------------------------------------------------------------------------
  mem_wordsize_reg[1]/CK -       -     R     (arrival)   1556    -     0     0       0    (-,-) 
  mem_wordsize_reg[1]/Q  -       CK->Q R     SDFFQX1        5  9.3    65    75      75    (-,-) 
  g61067/Y               -       A->Y  F     INVX2          9 15.8    68    52     127    (-,-) 
  g61053/Y               -       B->Y  R     NOR2X2        13 20.8   149   101     228    (-,-) 
  g2/Y                   -       AN->Y R     NAND2BX2       8 14.6    79    74     302    (-,-) 
  g60917/Y               -       A1->Y R     AO22X4         2 53.9   106   116     418    (-,-) 
  mem_la_wdata[16]       -       -     R     (port)         -    -     -     0     418    (-,-) 
#-----------------------------------------------------------------------------------------------



Path 35: MET (3362 ps) Late External Delay Assertion at pin mem_la_wdata[17]
          Group: C2O
     Startpoint: (R) mem_wordsize_reg[1]/CK
          Clock: (R) myclock
       Endpoint: (R) mem_la_wdata[17]
          Clock: (R) myclock

                     Capture       Launch     
        Clock Edge:+    4000            0     
       Src Latency:+       0            0     
       Net Latency:+       0 (I)        0 (I) 
           Arrival:=    4000            0     
                                              
      Output Delay:-     200                  
       Uncertainty:-      20                  
     Required Time:=    3780                  
      Launch Clock:-       0                  
         Data Path:-     418                  
             Slack:=    3362                  

Exceptions/Constraints:
  output_delay             200             picorv32.sdc_line_24_218_1 

#-----------------------------------------------------------------------------------------------
#     Timing Point       Flags   Arc   Edge   Cell     Fanout Load Trans Delay Arrival Instance 
#                                                             (fF)  (ps)  (ps)   (ps)  Location 
#-----------------------------------------------------------------------------------------------
  mem_wordsize_reg[1]/CK -       -     R     (arrival)   1556    -     0     0       0    (-,-) 
  mem_wordsize_reg[1]/Q  -       CK->Q R     SDFFQX1        5  9.3    65    75      75    (-,-) 
  g61067/Y               -       A->Y  F     INVX2          9 15.8    68    52     127    (-,-) 
  g61053/Y               -       B->Y  R     NOR2X2        13 20.8   149   101     228    (-,-) 
  g2/Y                   -       AN->Y R     NAND2BX2       8 14.6    79    74     302    (-,-) 
  g60916/Y               -       A1->Y R     AO22X4         2 53.9   106   116     418    (-,-) 
  mem_la_wdata[17]       -       -     R     (port)         -    -     -     0     418    (-,-) 
#-----------------------------------------------------------------------------------------------



Path 36: MET (3362 ps) Late External Delay Assertion at pin mem_la_wdata[18]
          Group: C2O
     Startpoint: (R) mem_wordsize_reg[1]/CK
          Clock: (R) myclock
       Endpoint: (R) mem_la_wdata[18]
          Clock: (R) myclock

                     Capture       Launch     
        Clock Edge:+    4000            0     
       Src Latency:+       0            0     
       Net Latency:+       0 (I)        0 (I) 
           Arrival:=    4000            0     
                                              
      Output Delay:-     200                  
       Uncertainty:-      20                  
     Required Time:=    3780                  
      Launch Clock:-       0                  
         Data Path:-     418                  
             Slack:=    3362                  

Exceptions/Constraints:
  output_delay             200             picorv32.sdc_line_24_217_1 

#-----------------------------------------------------------------------------------------------
#     Timing Point       Flags   Arc   Edge   Cell     Fanout Load Trans Delay Arrival Instance 
#                                                             (fF)  (ps)  (ps)   (ps)  Location 
#-----------------------------------------------------------------------------------------------
  mem_wordsize_reg[1]/CK -       -     R     (arrival)   1556    -     0     0       0    (-,-) 
  mem_wordsize_reg[1]/Q  -       CK->Q R     SDFFQX1        5  9.3    65    75      75    (-,-) 
  g61067/Y               -       A->Y  F     INVX2          9 15.8    68    52     127    (-,-) 
  g61053/Y               -       B->Y  R     NOR2X2        13 20.8   149   101     228    (-,-) 
  g2/Y                   -       AN->Y R     NAND2BX2       8 14.6    79    74     302    (-,-) 
  g60914/Y               -       A1->Y R     AO22X4         2 53.9   106   116     418    (-,-) 
  mem_la_wdata[18]       -       -     R     (port)         -    -     -     0     418    (-,-) 
#-----------------------------------------------------------------------------------------------



Path 37: MET (3362 ps) Late External Delay Assertion at pin mem_la_wdata[19]
          Group: C2O
     Startpoint: (R) mem_wordsize_reg[1]/CK
          Clock: (R) myclock
       Endpoint: (R) mem_la_wdata[19]
          Clock: (R) myclock

                     Capture       Launch     
        Clock Edge:+    4000            0     
       Src Latency:+       0            0     
       Net Latency:+       0 (I)        0 (I) 
           Arrival:=    4000            0     
                                              
      Output Delay:-     200                  
       Uncertainty:-      20                  
     Required Time:=    3780                  
      Launch Clock:-       0                  
         Data Path:-     418                  
             Slack:=    3362                  

Exceptions/Constraints:
  output_delay             200             picorv32.sdc_line_24_216_1 

#-----------------------------------------------------------------------------------------------
#     Timing Point       Flags   Arc   Edge   Cell     Fanout Load Trans Delay Arrival Instance 
#                                                             (fF)  (ps)  (ps)   (ps)  Location 
#-----------------------------------------------------------------------------------------------
  mem_wordsize_reg[1]/CK -       -     R     (arrival)   1556    -     0     0       0    (-,-) 
  mem_wordsize_reg[1]/Q  -       CK->Q R     SDFFQX1        5  9.3    65    75      75    (-,-) 
  g61067/Y               -       A->Y  F     INVX2          9 15.8    68    52     127    (-,-) 
  g61053/Y               -       B->Y  R     NOR2X2        13 20.8   149   101     228    (-,-) 
  g2/Y                   -       AN->Y R     NAND2BX2       8 14.6    79    74     302    (-,-) 
  g60912/Y               -       A1->Y R     AO22X4         2 53.9   106   116     418    (-,-) 
  mem_la_wdata[19]       -       -     R     (port)         -    -     -     0     418    (-,-) 
#-----------------------------------------------------------------------------------------------



Path 38: MET (3362 ps) Late External Delay Assertion at pin mem_la_wdata[20]
          Group: C2O
     Startpoint: (R) mem_wordsize_reg[1]/CK
          Clock: (R) myclock
       Endpoint: (R) mem_la_wdata[20]
          Clock: (R) myclock

                     Capture       Launch     
        Clock Edge:+    4000            0     
       Src Latency:+       0            0     
       Net Latency:+       0 (I)        0 (I) 
           Arrival:=    4000            0     
                                              
      Output Delay:-     200                  
       Uncertainty:-      20                  
     Required Time:=    3780                  
      Launch Clock:-       0                  
         Data Path:-     418                  
             Slack:=    3362                  

Exceptions/Constraints:
  output_delay             200             picorv32.sdc_line_24_215_1 

#-----------------------------------------------------------------------------------------------
#     Timing Point       Flags   Arc   Edge   Cell     Fanout Load Trans Delay Arrival Instance 
#                                                             (fF)  (ps)  (ps)   (ps)  Location 
#-----------------------------------------------------------------------------------------------
  mem_wordsize_reg[1]/CK -       -     R     (arrival)   1556    -     0     0       0    (-,-) 
  mem_wordsize_reg[1]/Q  -       CK->Q R     SDFFQX1        5  9.3    65    75      75    (-,-) 
  g61067/Y               -       A->Y  F     INVX2          9 15.8    68    52     127    (-,-) 
  g61053/Y               -       B->Y  R     NOR2X2        13 20.8   149   101     228    (-,-) 
  g2/Y                   -       AN->Y R     NAND2BX2       8 14.6    79    74     302    (-,-) 
  g60869/Y               -       A1->Y R     AO22X4         2 53.9   106   116     418    (-,-) 
  mem_la_wdata[20]       -       -     R     (port)         -    -     -     0     418    (-,-) 
#-----------------------------------------------------------------------------------------------



Path 39: MET (3362 ps) Late External Delay Assertion at pin mem_la_wdata[21]
          Group: C2O
     Startpoint: (R) mem_wordsize_reg[1]/CK
          Clock: (R) myclock
       Endpoint: (R) mem_la_wdata[21]
          Clock: (R) myclock

                     Capture       Launch     
        Clock Edge:+    4000            0     
       Src Latency:+       0            0     
       Net Latency:+       0 (I)        0 (I) 
           Arrival:=    4000            0     
                                              
      Output Delay:-     200                  
       Uncertainty:-      20                  
     Required Time:=    3780                  
      Launch Clock:-       0                  
         Data Path:-     418                  
             Slack:=    3362                  

Exceptions/Constraints:
  output_delay             200             picorv32.sdc_line_24_214_1 

#-----------------------------------------------------------------------------------------------
#     Timing Point       Flags   Arc   Edge   Cell     Fanout Load Trans Delay Arrival Instance 
#                                                             (fF)  (ps)  (ps)   (ps)  Location 
#-----------------------------------------------------------------------------------------------
  mem_wordsize_reg[1]/CK -       -     R     (arrival)   1556    -     0     0       0    (-,-) 
  mem_wordsize_reg[1]/Q  -       CK->Q R     SDFFQX1        5  9.3    65    75      75    (-,-) 
  g61067/Y               -       A->Y  F     INVX2          9 15.8    68    52     127    (-,-) 
  g61053/Y               -       B->Y  R     NOR2X2        13 20.8   149   101     228    (-,-) 
  g2/Y                   -       AN->Y R     NAND2BX2       8 14.6    79    74     302    (-,-) 
  g60870/Y               -       A1->Y R     AO22X4         2 53.9   106   116     418    (-,-) 
  mem_la_wdata[21]       -       -     R     (port)         -    -     -     0     418    (-,-) 
#-----------------------------------------------------------------------------------------------



Path 40: MET (3362 ps) Late External Delay Assertion at pin mem_la_wdata[22]
          Group: C2O
     Startpoint: (R) mem_wordsize_reg[1]/CK
          Clock: (R) myclock
       Endpoint: (R) mem_la_wdata[22]
          Clock: (R) myclock

                     Capture       Launch     
        Clock Edge:+    4000            0     
       Src Latency:+       0            0     
       Net Latency:+       0 (I)        0 (I) 
           Arrival:=    4000            0     
                                              
      Output Delay:-     200                  
       Uncertainty:-      20                  
     Required Time:=    3780                  
      Launch Clock:-       0                  
         Data Path:-     418                  
             Slack:=    3362                  

Exceptions/Constraints:
  output_delay             200             picorv32.sdc_line_24_213_1 

#-----------------------------------------------------------------------------------------------
#     Timing Point       Flags   Arc   Edge   Cell     Fanout Load Trans Delay Arrival Instance 
#                                                             (fF)  (ps)  (ps)   (ps)  Location 
#-----------------------------------------------------------------------------------------------
  mem_wordsize_reg[1]/CK -       -     R     (arrival)   1556    -     0     0       0    (-,-) 
  mem_wordsize_reg[1]/Q  -       CK->Q R     SDFFQX1        5  9.3    65    75      75    (-,-) 
  g61067/Y               -       A->Y  F     INVX2          9 15.8    68    52     127    (-,-) 
  g61053/Y               -       B->Y  R     NOR2X2        13 20.8   149   101     228    (-,-) 
  g2/Y                   -       AN->Y R     NAND2BX2       8 14.6    79    74     302    (-,-) 
  g60883/Y               -       A1->Y R     AO22X4         2 53.9   106   116     418    (-,-) 
  mem_la_wdata[22]       -       -     R     (port)         -    -     -     0     418    (-,-) 
#-----------------------------------------------------------------------------------------------



Path 41: MET (3362 ps) Late External Delay Assertion at pin mem_la_wdata[23]
          Group: C2O
     Startpoint: (R) mem_wordsize_reg[1]/CK
          Clock: (R) myclock
       Endpoint: (R) mem_la_wdata[23]
          Clock: (R) myclock

                     Capture       Launch     
        Clock Edge:+    4000            0     
       Src Latency:+       0            0     
       Net Latency:+       0 (I)        0 (I) 
           Arrival:=    4000            0     
                                              
      Output Delay:-     200                  
       Uncertainty:-      20                  
     Required Time:=    3780                  
      Launch Clock:-       0                  
         Data Path:-     418                  
             Slack:=    3362                  

Exceptions/Constraints:
  output_delay             200             picorv32.sdc_line_24_212_1 

#-----------------------------------------------------------------------------------------------
#     Timing Point       Flags   Arc   Edge   Cell     Fanout Load Trans Delay Arrival Instance 
#                                                             (fF)  (ps)  (ps)   (ps)  Location 
#-----------------------------------------------------------------------------------------------
  mem_wordsize_reg[1]/CK -       -     R     (arrival)   1556    -     0     0       0    (-,-) 
  mem_wordsize_reg[1]/Q  -       CK->Q R     SDFFQX1        5  9.3    65    75      75    (-,-) 
  g61067/Y               -       A->Y  F     INVX2          9 15.8    68    52     127    (-,-) 
  g61053/Y               -       B->Y  R     NOR2X2        13 20.8   149   101     228    (-,-) 
  g2/Y                   -       AN->Y R     NAND2BX2       8 14.6    79    74     302    (-,-) 
  g60906/Y               -       A1->Y R     AO22X4         2 53.9   106   116     418    (-,-) 
  mem_la_wdata[23]       -       -     R     (port)         -    -     -     0     418    (-,-) 
#-----------------------------------------------------------------------------------------------



Path 42: MET (3372 ps) Late External Delay Assertion at pin mem_la_wstrb[0]
          Group: C2O
     Startpoint: (R) mem_wordsize_reg[1]/CK
          Clock: (R) myclock
       Endpoint: (R) mem_la_wstrb[0]
          Clock: (R) myclock

                     Capture       Launch     
        Clock Edge:+    4000            0     
       Src Latency:+       0            0     
       Net Latency:+       0 (I)        0 (I) 
           Arrival:=    4000            0     
                                              
      Output Delay:-     200                  
       Uncertainty:-      20                  
     Required Time:=    3780                  
      Launch Clock:-       0                  
         Data Path:-     408                  
             Slack:=    3372                  

Exceptions/Constraints:
  output_delay             200             picorv32.sdc_line_24_239_1 

#-----------------------------------------------------------------------------------------------
#     Timing Point       Flags   Arc   Edge   Cell     Fanout Load Trans Delay Arrival Instance 
#                                                             (fF)  (ps)  (ps)   (ps)  Location 
#-----------------------------------------------------------------------------------------------
  mem_wordsize_reg[1]/CK -       -     R     (arrival)   1556    -     0     0       0    (-,-) 
  mem_wordsize_reg[1]/Q  -       CK->Q F     SDFFQX1        5  9.0    62    78      78    (-,-) 
  g61069/Y               -       AN->Y F     NAND2BX2      12 20.5   148   108     186    (-,-) 
  g60977/Y               -       A1->Y R     OAI21X1        4  7.9   129   115     301    (-,-) 
  g60907/Y               -       B0->Y R     AO21X4         5 58.9   112   106     407    (-,-) 
  mem_la_wstrb[0]        -       -     R     (port)         -    -     -     0     408    (-,-) 
#-----------------------------------------------------------------------------------------------



Path 43: MET (3406 ps) Late External Delay Assertion at pin mem_la_wdata[8]
          Group: C2O
     Startpoint: (R) mem_wordsize_reg[1]/CK
          Clock: (R) myclock
       Endpoint: (R) mem_la_wdata[8]
          Clock: (R) myclock

                     Capture       Launch     
        Clock Edge:+    4000            0     
       Src Latency:+       0            0     
       Net Latency:+       0 (I)        0 (I) 
           Arrival:=    4000            0     
                                              
      Output Delay:-     200                  
       Uncertainty:-      20                  
     Required Time:=    3780                  
      Launch Clock:-       0                  
         Data Path:-     374                  
             Slack:=    3406                  

Exceptions/Constraints:
  output_delay             200             picorv32.sdc_line_24_227_1 

#-----------------------------------------------------------------------------------------------
#     Timing Point       Flags   Arc   Edge   Cell     Fanout Load Trans Delay Arrival Instance 
#                                                             (fF)  (ps)  (ps)   (ps)  Location 
#-----------------------------------------------------------------------------------------------
  mem_wordsize_reg[1]/CK -       -     R     (arrival)   1556    -     0     0       0    (-,-) 
  mem_wordsize_reg[1]/Q  -       CK->Q R     SDFFQX1        5  9.3    65    75      75    (-,-) 
  g61067/Y               -       A->Y  F     INVX2          9 15.8    68    52     127    (-,-) 
  g61053/Y               -       B->Y  R     NOR2X2        13 20.8   149   101     228    (-,-) 
  g61005/Y               -       A->Y  R     AND2X1         2  4.6    35    65     293    (-,-) 
  g60967/Y               -       B0->Y R     AO21X4         2 53.9   103    81     374    (-,-) 
  mem_la_wdata[8]        -       -     R     (port)         -    -     -     0     374    (-,-) 
#-----------------------------------------------------------------------------------------------



Path 44: MET (3406 ps) Late External Delay Assertion at pin mem_la_wdata[9]
          Group: C2O
     Startpoint: (R) mem_wordsize_reg[1]/CK
          Clock: (R) myclock
       Endpoint: (R) mem_la_wdata[9]
          Clock: (R) myclock

                     Capture       Launch     
        Clock Edge:+    4000            0     
       Src Latency:+       0            0     
       Net Latency:+       0 (I)        0 (I) 
           Arrival:=    4000            0     
                                              
      Output Delay:-     200                  
       Uncertainty:-      20                  
     Required Time:=    3780                  
      Launch Clock:-       0                  
         Data Path:-     374                  
             Slack:=    3406                  

Exceptions/Constraints:
  output_delay             200             picorv32.sdc_line_24_226_1 

#-----------------------------------------------------------------------------------------------
#     Timing Point       Flags   Arc   Edge   Cell     Fanout Load Trans Delay Arrival Instance 
#                                                             (fF)  (ps)  (ps)   (ps)  Location 
#-----------------------------------------------------------------------------------------------
  mem_wordsize_reg[1]/CK -       -     R     (arrival)   1556    -     0     0       0    (-,-) 
  mem_wordsize_reg[1]/Q  -       CK->Q R     SDFFQX1        5  9.3    65    75      75    (-,-) 
  g61067/Y               -       A->Y  F     INVX2          9 15.8    68    52     127    (-,-) 
  g61053/Y               -       B->Y  R     NOR2X2        13 20.8   149   101     228    (-,-) 
  g61006/Y               -       A->Y  R     AND2X1         2  4.6    35    65     293    (-,-) 
  g60971/Y               -       B0->Y R     AO21X4         2 53.9   103    81     374    (-,-) 
  mem_la_wdata[9]        -       -     R     (port)         -    -     -     0     374    (-,-) 
#-----------------------------------------------------------------------------------------------



Path 45: MET (3406 ps) Late External Delay Assertion at pin mem_la_wdata[10]
          Group: C2O
     Startpoint: (R) mem_wordsize_reg[1]/CK
          Clock: (R) myclock
       Endpoint: (R) mem_la_wdata[10]
          Clock: (R) myclock

                     Capture       Launch     
        Clock Edge:+    4000            0     
       Src Latency:+       0            0     
       Net Latency:+       0 (I)        0 (I) 
           Arrival:=    4000            0     
                                              
      Output Delay:-     200                  
       Uncertainty:-      20                  
     Required Time:=    3780                  
      Launch Clock:-       0                  
         Data Path:-     374                  
             Slack:=    3406                  

Exceptions/Constraints:
  output_delay             200             picorv32.sdc_line_24_225_1 

#-----------------------------------------------------------------------------------------------
#     Timing Point       Flags   Arc   Edge   Cell     Fanout Load Trans Delay Arrival Instance 
#                                                             (fF)  (ps)  (ps)   (ps)  Location 
#-----------------------------------------------------------------------------------------------
  mem_wordsize_reg[1]/CK -       -     R     (arrival)   1556    -     0     0       0    (-,-) 
  mem_wordsize_reg[1]/Q  -       CK->Q R     SDFFQX1        5  9.3    65    75      75    (-,-) 
  g61067/Y               -       A->Y  F     INVX2          9 15.8    68    52     127    (-,-) 
  g61053/Y               -       B->Y  R     NOR2X2        13 20.8   149   101     228    (-,-) 
  g61007/Y               -       A->Y  R     AND2X1         2  4.6    35    65     293    (-,-) 
  g60970/Y               -       B0->Y R     AO21X4         2 53.9   103    81     374    (-,-) 
  mem_la_wdata[10]       -       -     R     (port)         -    -     -     0     374    (-,-) 
#-----------------------------------------------------------------------------------------------



Path 46: MET (3406 ps) Late External Delay Assertion at pin mem_la_wdata[11]
          Group: C2O
     Startpoint: (R) mem_wordsize_reg[1]/CK
          Clock: (R) myclock
       Endpoint: (R) mem_la_wdata[11]
          Clock: (R) myclock

                     Capture       Launch     
        Clock Edge:+    4000            0     
       Src Latency:+       0            0     
       Net Latency:+       0 (I)        0 (I) 
           Arrival:=    4000            0     
                                              
      Output Delay:-     200                  
       Uncertainty:-      20                  
     Required Time:=    3780                  
      Launch Clock:-       0                  
         Data Path:-     374                  
             Slack:=    3406                  

Exceptions/Constraints:
  output_delay             200             picorv32.sdc_line_24_224_1 

#-----------------------------------------------------------------------------------------------
#     Timing Point       Flags   Arc   Edge   Cell     Fanout Load Trans Delay Arrival Instance 
#                                                             (fF)  (ps)  (ps)   (ps)  Location 
#-----------------------------------------------------------------------------------------------
  mem_wordsize_reg[1]/CK -       -     R     (arrival)   1556    -     0     0       0    (-,-) 
  mem_wordsize_reg[1]/Q  -       CK->Q R     SDFFQX1        5  9.3    65    75      75    (-,-) 
  g61067/Y               -       A->Y  F     INVX2          9 15.8    68    52     127    (-,-) 
  g61053/Y               -       B->Y  R     NOR2X2        13 20.8   149   101     228    (-,-) 
  g61011/Y               -       A->Y  R     AND2X1         2  4.6    35    65     293    (-,-) 
  g60969/Y               -       B0->Y R     AO21X4         2 53.9   103    81     374    (-,-) 
  mem_la_wdata[11]       -       -     R     (port)         -    -     -     0     374    (-,-) 
#-----------------------------------------------------------------------------------------------



Path 47: MET (3406 ps) Late External Delay Assertion at pin mem_la_wdata[12]
          Group: C2O
     Startpoint: (R) mem_wordsize_reg[1]/CK
          Clock: (R) myclock
       Endpoint: (R) mem_la_wdata[12]
          Clock: (R) myclock

                     Capture       Launch     
        Clock Edge:+    4000            0     
       Src Latency:+       0            0     
       Net Latency:+       0 (I)        0 (I) 
           Arrival:=    4000            0     
                                              
      Output Delay:-     200                  
       Uncertainty:-      20                  
     Required Time:=    3780                  
      Launch Clock:-       0                  
         Data Path:-     374                  
             Slack:=    3406                  

Exceptions/Constraints:
  output_delay             200             picorv32.sdc_line_24_223_1 

#-----------------------------------------------------------------------------------------------
#     Timing Point       Flags   Arc   Edge   Cell     Fanout Load Trans Delay Arrival Instance 
#                                                             (fF)  (ps)  (ps)   (ps)  Location 
#-----------------------------------------------------------------------------------------------
  mem_wordsize_reg[1]/CK -       -     R     (arrival)   1556    -     0     0       0    (-,-) 
  mem_wordsize_reg[1]/Q  -       CK->Q R     SDFFQX1        5  9.3    65    75      75    (-,-) 
  g61067/Y               -       A->Y  F     INVX2          9 15.8    68    52     127    (-,-) 
  g61053/Y               -       B->Y  R     NOR2X2        13 20.8   149   101     228    (-,-) 
  g61009/Y               -       A->Y  R     AND2X1         2  4.6    35    65     293    (-,-) 
  g60968/Y               -       B0->Y R     AO21X4         2 53.9   103    81     374    (-,-) 
  mem_la_wdata[12]       -       -     R     (port)         -    -     -     0     374    (-,-) 
#-----------------------------------------------------------------------------------------------



Path 48: MET (3406 ps) Late External Delay Assertion at pin mem_la_wdata[13]
          Group: C2O
     Startpoint: (R) mem_wordsize_reg[1]/CK
          Clock: (R) myclock
       Endpoint: (R) mem_la_wdata[13]
          Clock: (R) myclock

                     Capture       Launch     
        Clock Edge:+    4000            0     
       Src Latency:+       0            0     
       Net Latency:+       0 (I)        0 (I) 
           Arrival:=    4000            0     
                                              
      Output Delay:-     200                  
       Uncertainty:-      20                  
     Required Time:=    3780                  
      Launch Clock:-       0                  
         Data Path:-     374                  
             Slack:=    3406                  

Exceptions/Constraints:
  output_delay             200             picorv32.sdc_line_24_222_1 

#-----------------------------------------------------------------------------------------------
#     Timing Point       Flags   Arc   Edge   Cell     Fanout Load Trans Delay Arrival Instance 
#                                                             (fF)  (ps)  (ps)   (ps)  Location 
#-----------------------------------------------------------------------------------------------
  mem_wordsize_reg[1]/CK -       -     R     (arrival)   1556    -     0     0       0    (-,-) 
  mem_wordsize_reg[1]/Q  -       CK->Q R     SDFFQX1        5  9.3    65    75      75    (-,-) 
  g61067/Y               -       A->Y  F     INVX2          9 15.8    68    52     127    (-,-) 
  g61053/Y               -       B->Y  R     NOR2X2        13 20.8   149   101     228    (-,-) 
  g61010/Y               -       A->Y  R     AND2X1         2  4.6    35    65     293    (-,-) 
  g60972/Y               -       B0->Y R     AO21X4         2 53.9   103    81     374    (-,-) 
  mem_la_wdata[13]       -       -     R     (port)         -    -     -     0     374    (-,-) 
#-----------------------------------------------------------------------------------------------



Path 49: MET (3406 ps) Late External Delay Assertion at pin mem_la_wdata[14]
          Group: C2O
     Startpoint: (R) mem_wordsize_reg[1]/CK
          Clock: (R) myclock
       Endpoint: (R) mem_la_wdata[14]
          Clock: (R) myclock

                     Capture       Launch     
        Clock Edge:+    4000            0     
       Src Latency:+       0            0     
       Net Latency:+       0 (I)        0 (I) 
           Arrival:=    4000            0     
                                              
      Output Delay:-     200                  
       Uncertainty:-      20                  
     Required Time:=    3780                  
      Launch Clock:-       0                  
         Data Path:-     374                  
             Slack:=    3406                  

Exceptions/Constraints:
  output_delay             200             picorv32.sdc_line_24_221_1 

#-----------------------------------------------------------------------------------------------
#     Timing Point       Flags   Arc   Edge   Cell     Fanout Load Trans Delay Arrival Instance 
#                                                             (fF)  (ps)  (ps)   (ps)  Location 
#-----------------------------------------------------------------------------------------------
  mem_wordsize_reg[1]/CK -       -     R     (arrival)   1556    -     0     0       0    (-,-) 
  mem_wordsize_reg[1]/Q  -       CK->Q R     SDFFQX1        5  9.3    65    75      75    (-,-) 
  g61067/Y               -       A->Y  F     INVX2          9 15.8    68    52     127    (-,-) 
  g61053/Y               -       B->Y  R     NOR2X2        13 20.8   149   101     228    (-,-) 
  g61035/Y               -       A->Y  R     AND2X1         2  4.6    35    65     293    (-,-) 
  g60956/Y               -       B0->Y R     AO21X4         2 53.9   103    81     374    (-,-) 
  mem_la_wdata[14]       -       -     R     (port)         -    -     -     0     374    (-,-) 
#-----------------------------------------------------------------------------------------------



Path 50: MET (3406 ps) Late External Delay Assertion at pin mem_la_wdata[15]
          Group: C2O
     Startpoint: (R) mem_wordsize_reg[1]/CK
          Clock: (R) myclock
       Endpoint: (R) mem_la_wdata[15]
          Clock: (R) myclock

                     Capture       Launch     
        Clock Edge:+    4000            0     
       Src Latency:+       0            0     
       Net Latency:+       0 (I)        0 (I) 
           Arrival:=    4000            0     
                                              
      Output Delay:-     200                  
       Uncertainty:-      20                  
     Required Time:=    3780                  
      Launch Clock:-       0                  
         Data Path:-     374                  
             Slack:=    3406                  

Exceptions/Constraints:
  output_delay             200             picorv32.sdc_line_24_220_1 

#-----------------------------------------------------------------------------------------------
#     Timing Point       Flags   Arc   Edge   Cell     Fanout Load Trans Delay Arrival Instance 
#                                                             (fF)  (ps)  (ps)   (ps)  Location 
#-----------------------------------------------------------------------------------------------
  mem_wordsize_reg[1]/CK -       -     R     (arrival)   1556    -     0     0       0    (-,-) 
  mem_wordsize_reg[1]/Q  -       CK->Q R     SDFFQX1        5  9.3    65    75      75    (-,-) 
  g61067/Y               -       A->Y  F     INVX2          9 15.8    68    52     127    (-,-) 
  g61053/Y               -       B->Y  R     NOR2X2        13 20.8   149   101     228    (-,-) 
  g61036/Y               -       A->Y  R     AND2X1         2  4.6    35    65     293    (-,-) 
  g60961/Y               -       B0->Y R     AO21X4         2 53.9   103    81     374    (-,-) 
  mem_la_wdata[15]       -       -     R     (port)         -    -     -     0     374    (-,-) 
#-----------------------------------------------------------------------------------------------

