Cadence Genus(TM) Synthesis Solution.
Copyright 2023 Cadence Design Systems, Inc. All rights reserved worldwide.
Cadence and the Cadence logo are registered trademarks and Genus is a trademark
of Cadence Design Systems, Inc. in the United States and other countries.

[19:17:33.046530] Configured Lic search path (21.01-s002): 1717@seesemi.upc.edu:5280@blendedP.upc.edu

Version: 22.13-s093_1, built Tue Sep 05 08:56:02 PDT 2023
Options: 
Date:    Mon Apr 13 19:17:33 2026
Host:    c4d3 (x86_64 w/Linux 4.18.0-553.56.1.el8_10.x86_64) (16cores*24cpus*1physical cpu*13th Gen Intel(R) Core(TM) i7-13700 30720KB) (32577160KB)
PID:     11477
OS:      Rocky Linux release 8.10 (Green Obsidian)

Checking out license: Genus_Synthesis
[19:17:33.465000] Periodic Lic check successful
[19:17:33.465003] Feature usage summary:
[19:17:33.465008] Genus_Synthesis



***********************************************************************************************************
***********************************************************************************************************



Finished executable startup (0 seconds elapsed).

Loading tool scripts...
Finished loading tool scripts (6 seconds elapsed).

WARNING: This version of the tool is 951 days old.
@genus:root: 1> dir
@genus:root: 2> dir ..
@genus:root: 3> pwd
/home/alumnes/s/serik.perez/dnd/synth/caravel-picorv32/R2-core-mul
@genus:root: 4> source ../Scripts/synth1.tcl
Sourcing '../Scripts/synth1.tcl' (Mon Apr 13 19:18:17 CEST 2026)...
#@ Begin verbose source ../Scripts/synth1.tcl
@file(synth1.tcl) 3: if {[file exists /proc/cpuinfo]} {
  sh grep "model name" /proc/cpuinfo
  sh grep "cpu MHz"    /proc/cpuinfo
}
model name	: 13th Gen Intel(R) Core(TM) i7-13700
model name	: 13th Gen Intel(R) Core(TM) i7-13700
model name	: 13th Gen Intel(R) Core(TM) i7-13700
model name	: 13th Gen Intel(R) Core(TM) i7-13700
model name	: 13th Gen Intel(R) Core(TM) i7-13700
model name	: 13th Gen Intel(R) Core(TM) i7-13700
model name	: 13th Gen Intel(R) Core(TM) i7-13700
model name	: 13th Gen Intel(R) Core(TM) i7-13700
model name	: 13th Gen Intel(R) Core(TM) i7-13700
model name	: 13th Gen Intel(R) Core(TM) i7-13700
model name	: 13th Gen Intel(R) Core(TM) i7-13700
model name	: 13th Gen Intel(R) Core(TM) i7-13700
model name	: 13th Gen Intel(R) Core(TM) i7-13700
model name	: 13th Gen Intel(R) Core(TM) i7-13700
model name	: 13th Gen Intel(R) Core(TM) i7-13700
model name	: 13th Gen Intel(R) Core(TM) i7-13700
model name	: 13th Gen Intel(R) Core(TM) i7-13700
model name	: 13th Gen Intel(R) Core(TM) i7-13700
model name	: 13th Gen Intel(R) Core(TM) i7-13700
model name	: 13th Gen Intel(R) Core(TM) i7-13700
model name	: 13th Gen Intel(R) Core(TM) i7-13700
model name	: 13th Gen Intel(R) Core(TM) i7-13700
model name	: 13th Gen Intel(R) Core(TM) i7-13700
model name	: 13th Gen Intel(R) Core(TM) i7-13700
cpu MHz		: 2100.000
cpu MHz		: 2100.000
cpu MHz		: 2100.000
cpu MHz		: 2100.000
cpu MHz		: 2100.000
cpu MHz		: 2100.000
cpu MHz		: 2108.463
cpu MHz		: 2100.000
cpu MHz		: 2100.000
cpu MHz		: 2100.000
cpu MHz		: 2100.000
cpu MHz		: 2100.000
cpu MHz		: 2100.000
cpu MHz		: 2100.000
cpu MHz		: 2100.000
cpu MHz		: 2100.000
cpu MHz		: 2100.000
cpu MHz		: 2100.000
cpu MHz		: 2100.000
cpu MHz		: 2100.000
cpu MHz		: 2100.000
cpu MHz		: 2100.000
cpu MHz		: 2100.000
cpu MHz		: 2100.000
@file(synth1.tcl) 8: puts "Hostname : [info hostname]"
Hostname : c4d3.upc.es
@file(synth1.tcl) 15: set DESIGN picorv32 
@file(synth1.tcl) 16: set GEN_EFF medium
@file(synth1.tcl) 17: set MAP_OPT_EFF high
@file(synth1.tcl) 18: set DATE [clock format [clock seconds] -format "%b%d-%T"] 
@file(synth1.tcl) 19: set _OUTPUTS_PATH out_${DATE}
@file(synth1.tcl) 20: set _REPORTS_PATH reports_${DATE}
@file(synth1.tcl) 21: set _LOG_PATH logs_${DATE}
@file(synth1.tcl) 23: set_db design_process_node 45
  Setting attribute of root '/': 'design_process_node' = 45
@file(synth1.tcl) 24: set_db init_power_nets {VDD}
This attribute has no effect on the tool operation.
  Setting attribute of root '/': 'init_power_nets' = VDD
@file(synth1.tcl) 25: set_db init_ground_nets {VSS}
This attribute has no effect on the tool operation.
  Setting attribute of root '/': 'init_ground_nets' = VSS
@file(synth1.tcl) 31: set_db  init_lib_search_path {. 
    /eda/trasllat/GPDK45/gsclib045_all_v4.7/gsclib045/timing \
    /eda/trasllat/GPDK45/gsclib045_all_v4.7/gsclib045/lef \
    ../macros \
} 
  Setting attribute of root '/': 'init_lib_search_path' = . 
    /eda/trasllat/GPDK45/gsclib045_all_v4.7/gsclib045/timing  /eda/trasllat/GPDK45/gsclib045_all_v4.7/gsclib045/lef  ../macros  
@file(synth1.tcl) 36: set_db script_search_path {. } 
  Setting attribute of root '/': 'script_search_path' = . 
@file(synth1.tcl) 37: set_db init_hdl_search_path {. .. ../rtl} 
  Setting attribute of root '/': 'init_hdl_search_path' = . .. ../rtl
@file(synth1.tcl) 42: set_db information_level 9 
  Setting attribute of root '/': 'information_level' = 9
@file(synth1.tcl) 52: read_libs { \
    fast_vdd1v0_basicCells.lib \
    fast_vdd1v0_multibitsDFF.lib \
    ram_128_1v1_0C.lib \
}
Info    : Missing a function attribute in the output pin definition. [LBR-518]
        : Functionality is missing at pin 'Y' for the cell 'HOLDX1'. (File /eda/trasllat/GPDK45/gsclib045_all_v4.7/gsclib045/timing/fast_vdd1v0_basicCells.lib, Line 67517)
Info    : An unsupported construct was detected in this library. [LBR-40]
        : Unknown Liberty attribute 'library_features' encountered. Ignoring (File /home/alumnes/s/serik.perez/dnd/synth/caravel-picorv32/R2-core-mul/../macros/ram_128_1v1_0C.lib, Line 5)
        : Check to see if this construct is really needed for synthesis. Many liberty constructs are not actually required.
Info    : An unsupported construct was detected in this library. [LBR-40]
        : Unknown Liberty attribute 'define' encountered. Ignoring (File /home/alumnes/s/serik.perez/dnd/synth/caravel-picorv32/R2-core-mul/../macros/ram_128_1v1_0C.lib, Line 300)
Info    : An unsupported construct was detected in this library. [LBR-40]
        : Unknown Liberty attribute 'define' encountered. Ignoring (File /home/alumnes/s/serik.perez/dnd/synth/caravel-picorv32/R2-core-mul/../macros/ram_128_1v1_0C.lib, Line 301)

Reading library /eda/trasllat/GPDK45/gsclib045_all_v4.7/gsclib045/timing/fast_vdd1v0_multibitsDFF.libInfo    : Appending library. [LBR-3]
        : Appending library 'fast_vdd1v0' to the previously read library of the same name and nominal PVT. Cell definitions from the previously read library will not be overridden. (File /eda/trasllat/GPDK45/gsclib045_all_v4.7/gsclib045/timing/fast_vdd1v0_multibitsDFF.lib)
        : Appending libraries will overwrite some of the characteristics of the library.
Info    : Missing a function attribute in the output pin definition. [LBR-518]
        : Functionality is missing at pin 'Q1' for the cell 'SDFF2RX1'. (File /eda/trasllat/GPDK45/gsclib045_all_v4.7/gsclib045/timing/fast_vdd1v0_multibitsDFF.lib, Line 3574)
Info    : Missing a function attribute in the output pin definition. [LBR-518]
        : Functionality is missing at pin 'Q2' for the cell 'SDFF2RX1'. (File /eda/trasllat/GPDK45/gsclib045_all_v4.7/gsclib045/timing/fast_vdd1v0_multibitsDFF.lib, Line 3578)
Info    : Missing a function attribute in the output pin definition. [LBR-518]
        : Functionality is missing at pin 'Q1N' for the cell 'SDFF2RX1'. (File /eda/trasllat/GPDK45/gsclib045_all_v4.7/gsclib045/timing/fast_vdd1v0_multibitsDFF.lib, Line 3684)
Info    : Missing a function attribute in the output pin definition. [LBR-518]
        : Functionality is missing at pin 'Q2N' for the cell 'SDFF2RX1'. (File /eda/trasllat/GPDK45/gsclib045_all_v4.7/gsclib045/timing/fast_vdd1v0_multibitsDFF.lib, Line 3688)
Info    : Missing a function attribute in the output pin definition. [LBR-518]
        : Functionality is missing at pin 'Q1' for the cell 'SDFF2RX2'. (File /eda/trasllat/GPDK45/gsclib045_all_v4.7/gsclib045/timing/fast_vdd1v0_multibitsDFF.lib, Line 4486)
Info    : Missing a function attribute in the output pin definition. [LBR-518]
        : Functionality is missing at pin 'Q2' for the cell 'SDFF2RX2'. (File /eda/trasllat/GPDK45/gsclib045_all_v4.7/gsclib045/timing/fast_vdd1v0_multibitsDFF.lib, Line 4490)
Info    : Missing a function attribute in the output pin definition. [LBR-518]
        : Functionality is missing at pin 'Q1N' for the cell 'SDFF2RX2'. (File /eda/trasllat/GPDK45/gsclib045_all_v4.7/gsclib045/timing/fast_vdd1v0_multibitsDFF.lib, Line 4596)
Info    : Missing a function attribute in the output pin definition. [LBR-518]
        : Functionality is missing at pin 'Q2N' for the cell 'SDFF2RX2'. (File /eda/trasllat/GPDK45/gsclib045_all_v4.7/gsclib045/timing/fast_vdd1v0_multibitsDFF.lib, Line 4600)
Info    : Missing a function attribute in the output pin definition. [LBR-518]
        : Functionality is missing at pin 'Q1' for the cell 'SDFF4RX1'. (File /eda/trasllat/GPDK45/gsclib045_all_v4.7/gsclib045/timing/fast_vdd1v0_multibitsDFF.lib, Line 6358)
Info    : Missing a function attribute in the output pin definition. [LBR-518]
        : Functionality is missing at pin 'Q2' for the cell 'SDFF4RX1'. (File /eda/trasllat/GPDK45/gsclib045_all_v4.7/gsclib045/timing/fast_vdd1v0_multibitsDFF.lib, Line 6362)
Info    : Missing a function attribute in the output pin definition. [LBR-518]
        : Functionality is missing at pin 'Q3' for the cell 'SDFF4RX1'. (File /eda/trasllat/GPDK45/gsclib045_all_v4.7/gsclib045/timing/fast_vdd1v0_multibitsDFF.lib, Line 6366)
Info    : Missing a function attribute in the output pin definition. [LBR-518]
        : Functionality is missing at pin 'Q4' for the cell 'SDFF4RX1'. (File /eda/trasllat/GPDK45/gsclib045_all_v4.7/gsclib045/timing/fast_vdd1v0_multibitsDFF.lib, Line 6370)
Info    : Missing a function attribute in the output pin definition. [LBR-518]
        : Functionality is missing at pin 'Q1N' for the cell 'SDFF4RX1'. (File /eda/trasllat/GPDK45/gsclib045_all_v4.7/gsclib045/timing/fast_vdd1v0_multibitsDFF.lib, Line 6476)
Info    : Missing a function attribute in the output pin definition. [LBR-518]
        : Functionality is missing at pin 'Q2N' for the cell 'SDFF4RX1'. (File /eda/trasllat/GPDK45/gsclib045_all_v4.7/gsclib045/timing/fast_vdd1v0_multibitsDFF.lib, Line 6480)
Info    : Missing a function attribute in the output pin definition. [LBR-518]
        : Functionality is missing at pin 'Q3N' for the cell 'SDFF4RX1'. (File /eda/trasllat/GPDK45/gsclib045_all_v4.7/gsclib045/timing/fast_vdd1v0_multibitsDFF.lib, Line 6484)
Info    : Missing a function attribute in the output pin definition. [LBR-518]
        : Functionality is missing at pin 'Q4N' for the cell 'SDFF4RX1'. (File /eda/trasllat/GPDK45/gsclib045_all_v4.7/gsclib045/timing/fast_vdd1v0_multibitsDFF.lib, Line 6488)
Info    : Missing a function attribute in the output pin definition. [LBR-518]
        : Functionality is missing at pin 'Q1' for the cell 'SDFF4RX2'. (File /eda/trasllat/GPDK45/gsclib045_all_v4.7/gsclib045/timing/fast_vdd1v0_multibitsDFF.lib, Line 8262)
Info    : Missing a function attribute in the output pin definition. [LBR-518]
        : Functionality is missing at pin 'Q2' for the cell 'SDFF4RX2'. (File /eda/trasllat/GPDK45/gsclib045_all_v4.7/gsclib045/timing/fast_vdd1v0_multibitsDFF.lib, Line 8266)
Info    : Missing a function attribute in the output pin definition. [LBR-518]
        : Functionality is missing at pin 'Q3' for the cell 'SDFF4RX2'. (File /eda/trasllat/GPDK45/gsclib045_all_v4.7/gsclib045/timing/fast_vdd1v0_multibitsDFF.lib, Line 8270)
Warning : Maximum message print count reached. [MESG-11]
        : Maximum print count of '20' reached for message 'LBR-518'.

  Message Summary for Library all 3 libraries:
  ********************************************
  Missing a function attribute in the output pin definition. [LBR-518]: 49
  An unsupported construct was detected in this library. [LBR-40]: 3
  Appending library. [LBR-3]: 1
  ********************************************
 
            Reading file '/eda/trasllat/GPDK45/gsclib045_all_v4.7/gsclib045/timing/fast_vdd1v0_basicCells.lib'
            Reading file '/eda/trasllat/GPDK45/gsclib045_all_v4.7/gsclib045/timing/fast_vdd1v0_multibitsDFF.lib'
            Reading file '/home/alumnes/s/serik.perez/dnd/synth/caravel-picorv32/R2-core-mul/../macros/ram_128_1v1_0C.lib'
Info    : Created nominal operating condition. [LBR-412]
        : Operating condition '_nominal_' was created for the PVT values (1.000000, 1.100000, 0.000000) in library 'fast_vdd1v0_multibitsDFF.lib'.
        : The nominal operating condition is represented, either by the nominal PVT values specified in the library source (via nom_process,nom_voltage and nom_temperature respectively), or by the default PVT values (1.0,1.0,1.0).
Info    : Created nominal operating condition. [LBR-412]
        : Operating condition '_nominal_' was created for the PVT values (1.000000, 1.100000, 0.000000) in library 'ram_128_1v1_0C.lib'.
Info    : An output library pin lacks a function attribute. [LBR-41]
        : Output pin 'scm_128x32/data_o[0]' has no function.
        : If the remainder of this library cell's semantic checks are successful, it will be considered as a timing-model (because one of its outputs does not have a valid function.
Info    : An output library pin lacks a function attribute. [LBR-41]
        : Output pin 'scm_128x32/data_o[1]' has no function.
Info    : An output library pin lacks a function attribute. [LBR-41]
        : Output pin 'scm_128x32/data_o[2]' has no function.
Info    : An output library pin lacks a function attribute. [LBR-41]
        : Output pin 'scm_128x32/data_o[3]' has no function.
Info    : An output library pin lacks a function attribute. [LBR-41]
        : Output pin 'scm_128x32/data_o[4]' has no function.
Info    : An output library pin lacks a function attribute. [LBR-41]
        : Output pin 'scm_128x32/data_o[5]' has no function.
Info    : An output library pin lacks a function attribute. [LBR-41]
        : Output pin 'scm_128x32/data_o[6]' has no function.
Info    : An output library pin lacks a function attribute. [LBR-41]
        : Output pin 'scm_128x32/data_o[7]' has no function.
Info    : An output library pin lacks a function attribute. [LBR-41]
        : Output pin 'scm_128x32/data_o[8]' has no function.
Info    : An output library pin lacks a function attribute. [LBR-41]
        : Output pin 'scm_128x32/data_o[9]' has no function.
Info    : An output library pin lacks a function attribute. [LBR-41]
        : Output pin 'scm_128x32/data_o[10]' has no function.
Info    : An output library pin lacks a function attribute. [LBR-41]
        : Output pin 'scm_128x32/data_o[11]' has no function.
Info    : An output library pin lacks a function attribute. [LBR-41]
        : Output pin 'scm_128x32/data_o[12]' has no function.
Info    : An output library pin lacks a function attribute. [LBR-41]
        : Output pin 'scm_128x32/data_o[13]' has no function.
Info    : An output library pin lacks a function attribute. [LBR-41]
        : Output pin 'scm_128x32/data_o[14]' has no function.
Info    : An output library pin lacks a function attribute. [LBR-41]
        : Output pin 'scm_128x32/data_o[15]' has no function.
Info    : An output library pin lacks a function attribute. [LBR-41]
        : Output pin 'scm_128x32/data_o[16]' has no function.
Info    : An output library pin lacks a function attribute. [LBR-41]
        : Output pin 'scm_128x32/data_o[17]' has no function.
Info    : An output library pin lacks a function attribute. [LBR-41]
        : Output pin 'scm_128x32/data_o[18]' has no function.
Info    : An output library pin lacks a function attribute. [LBR-41]
        : Output pin 'scm_128x32/data_o[19]' has no function.
Warning : Maximum message print count reached. [MESG-11]
        : Maximum print count of '20' reached for message 'LBR-41'.
Warning : Library cell has no output pins defined. [LBR-9]
        : Library cell 'ANTENNA' must have an output pin.
        : Add the missing output pin(s), then reload the library. Else the library cell will be marked as timing model i.e. unusable. Timing_model means that the cell does not have any defined function. If there is no output pin, Genus will mark library cell as unusable i.e. the attribute 'usable' will be marked to 'false' on the libcell. Therefore, the cell is not used for mapping and it will not be picked up from the library for synthesis. If you query the attribute 'unusable_reason' on the libcell; result will be: 'Library cell has no output pins.'Note: The message LBR-9 is only for the logical pins and not for the power_ground pins. Genus will depend upon the output function defined in the pin group (output pin) of the cell, to use it for mapping. The pg_pin will not have any function defined.
Warning : Library cell has no output pins defined. [LBR-9]
        : Library cell 'ANTENNA' must have an output pin.
Warning : Clock function definition makes cell unusable. [LBR-141]
        : Sequential cell 'TLATNSRX1' has invalid (or complex) clock function.
        : The sequential cell cannot be inferred because its clock function is unknown.
Warning : Clock function definition makes cell unusable. [LBR-141]
        : Sequential cell 'TLATNSRX1' has invalid (or complex) clock function.
Warning : Clock function definition makes cell unusable. [LBR-141]
        : Sequential cell 'TLATNSRX2' has invalid (or complex) clock function.
Warning : Clock function definition makes cell unusable. [LBR-141]
        : Sequential cell 'TLATNSRX2' has invalid (or complex) clock function.
Warning : Clock function definition makes cell unusable. [LBR-141]
        : Sequential cell 'TLATNSRX4' has invalid (or complex) clock function.
Warning : Clock function definition makes cell unusable. [LBR-141]
        : Sequential cell 'TLATNSRX4' has invalid (or complex) clock function.
Warning : Clock function definition makes cell unusable. [LBR-141]
        : Sequential cell 'TLATNSRXL' has invalid (or complex) clock function.
Warning : Clock function definition makes cell unusable. [LBR-141]
        : Sequential cell 'TLATNSRXL' has invalid (or complex) clock function.
Warning : Clock function definition makes cell unusable. [LBR-141]
        : Sequential cell 'TLATSRX1' has invalid (or complex) clock function.
Warning : Clock function definition makes cell unusable. [LBR-141]
        : Sequential cell 'TLATSRX1' has invalid (or complex) clock function.
Warning : Clock function definition makes cell unusable. [LBR-141]
        : Sequential cell 'TLATSRX2' has invalid (or complex) clock function.
Warning : Clock function definition makes cell unusable. [LBR-141]
        : Sequential cell 'TLATSRX2' has invalid (or complex) clock function.
Warning : Clock function definition makes cell unusable. [LBR-141]
        : Sequential cell 'TLATSRX4' has invalid (or complex) clock function.
Warning : Clock function definition makes cell unusable. [LBR-141]
        : Sequential cell 'TLATSRX4' has invalid (or complex) clock function.
Warning : Clock function definition makes cell unusable. [LBR-141]
        : Sequential cell 'TLATSRXL' has invalid (or complex) clock function.
Warning : Clock function definition makes cell unusable. [LBR-141]
        : Sequential cell 'TLATSRXL' has invalid (or complex) clock function.
Warning : Library cell has no output pins defined. [LBR-9]
        : Library cell 'DECAP10' must have an output pin.
Warning : Library cell has no output pins defined. [LBR-9]
        : Library cell 'DECAP10' must have an output pin.
Warning : Library cell has no output pins defined. [LBR-9]
        : Library cell 'DECAP2' must have an output pin.
Warning : Library cell has no output pins defined. [LBR-9]
        : Library cell 'DECAP2' must have an output pin.
Warning : Library cell has no output pins defined. [LBR-9]
        : Library cell 'DECAP3' must have an output pin.
Warning : Library cell has no output pins defined. [LBR-9]
        : Library cell 'DECAP3' must have an output pin.
Warning : Library cell has no output pins defined. [LBR-9]
        : Library cell 'DECAP4' must have an output pin.
Warning : Library cell has no output pins defined. [LBR-9]
        : Library cell 'DECAP4' must have an output pin.
Warning : Library cell has no output pins defined. [LBR-9]
        : Library cell 'DECAP5' must have an output pin.
Warning : Library cell has no output pins defined. [LBR-9]
        : Library cell 'DECAP5' must have an output pin.
Warning : Library cell has no output pins defined. [LBR-9]
        : Library cell 'DECAP6' must have an output pin.
Warning : Library cell has no output pins defined. [LBR-9]
        : Library cell 'DECAP6' must have an output pin.
Warning : Library cell has no output pins defined. [LBR-9]
        : Library cell 'DECAP7' must have an output pin.
Warning : Library cell has no output pins defined. [LBR-9]
        : Library cell 'DECAP7' must have an output pin.
Warning : Library cell has no output pins defined. [LBR-9]
        : Library cell 'DECAP8' must have an output pin.
Warning : Library cell has no output pins defined. [LBR-9]
        : Library cell 'DECAP8' must have an output pin.
Warning : Library cell has no output pins defined. [LBR-9]
        : Library cell 'DECAP9' must have an output pin.
Warning : Library cell has no output pins defined. [LBR-9]
        : Library cell 'DECAP9' must have an output pin.
@file(synth1.tcl) 59: read_physical -lef { \
    gsclib045_tech.lef \
    gsclib045_macro.lef \
    gsclib045_multibitsDFF.lef \
    ram_128.lef \
}
Info    : Via with no resistance will have a value of '0.0' assigned for resistance value. [PHYS-129]
        : Via 'M2_M1_HV' has no resistance value.
        : If this is the expected behavior, this message can be ignored.
Info    : Via with no resistance will have a value of '0.0' assigned for resistance value. [PHYS-129]
        : Via 'M2_M1_VV' has no resistance value.
Info    : Via with no resistance will have a value of '0.0' assigned for resistance value. [PHYS-129]
        : Via 'M2_M1_VH' has no resistance value.
Info    : Via with no resistance will have a value of '0.0' assigned for resistance value. [PHYS-129]
        : Via 'M2_M1_HH' has no resistance value.
Info    : Via with no resistance will have a value of '0.0' assigned for resistance value. [PHYS-129]
        : Via 'M2_M1_2x1_HV_E' has no resistance value.
Info    : Via with no resistance will have a value of '0.0' assigned for resistance value. [PHYS-129]
        : Via 'M2_M1_2x1_HV_W' has no resistance value.
Info    : Via with no resistance will have a value of '0.0' assigned for resistance value. [PHYS-129]
        : Via 'M2_M1_1x2_HV_N' has no resistance value.
Info    : Via with no resistance will have a value of '0.0' assigned for resistance value. [PHYS-129]
        : Via 'M2_M1_1x2_HV_S' has no resistance value.
Info    : Via with no resistance will have a value of '0.0' assigned for resistance value. [PHYS-129]
        : Via 'M3_M2_VH' has no resistance value.
Info    : Via with no resistance will have a value of '0.0' assigned for resistance value. [PHYS-129]
        : Via 'M3_M2_HH' has no resistance value.
Info    : Via with no resistance will have a value of '0.0' assigned for resistance value. [PHYS-129]
        : Via 'M3_M2_HV' has no resistance value.
Info    : Via with no resistance will have a value of '0.0' assigned for resistance value. [PHYS-129]
        : Via 'M3_M2_VV' has no resistance value.
Info    : Via with no resistance will have a value of '0.0' assigned for resistance value. [PHYS-129]
        : Via 'M3_M2_M_NH' has no resistance value.
Info    : Via with no resistance will have a value of '0.0' assigned for resistance value. [PHYS-129]
        : Via 'M3_M2_M_SH' has no resistance value.
Info    : Via with no resistance will have a value of '0.0' assigned for resistance value. [PHYS-129]
        : Via 'M3_M2_2x1_VH_E' has no resistance value.
Info    : Via with no resistance will have a value of '0.0' assigned for resistance value. [PHYS-129]
        : Via 'M3_M2_2x1_VH_W' has no resistance value.
Info    : Via with no resistance will have a value of '0.0' assigned for resistance value. [PHYS-129]
        : Via 'M3_M2_1x2_VH_N' has no resistance value.
Info    : Via with no resistance will have a value of '0.0' assigned for resistance value. [PHYS-129]
        : Via 'M3_M2_1x2_VH_S' has no resistance value.
Info    : Via with no resistance will have a value of '0.0' assigned for resistance value. [PHYS-129]
        : Via 'M4_M3_HV' has no resistance value.
Info    : Via with no resistance will have a value of '0.0' assigned for resistance value. [PHYS-129]
        : Via 'M4_M3_VV' has no resistance value.
Warning : Maximum message print count reached. [MESG-11]
        : Maximum print count of '20' reached for message 'PHYS-129'.
Warning : Duplicate macro definition. [PHYS-107]
        : Macro 'DFF2RX1' is already defined. Ignoring this definition in file '/eda/trasllat/GPDK45/gsclib045_all_v4.7/gsclib045/lef/gsclib045_multibitsDFF.lef'.
Warning : Duplicate macro definition. [PHYS-107]
        : Macro 'DFF2RX2' is already defined. Ignoring this definition in file '/eda/trasllat/GPDK45/gsclib045_all_v4.7/gsclib045/lef/gsclib045_multibitsDFF.lef'.
Warning : Duplicate macro definition. [PHYS-107]
        : Macro 'DFF2X1' is already defined. Ignoring this definition in file '/eda/trasllat/GPDK45/gsclib045_all_v4.7/gsclib045/lef/gsclib045_multibitsDFF.lef'.
Warning : Duplicate macro definition. [PHYS-107]
        : Macro 'DFF2X2' is already defined. Ignoring this definition in file '/eda/trasllat/GPDK45/gsclib045_all_v4.7/gsclib045/lef/gsclib045_multibitsDFF.lef'.
Warning : Duplicate macro definition. [PHYS-107]
        : Macro 'DFF4RX1' is already defined. Ignoring this definition in file '/eda/trasllat/GPDK45/gsclib045_all_v4.7/gsclib045/lef/gsclib045_multibitsDFF.lef'.
Warning : Duplicate macro definition. [PHYS-107]
        : Macro 'DFF4RX2' is already defined. Ignoring this definition in file '/eda/trasllat/GPDK45/gsclib045_all_v4.7/gsclib045/lef/gsclib045_multibitsDFF.lef'.
Warning : Duplicate macro definition. [PHYS-107]
        : Macro 'DFF4X1' is already defined. Ignoring this definition in file '/eda/trasllat/GPDK45/gsclib045_all_v4.7/gsclib045/lef/gsclib045_multibitsDFF.lef'.
Warning : Duplicate macro definition. [PHYS-107]
        : Macro 'DFF4X2' is already defined. Ignoring this definition in file '/eda/trasllat/GPDK45/gsclib045_all_v4.7/gsclib045/lef/gsclib045_multibitsDFF.lef'.
Warning : Duplicate macro definition. [PHYS-107]
        : Macro 'SDFF2RX1' is already defined. Ignoring this definition in file '/eda/trasllat/GPDK45/gsclib045_all_v4.7/gsclib045/lef/gsclib045_multibitsDFF.lef'.
Warning : Duplicate macro definition. [PHYS-107]
        : Macro 'SDFF2RX2' is already defined. Ignoring this definition in file '/eda/trasllat/GPDK45/gsclib045_all_v4.7/gsclib045/lef/gsclib045_multibitsDFF.lef'.
Warning : Duplicate macro definition. [PHYS-107]
        : Macro 'SDFF4RX1' is already defined. Ignoring this definition in file '/eda/trasllat/GPDK45/gsclib045_all_v4.7/gsclib045/lef/gsclib045_multibitsDFF.lef'.
Warning : Duplicate macro definition. [PHYS-107]
        : Macro 'SDFF4RX2' is already defined. Ignoring this definition in file '/eda/trasllat/GPDK45/gsclib045_all_v4.7/gsclib045/lef/gsclib045_multibitsDFF.lef'.
Warning : Duplicate macro definition. [PHYS-107]
        : Macro 'SPDFF2RX1' is already defined. Ignoring this definition in file '/eda/trasllat/GPDK45/gsclib045_all_v4.7/gsclib045/lef/gsclib045_multibitsDFF.lef'.
Warning : Duplicate macro definition. [PHYS-107]
        : Macro 'SPDFF2RX2' is already defined. Ignoring this definition in file '/eda/trasllat/GPDK45/gsclib045_all_v4.7/gsclib045/lef/gsclib045_multibitsDFF.lef'.
Warning : Duplicate macro definition. [PHYS-107]
        : Macro 'SPDFF4RX1' is already defined. Ignoring this definition in file '/eda/trasllat/GPDK45/gsclib045_all_v4.7/gsclib045/lef/gsclib045_multibitsDFF.lef'.
Warning : Duplicate macro definition. [PHYS-107]
        : Macro 'SPDFF4RX2' is already defined. Ignoring this definition in file '/eda/trasllat/GPDK45/gsclib045_all_v4.7/gsclib045/lef/gsclib045_multibitsDFF.lef'.

  According to lef_library, there are total 11 routing layers [ V(5) / H(6) ]

Warning : Physical cell not defined in library. [PHYS-279]
        : The physical (LEF) cell FILL1 cannot be found in library.
        : Ensure that the proper library files are available and have been imported.
Warning : Physical cell not defined in library. [PHYS-279]
        : The physical (LEF) cell FILL16 cannot be found in library.
Warning : Physical cell not defined in library. [PHYS-279]
        : The physical (LEF) cell FILL2 cannot be found in library.
Warning : Physical cell not defined in library. [PHYS-279]
        : The physical (LEF) cell FILL32 cannot be found in library.
Warning : Physical cell not defined in library. [PHYS-279]
        : The physical (LEF) cell FILL4 cannot be found in library.
Warning : Physical cell not defined in library. [PHYS-279]
        : The physical (LEF) cell FILL64 cannot be found in library.
Warning : Physical cell not defined in library. [PHYS-279]
        : The physical (LEF) cell FILL8 cannot be found in library.
Warning : Physical cell not defined in library. [PHYS-279]
        : The physical (LEF) cell FSWNX1 cannot be found in library.
Warning : Physical cell not defined in library. [PHYS-279]
        : The physical (LEF) cell FSWX1 cannot be found in library.
Warning : Physical cell not defined in library. [PHYS-279]
        : The physical (LEF) cell HSWDNX1 cannot be found in library.
Warning : Physical cell not defined in library. [PHYS-279]
        : The physical (LEF) cell HSWDX1 cannot be found in library.
Warning : Physical cell not defined in library. [PHYS-279]
        : The physical (LEF) cell HSWNX1 cannot be found in library.
Warning : Physical cell not defined in library. [PHYS-279]
        : The physical (LEF) cell HSWX1 cannot be found in library.
Warning : Physical cell not defined in library. [PHYS-279]
        : The physical (LEF) cell ISOHLDX1_OFF cannot be found in library.
Warning : Physical cell not defined in library. [PHYS-279]
        : The physical (LEF) cell ISOHLDX1_ON cannot be found in library.
Warning : Physical cell not defined in library. [PHYS-279]
        : The physical (LEF) cell ISOHX1_OFF cannot be found in library.
Warning : Physical cell not defined in library. [PHYS-279]
        : The physical (LEF) cell ISOHX1_ON cannot be found in library.
Warning : Physical cell not defined in library. [PHYS-279]
        : The physical (LEF) cell ISOLX1_OFF cannot be found in library.
Warning : Physical cell not defined in library. [PHYS-279]
        : The physical (LEF) cell ISOLX1_ON cannot be found in library.
Warning : Physical cell not defined in library. [PHYS-279]
        : The physical (LEF) cell ISONLX1_OFF cannot be found in library.
Warning : Maximum message print count reached. [MESG-11]
        : Maximum print count of '20' reached for message 'PHYS-279'.
Warning : Library cell pin 'use' attribute is inconsistent between lib and LEF. [PHYS-128]
        : Pin 'VSS' of library cell 'scm_128x32' is marked as GROUND in LEF file.
        : Overriding lib value with LEF value. To use .lib as golden do: '::legacy::set_attribute use_power_ground_pin_from_lef false'.
Warning : Library cell pin 'use' attribute is inconsistent between lib and LEF. [PHYS-128]
        : Pin 'VDD' of library cell 'scm_128x32' is marked as POWER in LEF file.
Info : Found 0 N2 inbound cells.
@file(synth1.tcl) 66: read_qrc /eda/trasllat/GPDK45/gpdk045_v_6_0/qrc/rcbest/qrcTechFile

  According to qrc_tech_file, there are total 11 routing layers [ V(5) / H(6) ]

Info    : Mismatch in unateness between 'timing_sense' attribute and the function. [LBR-155]
        : 'timing_sense' attribute between pin 'CI' and 'S' in libcell 'ADDFHX1' is 'pos_unate', but unateness determined from function is 'non_unate'.
        : The 'timing_sense' attribute will be respected.
Info    : Mismatch in unateness between 'timing_sense' attribute and the function. [LBR-155]
        : 'timing_sense' attribute between pin 'CI' and 'S' in libcell 'ADDFHX1' is 'neg_unate', but unateness determined from function is 'non_unate'.
Info    : Both 'pos_unate' and 'neg_unate' timing_sense arcs have been processed. [LBR-162]
        : Non_unate 'timing_sense' inferred between pin 'CI' and 'S' in libcell 'ADDFHX1'.
        : Setting the 'timing_sense' to non_unate.
Info    : Mismatch in unateness between 'timing_sense' attribute and the function. [LBR-155]
        : 'timing_sense' attribute between pin 'B' and 'S' in libcell 'ADDFHX1' is 'pos_unate', but unateness determined from function is 'non_unate'.
Info    : Mismatch in unateness between 'timing_sense' attribute and the function. [LBR-155]
        : 'timing_sense' attribute between pin 'B' and 'S' in libcell 'ADDFHX1' is 'neg_unate', but unateness determined from function is 'non_unate'.
Info    : Both 'pos_unate' and 'neg_unate' timing_sense arcs have been processed. [LBR-162]
        : Non_unate 'timing_sense' inferred between pin 'B' and 'S' in libcell 'ADDFHX1'.
Info    : Mismatch in unateness between 'timing_sense' attribute and the function. [LBR-155]
        : 'timing_sense' attribute between pin 'A' and 'S' in libcell 'ADDFHX1' is 'pos_unate', but unateness determined from function is 'non_unate'.
Info    : Mismatch in unateness between 'timing_sense' attribute and the function. [LBR-155]
        : 'timing_sense' attribute between pin 'A' and 'S' in libcell 'ADDFHX1' is 'neg_unate', but unateness determined from function is 'non_unate'.
Info    : Both 'pos_unate' and 'neg_unate' timing_sense arcs have been processed. [LBR-162]
        : Non_unate 'timing_sense' inferred between pin 'A' and 'S' in libcell 'ADDFHX1'.
Info    : Mismatch in unateness between 'timing_sense' attribute and the function. [LBR-155]
        : 'timing_sense' attribute between pin 'CI' and 'S' in libcell 'ADDFHX2' is 'pos_unate', but unateness determined from function is 'non_unate'.
Info    : Mismatch in unateness between 'timing_sense' attribute and the function. [LBR-155]
        : 'timing_sense' attribute between pin 'CI' and 'S' in libcell 'ADDFHX2' is 'neg_unate', but unateness determined from function is 'non_unate'.
Info    : Both 'pos_unate' and 'neg_unate' timing_sense arcs have been processed. [LBR-162]
        : Non_unate 'timing_sense' inferred between pin 'CI' and 'S' in libcell 'ADDFHX2'.
Info    : Mismatch in unateness between 'timing_sense' attribute and the function. [LBR-155]
        : 'timing_sense' attribute between pin 'B' and 'S' in libcell 'ADDFHX2' is 'pos_unate', but unateness determined from function is 'non_unate'.
Info    : Mismatch in unateness between 'timing_sense' attribute and the function. [LBR-155]
        : 'timing_sense' attribute between pin 'B' and 'S' in libcell 'ADDFHX2' is 'neg_unate', but unateness determined from function is 'non_unate'.
Info    : Both 'pos_unate' and 'neg_unate' timing_sense arcs have been processed. [LBR-162]
        : Non_unate 'timing_sense' inferred between pin 'B' and 'S' in libcell 'ADDFHX2'.
Info    : Setting the maximum print count of this message to 10 if information_level is less than 9. [LBR-161]
        : To print all the warning messages, set the information_level to 9.
Info    : Mismatch in unateness between 'timing_sense' attribute and the function. [LBR-155]
        : 'timing_sense' attribute between pin 'A' and 'S' in libcell 'ADDFHX2' is 'pos_unate', but unateness determined from function is 'non_unate'.
Info    : Mismatch in unateness between 'timing_sense' attribute and the function. [LBR-155]
        : 'timing_sense' attribute between pin 'A' and 'S' in libcell 'ADDFHX2' is 'neg_unate', but unateness determined from function is 'non_unate'.
Info    : Both 'pos_unate' and 'neg_unate' timing_sense arcs have been processed. [LBR-162]
        : Non_unate 'timing_sense' inferred between pin 'A' and 'S' in libcell 'ADDFHX2'.
Info    : Mismatch in unateness between 'timing_sense' attribute and the function. [LBR-155]
        : 'timing_sense' attribute between pin 'CI' and 'S' in libcell 'ADDFHX4' is 'pos_unate', but unateness determined from function is 'non_unate'.
Info    : Mismatch in unateness between 'timing_sense' attribute and the function. [LBR-155]
        : 'timing_sense' attribute between pin 'CI' and 'S' in libcell 'ADDFHX4' is 'neg_unate', but unateness determined from function is 'non_unate'.
Info    : Both 'pos_unate' and 'neg_unate' timing_sense arcs have been processed. [LBR-162]
        : Non_unate 'timing_sense' inferred between pin 'CI' and 'S' in libcell 'ADDFHX4'.
Info    : Mismatch in unateness between 'timing_sense' attribute and the function. [LBR-155]
        : 'timing_sense' attribute between pin 'B' and 'S' in libcell 'ADDFHX4' is 'pos_unate', but unateness determined from function is 'non_unate'.
Info    : Mismatch in unateness between 'timing_sense' attribute and the function. [LBR-155]
        : 'timing_sense' attribute between pin 'B' and 'S' in libcell 'ADDFHX4' is 'neg_unate', but unateness determined from function is 'non_unate'.
Info    : Both 'pos_unate' and 'neg_unate' timing_sense arcs have been processed. [LBR-162]
        : Non_unate 'timing_sense' inferred between pin 'B' and 'S' in libcell 'ADDFHX4'.
Info    : Mismatch in unateness between 'timing_sense' attribute and the function. [LBR-155]
        : 'timing_sense' attribute between pin 'A' and 'S' in libcell 'ADDFHX4' is 'pos_unate', but unateness determined from function is 'non_unate'.
Info    : Mismatch in unateness between 'timing_sense' attribute and the function. [LBR-155]
        : 'timing_sense' attribute between pin 'A' and 'S' in libcell 'ADDFHX4' is 'neg_unate', but unateness determined from function is 'non_unate'.
Info    : Both 'pos_unate' and 'neg_unate' timing_sense arcs have been processed. [LBR-162]
        : Non_unate 'timing_sense' inferred between pin 'A' and 'S' in libcell 'ADDFHX4'.
Info    : Mismatch in unateness between 'timing_sense' attribute and the function. [LBR-155]
        : 'timing_sense' attribute between pin 'CI' and 'S' in libcell 'ADDFHXL' is 'pos_unate', but unateness determined from function is 'non_unate'.
Info    : Mismatch in unateness between 'timing_sense' attribute and the function. [LBR-155]
        : 'timing_sense' attribute between pin 'CI' and 'S' in libcell 'ADDFHXL' is 'neg_unate', but unateness determined from function is 'non_unate'.
Info    : Both 'pos_unate' and 'neg_unate' timing_sense arcs have been processed. [LBR-162]
        : Non_unate 'timing_sense' inferred between pin 'CI' and 'S' in libcell 'ADDFHXL'.
Warning : Maximum message print count reached. [MESG-11]
        : Maximum print count of '20' reached for message 'LBR-155'.
Info    : Both 'pos_unate' and 'neg_unate' timing_sense arcs have been processed. [LBR-162]
        : Non_unate 'timing_sense' inferred between pin 'B' and 'S' in libcell 'ADDFHXL'.
Info    : Both 'pos_unate' and 'neg_unate' timing_sense arcs have been processed. [LBR-162]
        : Non_unate 'timing_sense' inferred between pin 'A' and 'S' in libcell 'ADDFHXL'.
Info    : Both 'pos_unate' and 'neg_unate' timing_sense arcs have been processed. [LBR-162]
        : Non_unate 'timing_sense' inferred between pin 'CI' and 'S' in libcell 'ADDFX1'.
Info    : Both 'pos_unate' and 'neg_unate' timing_sense arcs have been processed. [LBR-162]
        : Non_unate 'timing_sense' inferred between pin 'B' and 'S' in libcell 'ADDFX1'.
Info    : Both 'pos_unate' and 'neg_unate' timing_sense arcs have been processed. [LBR-162]
        : Non_unate 'timing_sense' inferred between pin 'A' and 'S' in libcell 'ADDFX1'.
Info    : Both 'pos_unate' and 'neg_unate' timing_sense arcs have been processed. [LBR-162]
        : Non_unate 'timing_sense' inferred between pin 'CI' and 'S' in libcell 'ADDFX2'.
Info    : Both 'pos_unate' and 'neg_unate' timing_sense arcs have been processed. [LBR-162]
        : Non_unate 'timing_sense' inferred between pin 'B' and 'S' in libcell 'ADDFX2'.
Info    : Both 'pos_unate' and 'neg_unate' timing_sense arcs have been processed. [LBR-162]
        : Non_unate 'timing_sense' inferred between pin 'A' and 'S' in libcell 'ADDFX2'.
Info    : Both 'pos_unate' and 'neg_unate' timing_sense arcs have been processed. [LBR-162]
        : Non_unate 'timing_sense' inferred between pin 'CI' and 'S' in libcell 'ADDFX4'.
Info    : Both 'pos_unate' and 'neg_unate' timing_sense arcs have been processed. [LBR-162]
        : Non_unate 'timing_sense' inferred between pin 'B' and 'S' in libcell 'ADDFX4'.
Warning : Maximum message print count reached. [MESG-11]
        : Maximum print count of '20' reached for message 'LBR-162'.
Info    : Detected an unsupported timing arc type. [LBR-72]
        : Timing arc 'max_clock_tree_path' between libpins 'clk_i' and 'clk_i' on libcell 'scm_128x32' is ignored. Hold timing analysis and optimization are not supported.
        : Refer to 'Supported Liberty timing_type Values' in the 'Timing Analysis Guide' for more information.
Info    : Detected an unsupported timing arc type. [LBR-72]
        : Timing arc 'min_clock_tree_path' between libpins 'clk_i' and 'clk_i' on libcell 'scm_128x32' is ignored. Hold timing analysis and optimization are not supported.
Info    : Unusable library cells found at the time of loading a library.  [LBR-415]
        : Library: 'fast_vdd1v0_multibitsDFF.lib', Total cells: 505, Unusable cells: 19.
	List of unusable cells: 'ANTENNA HOLDX1 TLATNSRX1 TLATNSRX2 TLATNSRX4 TLATNSRXL TLATSRX1 TLATSRX2 TLATSRX4 TLATSRXL DECAP10 DECAP2 DECAP3 DECAP4 DECAP5 DECAP6 DECAP7 DECAP8 DECAP9 .'
        : For  more  information, refer to 'Cells Identified as Unusable' in the 'User Guide'. To know the reason why a cell is considered as unusable, check 'unusable_reason' libcell attribute.
Info    : Unusable library cells found at the time of loading a library.  [LBR-415]
        : Library: 'ram_128_1v1_0C.lib', Total cells: 1, Unusable cells: 1.
	List of unusable cells: 'scm_128x32 .'
Info    : Unusable library cells found at the time of loading a library.  [LBR-415]
        : Library: 'physical_cells', Total cells: 80, Unusable cells: 80.
	List of unusable cells: 'FILL1 FILL16 FILL2 FILL32 FILL4 FILL64 FILL8 FSWNX1 FSWX1 HSWDNX1 HSWDX1 HSWNX1 HSWX1 ISOHLDX1_OFF ISOHLDX1_ON ISOHX1_OFF ISOHX1_ON ISOLX1_OFF ISOLX1_ON ISONLX1_OFF ISONLX1_ON LSHL_ISOH_X1_FROM_OFF LSHL_ISOH_X1_TO_ON LSHL_ISOL_X1_FROM_OFF LSHL_ISOL_X1_TO_ON LSHL_ISONH_X1_FROM_OFF LSHL_ISONH_X1_TO_ON LSHL_ISONL_X1_FROM_OFF LSHL_ISONL_X1_TO_ON LSHLX1_FROM LSHLX1_TO LSLH_ISOH_X1_FROM_OFF LSLH_ISOH_X1_TO_ON LSLH_ISOL_X1_FROM_OFF LSLH_ISOL_X1_TO_ON LSLH_ISONH_X1_FROM_OFF LSLH_ISONH_X1_TO_ON LSLH_ISONL_X1_FROM_OFF LSLH_ISONL_X1_TO_ON LSLHX1_FROM LSLHX1_TO PBUFX2 PINVX1 RDFFNQX1 RDFFNRQX1 RDFFNRX1 RDFFNSQX1 RDFFNSRQX1 RDFFNSRX1 RDFFNSX1 RDFFNX1 RDFFQX1 RDFFRQX1 RDFFRX1 RDFFSQX1 RDFFSRQX1 RDFFSRX1 RDFFSX1 RDFFX1 RTLATRX1 RTLATSRX1 RTLATX1 SRDFFNQX1 SRDFFNRQX1 SRDFFNRX1 SRDFFNSQX1 SRDFFNSRQX1 SRDFFNSRX1 SRDFFNSX1 SRDFFNX1 SRDFFQX1 SRDFFRQX1 SRDFFRX1 SRDFFSQX1 SRDFFSRQX1 SRDFFSRX1 SRDFFSX1 SRDFFX1 HSWBX1 HSWCX1 .'
Done reading qrc_tech_file
@file(synth1.tcl) 80: read_hdl -language v2001 \
    picorv32.v
            Reading Verilog file '../rtl/picorv32.v'
	initial begin
	      |
Warning : Ignoring unsynthesizable construct. [VLOGPT-37]
        : Initial in file '../rtl/picorv32.v' on line 206, column 8.
        : For example, the following constructs will be ignored:
    - initial block
    - final block
    - program block
    - property block
    - sequence block
    - covergroup
    - checker block
    - gate drive strength
    - system task enable
    - reg declaration with initial value
    - specify block.
	task empty_statement;
	                   |
Warning : Usage of non-static tasks or functions might result in simulation-synthesis mismatch. [VLOGPT-692]
        : in file '../rtl/picorv32.v' on line 214, column 21.
        : Use the 'automatic' keyword for declaring functions and tasks.
@file(synth1.tcl) 83: elaborate $DESIGN
                  INLINE_INFO: Skipping marking small hierarchies inline as the variable 'hdl_dissolve_primitive_instance_hierarchy_threshold' has not been set to a positive value.
Info    : Elaborating Design. [ELAB-1]
        : Elaborating top-level block 'picorv32' from file '../rtl/picorv32.v'.
Warning : Using default parameter value for module elaboration. [CDFG-818]
        : Elaborating block 'picorv32' with default parameters value.
Info    : Processing multi-dimensional arrays. [CDFG-250]
        : Variable 'cpuregs' in module 'picorv32' in file '../rtl/picorv32.v' on line 203.
Info    : Elaborating Subdesign. [ELAB-2]
        : Elaborating block 'picorv32_pcpi_mul' from file '../rtl/picorv32.v'.
Info    : Bitwidth mismatch in assignment. [CDFG-372]
        : Width of left hand side 'instr_mul' [1] doesn't match the width of right hand side [32] in assignment in file '../rtl/picorv32.v' on line 2217.
        : Review and make sure the mismatch is intentional. Genus can possibly issue bitwidth mismatch warning for explicit assignments present in RTL as-well-as for implicit assignments inferred by the tool. For example, in case of enum declaration without value, the tool will implicitly assign value to the enum variables. It also issues the warning for any bitwidth mismatch that appears in this implicit assignment.
Info    : Bitwidth mismatch in assignment. [CDFG-372]
        : Width of left hand side 'instr_mulh' [1] doesn't match the width of right hand side [32] in assignment in file '../rtl/picorv32.v' on line 2218.
Info    : Bitwidth mismatch in assignment. [CDFG-372]
        : Width of left hand side 'instr_mulhsu' [1] doesn't match the width of right hand side [32] in assignment in file '../rtl/picorv32.v' on line 2219.
Info    : Bitwidth mismatch in assignment. [CDFG-372]
        : Width of left hand side 'instr_mulhu' [1] doesn't match the width of right hand side [32] in assignment in file '../rtl/picorv32.v' on line 2220.
Info    : Bitwidth mismatch in assignment. [CDFG-372]
        : Width of left hand side 'instr_mul' [1] doesn't match the width of right hand side [32] in assignment in file '../rtl/picorv32.v' on line 2224.
Info    : Bitwidth mismatch in assignment. [CDFG-372]
        : Width of left hand side 'instr_mulh' [1] doesn't match the width of right hand side [32] in assignment in file '../rtl/picorv32.v' on line 2225.
Info    : Bitwidth mismatch in assignment. [CDFG-372]
        : Width of left hand side 'instr_mulhsu' [1] doesn't match the width of right hand side [32] in assignment in file '../rtl/picorv32.v' on line 2226.
Info    : Bitwidth mismatch in assignment. [CDFG-372]
        : Width of left hand side 'instr_mulhu' [1] doesn't match the width of right hand side [32] in assignment in file '../rtl/picorv32.v' on line 2227.
Info    : Bitwidth mismatch in assignment. [CDFG-372]
        : Width of left hand side 'next_rdt' [64] doesn't match the width of right hand side [32] in assignment in file '../rtl/picorv32.v' on line 2257.
Info    : Bitwidth mismatch in assignment. [CDFG-372]
        : Width of left hand side '{next_rdt[...],next_rd[...]}' [5] doesn't match the width of right hand side [4] in assignment in file '../rtl/picorv32.v' on line 2260.
Info    : Bitwidth mismatch in assignment. [CDFG-372]
        : Width of left hand side '{next_rdt[...],next_rd[...]}' [5] doesn't match the width of right hand side [4] in assignment in file '../rtl/picorv32.v' on line 2260.
Info    : Bitwidth mismatch in assignment. [CDFG-372]
        : Width of left hand side '{next_rdt[...],next_rd[...]}' [5] doesn't match the width of right hand side [4] in assignment in file '../rtl/picorv32.v' on line 2260.
Info    : Bitwidth mismatch in assignment. [CDFG-372]
        : Width of left hand side '{next_rdt[...],next_rd[...]}' [5] doesn't match the width of right hand side [4] in assignment in file '../rtl/picorv32.v' on line 2260.
Info    : Bitwidth mismatch in assignment. [CDFG-372]
        : Width of left hand side '{next_rdt[...],next_rd[...]}' [5] doesn't match the width of right hand side [4] in assignment in file '../rtl/picorv32.v' on line 2260.
Info    : Bitwidth mismatch in assignment. [CDFG-372]
        : Width of left hand side '{next_rdt[...],next_rd[...]}' [5] doesn't match the width of right hand side [4] in assignment in file '../rtl/picorv32.v' on line 2260.
Info    : Bitwidth mismatch in assignment. [CDFG-372]
        : Width of left hand side '{next_rdt[...],next_rd[...]}' [5] doesn't match the width of right hand side [4] in assignment in file '../rtl/picorv32.v' on line 2260.
Info    : Bitwidth mismatch in assignment. [CDFG-372]
        : Width of left hand side '{next_rdt[...],next_rd[...]}' [5] doesn't match the width of right hand side [4] in assignment in file '../rtl/picorv32.v' on line 2260.
Info    : Bitwidth mismatch in assignment. [CDFG-372]
        : Width of left hand side '{next_rdt[...],next_rd[...]}' [5] doesn't match the width of right hand side [4] in assignment in file '../rtl/picorv32.v' on line 2260.
Info    : Bitwidth mismatch in assignment. [CDFG-372]
        : Width of left hand side '{next_rdt[...],next_rd[...]}' [5] doesn't match the width of right hand side [4] in assignment in file '../rtl/picorv32.v' on line 2260.
Info    : Bitwidth mismatch in assignment. [CDFG-372]
        : Width of left hand side '{next_rdt[...],next_rd[...]}' [5] doesn't match the width of right hand side [4] in assignment in file '../rtl/picorv32.v' on line 2260.
Warning : Maximum message print count reached. [MESG-11]
        : Maximum print count of '20' reached for message 'CDFG-372'.
Info    : Sign mismatch in assignment. [CDFG-373]
        : Assignment has unsigned left hand side 'rs1' and signed right hand side in file '../rtl/picorv32.v' on line 2275.
Info    : Sign mismatch in assignment. [CDFG-373]
        : Assignment has unsigned left hand side 'rs2' and signed right hand side in file '../rtl/picorv32.v' on line 2280.
Info    : Identified sum-of-products logic to be optimized during syn_generic. [CDFG-769]
        : Sum-of-products logic in module 'picorv32_pcpi_mul' in file '../rtl/picorv32.v' on line 2223.
Info    : An implementation was inferred. [CWD-19]
        : The implementation 'hdl_implementation:GB/equal_unsigned/very_fast' was inferred through the binding 'b1' for the call to synthetic operator 'EQ_UNS_OP' (pin widths: A=7 B=6 Z=1) at line 2222 in the file '../rtl/picorv32.v'.
Info    : Sorted the set of valid implementations for synthetic operator. [CWD-36]
        : The implementations for the call to synthetic operator 'EQ_UNS_OP' (pin widths: A=7 B=6 Z=1) at line 2222 in the file '../rtl/picorv32.v' will be considered in the following order: {'hdl_implementation:GB/equal_unsigned/very_fast' (priority 1)}
Info    : An implementation was inferred. [CWD-19]
        : The implementation 'hdl_implementation:GB/equal_unsigned/very_fast' was inferred through the binding 'b1' for the call to synthetic operator 'EQ_UNS_OP' (pin widths: A=7 B=1 Z=1) at line 2222 in the file '../rtl/picorv32.v'.
Info    : Sorted the set of valid implementations for synthetic operator. [CWD-36]
        : The implementations for the call to synthetic operator 'EQ_UNS_OP' (pin widths: A=7 B=1 Z=1) at line 2222 in the file '../rtl/picorv32.v' will be considered in the following order: {'hdl_implementation:GB/equal_unsigned/very_fast' (priority 1)}
Info    : An implementation was inferred. [CWD-19]
        : The implementation 'hdl_implementation:GB/add_unsigned/very_fast' was inferred through the binding 'b1' for the call to synthetic operator 'ADD_UNS_OP' (pin widths: A=4 B=4 Z=5) at line 2260 in the file '../rtl/picorv32.v'.
Info    : Sorted the set of valid implementations for synthetic operator. [CWD-36]
        : The implementations for the call to synthetic operator 'ADD_UNS_OP' (pin widths: A=4 B=4 Z=5) at line 2260 in the file '../rtl/picorv32.v' will be considered in the following order: {'hdl_implementation:GB/add_unsigned/very_fast' (priority 1), 'hdl_implementation:GB/add_unsigned/medium' (priority 1), 'hdl_implementation:GB/add_unsigned/slow' (priority 1)}
Info    : An implementation was inferred. [CWD-19]
        : The implementation 'hdl_implementation:GB/add_unsigned/very_fast' was inferred through the binding 'b1' for the call to synthetic operator 'ADD_UNS_OP' (pin widths: A=5 B=4 Z=5) at line 2260 in the file '../rtl/picorv32.v'.
Info    : Sorted the set of valid implementations for synthetic operator. [CWD-36]
        : The implementations for the call to synthetic operator 'ADD_UNS_OP' (pin widths: A=5 B=4 Z=5) at line 2260 in the file '../rtl/picorv32.v' will be considered in the following order: {'hdl_implementation:GB/add_unsigned/very_fast' (priority 1), 'hdl_implementation:GB/add_unsigned/medium' (priority 1), 'hdl_implementation:GB/add_unsigned/slow' (priority 1)}
Info    : An implementation was inferred. [CWD-19]
        : The implementation 'hdl_implementation:GB/add_unsigned/very_fast' was inferred through the binding 'b1' for the call to synthetic operator 'ADD_UNS_OP' (pin widths: A=4 B=4 Z=5) at line 2260 in the file '../rtl/picorv32.v'.
Info    : Sorted the set of valid implementations for synthetic operator. [CWD-36]
        : The implementations for the call to synthetic operator 'ADD_UNS_OP' (pin widths: A=4 B=4 Z=5) at line 2260 in the file '../rtl/picorv32.v' will be considered in the following order: {'hdl_implementation:GB/add_unsigned/very_fast' (priority 1), 'hdl_implementation:GB/add_unsigned/medium' (priority 1), 'hdl_implementation:GB/add_unsigned/slow' (priority 1)}
Info    : An implementation was inferred. [CWD-19]
        : The implementation 'hdl_implementation:GB/add_unsigned/very_fast' was inferred through the binding 'b1' for the call to synthetic operator 'ADD_UNS_OP' (pin widths: A=5 B=4 Z=5) at line 2260 in the file '../rtl/picorv32.v'.
Info    : Sorted the set of valid implementations for synthetic operator. [CWD-36]
        : The implementations for the call to synthetic operator 'ADD_UNS_OP' (pin widths: A=5 B=4 Z=5) at line 2260 in the file '../rtl/picorv32.v' will be considered in the following order: {'hdl_implementation:GB/add_unsigned/very_fast' (priority 1), 'hdl_implementation:GB/add_unsigned/medium' (priority 1), 'hdl_implementation:GB/add_unsigned/slow' (priority 1)}
Info    : An implementation was inferred. [CWD-19]
        : The implementation 'hdl_implementation:GB/add_unsigned/very_fast' was inferred through the binding 'b1' for the call to synthetic operator 'ADD_UNS_OP' (pin widths: A=4 B=4 Z=5) at line 2260 in the file '../rtl/picorv32.v'.
Info    : Sorted the set of valid implementations for synthetic operator. [CWD-36]
        : The implementations for the call to synthetic operator 'ADD_UNS_OP' (pin widths: A=4 B=4 Z=5) at line 2260 in the file '../rtl/picorv32.v' will be considered in the following order: {'hdl_implementation:GB/add_unsigned/very_fast' (priority 1), 'hdl_implementation:GB/add_unsigned/medium' (priority 1), 'hdl_implementation:GB/add_unsigned/slow' (priority 1)}
Info    : An implementation was inferred. [CWD-19]
        : The implementation 'hdl_implementation:GB/add_unsigned/very_fast' was inferred through the binding 'b1' for the call to synthetic operator 'ADD_UNS_OP' (pin widths: A=5 B=4 Z=5) at line 2260 in the file '../rtl/picorv32.v'.
Info    : Sorted the set of valid implementations for synthetic operator. [CWD-36]
        : The implementations for the call to synthetic operator 'ADD_UNS_OP' (pin widths: A=5 B=4 Z=5) at line 2260 in the file '../rtl/picorv32.v' will be considered in the following order: {'hdl_implementation:GB/add_unsigned/very_fast' (priority 1), 'hdl_implementation:GB/add_unsigned/medium' (priority 1), 'hdl_implementation:GB/add_unsigned/slow' (priority 1)}
Info    : An implementation was inferred. [CWD-19]
        : The implementation 'hdl_implementation:GB/add_unsigned/very_fast' was inferred through the binding 'b1' for the call to synthetic operator 'ADD_UNS_OP' (pin widths: A=4 B=4 Z=5) at line 2260 in the file '../rtl/picorv32.v'.
Info    : Sorted the set of valid implementations for synthetic operator. [CWD-36]
        : The implementations for the call to synthetic operator 'ADD_UNS_OP' (pin widths: A=4 B=4 Z=5) at line 2260 in the file '../rtl/picorv32.v' will be considered in the following order: {'hdl_implementation:GB/add_unsigned/very_fast' (priority 1), 'hdl_implementation:GB/add_unsigned/medium' (priority 1), 'hdl_implementation:GB/add_unsigned/slow' (priority 1)}
Info    : An implementation was inferred. [CWD-19]
        : The implementation 'hdl_implementation:GB/add_unsigned/very_fast' was inferred through the binding 'b1' for the call to synthetic operator 'ADD_UNS_OP' (pin widths: A=5 B=4 Z=5) at line 2260 in the file '../rtl/picorv32.v'.
Info    : Sorted the set of valid implementations for synthetic operator. [CWD-36]
        : The implementations for the call to synthetic operator 'ADD_UNS_OP' (pin widths: A=5 B=4 Z=5) at line 2260 in the file '../rtl/picorv32.v' will be considered in the following order: {'hdl_implementation:GB/add_unsigned/very_fast' (priority 1), 'hdl_implementation:GB/add_unsigned/medium' (priority 1), 'hdl_implementation:GB/add_unsigned/slow' (priority 1)}
Info    : An implementation was inferred. [CWD-19]
        : The implementation 'hdl_implementation:GB/add_unsigned/very_fast' was inferred through the binding 'b1' for the call to synthetic operator 'ADD_UNS_OP' (pin widths: A=4 B=4 Z=5) at line 2260 in the file '../rtl/picorv32.v'.
Info    : Sorted the set of valid implementations for synthetic operator. [CWD-36]
        : The implementations for the call to synthetic operator 'ADD_UNS_OP' (pin widths: A=4 B=4 Z=5) at line 2260 in the file '../rtl/picorv32.v' will be considered in the following order: {'hdl_implementation:GB/add_unsigned/very_fast' (priority 1), 'hdl_implementation:GB/add_unsigned/medium' (priority 1), 'hdl_implementation:GB/add_unsigned/slow' (priority 1)}
Info    : An implementation was inferred. [CWD-19]
        : The implementation 'hdl_implementation:GB/add_unsigned/very_fast' was inferred through the binding 'b1' for the call to synthetic operator 'ADD_UNS_OP' (pin widths: A=5 B=4 Z=5) at line 2260 in the file '../rtl/picorv32.v'.
Info    : Sorted the set of valid implementations for synthetic operator. [CWD-36]
        : The implementations for the call to synthetic operator 'ADD_UNS_OP' (pin widths: A=5 B=4 Z=5) at line 2260 in the file '../rtl/picorv32.v' will be considered in the following order: {'hdl_implementation:GB/add_unsigned/very_fast' (priority 1), 'hdl_implementation:GB/add_unsigned/medium' (priority 1), 'hdl_implementation:GB/add_unsigned/slow' (priority 1)}
Info    : An implementation was inferred. [CWD-19]
        : The implementation 'hdl_implementation:GB/add_unsigned/very_fast' was inferred through the binding 'b1' for the call to synthetic operator 'ADD_UNS_OP' (pin widths: A=4 B=4 Z=5) at line 2260 in the file '../rtl/picorv32.v'.
Info    : Sorted the set of valid implementations for synthetic operator. [CWD-36]
        : The implementations for the call to synthetic operator 'ADD_UNS_OP' (pin widths: A=4 B=4 Z=5) at line 2260 in the file '../rtl/picorv32.v' will be considered in the following order: {'hdl_implementation:GB/add_unsigned/very_fast' (priority 1), 'hdl_implementation:GB/add_unsigned/medium' (priority 1), 'hdl_implementation:GB/add_unsigned/slow' (priority 1)}
Info    : An implementation was inferred. [CWD-19]
        : The implementation 'hdl_implementation:GB/add_unsigned/very_fast' was inferred through the binding 'b1' for the call to synthetic operator 'ADD_UNS_OP' (pin widths: A=5 B=4 Z=5) at line 2260 in the file '../rtl/picorv32.v'.
Info    : Sorted the set of valid implementations for synthetic operator. [CWD-36]
        : The implementations for the call to synthetic operator 'ADD_UNS_OP' (pin widths: A=5 B=4 Z=5) at line 2260 in the file '../rtl/picorv32.v' will be considered in the following order: {'hdl_implementation:GB/add_unsigned/very_fast' (priority 1), 'hdl_implementation:GB/add_unsigned/medium' (priority 1), 'hdl_implementation:GB/add_unsigned/slow' (priority 1)}
Info    : An implementation was inferred. [CWD-19]
        : The implementation 'hdl_implementation:GB/add_unsigned/very_fast' was inferred through the binding 'b1' for the call to synthetic operator 'ADD_UNS_OP' (pin widths: A=4 B=4 Z=5) at line 2260 in the file '../rtl/picorv32.v'.
Info    : Sorted the set of valid implementations for synthetic operator. [CWD-36]
        : The implementations for the call to synthetic operator 'ADD_UNS_OP' (pin widths: A=4 B=4 Z=5) at line 2260 in the file '../rtl/picorv32.v' will be considered in the following order: {'hdl_implementation:GB/add_unsigned/very_fast' (priority 1), 'hdl_implementation:GB/add_unsigned/medium' (priority 1), 'hdl_implementation:GB/add_unsigned/slow' (priority 1)}
Info    : An implementation was inferred. [CWD-19]
        : The implementation 'hdl_implementation:GB/add_unsigned/very_fast' was inferred through the binding 'b1' for the call to synthetic operator 'ADD_UNS_OP' (pin widths: A=5 B=4 Z=5) at line 2260 in the file '../rtl/picorv32.v'.
Info    : Sorted the set of valid implementations for synthetic operator. [CWD-36]
        : The implementations for the call to synthetic operator 'ADD_UNS_OP' (pin widths: A=5 B=4 Z=5) at line 2260 in the file '../rtl/picorv32.v' will be considered in the following order: {'hdl_implementation:GB/add_unsigned/very_fast' (priority 1), 'hdl_implementation:GB/add_unsigned/medium' (priority 1), 'hdl_implementation:GB/add_unsigned/slow' (priority 1)}
Info    : An implementation was inferred. [CWD-19]
        : The implementation 'hdl_implementation:GB/add_unsigned/very_fast' was inferred through the binding 'b1' for the call to synthetic operator 'ADD_UNS_OP' (pin widths: A=4 B=4 Z=5) at line 2260 in the file '../rtl/picorv32.v'.
Info    : Sorted the set of valid implementations for synthetic operator. [CWD-36]
        : The implementations for the call to synthetic operator 'ADD_UNS_OP' (pin widths: A=4 B=4 Z=5) at line 2260 in the file '../rtl/picorv32.v' will be considered in the following order: {'hdl_implementation:GB/add_unsigned/very_fast' (priority 1), 'hdl_implementation:GB/add_unsigned/medium' (priority 1), 'hdl_implementation:GB/add_unsigned/slow' (priority 1)}
Info    : An implementation was inferred. [CWD-19]
        : The implementation 'hdl_implementation:GB/add_unsigned/very_fast' was inferred through the binding 'b1' for the call to synthetic operator 'ADD_UNS_OP' (pin widths: A=5 B=4 Z=5) at line 2260 in the file '../rtl/picorv32.v'.
Info    : Sorted the set of valid implementations for synthetic operator. [CWD-36]
        : The implementations for the call to synthetic operator 'ADD_UNS_OP' (pin widths: A=5 B=4 Z=5) at line 2260 in the file '../rtl/picorv32.v' will be considered in the following order: {'hdl_implementation:GB/add_unsigned/very_fast' (priority 1), 'hdl_implementation:GB/add_unsigned/medium' (priority 1), 'hdl_implementation:GB/add_unsigned/slow' (priority 1)}
Info    : An implementation was inferred. [CWD-19]
        : The implementation 'hdl_implementation:GB/add_unsigned/very_fast' was inferred through the binding 'b1' for the call to synthetic operator 'ADD_UNS_OP' (pin widths: A=4 B=4 Z=5) at line 2260 in the file '../rtl/picorv32.v'.
Info    : Sorted the set of valid implementations for synthetic operator. [CWD-36]
        : The implementations for the call to synthetic operator 'ADD_UNS_OP' (pin widths: A=4 B=4 Z=5) at line 2260 in the file '../rtl/picorv32.v' will be considered in the following order: {'hdl_implementation:GB/add_unsigned/very_fast' (priority 1), 'hdl_implementation:GB/add_unsigned/medium' (priority 1), 'hdl_implementation:GB/add_unsigned/slow' (priority 1)}
Info    : An implementation was inferred. [CWD-19]
        : The implementation 'hdl_implementation:GB/add_unsigned/very_fast' was inferred through the binding 'b1' for the call to synthetic operator 'ADD_UNS_OP' (pin widths: A=5 B=4 Z=5) at line 2260 in the file '../rtl/picorv32.v'.
Info    : Sorted the set of valid implementations for synthetic operator. [CWD-36]
        : The implementations for the call to synthetic operator 'ADD_UNS_OP' (pin widths: A=5 B=4 Z=5) at line 2260 in the file '../rtl/picorv32.v' will be considered in the following order: {'hdl_implementation:GB/add_unsigned/very_fast' (priority 1), 'hdl_implementation:GB/add_unsigned/medium' (priority 1), 'hdl_implementation:GB/add_unsigned/slow' (priority 1)}
Warning : Maximum message print count reached. [MESG-11]
        : Maximum print count of '20' reached for message 'CWD-19'.
Warning : Ignored redundant case item. [CDFG-480]
        : Case item '0' in module 'picorv32' in file '../rtl/picorv32.v' on line 341.
        : When multiple case item expressions match the case condition, only the statements associated with the first matching item are considered.
Warning : Unreachable statements for case item. [CDFG-472]
        : Case item '2' in module 'picorv32' in file '../rtl/picorv32.v' on line 341.
Info    : Sign mismatch in assignment. [CDFG-373]
        : Assignment has unsigned left hand side 'decoded_imm' and signed right hand side in file '../rtl/picorv32.v' on line 1123.
Info    : Sign mismatch in assignment. [CDFG-373]
        : Assignment has unsigned left hand side 'decoded_imm' and signed right hand side in file '../rtl/picorv32.v' on line 1125.
Info    : Sign mismatch in assignment. [CDFG-373]
        : Assignment has unsigned left hand side 'decoded_imm' and signed right hand side in file '../rtl/picorv32.v' on line 1127.
Info    : Sign mismatch in assignment. [CDFG-373]
        : Assignment has unsigned left hand side 'alu_shr' and signed right hand side in file '../rtl/picorv32.v' on line 1240.
Warning : Ignored redundant case item. [CDFG-480]
        : Case item '0' in module 'picorv32' in file '../rtl/picorv32.v' on line 1277.
Warning : Unreachable statements for case item. [CDFG-472]
        : Case item '6' in module 'picorv32' in file '../rtl/picorv32.v' on line 1277.
Warning : Ignored redundant case item. [CDFG-480]
        : Case item '0' in module 'picorv32' in file '../rtl/picorv32.v' on line 1323.
Warning : Unreachable statements for case item. [CDFG-472]
        : Case item '3' in module 'picorv32' in file '../rtl/picorv32.v' on line 1323.
Info    : Sign mismatch in assignment. [CDFG-373]
        : Assignment has unsigned left hand side 'pcpi_timeout_counter' and signed right hand side in file '../rtl/picorv32.v' on line 1423.
Info    : Sign mismatch in assignment. [CDFG-373]
        : Assignment has unsigned left hand side 'irq_mask' and signed right hand side in file '../rtl/picorv32.v' on line 1468.
Warning : Ignored redundant case item. [CDFG-480]
        : Case item '0' in module 'picorv32' in file '../rtl/picorv32.v' on line 1506.
Warning : Unreachable statements for case item. [CDFG-472]
        : Case item '3' in module 'picorv32' in file '../rtl/picorv32.v' on line 1506.
Warning : Ignored redundant case item. [CDFG-480]
        : Case item '0' in module 'picorv32' in file '../rtl/picorv32.v' on line 1653.
Warning : Unreachable statements for case item. [CDFG-472]
        : Case item '4' in module 'picorv32' in file '../rtl/picorv32.v' on line 1653.
Warning : Ignored redundant case item. [CDFG-480]
        : Case item '0' in module 'picorv32' in file '../rtl/picorv32.v' on line 1662.
Warning : Unreachable statements for case item. [CDFG-472]
        : Case item '5' in module 'picorv32' in file '../rtl/picorv32.v' on line 1662.
Warning : Ignored redundant case item. [CDFG-480]
        : Case item '0' in module 'picorv32' in file '../rtl/picorv32.v' on line 1673.
Warning : Unreachable statements for case item. [CDFG-472]
        : Case item '6' in module 'picorv32' in file '../rtl/picorv32.v' on line 1673.
Warning : Ignored redundant case item. [CDFG-480]
        : Case item '0' in module 'picorv32' in file '../rtl/picorv32.v' on line 1682.
Warning : Unreachable statements for case item. [CDFG-472]
        : Case item '7' in module 'picorv32' in file '../rtl/picorv32.v' on line 1682.
Warning : Ignored redundant case item. [CDFG-480]
        : Case item '0' in module 'picorv32' in file '../rtl/picorv32.v' on line 1707.
Info    : Sign mismatch in assignment. [CDFG-373]
        : Assignment has unsigned left hand side 'reg_op1' and signed right hand side in file '../rtl/picorv32.v' on line 1835.
Info    : Sign mismatch in assignment. [CDFG-373]
        : Assignment has unsigned left hand side 'reg_op1' and signed right hand side in file '../rtl/picorv32.v' on line 1843.
Info    : Sign mismatch in assignment. [CDFG-373]
        : Assignment has unsigned left hand side 'reg_out' and signed right hand side in file '../rtl/picorv32.v' on line 1899.
Info    : Sign mismatch in assignment. [CDFG-373]
        : Assignment has unsigned left hand side 'reg_out' and signed right hand side in file '../rtl/picorv32.v' on line 1900.
Warning : Removing unused register. [CDFG-508]
        : Removing unused flip-flop register 'mem_la_firstword_reg' in module 'picorv32' in file '../rtl/picorv32.v' on line 396.
        : Genus removes the flip-flop or latch inferred for an unused signal or variable. To preserve the flip-flop or latch, set the hdl_preserve_unused_registers attribute to true or use a pragma in the RTL.
Warning : Removing unused register. [CDFG-508]
        : Removing unused flip-flop register 'last_mem_valid' in module 'picorv32' in file '../rtl/picorv32.v' on line 397.
Warning : Removing unused register. [CDFG-508]
        : Removing unused flip-flop register 'next_insn_opcode' in module 'picorv32' in file '../rtl/picorv32.v' on line 433.
Warning : Removing unused register. [CDFG-508]
        : Removing unused flip-flop register 'mem_la_secondword' in module 'picorv32' in file '../rtl/picorv32.v' on line 608.
Warning : Removing unused register. [CDFG-508]
        : Removing unused flip-flop register 'prefetched_high_word' in module 'picorv32' in file '../rtl/picorv32.v' on line 640.
Warning : Removing unused register. [CDFG-508]
        : Removing unused latch register 'new_ascii_instr' in module 'picorv32' in file '../rtl/picorv32.v' on line 755.
Warning : Removing unused register. [CDFG-508]
        : Removing unused flip-flop register 'dbg_insn_addr' in module 'picorv32' in file '../rtl/picorv32.v' on line 803.
Warning : Removing unused register. [CDFG-508]
        : Removing unused flip-flop register 'q_ascii_instr' in module 'picorv32' in file '../rtl/picorv32.v' on line 777.
Warning : Removing unused register. [CDFG-508]
        : Removing unused flip-flop register 'q_insn_imm' in module 'picorv32' in file '../rtl/picorv32.v' on line 778.
Warning : Removing unused register. [CDFG-508]
        : Removing unused flip-flop register 'q_insn_opcode' in module 'picorv32' in file '../rtl/picorv32.v' on line 779.
Warning : Removing unused register. [CDFG-508]
        : Removing unused flip-flop register 'q_insn_rs1' in module 'picorv32' in file '../rtl/picorv32.v' on line 780.
Warning : Removing unused register. [CDFG-508]
        : Removing unused flip-flop register 'q_insn_rs2' in module 'picorv32' in file '../rtl/picorv32.v' on line 781.
Warning : Removing unused register. [CDFG-508]
        : Removing unused flip-flop register 'q_insn_rd' in module 'picorv32' in file '../rtl/picorv32.v' on line 782.
Warning : Removing unused register. [CDFG-508]
        : Removing unused flip-flop register 'dbg_next' in module 'picorv32' in file '../rtl/picorv32.v' on line 783.
Warning : Removing unused register. [CDFG-508]
        : Removing unused flip-flop register 'dbg_valid_insn' in module 'picorv32' in file '../rtl/picorv32.v' on line 788.
Warning : Removing unused register. [CDFG-508]
        : Removing unused flip-flop register 'cached_ascii_instr' in module 'picorv32' in file '../rtl/picorv32.v' on line 791.
Warning : Removing unused register. [CDFG-508]
        : Removing unused flip-flop register 'cached_insn_imm' in module 'picorv32' in file '../rtl/picorv32.v' on line 792.
Warning : Removing unused register. [CDFG-508]
        : Removing unused flip-flop register 'cached_insn_opcode' in module 'picorv32' in file '../rtl/picorv32.v' on line 796.
Warning : Removing unused register. [CDFG-508]
        : Removing unused flip-flop register 'cached_insn_rs1' in module 'picorv32' in file '../rtl/picorv32.v' on line 797.
Warning : Removing unused register. [CDFG-508]
        : Removing unused flip-flop register 'cached_insn_rs2' in module 'picorv32' in file '../rtl/picorv32.v' on line 798.
Warning : Maximum message print count reached. [MESG-11]
        : Maximum print count of '20' reached for message 'CDFG-508'.
Info    : Replaced logic with a constant value. [CDFG-771]
        : Constant Replacement in Module 'picorv32' in file '../rtl/picorv32.v' on line 373.
Info    : Replaced logic with a constant value. [CDFG-771]
        : Constant Replacement in Module 'picorv32' in file '../rtl/picorv32.v' on line 377.
Info    : Replaced logic with a constant value. [CDFG-771]
        : Constant Replacement in Module 'picorv32' in file '../rtl/picorv32.v' on line 584.
Info    : Replaced logic with a constant value. [CDFG-771]
        : Constant Replacement in Module 'picorv32' in file '../rtl/picorv32.v' on line 878.
Info    : Common subexpression eliminated. [CDFG-738]
        : Eliminated '%bit-select%' in file '../rtl/picorv32.v' on line 1843.
Info    : Common subexpression kept. [CDFG-739]
        : Kept '%bit-select%' in file '../rtl/picorv32.v' on line 1835.
Info    : Common subexpression eliminated. [CDFG-738]
        : Eliminated '%bit-select%' in file '../rtl/picorv32.v' on line 1918.
Info    : Common subexpression kept. [CDFG-739]
        : Kept '%bit-select%' in file '../rtl/picorv32.v' on line 419.
Info    : Common subexpression eliminated. [CDFG-738]
        : Eliminated '+' in file '../rtl/picorv32.v' on line 1892.
Info    : Common subexpression kept. [CDFG-739]
        : Kept '+' in file '../rtl/picorv32.v' on line 1864.
Info    : Common subexpression eliminated. [CDFG-738]
        : Eliminated '==' in file '../rtl/picorv32.v' on line 1063.
Info    : Common subexpression kept. [CDFG-739]
        : Kept '==' in file '../rtl/picorv32.v' on line 1062.
Info    : Common subexpression eliminated. [CDFG-738]
        : Eliminated '==' in file '../rtl/picorv32.v' on line 1066.
Info    : Common subexpression kept. [CDFG-739]
        : Kept '==' in file '../rtl/picorv32.v' on line 1062.
Info    : Common subexpression eliminated. [CDFG-738]
        : Eliminated '==' in file '../rtl/picorv32.v' on line 1068.
Info    : Common subexpression kept. [CDFG-739]
        : Kept '==' in file '../rtl/picorv32.v' on line 1062.
Info    : Common subexpression eliminated. [CDFG-738]
        : Eliminated '==' in file '../rtl/picorv32.v' on line 1069.
Info    : Common subexpression kept. [CDFG-739]
        : Kept '==' in file '../rtl/picorv32.v' on line 1062.
Info    : Common subexpression eliminated. [CDFG-738]
        : Eliminated '==' in file '../rtl/picorv32.v' on line 1070.
Info    : Common subexpression kept. [CDFG-739]
        : Kept '==' in file '../rtl/picorv32.v' on line 1062.
Info    : Common subexpression eliminated. [CDFG-738]
        : Eliminated '==' in file '../rtl/picorv32.v' on line 1071.
Info    : Common subexpression kept. [CDFG-739]
        : Kept '==' in file '../rtl/picorv32.v' on line 1062.
Info    : Common subexpression eliminated. [CDFG-738]
        : Eliminated '==' in file '../rtl/picorv32.v' on line 1072.
Info    : Common subexpression kept. [CDFG-739]
        : Kept '==' in file '../rtl/picorv32.v' on line 1062.
Info    : Common subexpression eliminated. [CDFG-738]
        : Eliminated '==' in file '../rtl/picorv32.v' on line 1074.
Info    : Common subexpression kept. [CDFG-739]
        : Kept '==' in file '../rtl/picorv32.v' on line 1062.
Info    : Common subexpression eliminated. [CDFG-738]
        : Eliminated '==' in file '../rtl/picorv32.v' on line 1075.
Info    : Common subexpression kept. [CDFG-739]
        : Kept '==' in file '../rtl/picorv32.v' on line 1062.
Info    : Common subexpression eliminated. [CDFG-738]
        : Eliminated '==' in file '../rtl/picorv32.v' on line 1093.
Info    : Common subexpression kept. [CDFG-739]
        : Kept '==' in file '../rtl/picorv32.v' on line 1062.
Info    : Common subexpression eliminated. [CDFG-738]
        : Eliminated '==' in file '../rtl/picorv32.v' on line 1094.
Info    : Common subexpression kept. [CDFG-739]
        : Kept '==' in file '../rtl/picorv32.v' on line 1062.
Info    : Common subexpression eliminated. [CDFG-738]
        : Eliminated '==' in file '../rtl/picorv32.v' on line 1108.
Info    : Common subexpression kept. [CDFG-739]
        : Kept '==' in file '../rtl/picorv32.v' on line 1062.
Info    : Common subexpression eliminated. [CDFG-738]
        : Eliminated '==' in file '../rtl/picorv32.v' on line 1109.
Info    : Common subexpression kept. [CDFG-739]
        : Kept '==' in file '../rtl/picorv32.v' on line 1062.
Info    : Common subexpression eliminated. [CDFG-738]
        : Eliminated '==' in file '../rtl/picorv32.v' on line 1045.
Info    : Common subexpression kept. [CDFG-739]
        : Kept '==' in file '../rtl/picorv32.v' on line 1038.
Info    : Common subexpression eliminated. [CDFG-738]
        : Eliminated '==' in file '../rtl/picorv32.v' on line 1051.
Info    : Common subexpression kept. [CDFG-739]
        : Kept '==' in file '../rtl/picorv32.v' on line 1038.
Info    : Common subexpression eliminated. [CDFG-738]
        : Eliminated '==' in file '../rtl/picorv32.v' on line 1055.
Info    : Common subexpression kept. [CDFG-739]
        : Kept '==' in file '../rtl/picorv32.v' on line 1038.
Info    : Common subexpression eliminated. [CDFG-738]
        : Eliminated '==' in file '../rtl/picorv32.v' on line 1066.
Info    : Common subexpression kept. [CDFG-739]
        : Kept '==' in file '../rtl/picorv32.v' on line 1038.
Warning : Maximum message print count reached. [MESG-11]
        : Maximum print count of '20' reached for message 'CDFG-738'.
Warning : Maximum message print count reached. [MESG-11]
        : Maximum print count of '20' reached for message 'CDFG-739'.
Info    : Identified sum-of-products logic to be optimized during syn_generic. [CDFG-769]
        : Sum-of-products logic in module 'picorv32' in file '../rtl/picorv32.v' on line 1481.
Info    : Unused module input port. [CDFG-500]
        : Input port 'pcpi_wr' is not used in module 'picorv32' in file '../rtl/picorv32.v' on line 114.
        : (In port definition within the module, the input port is not used in any assignment statements or conditional expressions for decision statements.
Info    : Unused module input port. [CDFG-500]
        : Input port 'pcpi_rd' is not used in module 'picorv32' in file '../rtl/picorv32.v' on line 115.
Info    : Unused module input port. [CDFG-500]
        : Input port 'pcpi_wait' is not used in module 'picorv32' in file '../rtl/picorv32.v' on line 116.
Info    : Unused module input port. [CDFG-500]
        : Input port 'pcpi_ready' is not used in module 'picorv32' in file '../rtl/picorv32.v' on line 117.
Info    : Unused module input port. [CDFG-500]
        : Input port 'irq' is not used in module 'picorv32' in file '../rtl/picorv32.v' on line 120.
Info    : Done Elaborating Design. [ELAB-3]
        : Done elaborating 'picorv32'.
Checking for analog nets...
Check completed for analog nets.
Checking for source RTL...
Check completed for source RTL.
Running Unified Mux Engine Tricks...
          Accepted sweep muxes in module picorv32 for instance(s): mux_mem_do_rinst_1493_5
Completed Unified Mux Engine Tricks

Stage: post_elab
--------------------------------------------------------
| Trick             | Accepts | Rejects | Runtime (ms) | 
--------------------------------------------------------
| ume_constant_bmux |       0 |       0 |         0.00 | 
| ume_merge         |       0 |       0 |         0.00 | 
| ume_ssm           |       0 |       0 |         2.00 | 
| ume_cse           |       1 |       0 |         9.00 | 
| ume_shrink        |       1 |       0 |         1.00 | 
| ume_sweep         |       1 |       0 |         0.00 | 
| ume_constant_bmux |       0 |       0 |         0.00 | 
| ume_merge         |       0 |       0 |         0.00 | 
| ume_ssm           |       0 |       0 |         2.00 | 
| ume_cse           |       0 |       0 |         5.00 | 
| ume_shrink        |       0 |       0 |         0.00 | 
| ume_sweep         |       0 |       0 |         1.00 | 
--------------------------------------------------------
Starting optimize datapath shifters [v1.0] (stage: post_elab, startdef: picorv32, recur: true)
Completed optimize datapath shifters (accepts: 0, rejects: 0, runtime: 0.000s)
Starting clip mux common data inputs [v1.0] (stage: post_elab, startdef: picorv32, recur: true)
Completed clip mux common data inputs (accepts: 0, rejects: 0, runtime: 0.000s)
Starting clip the non-user hierarchies [v2.0] (stage: post_elab, startdef: picorv32, recur: true)
Completed clip the non-user hierarchies (accepts: 0, rejects: 0, runtime: 0.000s)
Starting basic netlist cleanup [v1.0] (stage: post_elab, startdef: picorv32, recur: true)
Completed basic netlist cleanup (accepts: 0, rejects: 0, runtime: 0.000s)

Stage: post_elab
---------------------------------------------------------------------
| Transform                      | Accepts | Rejects | Runtime (ms) | 
---------------------------------------------------------------------
| hlo_optimize_datapath_shifters |       0 |       0 |         0.00 | 
| hlo_clip_mux_input             |       0 |       0 |         0.00 | 
| hlo_clip                       |       0 |       0 |         0.00 | 
| hlo_cleanup                    |       0 |       0 |         0.00 | 
---------------------------------------------------------------------
UM:   flow.cputime  flow.realtime  timing.setup.tns  timing.setup.wns  snapshot
UM:*                                                                   elaborate
@file(synth1.tcl) 84: check_design


 	 Check Design Report (c)
	 ------------------- 
 Summary
 ------- 

              Name                       Total
----------------------------------------------
Unresolved References                        0
Empty Modules                                0
Unloaded Port(s)                            67
Unloaded Sequential Pin(s)                   0
Unloaded Combinational Pin(s)                9
Assigns                                     31
Undriven Port(s)                             0
Undriven Leaf Pin(s)                         0
Undriven hierarchical pin(s)                 0
Multidriven Port(s)                          0
Multidriven Leaf Pin(s)                      0
Multidriven hierarchical Pin(s)              0
Multidriven unloaded net(s)                  0
Constant Port(s)                             2
Constant Leaf Pin(s)                         0
Constant hierarchical Pin(s)              1072
Preserved leaf instance(s)                   0
Preserved hierarchical instance(s)           0
Feedthrough Modules(s)                       0
Libcells with no LEF cell                    0
Physical (LEF) cells with no libcell        80
Subdesigns with long module name             0
Physical only instance(s)                    0
Logical only instance(s)                     0


  Done Checking the design.
@file(synth1.tcl) 86: time_info Elaboration
stamp 'Elaboration' being created for table 'default'

  Total Time (Wall) |  Stage Time (Wall)  |   % (Wall)   |    Date - Time     |  Memory   | Stage
--------------------+---------------------+--------------+--------------------+-----------+----------------------
 00:00:03(00:00:00) |  00:00:00(00:00:00) |   0.0(  0.0) |   19:17:37 (Apr13) |  216.9 MB | init
--------------------+---------------------+--------------+--------------------+-----------+----------------------
 00:00:09(00:00:42) |  00:00:06(00:00:42) | 100.0(100.0) |   19:18:19 (Apr13) |  563.6 MB | Elaboration
--------------------+---------------------+--------------+--------------------+-----------+----------------------
Number of threads: 8 * 1   (id: default, time_info v1.57)
Info: (*N*) indicates data that was populated from previously saved time_info database
Info: CPU time includes time of parent + longest thread
@file(synth1.tcl) 88: init_design
Started checking and loading power intent for design picorv32...
================================================================
No power intent for design 'picorv32'.
Completed checking and loading power intent for design picorv32 (runtime:0.00s memory_usage:0.00M peak_memory:0.00M).
=====================================================================================================================
  Setting attribute of root '/': 'read_qrc_tech_file_rc_corner' = true
@file(synth1.tcl) 90: check_design -unresolved


 	 Check Design Report (c)
	 ------------------- 

  Unresolved References & Empty Modules
  ------------------------------------- 
No unresolved references in design 'picorv32'

No empty modules in design 'picorv32'

  Done Checking the design.
@file(synth1.tcl) 98: read_sdc ../Constraints/picorv32.sdc
            Reading file '/home/alumnes/s/serik.perez/dnd/synth/caravel-picorv32/R2-core-mul/../Constraints/picorv32.sdc'
Statistics for commands executed by read_sdc:
 "all_inputs"               - successful      2 , failed      0 (runtime  0.00)
 "all_outputs"              - successful      2 , failed      0 (runtime  0.00)
 "create_clock"             - successful      1 , failed      0 (runtime  0.00)
 "current_design"           - successful      2 , failed      0 (runtime  0.01)
 "get_clocks"               - successful      2 , failed      0 (runtime  0.00)
 "get_ports"                - successful      2 , failed      0 (runtime  0.00)
 "remove_from_collection"   - successful      1 , failed      0 (runtime  0.00)
 "set_clock_uncertainty"    - successful      2 , failed      0 (runtime  0.00)
 "set_input_delay"          - successful      1 , failed      0 (runtime  0.00)
 "set_input_transition"     - successful      1 , failed      0 (runtime  0.00)
 "set_load"                 - successful      1 , failed      0 (runtime  0.00)
 "set_max_fanout"           - successful      1 , failed      0 (runtime  0.00)
 "set_max_transition"       - successful      1 , failed      0 (runtime  0.00)
 "set_output_delay"         - successful      1 , failed      0 (runtime  0.00)
 "set_units"                - successful      1 , failed      0 (runtime  0.00)
read_sdc completed in 00:00:00 (hh:mm:ss)
@file(synth1.tcl) 99: puts "The number of exceptions is [llength [vfind "design:$DESIGN" -exception *]]"
The number of exceptions is 1
@file(synth1.tcl) 104: if {![file exists ${_LOG_PATH}]} {
  file mkdir ${_LOG_PATH}
  puts "Creating directory ${_LOG_PATH}"
}
Creating directory logs_Apr13-19:18:17
@file(synth1.tcl) 109: if {![file exists ${_OUTPUTS_PATH}]} {
  file mkdir ${_OUTPUTS_PATH}
  puts "Creating directory ${_OUTPUTS_PATH}"
}
Creating directory out_Apr13-19:18:17
@file(synth1.tcl) 114: if {![file exists ${_REPORTS_PATH}]} {
  file mkdir ${_REPORTS_PATH}
  puts "Creating directory ${_REPORTS_PATH}"
}
Creating directory reports_Apr13-19:18:17
@file(synth1.tcl) 118: check_timing_intent
        Computing net loads.
        Tracing clock networks.
Info    : Multimode clock gating check is disabled. [TIM-1000]
        Levelizing the circuit.
        Computing delays.
        Computing arrivals and requireds.
============================================================
  Generated by:           Genus(TM) Synthesis Solution 22.13-s093_1
  Generated on:           Apr 13 2026  07:18:19 pm
  Module:                 picorv32
  Technology libraries:   fast_vdd1v0 1.0
                          scm_128x32 1.0
                          physical_cells 
  Operating conditions:   PVT_1P1V_0C 
  Interconnect mode:      global
  Area mode:              physical library
============================================================


Lint summary
 Unconnected/logic driven clocks                                  0
 Sequential data pins driven by a clock signal                    0
 Sequential clock pins without clock waveform                     0
 Sequential clock pins with multiple clock waveforms              0
 Generated clocks without clock waveform                          0
 Generated clocks with incompatible options                       0
 Generated clocks with multi-master clock                         0
 Paths constrained with different clocks                          0
 Loop-breaking cells for combinational feedback                   0
 Nets with multiple drivers                                       0
 Timing exceptions with no effect                                 0
 Suspicious multi_cycle exceptions                                0
 Pins/ports with conflicting case constants                       0
 Inputs without clocked external delays                           0
 Outputs without clocked external delays                          0
 Inputs without external driver/transition                        0
 Outputs without external load                                    0
 Exceptions with invalid timing start-/endpoints                  0

                                                  Total:          0

#@ End verbose source ../Scripts/synth1.tcl
@genus:root: 5> source ../Scripts/synth2.tcl
Sourcing '../Scripts/synth2.tcl' (Mon Apr 13 19:18:32 CEST 2026)...
#@ Begin verbose source ../Scripts/synth2.tcl
@file(synth2.tcl) 10: if {[llength [all_registers]] > 0} { 
  define_cost_group -name I2C -design $DESIGN
  define_cost_group -name C2O -design $DESIGN
  define_cost_group -name C2C -design $DESIGN
  path_group -from [all_registers] -to [all_registers] -group C2C -name C2C_nom
  path_group -from [all_registers] -to [all_outputs] -group C2O -name C2O_nom
  path_group -from [all_inputs]  -to [all_registers] -group I2C -name I2C_nom
}
@file(synth2.tcl) 19: define_cost_group -name I2O -design $DESIGN
@file(synth2.tcl) 20: path_group -from [all_inputs]  -to [all_outputs] -group I2O -name I2O_nom
@file(synth2.tcl) 21: foreach cg [vfind / -cost_group *] {
  report_timing -group [list $cg] >> $_REPORTS_PATH/${DESIGN}_pretim.rpt
}
        Computing arrivals and requireds.
Warning : Timing problems have been detected in this design. [TIM-11]
        : The design is 'picorv32'.
        : Use 'check_timing_intent' or 'report timing -lint' to report more information.
Warning : Timing problems have been detected in this design. [TIM-11]
        : The design is 'picorv32'.
Warning : Timing problems have been detected in this design. [TIM-11]
        : The design is 'picorv32'.
Warning : Timing problems have been detected in this design. [TIM-11]
        : The design is 'picorv32'.
Warning : Timing problems have been detected in this design. [TIM-11]
        : The design is 'picorv32'.
Warning : Timing problems have been detected in this design. [TIM-11]
        : The design is 'picorv32'.
@file(synth2.tcl) 36: set_db / .timing_report_unconstrained false
  Setting attribute of root '/': 'timing_report_unconstrained' = false
@file(synth2.tcl) 38: set_db / .super_thread_servers {localhost}
  Setting attribute of root '/': 'super_thread_servers' = localhost
@file(synth2.tcl) 39: set_db / .max_cpus_per_server 2
  Setting attribute of root '/': 'max_cpus_per_server' = 2
@file(synth2.tcl) 52: set_db / .syn_generic_effort $GEN_EFF
  Setting attribute of root '/': 'syn_generic_effort' = medium
@file(synth2.tcl) 53: syn_generic
      Running additional step before syn_gen...


Stage: pre_early_cg
------------------------------------------------
| Transform | Accepts | Rejects | Runtime (ms) | 
------------------------------------------------
------------------------------------------------
Mapping ChipWare ICG instances in picorv32
Found 0 unmapped ChipWare ICG instances
Mapped 0 of 0 ChipWare ICG instances
##Generic Timing Info for library domain: _default_ typical gate delay: 36.9 ps std_slew: 5.4 ps std_load: 1.0 fF
Starting mux data reorder optimization [v1.0] (stage: pre_to_gen_setup, startdef: picorv32, recur: true)
Completed mux data reorder optimization (accepts: 0, rejects: 0, runtime: 0.000s)

Stage: pre_to_gen_setup
------------------------------------------------------
| Transform       | Accepts | Rejects | Runtime (ms) | 
------------------------------------------------------
| hlo_mux_reorder |       0 |       0 |         0.00 | 
------------------------------------------------------
Running DP early constant propagation (netlist picorv32)...
Info    : Replacing the synchronous part of an always feeding back flip-flop with a logic constant. [GLO-45]
        : The instance is 'compressed_instr_reg'. The constant is '0'.
        : To prevent this optimization, set 'optimize_constant_feedback_seqs' root attribute to 'false'. The instance attribute 'optimize_constant_feedback_seq' controls this optimization. 
Info    : Replacing the synchronous part of an always feeding back flip-flop with a logic constant. [GLO-45]
        : The instance is 'instr_waitirq_reg'. The constant is '0'.
Info    : Replacing the synchronous part of an always feeding back flip-flop with a logic constant. [GLO-45]
        : The instance is 'instr_retirq_reg'. The constant is '0'.
Info    : Replacing the synchronous part of an always feeding back flip-flop with a logic constant. [GLO-45]
        : The instance is 'eoi_reg[31]'. The constant is '0'.
Info    : Replacing the synchronous part of an always feeding back flip-flop with a logic constant. [GLO-45]
        : The instance is 'eoi_reg[30]'. The constant is '0'.
Info    : Replacing the synchronous part of an always feeding back flip-flop with a logic constant. [GLO-45]
        : The instance is 'eoi_reg[29]'. The constant is '0'.
Info    : Replacing the synchronous part of an always feeding back flip-flop with a logic constant. [GLO-45]
        : The instance is 'eoi_reg[28]'. The constant is '0'.
Info    : Replacing the synchronous part of an always feeding back flip-flop with a logic constant. [GLO-45]
        : The instance is 'eoi_reg[27]'. The constant is '0'.
Info    : Replacing the synchronous part of an always feeding back flip-flop with a logic constant. [GLO-45]
        : The instance is 'eoi_reg[26]'. The constant is '0'.
Info    : Replacing the synchronous part of an always feeding back flip-flop with a logic constant. [GLO-45]
        : The instance is 'eoi_reg[25]'. The constant is '0'.
Info    : Replacing the synchronous part of an always feeding back flip-flop with a logic constant. [GLO-45]
        : The instance is 'eoi_reg[24]'. The constant is '0'.
Info    : Replacing the synchronous part of an always feeding back flip-flop with a logic constant. [GLO-45]
        : The instance is 'eoi_reg[23]'. The constant is '0'.
Info    : Replacing the synchronous part of an always feeding back flip-flop with a logic constant. [GLO-45]
        : The instance is 'eoi_reg[22]'. The constant is '0'.
Info    : Replacing the synchronous part of an always feeding back flip-flop with a logic constant. [GLO-45]
        : The instance is 'eoi_reg[21]'. The constant is '0'.
Info    : Replacing the synchronous part of an always feeding back flip-flop with a logic constant. [GLO-45]
        : The instance is 'eoi_reg[20]'. The constant is '0'.
Info    : Replacing the synchronous part of an always feeding back flip-flop with a logic constant. [GLO-45]
        : The instance is 'eoi_reg[19]'. The constant is '0'.
Info    : Replacing the synchronous part of an always feeding back flip-flop with a logic constant. [GLO-45]
        : The instance is 'eoi_reg[18]'. The constant is '0'.
Info    : Replacing the synchronous part of an always feeding back flip-flop with a logic constant. [GLO-45]
        : The instance is 'eoi_reg[17]'. The constant is '0'.
Info    : Replacing the synchronous part of an always feeding back flip-flop with a logic constant. [GLO-45]
        : The instance is 'eoi_reg[16]'. The constant is '0'.
Info    : Replacing the synchronous part of an always feeding back flip-flop with a logic constant. [GLO-45]
        : The instance is 'eoi_reg[15]'. The constant is '0'.
Warning : Maximum message print count reached. [MESG-11]
        : Maximum print count of '20' reached for message 'GLO-45'.
Info    : Replacing a flip-flop with a logic constant 0. [GLO-12]
        : The instance is 'mem_addr_reg[0]'.
        : To prevent this optimization, set the 'optimize_constant_0_flops' root attribute to 'false' or 'optimize_constant_0_seq' instance attribute to 'false'. You can also see the complete list of deleted sequential with command "report sequential -deleted" (on Reason "constant0").
Info    : Replacing a flip-flop with a logic constant 0. [GLO-12]
        : The instance is 'mem_addr_reg[1]'.
Info    : Replacing a flip-flop with a logic constant 0. [GLO-12]
        : The instance is 'instr_getq_reg'.
Info    : Replacing a flip-flop with a logic constant 0. [GLO-12]
        : The instance is 'instr_setq_reg'.
Info    : Replacing a flip-flop with a logic constant 0. [GLO-12]
        : The instance is 'instr_retirq_reg'.
Info    : Replacing a flip-flop with a logic constant 0. [GLO-12]
        : The instance is 'instr_maskirq_reg'.
Info    : Replacing a flip-flop with a logic constant 0. [GLO-12]
        : The instance is 'instr_waitirq_reg'.
Info    : Replacing a flip-flop with a logic constant 0. [GLO-12]
        : The instance is 'instr_timer_reg'.
Info    : Replacing a flip-flop with a logic constant 0. [GLO-12]
        : The instance is 'decoded_imm_j_reg[0]'.
Info    : Replacing a flip-flop with a logic constant 0. [GLO-12]
        : The instance is 'compressed_instr_reg'.
Info    : Replacing a flip-flop with a logic constant 0. [GLO-12]
        : The instance is 'cpuregs_reg[0][0]'.
Info    : Replacing a flip-flop with a logic constant 0. [GLO-12]
        : The instance is 'cpuregs_reg[0][1]'.
Info    : Replacing a flip-flop with a logic constant 0. [GLO-12]
        : The instance is 'cpuregs_reg[0][2]'.
Info    : Replacing a flip-flop with a logic constant 0. [GLO-12]
        : The instance is 'cpuregs_reg[0][3]'.
Info    : Replacing a flip-flop with a logic constant 0. [GLO-12]
        : The instance is 'cpuregs_reg[0][4]'.
Info    : Replacing a flip-flop with a logic constant 0. [GLO-12]
        : The instance is 'cpuregs_reg[0][5]'.
Info    : Replacing a flip-flop with a logic constant 0. [GLO-12]
        : The instance is 'cpuregs_reg[0][6]'.
Info    : Replacing a flip-flop with a logic constant 0. [GLO-12]
        : The instance is 'cpuregs_reg[0][7]'.
Info    : Replacing a flip-flop with a logic constant 0. [GLO-12]
        : The instance is 'cpuregs_reg[0][8]'.
Info    : Replacing a flip-flop with a logic constant 0. [GLO-12]
        : The instance is 'cpuregs_reg[0][9]'.
Info    : Replacing a flip-flop with a logic constant 0. [GLO-12]
        : The instance is 'cpuregs_reg[0][10]'.
Info    : Replacing a flip-flop with a logic constant 0. [GLO-12]
        : The instance is 'cpuregs_reg[0][11]'.
Info    : Replacing a flip-flop with a logic constant 0. [GLO-12]
        : The instance is 'cpuregs_reg[0][12]'.
Info    : Replacing a flip-flop with a logic constant 0. [GLO-12]
        : The instance is 'cpuregs_reg[0][13]'.
Info    : Replacing a flip-flop with a logic constant 0. [GLO-12]
        : The instance is 'cpuregs_reg[0][14]'.
Info    : Replacing a flip-flop with a logic constant 0. [GLO-12]
        : The instance is 'cpuregs_reg[0][15]'.
Info    : Replacing a flip-flop with a logic constant 0. [GLO-12]
        : The instance is 'cpuregs_reg[0][16]'.
Info    : Replacing a flip-flop with a logic constant 0. [GLO-12]
        : The instance is 'cpuregs_reg[0][17]'.
Info    : Replacing a flip-flop with a logic constant 0. [GLO-12]
        : The instance is 'cpuregs_reg[0][18]'.
Info    : Replacing a flip-flop with a logic constant 0. [GLO-12]
        : The instance is 'cpuregs_reg[0][19]'.
Info    : Replacing a flip-flop with a logic constant 0. [GLO-12]
        : The instance is 'cpuregs_reg[0][20]'.
Info    : Replacing a flip-flop with a logic constant 0. [GLO-12]
        : The instance is 'cpuregs_reg[0][21]'.
Info    : Replacing a flip-flop with a logic constant 0. [GLO-12]
        : The instance is 'cpuregs_reg[0][22]'.
Info    : Replacing a flip-flop with a logic constant 0. [GLO-12]
        : The instance is 'cpuregs_reg[0][23]'.
Info    : Replacing a flip-flop with a logic constant 0. [GLO-12]
        : The instance is 'cpuregs_reg[0][24]'.
Info    : Replacing a flip-flop with a logic constant 0. [GLO-12]
        : The instance is 'cpuregs_reg[0][25]'.
Info    : Replacing a flip-flop with a logic constant 0. [GLO-12]
        : The instance is 'cpuregs_reg[0][26]'.
Info    : Replacing a flip-flop with a logic constant 0. [GLO-12]
        : The instance is 'cpuregs_reg[0][27]'.
Info    : Replacing a flip-flop with a logic constant 0. [GLO-12]
        : The instance is 'cpuregs_reg[0][28]'.
Info    : Replacing a flip-flop with a logic constant 0. [GLO-12]
        : The instance is 'cpuregs_reg[0][29]'.
Info    : Replacing a flip-flop with a logic constant 0. [GLO-12]
        : The instance is 'cpuregs_reg[0][30]'.
Info    : Replacing a flip-flop with a logic constant 0. [GLO-12]
        : The instance is 'cpuregs_reg[0][31]'.
Info    : Replacing a flip-flop with a logic constant 0. [GLO-12]
        : The instance is 'eoi_reg[0]'.
Info    : Replacing a flip-flop with a logic constant 0. [GLO-12]
        : The instance is 'eoi_reg[1]'.
Info    : Replacing a flip-flop with a logic constant 0. [GLO-12]
        : The instance is 'eoi_reg[2]'.
Info    : Replacing a flip-flop with a logic constant 0. [GLO-12]
        : The instance is 'eoi_reg[3]'.
Info    : Replacing a flip-flop with a logic constant 0. [GLO-12]
        : The instance is 'eoi_reg[4]'.
Info    : Replacing a flip-flop with a logic constant 0. [GLO-12]
        : The instance is 'eoi_reg[5]'.
Info    : Replacing a flip-flop with a logic constant 0. [GLO-12]
        : The instance is 'eoi_reg[6]'.
Info    : Replacing a flip-flop with a logic constant 0. [GLO-12]
        : The instance is 'eoi_reg[7]'.
Info    : Replacing a flip-flop with a logic constant 0. [GLO-12]
        : The instance is 'eoi_reg[8]'.
Info    : Replacing a flip-flop with a logic constant 0. [GLO-12]
        : The instance is 'eoi_reg[9]'.
Info    : Replacing a flip-flop with a logic constant 0. [GLO-12]
        : The instance is 'eoi_reg[10]'.
Info    : Replacing a flip-flop with a logic constant 0. [GLO-12]
        : The instance is 'eoi_reg[11]'.
Info    : Replacing a flip-flop with a logic constant 0. [GLO-12]
        : The instance is 'eoi_reg[12]'.
Info    : Replacing a flip-flop with a logic constant 0. [GLO-12]
        : The instance is 'eoi_reg[13]'.
Info    : Replacing a flip-flop with a logic constant 0. [GLO-12]
        : The instance is 'eoi_reg[14]'.
Info    : Replacing a flip-flop with a logic constant 0. [GLO-12]
        : The instance is 'eoi_reg[15]'.
Info    : Replacing a flip-flop with a logic constant 0. [GLO-12]
        : The instance is 'eoi_reg[16]'.
Info    : Replacing a flip-flop with a logic constant 0. [GLO-12]
        : The instance is 'eoi_reg[17]'.
Info    : Replacing a flip-flop with a logic constant 0. [GLO-12]
        : The instance is 'eoi_reg[18]'.
Info    : Replacing a flip-flop with a logic constant 0. [GLO-12]
        : The instance is 'eoi_reg[19]'.
Info    : Replacing a flip-flop with a logic constant 0. [GLO-12]
        : The instance is 'eoi_reg[20]'.
Info    : Replacing a flip-flop with a logic constant 0. [GLO-12]
        : The instance is 'eoi_reg[21]'.
Info    : Replacing a flip-flop with a logic constant 0. [GLO-12]
        : The instance is 'eoi_reg[22]'.
Info    : Replacing a flip-flop with a logic constant 0. [GLO-12]
        : The instance is 'eoi_reg[23]'.
Info    : Replacing a flip-flop with a logic constant 0. [GLO-12]
        : The instance is 'eoi_reg[24]'.
Info    : Replacing a flip-flop with a logic constant 0. [GLO-12]
        : The instance is 'eoi_reg[25]'.
Info    : Replacing a flip-flop with a logic constant 0. [GLO-12]
        : The instance is 'eoi_reg[26]'.
Info    : Replacing a flip-flop with a logic constant 0. [GLO-12]
        : The instance is 'eoi_reg[27]'.
Info    : Replacing a flip-flop with a logic constant 0. [GLO-12]
        : The instance is 'eoi_reg[28]'.
Info    : Replacing a flip-flop with a logic constant 0. [GLO-12]
        : The instance is 'eoi_reg[29]'.
Info    : Replacing a flip-flop with a logic constant 0. [GLO-12]
        : The instance is 'eoi_reg[30]'.
Info    : Replacing a flip-flop with a logic constant 0. [GLO-12]
        : The instance is 'eoi_reg[31]'.
Info    : Replacing a flip-flop with a logic constant 0. [GLO-12]
        : The instance is 'trace_valid_reg'.
Info    : Replacing a dont care flip-flop with a logic constant 0. [GLO-24]
        : The instance is 'trace_data_reg[0]'.
        : The value used to replace the flop can be set by the root attribute 'optimize_seq_x_to'.
Info    : Replacing a dont care flip-flop with a logic constant 0. [GLO-24]
        : The instance is 'trace_data_reg[1]'.
Info    : Replacing a dont care flip-flop with a logic constant 0. [GLO-24]
        : The instance is 'trace_data_reg[2]'.
Info    : Replacing a dont care flip-flop with a logic constant 0. [GLO-24]
        : The instance is 'trace_data_reg[3]'.
Info    : Replacing a dont care flip-flop with a logic constant 0. [GLO-24]
        : The instance is 'trace_data_reg[4]'.
Info    : Replacing a dont care flip-flop with a logic constant 0. [GLO-24]
        : The instance is 'trace_data_reg[5]'.
Info    : Replacing a dont care flip-flop with a logic constant 0. [GLO-24]
        : The instance is 'trace_data_reg[6]'.
Info    : Replacing a dont care flip-flop with a logic constant 0. [GLO-24]
        : The instance is 'trace_data_reg[7]'.
Info    : Replacing a dont care flip-flop with a logic constant 0. [GLO-24]
        : The instance is 'trace_data_reg[8]'.
Info    : Replacing a dont care flip-flop with a logic constant 0. [GLO-24]
        : The instance is 'trace_data_reg[9]'.
Info    : Replacing a dont care flip-flop with a logic constant 0. [GLO-24]
        : The instance is 'trace_data_reg[10]'.
Info    : Replacing a dont care flip-flop with a logic constant 0. [GLO-24]
        : The instance is 'trace_data_reg[11]'.
Info    : Replacing a dont care flip-flop with a logic constant 0. [GLO-24]
        : The instance is 'trace_data_reg[12]'.
Info    : Replacing a dont care flip-flop with a logic constant 0. [GLO-24]
        : The instance is 'trace_data_reg[13]'.
Info    : Replacing a dont care flip-flop with a logic constant 0. [GLO-24]
        : The instance is 'trace_data_reg[14]'.
Info    : Replacing a dont care flip-flop with a logic constant 0. [GLO-24]
        : The instance is 'trace_data_reg[15]'.
Info    : Replacing a dont care flip-flop with a logic constant 0. [GLO-24]
        : The instance is 'trace_data_reg[16]'.
Info    : Replacing a dont care flip-flop with a logic constant 0. [GLO-24]
        : The instance is 'trace_data_reg[17]'.
Info    : Replacing a dont care flip-flop with a logic constant 0. [GLO-24]
        : The instance is 'trace_data_reg[18]'.
Info    : Replacing a dont care flip-flop with a logic constant 0. [GLO-24]
        : The instance is 'trace_data_reg[19]'.
Warning : Maximum message print count reached. [MESG-11]
        : Maximum print count of '20' reached for message 'GLO-24'.
Info    : Replacing a flip-flop with a logic constant 0. [GLO-12]
        : The instance is 'cpu_state_reg[4]'.
Info    : Replacing a flip-flop with a logic constant 0. [GLO-12]
        : The instance is 'latched_compr_reg'.
Info    : Replacing a flip-flop with a logic constant 0. [GLO-12]
        : The instance is 'do_waitirq_reg'.
Info    : Replacing a flip-flop with a logic constant 0. [GLO-12]
        : The instance is 'genblk1.pcpi_mul/rdx_reg[0]'.
Info    : Replacing a flip-flop with a logic constant 0. [GLO-12]
        : The instance is 'genblk1.pcpi_mul/rdx_reg[1]'.
Info    : Replacing a flip-flop with a logic constant 0. [GLO-12]
        : The instance is 'genblk1.pcpi_mul/rdx_reg[2]'.
Info    : Replacing a flip-flop with a logic constant 0. [GLO-12]
        : The instance is 'genblk1.pcpi_mul/rdx_reg[3]'.
Info    : Replacing a flip-flop with a logic constant 0. [GLO-12]
        : The instance is 'genblk1.pcpi_mul/rdx_reg[5]'.
Info    : Replacing a flip-flop with a logic constant 0. [GLO-12]
        : The instance is 'genblk1.pcpi_mul/rdx_reg[6]'.
Info    : Replacing a flip-flop with a logic constant 0. [GLO-12]
        : The instance is 'genblk1.pcpi_mul/rdx_reg[7]'.
Info    : Replacing a flip-flop with a logic constant 0. [GLO-12]
        : The instance is 'genblk1.pcpi_mul/rdx_reg[9]'.
Info    : Replacing a flip-flop with a logic constant 0. [GLO-12]
        : The instance is 'genblk1.pcpi_mul/rdx_reg[10]'.
Info    : Replacing a flip-flop with a logic constant 0. [GLO-12]
        : The instance is 'genblk1.pcpi_mul/rdx_reg[11]'.
Info    : Replacing a flip-flop with a logic constant 0. [GLO-12]
        : The instance is 'genblk1.pcpi_mul/rdx_reg[13]'.
Info    : Replacing a flip-flop with a logic constant 0. [GLO-12]
        : The instance is 'genblk1.pcpi_mul/rdx_reg[14]'.
Info    : Replacing a flip-flop with a logic constant 0. [GLO-12]
        : The instance is 'genblk1.pcpi_mul/rdx_reg[15]'.
Info    : Replacing a flip-flop with a logic constant 0. [GLO-12]
        : The instance is 'genblk1.pcpi_mul/rdx_reg[17]'.
Info    : Replacing a flip-flop with a logic constant 0. [GLO-12]
        : The instance is 'genblk1.pcpi_mul/rdx_reg[18]'.
Info    : Replacing a flip-flop with a logic constant 0. [GLO-12]
        : The instance is 'genblk1.pcpi_mul/rdx_reg[19]'.
Info    : Replacing a flip-flop with a logic constant 0. [GLO-12]
        : The instance is 'genblk1.pcpi_mul/rdx_reg[21]'.
Info    : Replacing a flip-flop with a logic constant 0. [GLO-12]
        : The instance is 'genblk1.pcpi_mul/rdx_reg[22]'.
Info    : Replacing a flip-flop with a logic constant 0. [GLO-12]
        : The instance is 'genblk1.pcpi_mul/rdx_reg[23]'.
Info    : Replacing a flip-flop with a logic constant 0. [GLO-12]
        : The instance is 'genblk1.pcpi_mul/rdx_reg[25]'.
Info    : Replacing a flip-flop with a logic constant 0. [GLO-12]
        : The instance is 'genblk1.pcpi_mul/rdx_reg[26]'.
Info    : Replacing a flip-flop with a logic constant 0. [GLO-12]
        : The instance is 'genblk1.pcpi_mul/rdx_reg[27]'.
Info    : Replacing a flip-flop with a logic constant 0. [GLO-12]
        : The instance is 'genblk1.pcpi_mul/rdx_reg[29]'.
Info    : Replacing a flip-flop with a logic constant 0. [GLO-12]
        : The instance is 'genblk1.pcpi_mul/rdx_reg[30]'.
Info    : Replacing a flip-flop with a logic constant 0. [GLO-12]
        : The instance is 'genblk1.pcpi_mul/rdx_reg[31]'.
Info    : Replacing a flip-flop with a logic constant 0. [GLO-12]
        : The instance is 'genblk1.pcpi_mul/rdx_reg[33]'.
Info    : Replacing a flip-flop with a logic constant 0. [GLO-12]
        : The instance is 'genblk1.pcpi_mul/rdx_reg[34]'.
Info    : Replacing a flip-flop with a logic constant 0. [GLO-12]
        : The instance is 'genblk1.pcpi_mul/rdx_reg[35]'.
Info    : Replacing a flip-flop with a logic constant 0. [GLO-12]
        : The instance is 'genblk1.pcpi_mul/rdx_reg[37]'.
Info    : Replacing a flip-flop with a logic constant 0. [GLO-12]
        : The instance is 'genblk1.pcpi_mul/rdx_reg[38]'.
Info    : Replacing a flip-flop with a logic constant 0. [GLO-12]
        : The instance is 'genblk1.pcpi_mul/rdx_reg[39]'.
Info    : Replacing a flip-flop with a logic constant 0. [GLO-12]
        : The instance is 'genblk1.pcpi_mul/rdx_reg[41]'.
Info    : Replacing a flip-flop with a logic constant 0. [GLO-12]
        : The instance is 'genblk1.pcpi_mul/rdx_reg[42]'.
Info    : Replacing a flip-flop with a logic constant 0. [GLO-12]
        : The instance is 'genblk1.pcpi_mul/rdx_reg[43]'.
Info    : Replacing a flip-flop with a logic constant 0. [GLO-12]
        : The instance is 'genblk1.pcpi_mul/rdx_reg[45]'.
Info    : Replacing a flip-flop with a logic constant 0. [GLO-12]
        : The instance is 'genblk1.pcpi_mul/rdx_reg[46]'.
Info    : Replacing a flip-flop with a logic constant 0. [GLO-12]
        : The instance is 'genblk1.pcpi_mul/rdx_reg[47]'.
Info    : Replacing a flip-flop with a logic constant 0. [GLO-12]
        : The instance is 'genblk1.pcpi_mul/rdx_reg[49]'.
Info    : Replacing a flip-flop with a logic constant 0. [GLO-12]
        : The instance is 'genblk1.pcpi_mul/rdx_reg[50]'.
Info    : Replacing a flip-flop with a logic constant 0. [GLO-12]
        : The instance is 'genblk1.pcpi_mul/rdx_reg[51]'.
Info    : Replacing a flip-flop with a logic constant 0. [GLO-12]
        : The instance is 'genblk1.pcpi_mul/rdx_reg[53]'.
Info    : Replacing a flip-flop with a logic constant 0. [GLO-12]
        : The instance is 'genblk1.pcpi_mul/rdx_reg[54]'.
Info    : Replacing a flip-flop with a logic constant 0. [GLO-12]
        : The instance is 'genblk1.pcpi_mul/rdx_reg[55]'.
Info    : Replacing a flip-flop with a logic constant 0. [GLO-12]
        : The instance is 'genblk1.pcpi_mul/rdx_reg[57]'.
Info    : Replacing a flip-flop with a logic constant 0. [GLO-12]
        : The instance is 'genblk1.pcpi_mul/rdx_reg[58]'.
Info    : Replacing a flip-flop with a logic constant 0. [GLO-12]
        : The instance is 'genblk1.pcpi_mul/rdx_reg[59]'.
Info    : Replacing a flip-flop with a logic constant 0. [GLO-12]
        : The instance is 'genblk1.pcpi_mul/rdx_reg[61]'.
Info    : Replacing a flip-flop with a logic constant 0. [GLO-12]
        : The instance is 'genblk1.pcpi_mul/rdx_reg[62]'.
Info    : Replacing a flip-flop with a logic constant 0. [GLO-12]
        : The instance is 'genblk1.pcpi_mul/rdx_reg[63]'.
Info    : Replacing a flip-flop with a logic constant 0. [GLO-12]
        : The instance is 'reg_next_pc_reg[0]'.
Info    : Replacing a flip-flop with a logic constant 0. [GLO-12]
        : The instance is 'reg_pc_reg[0]'.
...done running DP early constant propagation (netlist picorv32).
Info    : Deleting sequential instances not driving any primary outputs. [GLO-32]
        : Deleting 165 sequential instances. 
Following instances are deleted as they do not drive any primary output:
'compressed_instr_reg', 'cpu_state_reg[4]', 'cpuregs_reg[0][0]', 
'cpuregs_reg[0][1]', 'cpuregs_reg[0][2]', 'cpuregs_reg[0][3]', 
'cpuregs_reg[0][4]', 'cpuregs_reg[0][5]', 'cpuregs_reg[0][6]', 
'cpuregs_reg[0][7]', 'cpuregs_reg[0][8]', 'cpuregs_reg[0][9]', 
'cpuregs_reg[0][10]', 'cpuregs_reg[0][11]', 'cpuregs_reg[0][12]', 
'cpuregs_reg[0][13]', 'cpuregs_reg[0][14]', 'cpuregs_reg[0][15]', 
'cpuregs_reg[0][16]', 'cpuregs_reg[0][17]', 'cpuregs_reg[0][18]', 
'cpuregs_reg[0][19]', 'cpuregs_reg[0][20]', 'cpuregs_reg[0][21]', 
'cpuregs_reg[0][22]', 'cpuregs_reg[0][23]', 'cpuregs_reg[0][24]', 
'cpuregs_reg[0][25]', 'cpuregs_reg[0][26]', 'cpuregs_reg[0][27]', 
'cpuregs_reg[0][28]', 'cpuregs_reg[0][29]', 'cpuregs_reg[0][30]', 
'cpuregs_reg[0][31]', 'decoded_imm_j_reg[0]', 'do_waitirq_reg', 
'eoi_reg[0]', 'eoi_reg[1]', 'eoi_reg[2]', 'eoi_reg[3]', 'eoi_reg[4]', 
'eoi_reg[5]', 'eoi_reg[6]', 'eoi_reg[7]', 'eoi_reg[8]', 'eoi_reg[9]', 
'eoi_reg[10]', 'eoi_reg[11]', 'eoi_reg[12]', 'eoi_reg[13]', 'eoi_reg[14]', 
'eoi_reg[15]', 'eoi_reg[16]', 'eoi_reg[17]', 'eoi_reg[18]', 'eoi_reg[19]', 
'eoi_reg[20]', 'eoi_reg[21]', 'eoi_reg[22]', 'eoi_reg[23]', 'eoi_reg[24]', 
'eoi_reg[25]', 'eoi_reg[26]', 'eoi_reg[27]', 'eoi_reg[28]', 'eoi_reg[29]', 
'eoi_reg[30]', 'eoi_reg[31]', 'genblk1.pcpi_mul/rdx_reg[0]', 
'genblk1.pcpi_mul/rdx_reg[1]', 'genblk1.pcpi_mul/rdx_reg[2]', 
'genblk1.pcpi_mul/rdx_reg[3]', 'genblk1.pcpi_mul/rdx_reg[5]', 
'genblk1.pcpi_mul/rdx_reg[6]', 'genblk1.pcpi_mul/rdx_reg[7]', 
'genblk1.pcpi_mul/rdx_reg[9]', 'genblk1.pcpi_mul/rdx_reg[10]', 
'genblk1.pcpi_mul/rdx_reg[11]', 'genblk1.pcpi_mul/rdx_reg[13]', 
'genblk1.pcpi_mul/rdx_reg[14]', 'genblk1.pcpi_mul/rdx_reg[15]', 
'genblk1.pcpi_mul/rdx_reg[17]', 'genblk1.pcpi_mul/rdx_reg[18]', 
'genblk1.pcpi_mul/rdx_reg[19]', 'genblk1.pcpi_mul/rdx_reg[21]', 
'genblk1.pcpi_mul/rdx_reg[22]', 'genblk1.pcpi_mul/rdx_reg[23]', 
'genblk1.pcpi_mul/rdx_reg[25]', 'genblk1.pcpi_mul/rdx_reg[26]', 
'genblk1.pcpi_mul/rdx_reg[27]', 'genblk1.pcpi_mul/rdx_reg[29]', 
'genblk1.pcpi_mul/rdx_reg[30]', 'genblk1.pcpi_mul/rdx_reg[31]', 
'genblk1.pcpi_mul/rdx_reg[33]', 'genblk1.pcpi_mul/rdx_reg[34]', 
'genblk1.pcpi_mul/rdx_reg[35]', 'genblk1.pcpi_mul/rdx_reg[37]', 
'genblk1.pcpi_mul/rdx_reg[38]', 'genblk1.pcpi_mul/rdx_reg[39]', 
'genblk1.pcpi_mul/rdx_reg[41]', 'genblk1.pcpi_mul/rdx_reg[42]', 
'genblk1.pcpi_mul/rdx_reg[43]', 'genblk1.pcpi_mul/rdx_reg[45]', 
'genblk1.pcpi_mul/rdx_reg[46]', 'genblk1.pcpi_mul/rdx_reg[47]', 
'genblk1.pcpi_mul/rdx_reg[49]', 'genblk1.pcpi_mul/rdx_reg[50]', 
'genblk1.pcpi_mul/rdx_reg[51]', 'genblk1.pcpi_mul/rdx_reg[53]', 
'genblk1.pcpi_mul/rdx_reg[54]', 'genblk1.pcpi_mul/rdx_reg[55]', 
'genblk1.pcpi_mul/rdx_reg[57]', 'genblk1.pcpi_mul/rdx_reg[58]', 
'genblk1.pcpi_mul/rdx_reg[59]', 'genblk1.pcpi_mul/rdx_reg[61]', 
'genblk1.pcpi_mul/rdx_reg[62]', 'genblk1.pcpi_mul/rdx_reg[63]', 
'instr_getq_reg', 'instr_maskirq_reg', 'instr_retirq_reg', 
'instr_setq_reg', 'instr_timer_reg', 'instr_waitirq_reg', 
'latched_compr_reg', 'mem_addr_reg[0]', 'mem_addr_reg[1]', 
'reg_next_pc_reg[0]', 'reg_pc_reg[0]', 'trace_data_reg[0]', 
'trace_data_reg[1]', 'trace_data_reg[2]', 'trace_data_reg[3]', 
'trace_data_reg[4]', 'trace_data_reg[5]', 'trace_data_reg[6]', 
'trace_data_reg[7]', 'trace_data_reg[8]', 'trace_data_reg[9]', 
'trace_data_reg[10]', 'trace_data_reg[11]', 'trace_data_reg[12]', 
'trace_data_reg[13]', 'trace_data_reg[14]', 'trace_data_reg[15]', 
'trace_data_reg[16]', 'trace_data_reg[17]', 'trace_data_reg[18]', 
'trace_data_reg[19]', 'trace_data_reg[20]', 'trace_data_reg[21]', 
'trace_data_reg[22]', 'trace_data_reg[23]', 'trace_data_reg[24]', 
'trace_data_reg[25]', 'trace_data_reg[26]', 'trace_data_reg[27]', 
'trace_data_reg[28]', 'trace_data_reg[29]', 'trace_data_reg[30]', 
'trace_data_reg[31]', 'trace_data_reg[32]', 'trace_data_reg[33]', 
'trace_data_reg[34]', 'trace_data_reg[35]', 'trace_valid_reg'.
        : Optimizations such as constant propagation or redundancy removal could change the connections so an instance does not drive any primary outputs anymore. To see the list of deleted sequential, set the 'information_level' attribute to 2 or above. If the message is truncated set the message attribute 'truncate' to false to see the complete list.
Info    : Deleting instances not driving any primary outputs. [GLO-34]
        : Deleting 2 hierarchical instances. 
Following instances are deleted as they do not drive any primary output:
'g1', 'g280'.
        : Optimizations such as constant propagation or redundancy removal could change the connections so a hierarchical instance does not drive any primary outputs anymore. To see the list of deleted hierarchical instances, set the 'information_level' attribute to 2 or above. If the message is truncated set the message attribute 'truncate' to false to see the complete list. To prevent this optimization, set the 'delete_unloaded_insts' root/subdesign attribute to 'false' or 'preserve' instance attribute to 'true'.
Current PLE settings:

Aspect ratio        : 1.000
Shrink factor       : 1.000
Scale of res/length : 1.000
Scale of cap/length : 1.000
Net derating factor : 1.000
Thermal factor      : 0.919
Via Resistance      : 0.400 ohm (from qrc_tech_file)
Site size           : 1.910 um (from lef [tech+cell])

                                    Capacitance  
   Layer                             / Length         Data source:
 Name        Direction Utilization  (pF/micron)       qrc_tech_file
-------------------------------------------------
metal1_conn      H         0.00        0.000305  
metal2_conn      V         1.00        0.000260  
metal3_conn      H         1.00        0.000257  
metal4_conn      V         1.00        0.000260  
metal5_conn      H         1.00        0.000261  
metal6_conn      V         1.00        0.000260  
metal7_conn      H         1.00        0.000259  
metal8_conn      V         1.00        0.000257  
metal9_conn      H         1.00        0.001314  
metal10_conn     V         1.00        0.000555  
metal11_conn     H         1.00        0.000635  

                                     Resistance   
   Layer                              / Length         Data source:
 Name        Direction Utilization  (ohm/micron)       qrc_tech_file
--------------------------------------------------
metal1_conn      H         0.00         0.909621  
metal2_conn      V         1.00         0.590722  
metal3_conn      H         1.00         0.590722  
metal4_conn      V         1.00         0.590722  
metal5_conn      H         1.00         0.590722  
metal6_conn      V         1.00         0.590722  
metal7_conn      H         1.00         0.590722  
metal8_conn      V         1.00         0.195195  
metal9_conn      H         1.00         0.195195  
metal10_conn     V         1.00         0.070980  
metal11_conn     H         1.00         0.068930  

                                         Area     
   Layer                               / Length        Data source:
 Name        Direction Utilization     (micron)        lef_library
--------------------------------------------------
Metal1           H         0.00         0.060000  
Metal2           V         1.00         0.080000  
Metal3           H         1.00         0.080000  
Metal4           V         1.00         0.080000  
Metal5           H         1.00         0.080000  
Metal6           V         1.00         0.080000  
Metal7           H         1.00         0.080000  
Metal8           V         1.00         0.080000  
Metal9           H         1.00         0.080000  
Metal10          V         1.00         0.220000  
Metal11          H         1.00         0.220000  

Info    : Synthesizing. [SYNTH-1]
        : Synthesizing 'picorv32' to generic gates using 'medium' effort.
Running Synthesis Turbo Flow Version 2.
PBS_Generic-Start - Elapsed_Time 0, CPU_Time 0.0
stamp 'PBS_Generic-Start' being created for table 'pbs_debug'

  Total Time (Wall) |  Stage Time (Wall)  |   % (Wall)   |    Date - Time     |  Memory   | Stage
--------------------+---------------------+--------------+--------------------+-----------+----------------------
 00:00:10(00:00:56) |  00:00:00(00:00:00) |   0.0(  0.0) |   19:18:33 (Apr13) |  584.0 MB | PBS_Generic-Start
--------------------+---------------------+--------------+--------------------+-----------+----------------------
Number of threads: 2 * 1   (id: pbs_debug, time_info v1.57)
Info: (*N*) indicates data that was populated from previously saved time_info database
Info: CPU time includes time of parent + longest thread
        Computing net loads.
Info    : Partition Based Synthesis execution skipped. [PHYS-752]
        : Design size is less than the partition size '100000' for distributed generic optimization to kick in.
Starting mux data reorder optimization [v1.0] (stage: pre_to_gen_setup, startdef: picorv32, recur: true)
Completed mux data reorder optimization (accepts: 0, rejects: 0, runtime: 0.003s)

Stage: pre_to_gen_setup
------------------------------------------------------
| Transform       | Accepts | Rejects | Runtime (ms) | 
------------------------------------------------------
| hlo_mux_reorder |       0 |       0 |         3.00 | 
------------------------------------------------------
Starting mux data reorder optimization [v1.0] (stage: post_to_gen_setup, startdef: picorv32, recur: true)
Completed mux data reorder optimization (accepts: 0, rejects: 0, runtime: 0.000s)

Stage: post_to_gen_setup
------------------------------------------------------
| Transform       | Accepts | Rejects | Runtime (ms) | 
------------------------------------------------------
| hlo_mux_reorder |       0 |       0 |         0.00 | 
------------------------------------------------------
Current PLE settings:

Aspect ratio        : 1.000
Shrink factor       : 1.000
Scale of res/length : 1.000
Scale of cap/length : 1.000
Net derating factor : 1.000
Thermal factor      : 0.919
Via Resistance      : 0.400 ohm (from qrc_tech_file)
Site size           : 1.910 um (from lef [tech+cell])

                                    Capacitance  
   Layer                             / Length         Data source:
 Name        Direction Utilization  (pF/micron)       qrc_tech_file
-------------------------------------------------
metal1_conn      H         0.00        0.000305  
metal2_conn      V         1.00        0.000260  
metal3_conn      H         1.00        0.000257  
metal4_conn      V         1.00        0.000260  
metal5_conn      H         1.00        0.000261  
metal6_conn      V         1.00        0.000260  
metal7_conn      H         1.00        0.000259  
metal8_conn      V         1.00        0.000257  
metal9_conn      H         1.00        0.001314  
metal10_conn     V         1.00        0.000555  
metal11_conn     H         1.00        0.000635  

                                     Resistance   
   Layer                              / Length         Data source:
 Name        Direction Utilization  (ohm/micron)       qrc_tech_file
--------------------------------------------------
metal1_conn      H         0.00         0.909621  
metal2_conn      V         1.00         0.590722  
metal3_conn      H         1.00         0.590722  
metal4_conn      V         1.00         0.590722  
metal5_conn      H         1.00         0.590722  
metal6_conn      V         1.00         0.590722  
metal7_conn      H         1.00         0.590722  
metal8_conn      V         1.00         0.195195  
metal9_conn      H         1.00         0.195195  
metal10_conn     V         1.00         0.070980  
metal11_conn     H         1.00         0.068930  

                                         Area     
   Layer                               / Length        Data source:
 Name        Direction Utilization     (micron)        lef_library
--------------------------------------------------
Metal1           H         0.00         0.060000  
Metal2           V         1.00         0.080000  
Metal3           H         1.00         0.080000  
Metal4           V         1.00         0.080000  
Metal5           H         1.00         0.080000  
Metal6           V         1.00         0.080000  
Metal7           H         1.00         0.080000  
Metal8           V         1.00         0.080000  
Metal9           H         1.00         0.080000  
Metal10          V         1.00         0.220000  
Metal11          H         1.00         0.220000  

Info    : Equivalent sequential instances have been merged. [GLO-42]
        : Instances 'decoded_imm_j_reg[1]' and 'decoded_rs2_reg[1]' in 'picorv32' have been merged.
        : To prevent merging of sequential instances, set the 'optimize_merge_flops' and 'optimize_merge_latches' root attributes to 'false' or the 'optimize_merge_seq' instance attribute to 'false'.
Info    : Equivalent sequential instances have been merged. [GLO-42]
        : Instances 'decoded_imm_j_reg[2]' and 'decoded_rs2_reg[2]' in 'picorv32' have been merged.
Info    : Equivalent sequential instances have been merged. [GLO-42]
        : Instances 'decoded_imm_j_reg[3]' and 'decoded_rs2_reg[3]' in 'picorv32' have been merged.
Info    : Equivalent sequential instances have been merged. [GLO-42]
        : Instances 'decoded_imm_j_reg[4]' and 'decoded_rs2_reg[4]' in 'picorv32' have been merged.
Info    : Equivalent sequential instances have been merged. [GLO-42]
        : Instances 'decoded_imm_j_reg[11]' and 'decoded_rs2_reg[0]' in 'picorv32' have been merged.
Info    : Equivalent sequential instances have been merged. [GLO-42]
        : Instances 'decoded_imm_j_reg[15]' and 'decoded_rs1_reg[0]' in 'picorv32' have been merged.
Info    : Equivalent sequential instances have been merged. [GLO-42]
        : Instances 'decoded_imm_j_reg[16]' and 'decoded_rs1_reg[1]' in 'picorv32' have been merged.
Info    : Equivalent sequential instances have been merged. [GLO-42]
        : Instances 'decoded_imm_j_reg[17]' and 'decoded_rs1_reg[2]' in 'picorv32' have been merged.
Info    : Equivalent sequential instances have been merged. [GLO-42]
        : Instances 'decoded_imm_j_reg[18]' and 'decoded_rs1_reg[3]' in 'picorv32' have been merged.
Info    : Equivalent sequential instances have been merged. [GLO-42]
        : Instances 'decoded_imm_j_reg[19]' and 'decoded_rs1_reg[4]' in 'picorv32' have been merged.
Info    : Equivalent sequential instances have been merged. [GLO-42]
        : Instances 'decoded_imm_j_reg[20]' and 'decoded_imm_j_reg[21]' in 'picorv32' have been merged.
Info    : Equivalent sequential instances have been merged. [GLO-42]
        : Instances 'decoded_imm_j_reg[20]' and 'decoded_imm_j_reg[22]' in 'picorv32' have been merged.
Info    : Equivalent sequential instances have been merged. [GLO-42]
        : Instances 'decoded_imm_j_reg[20]' and 'decoded_imm_j_reg[23]' in 'picorv32' have been merged.
Info    : Equivalent sequential instances have been merged. [GLO-42]
        : Instances 'decoded_imm_j_reg[20]' and 'decoded_imm_j_reg[24]' in 'picorv32' have been merged.
Info    : Equivalent sequential instances have been merged. [GLO-42]
        : Instances 'decoded_imm_j_reg[20]' and 'decoded_imm_j_reg[25]' in 'picorv32' have been merged.
Info    : Equivalent sequential instances have been merged. [GLO-42]
        : Instances 'decoded_imm_j_reg[20]' and 'decoded_imm_j_reg[26]' in 'picorv32' have been merged.
Info    : Equivalent sequential instances have been merged. [GLO-42]
        : Instances 'decoded_imm_j_reg[20]' and 'decoded_imm_j_reg[27]' in 'picorv32' have been merged.
Info    : Equivalent sequential instances have been merged. [GLO-42]
        : Instances 'decoded_imm_j_reg[20]' and 'decoded_imm_j_reg[28]' in 'picorv32' have been merged.
Info    : Equivalent sequential instances have been merged. [GLO-42]
        : Instances 'decoded_imm_j_reg[20]' and 'decoded_imm_j_reg[29]' in 'picorv32' have been merged.
Info    : Equivalent sequential instances have been merged. [GLO-42]
        : Instances 'decoded_imm_j_reg[20]' and 'decoded_imm_j_reg[30]' in 'picorv32' have been merged.
Warning : Maximum message print count reached. [MESG-11]
        : Maximum print count of '20' reached for message 'GLO-42'.
Running Unified Mux Engine Tricks...
Completed Unified Mux Engine Tricks

Stage: pre_hlo_rtlopt
------------------------------------------------
| Trick     | Accepts | Rejects | Runtime (ms) | 
------------------------------------------------
| ume_ssm   |       0 |       0 |         0.00 | 
| ume_sweep |       0 |       0 |         0.00 | 
| ume_share |       0 |       0 |         1.00 | 
------------------------------------------------
Begin SDR optimization 
  Setting attribute of root '/': 'hier_sandbox_support_folded' = 1
#Special hiers formed inside picorv32 = 0
#Special hiers formed inside picorv32_pcpi_mul = 0
  Setting attribute of root '/': 'hier_sandbox_support_folded' = 0
No special hier is found 
End SDR optimization 
Starting recase case-box optimization [v1.0] (stage: pre_rtlopt, startdef: picorv32, recur: true)
Completed recase case-box optimization (accepts: 0, rejects: 0, runtime: 0.018s)
Starting infer macro optimization [v1.0] (stage: pre_rtlopt, startdef: picorv32, recur: true)
Info    : Deleting sequential instances not driving any primary outputs. [GLO-32]
        : Deleting 22 sequential instances. 
Following instances are deleted as they do not drive any primary output:
'decoded_imm_j_reg[21]', 'decoded_imm_j_reg[22]', 'decoded_imm_j_reg[23]', 
'decoded_imm_j_reg[24]', 'decoded_imm_j_reg[25]', 'decoded_imm_j_reg[26]', 
'decoded_imm_j_reg[27]', 'decoded_imm_j_reg[28]', 'decoded_imm_j_reg[29]', 
'decoded_imm_j_reg[30]', 'decoded_imm_j_reg[31]', 'decoded_rs1_reg[0]', 
'decoded_rs1_reg[1]', 'decoded_rs1_reg[2]', 'decoded_rs1_reg[3]', 
'decoded_rs1_reg[4]', 'decoded_rs2_reg[0]', 'decoded_rs2_reg[1]', 
'decoded_rs2_reg[2]', 'decoded_rs2_reg[3]', 'decoded_rs2_reg[4]', 
'genblk1.pcpi_mul/pcpi_wr_reg'.
Completed infer macro optimization (accepts: 0, rejects: 37, runtime: 0.008s)
Starting decode mux sandwich optimization [v2.0] (stage: pre_rtlopt, startdef: picorv32, recur: true)
Completed decode mux sandwich optimization (accepts: 0, rejects: 0, runtime: 0.000s)
Starting decode mux optimization [v1.0] (stage: pre_rtlopt, startdef: picorv32, recur: true)
Completed decode mux optimization (accepts: 0, rejects: 0, runtime: 0.000s)
Starting chop wide muxes [v1.0] (stage: pre_rtlopt, startdef: picorv32, recur: true)
Completed chop wide muxes (accepts: 0, rejects: 0, runtime: 0.000s)
Starting common data mux cascade opt [v1.0] (stage: pre_rtlopt, startdef: picorv32, recur: true)
Completed common data mux cascade opt (accepts: 0, rejects: 0, runtime: 0.001s)
Starting mux input consolidation [v1.0] (stage: pre_rtlopt, startdef: picorv32, recur: true)
Completed mux input consolidation (accepts: 0, rejects: 0, runtime: 0.001s)
Starting constant-data mux optimization [v1.0] (stage: pre_rtlopt, startdef: picorv32, recur: true)
Completed constant-data mux optimization (accepts: 0, rejects: 0, runtime: 0.001s)
Starting chain-to-tree inequality transform [v2.0] (stage: pre_rtlopt, startdef: picorv32, recur: true)
Completed chain-to-tree inequality transform (accepts: 0, rejects: 0, runtime: 0.010s)
Starting reconvergence optimization [v1.0] (stage: pre_rtlopt, startdef: picorv32, recur: true)
Completed reconvergence optimization (accepts: 0, rejects: 0, runtime: 0.001s)
Starting logic restructure optimization [v1.0] (stage: pre_rtlopt, startdef: picorv32, recur: true)
Completed logic restructure optimization (accepts: 0, rejects: 0, runtime: 0.002s)
Starting identity transform [v3.0] (stage: pre_rtlopt, startdef: picorv32, recur: true)
Completed identity transform (accepts: 0, rejects: 0, runtime: 0.002s)
Starting reduce operator chain [v1.0] (stage: pre_rtlopt, startdef: picorv32, recur: true)
Completed reduce operator chain (accepts: 0, rejects: 0, runtime: 0.000s)
Starting common data mux cascade opt [v1.0] (stage: pre_rtlopt, startdef: picorv32, recur: true)
Completed common data mux cascade opt (accepts: 0, rejects: 0, runtime: 0.001s)
Starting mux input consolidation [v1.0] (stage: pre_rtlopt, startdef: picorv32, recur: true)
Completed mux input consolidation (accepts: 0, rejects: 0, runtime: 0.001s)
Starting optimize datapath elements [v1.0] (stage: pre_rtlopt, startdef: picorv32, recur: true)
          Accepted optimize datapath elements in module picorv32 for instance(s): eq_1077_77
          Accepted optimize datapath elements in module picorv32 for instance(s): eq_1078_77
          Accepted optimize datapath elements in module picorv32 for instance(s): eq_1079_77
          Accepted optimize datapath elements in module picorv32 for instance(s): eq_1080_77
          Accepted optimize datapath elements in module picorv32 for instance(s): eq_1081_77
          Accepted optimize datapath elements in module picorv32 for instance(s): eq_1082_77
Completed optimize datapath elements (accepts: 6, rejects: 0, runtime: 0.002s)
Starting datapath recasting [v1.0] (stage: pre_rtlopt, startdef: picorv32, recur: true)
Completed datapath recasting (accepts: 0, rejects: 0, runtime: 0.000s)
Starting word-level redundancy removal [v1.0] (stage: pre_rtlopt, startdef: picorv32, recur: true)
Completed word-level redundancy removal (accepts: 0, rejects: 0, runtime: 0.153s)
Starting clip mux common data inputs [v1.0] (stage: pre_rtlopt, startdef: picorv32, recur: true)
Completed clip mux common data inputs (accepts: 3, rejects: 0, runtime: 0.002s)
Starting clip the non-user hierarchies [v2.0] (stage: pre_rtlopt, startdef: picorv32, recur: true)
Completed clip the non-user hierarchies (accepts: 0, rejects: 0, runtime: 0.000s)
Starting basic netlist cleanup [v1.0] (stage: pre_rtlopt, startdef: picorv32, recur: true)
Completed basic netlist cleanup (accepts: 0, rejects: 0, runtime: 0.000s)

Stage: pre_rtlopt
------------------------------------------------------------------
| Transform                   | Accepts | Rejects | Runtime (ms) | 
------------------------------------------------------------------
| hlo_recase_casebox          |       0 |       0 |        18.00 | 
| hlo_infer_macro             |       0 |      37 |         8.00 | 
| hlo_decode_mux_sandwich     |       0 |       0 |         0.00 | 
| hlo_mux_decode              |       0 |       0 |         0.00 | 
| hlo_chop_mux                |       0 |       0 |         0.00 | 
| hlo_mux_cascade_opt         |       0 |       0 |         1.00 | 
| hlo_mux_consolidation       |       0 |       0 |         1.00 | 
| hlo_constant_mux_opt        |       0 |       0 |         1.00 | 
| hlo_inequality_transform    |       0 |       0 |        10.00 | 
| hlo_reconv_opt              |       0 |       0 |         1.00 | 
| hlo_restructure             |       0 |       0 |         2.00 | 
| hlo_identity_transform      |       0 |       0 |         2.00 | 
| hlo_reduce_operator_chain   |       0 |       0 |         0.00 | 
| hlo_mux_cascade_opt         |       0 |       0 |         1.00 | 
| hlo_mux_consolidation       |       0 |       0 |         1.00 | 
| hlo_optimize_datapath       |       6 |       0 |         2.00 | 
| hlo_datapath_recast         |       0 |       0 |         0.00 | 
| hlo_redundancy_removal_word |       0 |       0 |       153.00 | 
| hlo_clip_mux_input          |       3 |       0 |         2.00 | 
| hlo_clip                    |       0 |       0 |         0.00 | 
| hlo_cleanup                 |       0 |       0 |         0.00 | 
------------------------------------------------------------------
Running Unified Mux Engine Tricks...
Completed Unified Mux Engine Tricks

Stage: post_hlo_rtlopt
--------------------------------------------------
| Trick       | Accepts | Rejects | Runtime (ms) | 
--------------------------------------------------
| ume_runtime |       0 |       0 |         0.00 | 
--------------------------------------------------
CAS: Converted binary mux mux_cpuregs[decoded_rs1]_1347_32 (def: picorv32, data: 32, sel: 5, width: 32) to onehot mux
CAS: Converted binary mux mux_cpuregs[decoded_rs2]_1348_32 (def: picorv32, data: 32, sel: 5, width: 32) to onehot mux
Number of big hc bmuxes before = 0
Number of non-ctl's : 15
mux_set_mem_do_wdata_1481_376 mux_set_mem_do_rdata_1481_379 mux_set_mem_do_rinst_1481_382 mux_decoder_pseudo_trigger_1481_385 mux_decoder_pseudo_trigger_1852_4248 mux_set_mem_do_rdata_1877_4260 mux_set_mem_do_wdata_1852_4272 mux_decoder_pseudo_trigger_1867_4250 mux_set_mem_do_rdata_1452_4258 mux_set_mem_do_rinst_1452_4264 mux_set_mem_do_wdata_1452_4270 mux_set_mem_do_rdata_1878_4262 mux_set_mem_do_rinst_1806_4266 mux_set_mem_do_rinst_1812_4268 mux_set_mem_do_wdata_1853_4274 
SOP DEBUG : Module= picorv32, Cluster= ctl_1481_9, ctl= 15, Non-ctl= 15
Selected impl_type 0 (ctl + 1-hot mux form) for sop cluster ctl_1481_9.
Number of non-ctl's : 23
g2694 g2695 mux_cpu_state_1481_9 mux_decoder_pseudo_trigger_1481_9 mux_decoder_trigger_1481_9 mux_latched_branch_1481_9 mux_latched_is_lb_1481_9 mux_latched_is_lh_1481_9 mux_latched_is_lu_1481_9 mux_latched_rd_1481_9 mux_latched_stalu_1481_9 mux_latched_store_1481_9 mux_mem_do_rinst_1481_9 mux_mem_wordsize_1481_9 mux_pcpi_valid_1481_9 mux_reg_op2_1481_9 mux_reg_sh_1481_9 mux_set_mem_do_rdata_1481_9 mux_set_mem_do_rinst_1481_9 mux_set_mem_do_wdata_1481_9 mux_trap_1481_9 mux_pcpi_valid_1593_4254 mux_pcpi_valid_1600_4256 
SOP DEBUG : Module= picorv32, Cluster= ctl_cpu_state_1481_9, ctl= 3, Non-ctl= 23
Selected impl_type 1 (pla_form1 (optimized)) for sop cluster ctl_cpu_state_1481_9.
Number of non-ctl's : 12
g372 g4589 g4630 g4650 g4651 g4658 g4711 g4712 g4722 g4742 mux_mem_valid_581_10 mux_mem_valid_566_4252 
SOP DEBUG : Module= picorv32, Cluster= ctl_mem_state_581_10, ctl= 2, Non-ctl= 12
Selected impl_type 0 (ctl + 1-hot mux form) for sop cluster ctl_mem_state_581_10.
Number of non-ctl's : 5
mux_cmbsop_instr_mul_2223_10 mux_instr_mul_2222_365 mux_instr_mulh_2222_367 mux_instr_mulhsu_2222_369 mux_instr_mulhu_2222_371 
SOP DEBUG : Module= picorv32_pcpi_mul, Cluster= ctl_2223_10, ctl= 5, Non-ctl= 5
Selected impl_type 0 (ctl + 1-hot mux form) for sop cluster ctl_2223_10.
              Info: total 56 bmuxes found, 56 are converted to onehot form, and 0 are kept as binary form
Info    : Pre-processed datapath logic. [DPOPT-6]
        : Pre-processing optimizations applied to datapath logic in 'picorv32':
          sop(4) live_trim(18) 
Info    : A datapath component has been ungrouped. [GB-6]
        : The instance 'g1' of datapath component 'sub_unsigned_808'.
Warning : Use of 'parallel_case' pragma may hinder datapath resource sharing. [RTLOPT-54]
        : Multiplexor mux_alu_out_0_1247_3 in module picorv32.
Warning : Use of 'parallel_case' pragma may hinder datapath resource sharing. [RTLOPT-54]
        : Multiplexor mux_alu_out_1264_3 in module picorv32.
Warning : Use of 'parallel_case' pragma may hinder datapath resource sharing. [RTLOPT-54]
        : Multiplexor mux_cpu_state_1579_5 in module picorv32.
Warning : Use of 'parallel_case' pragma may hinder datapath resource sharing. [RTLOPT-54]
        : Multiplexor mux_cpu_state_1731_8 in module picorv32.
Warning : Use of 'parallel_case' pragma may hinder datapath resource sharing. [RTLOPT-54]
        : Multiplexor mux_cpuregs_wrdata_1310_4 in module picorv32.
Warning : Use of 'parallel_case' pragma may hinder datapath resource sharing. [RTLOPT-54]
        : Multiplexor mux_cpuregs_write_1310_4 in module picorv32.
Warning : Use of 'parallel_case' pragma may hinder datapath resource sharing. [RTLOPT-54]
        : Multiplexor mux_current_pc_1493_5 in module picorv32.
Warning : Use of 'parallel_case' pragma may hinder datapath resource sharing. [RTLOPT-54]
        : Multiplexor mux_decoded_imm_1117_4 in module picorv32.
Warning : Use of 'parallel_case' pragma may hinder datapath resource sharing. [RTLOPT-54]
        : Multiplexor mux_latched_store_1579_5 in module picorv32.
Warning : Use of 'parallel_case' pragma may hinder datapath resource sharing. [RTLOPT-54]
        : Multiplexor mux_mem_do_rinst_1579_5 in module picorv32.
Warning : Maximum message print count reached. [MESG-11]
        : Maximum print count of '10' reached for message 'RTLOPT-54'.
Info    : Optimizing datapath logic. [DPOPT-1]
        : Optimizing datapath logic in 'picorv32'.
Info    : Implementing datapath configurations. [DPOPT-3]
        : Implementing datapath configurations for 'CDN_DP_region_1_0'
CSAGen Prep Share:0 Re-Write:0 Speculation: 0
    MaxCSA: weighted_instance_count is 20 
MaxCSA: Successfully built Maximal CSA Expression Expr0
    MaxCSA: weighted_instance_count is 20 
MaxCSA: Successfully built Maximal CSA Expression Expr1
    MaxCSA: weighted_instance_count is 20 
MaxCSA: Successfully built Maximal CSA Expression Expr2
    MaxCSA: weighted_instance_count is 20 
MaxCSA: Successfully built Maximal CSA Expression Expr3
    MaxCSA: weighted_instance_count is 20 
MaxCSA: Successfully built Maximal CSA Expression Expr4
    MaxCSA: weighted_instance_count is 20 
MaxCSA: Successfully built Maximal CSA Expression Expr5
    MaxCSA: weighted_instance_count is 20 
MaxCSA: Successfully built Maximal CSA Expression Expr6
    MaxCSA: weighted_instance_count is 20 
MaxCSA: Successfully built Maximal CSA Expression Expr7
    MaxCSA: weighted_instance_count is 20 
MaxCSA: Successfully built Maximal CSA Expression Expr8
    MaxCSA: weighted_instance_count is 20 
MaxCSA: Successfully built Maximal CSA Expression Expr9
    MaxCSA: weighted_instance_count is 20 
MaxCSA: Successfully built Maximal CSA Expression Expr10
    MaxCSA: weighted_instance_count is 20 
MaxCSA: Successfully built Maximal CSA Expression Expr11
    MaxCSA: weighted_instance_count is 20 
MaxCSA: Successfully built Maximal CSA Expression Expr12
    MaxCSA: weighted_instance_count is 20 
MaxCSA: Successfully built Maximal CSA Expression Expr13
    MaxCSA: weighted_instance_count is 16 
MaxCSA: Successfully built Maximal CSA Expression Expr14
    MaxCSA: weighted_instance_count is 10 
MaxCSA: Successfully built Maximal CSA Expression Expr15
    MaxCSA: weighted_instance_count is 14 
MaxCSA: Successfully built Maximal CSA Expression Expr16
      Timing decrement_unsigned...
        Done timing decrement_unsigned.
      Timing csa_tree...
        Done timing csa_tree.
      Timing add_signed_carry...
        Done timing add_signed_carry.
      Timing csa_tree_175...
        Done timing csa_tree_175.
      Timing add_signed_carry_180...
        Done timing add_signed_carry_180.
      Timing decrement_unsigned_312_324...
        Done timing decrement_unsigned_312_324.
      Timing add_unsigned_carry...
        Done timing add_unsigned_carry.
      Timing add_unsigned_carry_411...
        Done timing add_unsigned_carry_411.
Info    : Transformed datapath macro. [RTLOPT-40]
        : Transformed 1 datapath macros in module 'CDN_DP_region_1_0_c1' to a form more suitable for further optimization.
      Timing decrement_unsigned_312_435...
        Done timing decrement_unsigned_312_435.
Info    : Transformed datapath macro. [RTLOPT-40]
        : Transformed 1 datapath macros in module 'CDN_DP_region_1_0_c2' to a form more suitable for further optimization.
      Timing decrement_unsigned_312_505...
        Done timing decrement_unsigned_312_505.
Info    : Transformed datapath macro. [RTLOPT-40]
        : Transformed 1 datapath macros in module 'CDN_DP_region_1_0_c3' to a form more suitable for further optimization.
      Timing decrement_unsigned_312_575...
        Done timing decrement_unsigned_312_575.
Info    : Transformed datapath macro. [RTLOPT-40]
        : Transformed 1 datapath macros in module 'CDN_DP_region_1_0_c4' to a form more suitable for further optimization.
      Timing decrement_unsigned_312_645...
        Done timing decrement_unsigned_312_645.
Info    : Transformed datapath macro. [RTLOPT-40]
        : Transformed 1 datapath macros in module 'CDN_DP_region_1_0_c5' to a form more suitable for further optimization.
      Timing decrement_unsigned_312_715...
        Done timing decrement_unsigned_312_715.
Info    : Transformed datapath macro. [RTLOPT-40]
        : Transformed 1 datapath macros in module 'CDN_DP_region_1_0_c6' to a form more suitable for further optimization.
      Timing decrement_unsigned_312_785...
        Done timing decrement_unsigned_312_785.
CDN_DP_region_1_0 level = 0 loads = 0 drivers = 0
CDN_DP_region_1_0_c0 in picorv32_pcpi_mul: area: 14817196170 ,dp = 34 mux = 13 sg = slow         worst_clk_period: -1.0000 
    wns: 0  norm_wns:  -1.0000 
    fail_endp: -1 
    tns:  0  tns_per_endp:  -1.0000   norm_tns_per_endp:  -1.0000 
    tns_sense_max:  -1.0000  tns_sense_avg:  -1.0000   tns_sense_num: -1
 skipped
CDN_DP_region_1_0_c1 in picorv32_pcpi_mul: area: 13220101125 ,dp = 17 mux = 13 sg = fast         worst_clk_period: -1.0000 
    wns: 0  norm_wns:  -1.0000 
    fail_endp: -1 
    tns:  0  tns_per_endp:  -1.0000   norm_tns_per_endp:  -1.0000 
    tns_sense_max:  -1.0000  tns_sense_avg:  -1.0000   tns_sense_num: -1
 is current best
CDN_DP_region_1_0_c2 in picorv32_pcpi_mul: area: 13220101125 ,dp = 17 mux = 13 sg = very_slow    worst_clk_period: -1.0000 
    wns: 0  norm_wns:  -1.0000 
    fail_endp: -1 
    tns:  0  tns_per_endp:  -1.0000   norm_tns_per_endp:  -1.0000 
    tns_sense_max:  -1.0000  tns_sense_avg:  -1.0000   tns_sense_num: -1
 is current best
CDN_DP_region_1_0_c3 in picorv32_pcpi_mul: area: 13220101125 ,dp = 17 mux = 13 sg = very_fast    worst_clk_period: -1.0000 
    wns: 0  norm_wns:  -1.0000 
    fail_endp: -1 
    tns:  0  tns_per_endp:  -1.0000   norm_tns_per_endp:  -1.0000 
    tns_sense_max:  -1.0000  tns_sense_avg:  -1.0000   tns_sense_num: -1
 is current best
CDN_DP_region_1_0_c4 in picorv32_pcpi_mul: area: 13220101125 ,dp = 17 mux = 13 sg = very_fast    worst_clk_period: -1.0000 
    wns: 0  norm_wns:  -1.0000 
    fail_endp: -1 
    tns:  0  tns_per_endp:  -1.0000   norm_tns_per_endp:  -1.0000 
    tns_sense_max:  -1.0000  tns_sense_avg:  -1.0000   tns_sense_num: -1
 is current best
CDN_DP_region_1_0_c5 in picorv32_pcpi_mul: area: 13220101125 ,dp = 17 mux = 13 sg = very_fast    worst_clk_period: -1.0000 
    wns: 0  norm_wns:  -1.0000 
    fail_endp: -1 
    tns:  0  tns_per_endp:  -1.0000   norm_tns_per_endp:  -1.0000 
    tns_sense_max:  -1.0000  tns_sense_avg:  -1.0000   tns_sense_num: -1
 is current best
CDN_DP_region_1_0_c6 in picorv32_pcpi_mul: area: 13220101125 ,dp = 17 mux = 13 sg = very_fast    worst_clk_period: -1.0000 
    wns: 0  norm_wns:  -1.0000 
    fail_endp: -1 
    tns:  0  tns_per_endp:  -1.0000   norm_tns_per_endp:  -1.0000 
    tns_sense_max:  -1.0000  tns_sense_avg:  -1.0000   tns_sense_num: -1
 is current best
CDN_DP_region_1_0_c7 in picorv32_pcpi_mul: area: 13471149510 ,dp = 17 mux = 13 sg = very_fast    worst_clk_period: -1.0000 
    wns: 0  norm_wns:  -1.0000 
    fail_endp: -1 
    tns:  0  tns_per_endp:  -1.0000   norm_tns_per_endp:  -1.0000 
    tns_sense_max:  -1.0000  tns_sense_avg:  -1.0000   tns_sense_num: -1

Best config: CDN_DP_region_1_0_c6 in picorv32_pcpi_mul: area: 13220101125 ,dp = 17 mux = 13 sg = very_fast    worst_clk_period: -1.0000 
    wns: 0  norm_wns:  -1.0000 
    fail_endp: -1 
    tns:  0  tns_per_endp:  -1.0000   norm_tns_per_endp:  -1.0000 
    tns_sense_max:  -1.0000  tns_sense_avg:  -1.0000   tns_sense_num: -1
  Smallest config area : 13220101125.  Fastest config wns;  0
##>+----------------------------------------------------------------------------------------------------------------------------------------------------------------+
##>Summary table of configs (Best config is CDN_DP_region_1_0_c6)
##>+----------------------------------------------------------------------------------------------------------------------------------------------------------------+
##>                     0                  1                  2                  3                  4                  5                  6                  7            
##>+----------------------------------------------------------------------------------------------------------------------------------------------------------------+
##>           Area      14817196170        13220101125        13220101125        13220101125        13220101125        13220101125        13220101125        13471149510  
##>            WNS         +3353.80           +3353.80           +3353.80           +3353.80           +3353.80           +3353.80           +3353.80           +3353.80  
##>            TNS                0                  0                  0                  0                  0                  0                  0                  0  
##>    Num Rewrite                0                  1                  1                  1                  1                  1                  1                  0  
##>     Num Factor                0                  0                  0                  0                  0                  0                  0                  0  
##>      Num Share                0                  0                  0                  0                  0                  0                  0                  0  
##>   Num CmultCse                0                  0                  0                  0                  0                  0                  0                  0  
##>   Num Downsize                0                  0                  0                  0                  0                  0                  0                  0  
##>  Num Speculate                0                  0                  0                  0                  0                  0                  0                  0  
##>     Runtime(s)                0                  0                  0                  0                  0                  0                  0                  0  
+----------------------------------------------------------------------------------------------------------------------------------------------------------------+
##>
##>
##>+-----------------------------------------------------------------------------------------------------------------------------------------------------------------------------------------------------+
##>Optimization Step DEBUG Table for config CDN_DP_region_1_0_c6
##>
##>                          Step                        Area   (  % Chg)         WNS (Change)          TNS (Change)                Power   (  % Chg)        Runtime (s)        Comment                   
##>+-----------------------------------------------------------------------------------------------------------------------------------------------------------------------------------------------------+
##>createMaxCarrySave              START            14817196170 (       )    107377536.20 (        )          0 (        )                    0 (       )              
##> datapath_rewrite_one_def       START            14817196170 (  +0.00)    107377536.20 (   +0.00)          0 (       0)                    0 (  +0.00)              
##>  fast_cse_elim                 START            14817196170 (  +0.00)    107377536.20 (   +0.00)          0 (       0)                    0 (  +0.00)              
##>                                  END            14817196170 (  +0.00)    107377536.20 (   +0.00)          0 (       0)                    0 (  +0.00)           0  
##>  fast_cse_elim                 START            14817196170 (  +0.00)    107377536.20 (   +0.00)          0 (       0)                    0 (  +0.00)              
##>                                  END            14817196170 (  +0.00)    107377536.20 (   +0.00)          0 (       0)                    0 (  +0.00)           0  
##>                                  END            14817196170 (  +0.00)    107377536.20 (   +0.00)          0 (       0)                    0 (  +0.00)           0  
##> dpopt_share_one_def            START            14817196170 (  +0.00)    107377536.20 (   +0.00)          0 (       0)                    0 (  +0.00)              
##>                                  END            14817196170 (  +0.00)    107377536.20 (   +0.00)          0 (       0)                    0 (  +0.00)           0  
##> csa_opto                       START            14817196170 (  +0.00)    214748364.70 (+107370828.50)          0 (       0)                    0 (  +0.00)              
##>                                  END            13294881495 ( -10.27)    214748364.70 (   +0.00)          0 (       0)                    0 (  +0.00)           0  
##>                                  END            13294881495 ( -10.27)    214748364.70 (+107370828.50)          0 (       0)                    0 (  +0.00)           0  
##>canonicalize_by_names           START            13294881495 (  +0.00)    214748364.70 (   +0.00)          0 (       0)                    0 (  +0.00)              
##>                                  END            13294881495 (  +0.00)    214748364.70 (   +0.00)          0 (       0)                    0 (  +0.00)           0  
##>datapath_rewrite_post_csa_one_  START            13294881495 (  +0.00)    214748364.70 (   +0.00)          0 (       0)                    0 (  +0.00)              
##>                                  END            13294881495 (  +0.00)    214748364.70 (   +0.00)          0 (       0)                    0 (  +0.00)           0  
##>datapath_csa_factoring_one_gde  START            13294881495 (  +0.00)    214748364.70 (   +0.00)          0 (       0)                    0 (  +0.00)              
##>                                  END            13294881495 (  +0.00)    214748364.70 (   +0.00)          0 (       0)                    0 (  +0.00)           0  
##>dpopt_share_one_def             START            13294881495 (  +0.00)    214748364.70 (   +0.00)          0 (       0)                    0 (  +0.00)              
##>                                  END            13294881495 (  +0.00)    214748364.70 (   +0.00)          0 (       0)                    0 (  +0.00)           0  
##>datapath_rewrite_post_share     START            13294881495 (  +0.00)    214748364.70 (   +0.00)          0 (       0)                    0 (  +0.00)              
##>                                  END            13294881495 (  +0.00)    214748364.70 (   +0.00)          0 (       0)                    0 (  +0.00)           0  
##>dp_combine_const_mult_with_com  START            13294881495 (  +0.00)    214748364.70 (   +0.00)          0 (       0)                    0 (  +0.00)              
##>                                  END            13294881495 (  +0.00)    214748364.70 (   +0.00)          0 (       0)                    0 (  +0.00)           0  
##>speculate_in_gdef               START            13294881495 (  +0.00)    214748364.70 (   +0.00)          0 (       0)                    0 (  +0.00)              
##> pre_speculate_mux_merge        START            13294881495 (  +0.00)    214748364.70 (   +0.00)          0 (       0)                    0 (  +0.00)              
##>                                  END            13294881495 (  +0.00)    214748364.70 (   +0.00)          0 (       0)                    0 (  +0.00)           0  
##>                                  END            13294881495 (  +0.00)    214748364.70 (   +0.00)          0 (       0)                    0 (  +0.00)           0  
##>dp_operator_level_decompositio  START            13294881495 (  +0.00)    214748364.70 (   +0.00)          0 (       0)                    0 (  +0.00)              
##>                                  END            13294881495 (  +0.00)    214748364.70 (   +0.00)          0 (       0)                    0 (  +0.00)           0  
##>selective_flatten_dp_config     START            13294881495 (  +0.00)    214748364.70 (   +0.00)          0 (       0)                    0 (  +0.00)              
##>                                  END            13284198585 (  -0.08)    214748364.70 (   +0.00)          0 (       0)                    0 (  +0.00)           0  
##>createMaxCarrySave              START            13284198585 (  +0.00)    214748364.70 (   +0.00)          0 (       0)                    0 (  +0.00)              
##> datapath_rewrite_one_def       START            13284198585 (  +0.00)    214748364.70 (   +0.00)          0 (       0)                    0 (  +0.00)              
##>  fast_cse_elim                 START            13284198585 (  +0.00)    214748364.70 (   +0.00)          0 (       0)                    0 (  +0.00)              
##>                                  END            13284198585 (  +0.00)    214748364.70 (   +0.00)          0 (       0)                    0 (  +0.00)           0  
##>  fast_cse_elim                 START            13284198585 (  +0.00)    214748364.70 (   +0.00)          0 (       0)                    0 (  +0.00)              
##>                                  END            13284198585 (  +0.00)    214748364.70 (   +0.00)          0 (       0)                    0 (  +0.00)           0  
##>  rewrite                       START            13284198585 (  +0.00)    214748364.70 (   +0.00)          0 (       0)                    0 (  +0.00)              (a,ar) add_ci --> add_and_inc 
##>                                  END            13348296045 (  +0.48)    214748364.70 (   +0.00)          0 (       0)                    0 (  +0.00)           0  
##>                                  END            13348296045 (  +0.48)    214748364.70 (   +0.00)          0 (       0)                    0 (  +0.00)           0  
##> dpopt_share_one_def            START            13348296045 (  +0.00)    214748364.70 (   +0.00)          0 (       0)                    0 (  +0.00)              
##>                                  END            13348296045 (  +0.00)    214748364.70 (   +0.00)          0 (       0)                    0 (  +0.00)           0  
##> csa_opto                       START            13348296045 (  +0.00)    214748364.70 (   +0.00)          0 (       0)                    0 (  +0.00)              
##>                                  END            13284198585 (  -0.48)    214748364.70 (   +0.00)          0 (       0)                    0 (  +0.00)           0  
##>                                  END            13284198585 (  +0.00)    214748364.70 (   +0.00)          0 (       0)                    0 (  +0.00)           0  
##>context_based_simplify          START            13257491310 (  -0.20)    214748364.70 (   +0.00)          0 (       0)                    0 (  +0.00)              
##>                                  END            13220101125 (  -0.28)    214748364.70 (   +0.00)          0 (       0)                    0 (  +0.00)           0  
##>group_csa_final_adder_dp        START            13220101125 (  +0.00)    214748364.70 (   +0.00)          0 (       0)                    0 (  +0.00)              
##>                                  END            13220101125 (  +0.00)    214748364.70 (   +0.00)          0 (       0)                    0 (  +0.00)           0  
##>dpopt_flatten_critical_muxes_i  START            13220101125 (  +0.00)    214748364.70 (   +0.00)          0 (       0)                    0 (  +0.00)              
##>                                  END            13220101125 (  +0.00)    214748364.70 (   +0.00)          0 (       0)                    0 (  +0.00)           0  
##>speculate_in_gdef               START            13220101125 (  +0.00)    214748364.70 (   +0.00)          0 (       0)                    0 (  +0.00)              
##> pre_speculate_mux_merge        START            13220101125 (  +0.00)    214748364.70 (   +0.00)          0 (       0)                    0 (  +0.00)              
##>                                  END            13220101125 (  +0.00)    214748364.70 (   +0.00)          0 (       0)                    0 (  +0.00)           0  
##>                                  END            13220101125 (  +0.00)    214748364.70 (   +0.00)          0 (       0)                    0 (  +0.00)           0  
##>create_score                    START            13220101125 (  +0.00)     3353.80 (-214745010.90)          0 (       0)                    0 (  +0.00)              
##>                                  END            13220101125 (  +0.00)     3353.80 (   +0.00)          0 (       0)                    0 (  +0.00)           0  
##>+-----------------------------------------------------------------------------------------------------------------------------------------------------------------------------------------------------+
Committed config: CDN_DP_region_1_0_c6
Info    : Done implementing datapath configurations. [DPOPT-4]
        : Selected 'very_fast' configuration 6 for module 'CDN_DP_region_1_0_c6'.
          Optimizations applied to 'very_fast' configuration:
            rewriting(1), factoring(0), sharing(0), cmultcse(0), downsizing(0), speculation(0)
Info    : Optimized a mux chain. [DPOPT-10]
        : Created Flattened Mux 'F_mux_alu_out_1264_3' in design 'CDN_DP_region_0_1'.
	The following set of instances are flattened ( mux_alu_out_1264_3 mux_1235_18 ).

Info    : Implementing datapath configurations. [DPOPT-3]
        : Implementing datapath configurations for 'CDN_DP_region_0_1'
CSAGen Prep Share:0 Re-Write:3 Speculation: 0
    MaxCSA: weighted_instance_count is 324 
MaxCSA: Successfully built Maximal CSA Expression Expr17
    MaxCSA: weighted_instance_count is 128 
MaxCSA: Successfully built Maximal CSA Expression Expr18
      Timing increment_unsigned...
        Done timing increment_unsigned.
Info    : Accepted resource sharing opportunity. [RTLOPT-30]
        : Merged the following sets of instances in 'CDN_DP_region_0_1_c7 in picorv32':
	  (SUB_TC_OP_3, SUB_TC_OP_2, SUB_TC_OP_1)

      Timing increment_unsigned_838_849...
        Done timing increment_unsigned_838_849.
      Timing cmp6_unsigned_854...
        Done timing cmp6_unsigned_854.
      Timing addsub_unsigned_865...
        Done timing addsub_unsigned_865.
Info    : Accepted resource sharing opportunity. [RTLOPT-30]
        : Merged the following sets of instances in 'CDN_DP_region_0_1_c1 in picorv32':
	  (sub_1235_38, add_1235_58)

      Timing increment_unsigned_838_919...
        Done timing increment_unsigned_838_919.
      Timing lt_signed_rtlopto_model_920...
        Done timing lt_signed_rtlopto_model_920.
      Timing lt_unsigned_rtlopto_model_921...
        Done timing lt_unsigned_rtlopto_model_921.
Info    : Accepted resource sharing opportunity. [RTLOPT-30]
        : Merged the following sets of instances in 'CDN_DP_region_0_1_c2 in picorv32':
	  (sub_1235_38, add_1235_58)

      Timing increment_unsigned_838_992...
        Done timing increment_unsigned_838_992.
      Timing lt_signed_rtlopto_model_993...
        Done timing lt_signed_rtlopto_model_993.
      Timing lt_unsigned_rtlopto_model_994...
        Done timing lt_unsigned_rtlopto_model_994.
Info    : Accepted resource sharing opportunity. [RTLOPT-30]
        : Merged the following sets of instances in 'CDN_DP_region_0_1_c3 in picorv32':
	  (sub_1235_38, add_1235_58)

      Timing increment_unsigned_838_1065...
        Done timing increment_unsigned_838_1065.
      Timing lt_signed_rtlopto_model_1066...
        Done timing lt_signed_rtlopto_model_1066.
      Timing lt_unsigned_rtlopto_model_1067...
        Done timing lt_unsigned_rtlopto_model_1067.
Info    : Accepted resource sharing opportunity. [RTLOPT-30]
        : Merged the following sets of instances in 'CDN_DP_region_0_1_c4 in picorv32':
	  (sub_1235_38, add_1235_58)

      Timing increment_unsigned_838_1138...
        Done timing increment_unsigned_838_1138.
      Timing lt_signed_rtlopto_model_1139...
        Done timing lt_signed_rtlopto_model_1139.
      Timing lt_unsigned_rtlopto_model_1140...
        Done timing lt_unsigned_rtlopto_model_1140.
Info    : Accepted resource sharing opportunity. [RTLOPT-30]
        : Merged the following sets of instances in 'CDN_DP_region_0_1_c5 in picorv32':
	  (sub_1235_38, add_1235_58)

      Timing increment_unsigned_838_1211...
        Done timing increment_unsigned_838_1211.
      Timing lt_signed_rtlopto_model_1212...
        Done timing lt_signed_rtlopto_model_1212.
      Timing lt_unsigned_rtlopto_model_1213...
        Done timing lt_unsigned_rtlopto_model_1213.
Info    : Accepted resource sharing opportunity. [RTLOPT-30]
        : Merged the following sets of instances in 'CDN_DP_region_0_1_c6 in picorv32':
	  (sub_1235_38, add_1235_58)

      Timing increment_unsigned_838_1300...
        Done timing increment_unsigned_838_1300.
      Timing lt_signed_rtlopto_model_1301...
        Done timing lt_signed_rtlopto_model_1301.
      Timing lt_unsigned_rtlopto_model_1302...
        Done timing lt_unsigned_rtlopto_model_1302.
CDN_DP_region_0_1 level = 2 loads = 0 drivers = 3 is driven by : CDN_DP_region_0_6 CDN_DP_region_0_7 CDN_DP_region_0_5 
CDN_DP_region_0_1_c0 in picorv32: area: 21814502220 ,dp = 11 mux = 13 sg = slow         worst_clk_period: -1.0000 
    wns: 0  norm_wns:  -1.0000 
    fail_endp: -1 
    tns:  0  tns_per_endp:  -1.0000   norm_tns_per_endp:  -1.0000 
    tns_sense_max:  -1.0000  tns_sense_avg:  -1.0000   tns_sense_num: -1
 skipped
CDN_DP_region_0_1_c1 in picorv32: area: 15885487170 ,dp = 5 mux = 14 sg = fast         worst_clk_period: -1.0000 
    wns: 0  norm_wns:  -1.0000 
    fail_endp: -1 
    tns:  0  tns_per_endp:  -1.0000   norm_tns_per_endp:  -1.0000 
    tns_sense_max:  -1.0000  tns_sense_avg:  -1.0000   tns_sense_num: -1
 is current best
CDN_DP_region_0_1_c2 in picorv32: area: 15885487170 ,dp = 5 mux = 14 sg = very_slow    worst_clk_period: -1.0000 
    wns: 0  norm_wns:  -1.0000 
    fail_endp: -1 
    tns:  0  tns_per_endp:  -1.0000   norm_tns_per_endp:  -1.0000 
    tns_sense_max:  -1.0000  tns_sense_avg:  -1.0000   tns_sense_num: -1
 is current best
CDN_DP_region_0_1_c3 in picorv32: area: 15885487170 ,dp = 5 mux = 14 sg = very_fast    worst_clk_period: -1.0000 
    wns: 0  norm_wns:  -1.0000 
    fail_endp: -1 
    tns:  0  tns_per_endp:  -1.0000   norm_tns_per_endp:  -1.0000 
    tns_sense_max:  -1.0000  tns_sense_avg:  -1.0000   tns_sense_num: -1
 is current best
CDN_DP_region_0_1_c4 in picorv32: area: 15885487170 ,dp = 5 mux = 14 sg = very_fast    worst_clk_period: -1.0000 
    wns: 0  norm_wns:  -1.0000 
    fail_endp: -1 
    tns:  0  tns_per_endp:  -1.0000   norm_tns_per_endp:  -1.0000 
    tns_sense_max:  -1.0000  tns_sense_avg:  -1.0000   tns_sense_num: -1
 is current best
CDN_DP_region_0_1_c5 in picorv32: area: 15885487170 ,dp = 5 mux = 14 sg = very_fast    worst_clk_period: -1.0000 
    wns: 0  norm_wns:  -1.0000 
    fail_endp: -1 
    tns:  0  tns_per_endp:  -1.0000   norm_tns_per_endp:  -1.0000 
    tns_sense_max:  -1.0000  tns_sense_avg:  -1.0000   tns_sense_num: -1
 is current best
CDN_DP_region_0_1_c6 in picorv32: area: 15885487170 ,dp = 5 mux = 14 sg = very_fast    worst_clk_period: -1.0000 
    wns: 0  norm_wns:  -1.0000 
    fail_endp: -1 
    tns:  0  tns_per_endp:  -1.0000   norm_tns_per_endp:  -1.0000 
    tns_sense_max:  -1.0000  tns_sense_avg:  -1.0000   tns_sense_num: -1
 is current best
CDN_DP_region_0_1_c7 in picorv32: area: 21013283970 ,dp = 4 mux = 13 sg = very_fast    worst_clk_period: -1.0000 
    wns: 0  norm_wns:  -1.0000 
    fail_endp: -1 
    tns:  0  tns_per_endp:  -1.0000   norm_tns_per_endp:  -1.0000 
    tns_sense_max:  -1.0000  tns_sense_avg:  -1.0000   tns_sense_num: -1

Best config: CDN_DP_region_0_1_c6 in picorv32: area: 15885487170 ,dp = 5 mux = 14 sg = very_fast    worst_clk_period: -1.0000 
    wns: 0  norm_wns:  -1.0000 
    fail_endp: -1 
    tns:  0  tns_per_endp:  -1.0000   norm_tns_per_endp:  -1.0000 
    tns_sense_max:  -1.0000  tns_sense_avg:  -1.0000   tns_sense_num: -1
  Smallest config area : 15885487170.  Fastest config wns;  0
##>+----------------------------------------------------------------------------------------------------------------------------------------------------------------+
##>Summary table of configs (Best config is CDN_DP_region_0_1_c6)
##>+----------------------------------------------------------------------------------------------------------------------------------------------------------------+
##>                     0                  1                  2                  3                  4                  5                  6                  7            
##>+----------------------------------------------------------------------------------------------------------------------------------------------------------------+
##>           Area      21814502220        15885487170        15885487170        15885487170        15885487170        15885487170        15885487170        21013283970  
##>            WNS         +3289.50           +3289.50           +3289.50           +3289.50           +3289.50           +3289.50           +3289.50           +3136.60  
##>            TNS                0                  0                  0                  0                  0                  0                  0                  0  
##>    Num Rewrite                0                  0                  0                  0                  0                  0                  0                  3  
##>     Num Factor                0                  0                  0                  0                  0                  0                  0                  0  
##>      Num Share                0                  1                  1                  1                  1                  1                  1                  1  
##>   Num CmultCse                0                  0                  0                  0                  0                  0                  0                  0  
##>   Num Downsize                0                  0                  0                  0                  0                  0                  0                  0  
##>  Num Speculate                0                  0                  0                  0                  0                  0                  0                  0  
##>     Runtime(s)                0                  0                  0                  0                  0                  0                  0                  0  
+----------------------------------------------------------------------------------------------------------------------------------------------------------------+
##>
##>
##>+-----------------------------------------------------------------------------------------------------------------------------------------------------------------------------------------------------+
##>Optimization Step DEBUG Table for config CDN_DP_region_0_1_c6
##>
##>                          Step                        Area   (  % Chg)         WNS (Change)          TNS (Change)                Power   (  % Chg)        Runtime (s)        Comment                   
##>+-----------------------------------------------------------------------------------------------------------------------------------------------------------------------------------------------------+
##>createMaxCarrySave              START            21814502220 (       )    107377471.90 (        )          0 (        )                    0 (       )              
##> datapath_rewrite_one_def       START            21814502220 (  +0.00)    107377471.90 (   +0.00)          0 (       0)                    0 (  +0.00)              
##>  fast_cse_elim                 START            21814502220 (  +0.00)    107377471.90 (   +0.00)          0 (       0)                    0 (  +0.00)              
##>                                  END            21814502220 (  +0.00)    107377471.90 (   +0.00)          0 (       0)                    0 (  +0.00)           0  
##>  fast_cse_elim                 START            21814502220 (  +0.00)    107377471.90 (   +0.00)          0 (       0)                    0 (  +0.00)              
##>                                  END            21814502220 (  +0.00)    107377471.90 (   +0.00)          0 (       0)                    0 (  +0.00)           0  
##>                                  END            21814502220 (  +0.00)    107377471.90 (   +0.00)          0 (       0)                    0 (  +0.00)           0  
##> dpopt_share_one_def            START            21814502220 (  +0.00)    107377471.90 (   +0.00)          0 (       0)                    0 (  +0.00)              
##>                                  END            18241068825 ( -16.38)    107377471.90 (   +0.00)          0 (       0)                    0 (  +0.00)           0  
##> csa_opto                       START            18241068825 (  +0.00)    214748364.70 (+107370892.80)          0 (       0)                    0 (  +0.00)              
##>                                  END            18000703350 (  -1.32)    214748364.70 (   +0.00)          0 (       0)                    0 (  +0.00)           0  
##>                                  END            18000703350 ( -17.48)    214748364.70 (+107370892.80)          0 (       0)                    0 (  +0.00)           0  
##>canonicalize_by_names           START            18000703350 (  +0.00)    214748364.70 (   +0.00)          0 (       0)                    0 (  +0.00)              
##>                                  END            18000703350 (  +0.00)    214748364.70 (   +0.00)          0 (       0)                    0 (  +0.00)           0  
##>datapath_rewrite_post_csa_one_  START            18000703350 (  +0.00)    214748364.70 (   +0.00)          0 (       0)                    0 (  +0.00)              
##>                                  END            18000703350 (  +0.00)    214748364.70 (   +0.00)          0 (       0)                    0 (  +0.00)           0  
##>datapath_csa_factoring_one_gde  START            18000703350 (  +0.00)    214748364.70 (   +0.00)          0 (       0)                    0 (  +0.00)              
##>                                  END            18000703350 (  +0.00)    214748364.70 (   +0.00)          0 (       0)                    0 (  +0.00)           0  
##>dpopt_share_one_def             START            18000703350 (  +0.00)    214748364.70 (   +0.00)          0 (       0)                    0 (  +0.00)              
##>                                  END            18000703350 (  +0.00)    214748364.70 (   +0.00)          0 (       0)                    0 (  +0.00)           0  
##>datapath_rewrite_post_share     START            18000703350 (  +0.00)    214748364.70 (   +0.00)          0 (       0)                    0 (  +0.00)              
##>                                  END            18000703350 (  +0.00)    214748364.70 (   +0.00)          0 (       0)                    0 (  +0.00)           0  
##>dp_combine_const_mult_with_com  START            18000703350 (  +0.00)    214748364.70 (   +0.00)          0 (       0)                    0 (  +0.00)              
##>                                  END            18000703350 (  +0.00)    214748364.70 (   +0.00)          0 (       0)                    0 (  +0.00)           0  
##>speculate_in_gdef               START            18000703350 (  +0.00)    214748364.70 (   +0.00)          0 (       0)                    0 (  +0.00)              
##> pre_speculate_mux_merge        START            18000703350 (  +0.00)    214748364.70 (   +0.00)          0 (       0)                    0 (  +0.00)              
##>                                  END            18000703350 (  +0.00)    214748364.70 (   +0.00)          0 (       0)                    0 (  +0.00)           0  
##>                                  END            18000703350 (  +0.00)    214748364.70 (   +0.00)          0 (       0)                    0 (  +0.00)           0  
##>dp_operator_level_decompositio  START            18000703350 (  +0.00)    214748364.70 (   +0.00)          0 (       0)                    0 (  +0.00)              
##>                                  END            18000703350 (  +0.00)    214748364.70 (   +0.00)          0 (       0)                    0 (  +0.00)           0  
##>selective_flatten_dp_config     START            18000703350 (  +0.00)    214748364.70 (   +0.00)          0 (       0)                    0 (  +0.00)              
##>                                  END            18000703350 (  +0.00)    214748364.70 (   +0.00)          0 (       0)                    0 (  +0.00)           0  
##>createMaxCarrySave              START            18000703350 (  +0.00)    214748364.70 (   +0.00)          0 (       0)                    0 (  +0.00)              
##> datapath_rewrite_one_def       START            18000703350 (  +0.00)    214748364.70 (   +0.00)          0 (       0)                    0 (  +0.00)              
##>  fast_cse_elim                 START            18000703350 (  +0.00)    214748364.70 (   +0.00)          0 (       0)                    0 (  +0.00)              
##>                                  END            18000703350 (  +0.00)    214748364.70 (   +0.00)          0 (       0)                    0 (  +0.00)           0  
##>  fast_cse_elim                 START            18000703350 (  +0.00)    214748364.70 (   +0.00)          0 (       0)                    0 (  +0.00)              
##>                                  END            18000703350 (  +0.00)    214748364.70 (   +0.00)          0 (       0)                    0 (  +0.00)           0  
##>                                  END            18000703350 (  +0.00)    214748364.70 (   +0.00)          0 (       0)                    0 (  +0.00)           0  
##> dpopt_share_one_def            START            18000703350 (  +0.00)    214748364.70 (   +0.00)          0 (       0)                    0 (  +0.00)              
##>                                  END            18000703350 (  +0.00)    214748364.70 (   +0.00)          0 (       0)                    0 (  +0.00)           0  
##> csa_opto                       START            18000703350 (  +0.00)    214748364.70 (   +0.00)          0 (       0)                    0 (  +0.00)              
##>                                  END            18000703350 (  +0.00)    214748364.70 (   +0.00)          0 (       0)                    0 (  +0.00)           0  
##>                                  END            18000703350 (  +0.00)    214748364.70 (   +0.00)          0 (       0)                    0 (  +0.00)           0  
##>context_based_simplify          START            17252899650 (  -4.15)    214748364.70 (   +0.00)          0 (       0)                    0 (  +0.00)              
##>                                  END            15885487170 (  -7.93)    214748364.70 (   +0.00)          0 (       0)                    0 (  +0.00)           0  
##>group_csa_final_adder_dp        START            15885487170 (  +0.00)    214748364.70 (   +0.00)          0 (       0)                    0 (  +0.00)              
##>                                  END            15885487170 (  +0.00)    214748364.70 (   +0.00)          0 (       0)                    0 (  +0.00)           0  
##>dpopt_flatten_critical_muxes_i  START            15885487170 (  +0.00)    214748364.70 (   +0.00)          0 (       0)                    0 (  +0.00)              
##>                                  END            15885487170 (  +0.00)    214748364.70 (   +0.00)          0 (       0)                    0 (  +0.00)           0  
##>speculate_in_gdef               START            15885487170 (  +0.00)    214748364.70 (   +0.00)          0 (       0)                    0 (  +0.00)              
##> pre_speculate_mux_merge        START            15885487170 (  +0.00)    214748364.70 (   +0.00)          0 (       0)                    0 (  +0.00)              
##>                                  END            15885487170 (  +0.00)    214748364.70 (   +0.00)          0 (       0)                    0 (  +0.00)           0  
##>                                  END            15885487170 (  +0.00)    214748364.70 (   +0.00)          0 (       0)                    0 (  +0.00)           0  
##>create_score                    START            15885487170 (  +0.00)     3289.50 (-214745075.20)          0 (       0)                    0 (  +0.00)              
##>                                  END            15885487170 (  +0.00)     3289.50 (   +0.00)          0 (       0)                    0 (  +0.00)           0  
##>+-----------------------------------------------------------------------------------------------------------------------------------------------------------------------------------------------------+
Committed config: CDN_DP_region_0_1_c6
Info    : Done implementing datapath configurations. [DPOPT-4]
        : Selected 'very_fast' configuration 6 for module 'CDN_DP_region_0_1_c6'.
          Optimizations applied to 'very_fast' configuration:
            rewriting(0), factoring(0), sharing(1), cmultcse(0), downsizing(0), speculation(0)
Info    : Optimized a mux chain. [DPOPT-10]
        : Created Flattened Mux 'F_mux_reg_next_pc_1552_9' in design 'CDN_DP_region_0_3'.
	The following set of instances are flattened ( mux_reg_next_pc_1552_9 mux_reg_next_pc_1562_10 ).

Info    : Implementing datapath configurations. [DPOPT-3]
        : Implementing datapath configurations for 'CDN_DP_region_0_3'
CSAGen Prep Share:0 Re-Write:0 Speculation: 0
    MaxCSA: weighted_instance_count is 96 
MaxCSA: Successfully built Maximal CSA Expression Expr19
    MaxCSA: weighted_instance_count is 224 
MaxCSA: Successfully built Maximal CSA Expression Expr20
      Timing csa_tree_1327...
        Done timing csa_tree_1327.
      Timing add_signed_carry_1332...
        Done timing add_signed_carry_1332.
      Timing csa_tree_1334...
        Done timing csa_tree_1334.
Info    : Accepted resource sharing opportunity. [RTLOPT-30]
        : Merged the following sets of instances in 'CDN_DP_region_0_3_c7 in picorv32':
	  (final_adder_ADD_TC_OP_5, final_adder_ADD_TC_OP_2)
	  (csa_tree_ADD_TC_OP_5, csa_tree_ADD_TC_OP_2)

Info    : Accepted resource sharing opportunity. [RTLOPT-30]
        : Merged the following sets of instances in 'CDN_DP_region_0_3_c1 in picorv32':
	  (add_1564_33, add_1555_32)

Info    : Transformed datapath macro. [RTLOPT-40]
        : Transformed 1 datapath macros in module 'CDN_DP_region_0_3_c1' to a form more suitable for further optimization.
Info    : Accepted resource sharing opportunity. [RTLOPT-30]
        : Merged the following sets of instances in 'CDN_DP_region_0_3_c2 in picorv32':
	  (add_1564_33, add_1555_32)

Info    : Transformed datapath macro. [RTLOPT-40]
        : Transformed 1 datapath macros in module 'CDN_DP_region_0_3_c2' to a form more suitable for further optimization.
Info    : Accepted resource sharing opportunity. [RTLOPT-30]
        : Merged the following sets of instances in 'CDN_DP_region_0_3_c3 in picorv32':
	  (add_1564_33, add_1555_32)

Info    : Transformed datapath macro. [RTLOPT-40]
        : Transformed 1 datapath macros in module 'CDN_DP_region_0_3_c3' to a form more suitable for further optimization.
Info    : Accepted resource sharing opportunity. [RTLOPT-30]
        : Merged the following sets of instances in 'CDN_DP_region_0_3_c4 in picorv32':
	  (add_1564_33, add_1555_32)

Info    : Transformed datapath macro. [RTLOPT-40]
        : Transformed 1 datapath macros in module 'CDN_DP_region_0_3_c4' to a form more suitable for further optimization.
Info    : Accepted resource sharing opportunity. [RTLOPT-30]
        : Merged the following sets of instances in 'CDN_DP_region_0_3_c5 in picorv32':
	  (add_1564_33, add_1555_32)

Info    : Transformed datapath macro. [RTLOPT-40]
        : Transformed 1 datapath macros in module 'CDN_DP_region_0_3_c5' to a form more suitable for further optimization.
Info    : Accepted resource sharing opportunity. [RTLOPT-30]
        : Merged the following sets of instances in 'CDN_DP_region_0_3_c6 in picorv32':
	  (add_1564_33, add_1555_32)

Info    : Transformed datapath macro. [RTLOPT-40]
        : Transformed 1 datapath macros in module 'CDN_DP_region_0_3_c6' to a form more suitable for further optimization.
CDN_DP_region_0_3 level = 0 loads = 0 drivers = 0
CDN_DP_region_0_3_c0 in picorv32: area: 11217055500 ,dp = 5 mux = 10 sg = slow         worst_clk_period: -1.0000 
    wns: 0  norm_wns:  -1.0000 
    fail_endp: -1 
    tns:  0  tns_per_endp:  -1.0000   norm_tns_per_endp:  -1.0000 
    tns_sense_max:  -1.0000  tns_sense_avg:  -1.0000   tns_sense_num: -1
 skipped
CDN_DP_region_0_3_c1 in picorv32: area: 9454375350 ,dp = 2 mux = 10 sg = fast         worst_clk_period: -1.0000 
    wns: 0  norm_wns:  -1.0000 
    fail_endp: -1 
    tns:  0  tns_per_endp:  -1.0000   norm_tns_per_endp:  -1.0000 
    tns_sense_max:  -1.0000  tns_sense_avg:  -1.0000   tns_sense_num: -1
 is current best
CDN_DP_region_0_3_c2 in picorv32: area: 9454375350 ,dp = 2 mux = 10 sg = very_slow    worst_clk_period: -1.0000 
    wns: 0  norm_wns:  -1.0000 
    fail_endp: -1 
    tns:  0  tns_per_endp:  -1.0000   norm_tns_per_endp:  -1.0000 
    tns_sense_max:  -1.0000  tns_sense_avg:  -1.0000   tns_sense_num: -1
 is current best
CDN_DP_region_0_3_c3 in picorv32: area: 9454375350 ,dp = 2 mux = 10 sg = very_fast    worst_clk_period: -1.0000 
    wns: 0  norm_wns:  -1.0000 
    fail_endp: -1 
    tns:  0  tns_per_endp:  -1.0000   norm_tns_per_endp:  -1.0000 
    tns_sense_max:  -1.0000  tns_sense_avg:  -1.0000   tns_sense_num: -1
 is current best
CDN_DP_region_0_3_c4 in picorv32: area: 9454375350 ,dp = 2 mux = 10 sg = very_fast    worst_clk_period: -1.0000 
    wns: 0  norm_wns:  -1.0000 
    fail_endp: -1 
    tns:  0  tns_per_endp:  -1.0000   norm_tns_per_endp:  -1.0000 
    tns_sense_max:  -1.0000  tns_sense_avg:  -1.0000   tns_sense_num: -1
 is current best
CDN_DP_region_0_3_c5 in picorv32: area: 9454375350 ,dp = 2 mux = 10 sg = very_fast    worst_clk_period: -1.0000 
    wns: 0  norm_wns:  -1.0000 
    fail_endp: -1 
    tns:  0  tns_per_endp:  -1.0000   norm_tns_per_endp:  -1.0000 
    tns_sense_max:  -1.0000  tns_sense_avg:  -1.0000   tns_sense_num: -1
 is current best
CDN_DP_region_0_3_c6 in picorv32: area: 9465058260 ,dp = 3 mux = 10 sg = very_fast    worst_clk_period: -1.0000 
    wns: 0  norm_wns:  -1.0000 
    fail_endp: -1 
    tns:  0  tns_per_endp:  -1.0000   norm_tns_per_endp:  -1.0000 
    tns_sense_max:  -1.0000  tns_sense_avg:  -1.0000   tns_sense_num: -1

CDN_DP_region_0_3_c7 in picorv32: area: 10832470740 ,dp = 4 mux = 13 sg = very_fast    worst_clk_period: -1.0000 
    wns: 0  norm_wns:  -1.0000 
    fail_endp: -1 
    tns:  0  tns_per_endp:  -1.0000   norm_tns_per_endp:  -1.0000 
    tns_sense_max:  -1.0000  tns_sense_avg:  -1.0000   tns_sense_num: -1

Best config: CDN_DP_region_0_3_c5 in picorv32: area: 9454375350 ,dp = 2 mux = 10 sg = very_fast    worst_clk_period: -1.0000 
    wns: 0  norm_wns:  -1.0000 
    fail_endp: -1 
    tns:  0  tns_per_endp:  -1.0000   norm_tns_per_endp:  -1.0000 
    tns_sense_max:  -1.0000  tns_sense_avg:  -1.0000   tns_sense_num: -1
  Smallest config area : 9454375350.  Fastest config wns;  0
##>+----------------------------------------------------------------------------------------------------------------------------------------------------------------+
##>Summary table of configs (Best config is CDN_DP_region_0_3_c5)
##>+----------------------------------------------------------------------------------------------------------------------------------------------------------------+
##>                     0                  1                  2                  3                  4                  5                  6                  7            
##>+----------------------------------------------------------------------------------------------------------------------------------------------------------------+
##>           Area      11217055500         9454375350         9454375350         9454375350         9454375350         9454375350         9465058260        10832470740  
##>            WNS         +3287.60           +3287.60           +3287.60           +3287.60           +3287.60           +3287.60           +3287.60           +3287.60  
##>            TNS                0                  0                  0                  0                  0                  0                  0                  0  
##>    Num Rewrite                0                  1                  1                  1                  1                  1                  1                  0  
##>     Num Factor                0                  0                  0                  0                  0                  0                  0                  0  
##>      Num Share                0                  1                  1                  1                  1                  1                  1                  2  
##>   Num CmultCse                0                  0                  0                  0                  0                  0                  0                  0  
##>   Num Downsize                0                  0                  0                  0                  0                  0                  0                  0  
##>  Num Speculate                0                  0                  0                  0                  0                  0                  0                  0  
##>     Runtime(s)                0                  0                  0                  0                  0                  0                  0                  0  
+----------------------------------------------------------------------------------------------------------------------------------------------------------------+
##>
##>
##>+-----------------------------------------------------------------------------------------------------------------------------------------------------------------------------------------------------+
##>Optimization Step DEBUG Table for config CDN_DP_region_0_3_c5
##>
##>                          Step                        Area   (  % Chg)         WNS (Change)          TNS (Change)                Power   (  % Chg)        Runtime (s)        Comment                   
##>+-----------------------------------------------------------------------------------------------------------------------------------------------------------------------------------------------------+
##>createMaxCarrySave              START            11217055500 (       )     3287.60 (        )          0 (        )                    0 (       )              
##> datapath_rewrite_one_def       START            11217055500 (  +0.00)     3287.60 (   +0.00)          0 (       0)                    0 (  +0.00)              
##>  fast_cse_elim                 START            11217055500 (  +0.00)     3287.60 (   +0.00)          0 (       0)                    0 (  +0.00)              
##>                                  END            11217055500 (  +0.00)     3287.60 (   +0.00)          0 (       0)                    0 (  +0.00)           0  
##>  fast_cse_elim                 START            11217055500 (  +0.00)     3287.60 (   +0.00)          0 (       0)                    0 (  +0.00)              
##>                                  END            11217055500 (  +0.00)     3287.60 (   +0.00)          0 (       0)                    0 (  +0.00)           0  
##>                                  END            11217055500 (  +0.00)     3287.60 (   +0.00)          0 (       0)                    0 (  +0.00)           0  
##> speculate_in_gdef              START            11217055500 (  +0.00)     3287.60 (   +0.00)          0 (       0)                    0 (  +0.00)              
##>  pre_speculate_mux_merge       START            11217055500 (  +0.00)     3287.60 (   +0.00)          0 (       0)                    0 (  +0.00)              
##>                                  END            11217055500 (  +0.00)     3287.60 (   +0.00)          0 (       0)                    0 (  +0.00)           0  
##>                                  END            11217055500 (  +0.00)     3287.60 (   +0.00)          0 (       0)                    0 (  +0.00)           0  
##> csa_opto                       START            11217055500 (  +0.00)     3287.60 (   +0.00)          0 (       0)                    0 (  +0.00)              
##>                                  END            11217055500 (  +0.00)     3287.60 (   +0.00)          0 (       0)                    0 (  +0.00)           0  
##>                                  END            11217055500 (  +0.00)     3287.60 (   +0.00)          0 (       0)                    0 (  +0.00)           0  
##>canonicalize_by_names           START            11217055500 (  +0.00)     3287.60 (   +0.00)          0 (       0)                    0 (  +0.00)              
##>                                  END            11217055500 (  +0.00)     3287.60 (   +0.00)          0 (       0)                    0 (  +0.00)           0  
##>datapath_rewrite_post_csa_one_  START            11217055500 (  +0.00)     3287.60 (   +0.00)          0 (       0)                    0 (  +0.00)              
##>                                  END            11217055500 (  +0.00)     3287.60 (   +0.00)          0 (       0)                    0 (  +0.00)           0  
##>datapath_csa_factoring_one_gde  START            11217055500 (  +0.00)     3287.60 (   +0.00)          0 (       0)                    0 (  +0.00)              
##>                                  END            11217055500 (  +0.00)     3287.60 (   +0.00)          0 (       0)                    0 (  +0.00)           0  
##>dpopt_share_one_def             START            11217055500 (  +0.00)     3287.60 (   +0.00)          0 (       0)                    0 (  +0.00)              
##>                                  END            10090008495 ( -10.05)     3287.60 (   +0.00)          0 (       0)                    0 (  +0.00)           0  
##>datapath_rewrite_post_share     START            10090008495 (  +0.00)     3287.60 (   +0.00)          0 (       0)                    0 (  +0.00)              
##>                                  END            10090008495 (  +0.00)     3287.60 (   +0.00)          0 (       0)                    0 (  +0.00)           0  
##>dp_combine_const_mult_with_com  START            10090008495 (  +0.00)     3287.60 (   +0.00)          0 (       0)                    0 (  +0.00)              
##>                                  END            10090008495 (  +0.00)     3287.60 (   +0.00)          0 (       0)                    0 (  +0.00)           0  
##>speculate_in_gdef               START            10090008495 (  +0.00)     3287.60 (   +0.00)          0 (       0)                    0 (  +0.00)              
##> pre_speculate_mux_merge        START            10090008495 (  +0.00)     3287.60 (   +0.00)          0 (       0)                    0 (  +0.00)              
##>                                  END            10090008495 (  +0.00)     3287.60 (   +0.00)          0 (       0)                    0 (  +0.00)           0  
##>                                  END            10090008495 (  +0.00)     3287.60 (   +0.00)          0 (       0)                    0 (  +0.00)           0  
##>dp_operator_level_decompositio  START            10090008495 (  +0.00)     3287.60 (   +0.00)          0 (       0)                    0 (  +0.00)              
##>                                  END            10090008495 (  +0.00)     3287.60 (   +0.00)          0 (       0)                    0 (  +0.00)           0  
##>selective_flatten_dp_config     START            10090008495 (  +0.00)     3287.60 (   +0.00)          0 (       0)                    0 (  +0.00)              
##>                                  END            10090008495 (  +0.00)     3287.60 (   +0.00)          0 (       0)                    0 (  +0.00)           0  
##>createMaxCarrySave              START            10090008495 (  +0.00)     3287.60 (   +0.00)          0 (       0)                    0 (  +0.00)              
##> datapath_rewrite_one_def       START            10090008495 (  +0.00)     3287.60 (   +0.00)          0 (       0)                    0 (  +0.00)              
##>  fast_cse_elim                 START            10090008495 (  +0.00)     3287.60 (   +0.00)          0 (       0)                    0 (  +0.00)              
##>                                  END            10090008495 (  +0.00)     3287.60 (   +0.00)          0 (       0)                    0 (  +0.00)           0  
##>  fast_cse_elim                 START            10090008495 (  +0.00)     3287.60 (   +0.00)          0 (       0)                    0 (  +0.00)              
##>                                  END            10090008495 (  +0.00)     3287.60 (   +0.00)          0 (       0)                    0 (  +0.00)           0  
##>  rewrite                       START            10090008495 (  +0.00)     3287.60 (   +0.00)          0 (       0)                    0 (  +0.00)              (a,ar) add_c_ohmux_version1_1 --> add_c_ohmux_version2
##>                                  END             9748155375 (  -3.39)     3287.60 (   +0.00)          0 (       0)                    0 (  +0.00)           0  
##>  fast_cse_elim                 START             9748155375 (  +0.00)     3287.60 (   +0.00)          0 (       0)                    0 (  +0.00)              
##>                                  END             9748155375 (  +0.00)     3287.60 (   +0.00)          0 (       0)                    0 (  +0.00)           0  
##>  fast_cse_elim                 START             9748155375 (  +0.00)     3287.60 (   +0.00)          0 (       0)                    0 (  +0.00)              
##>                                  END             9748155375 (  +0.00)     3287.60 (   +0.00)          0 (       0)                    0 (  +0.00)           0  
##>  rewrite                       START             9748155375 (  +0.00)     3287.60 (   +0.00)          0 (       0)                    0 (  +0.00)              (na,csaa) and_en_v2 --> en_mux
##>                                  END            10095349950 (  +3.56)     3287.60 (   +0.00)          0 (       0)                    0 (  +0.00)           0  
##>                                  END             9748155375 (  -3.39)     3287.60 (   +0.00)          0 (       0)                    0 (  +0.00)           0  
##> speculate_in_gdef              START             9748155375 (  +0.00)     3287.60 (   +0.00)          0 (       0)                    0 (  +0.00)              
##>  pre_speculate_mux_merge       START             9748155375 (  +0.00)     3287.60 (   +0.00)          0 (       0)                    0 (  +0.00)              
##>                                  END             9748155375 (  +0.00)     3287.60 (   +0.00)          0 (       0)                    0 (  +0.00)           0  
##>                                  END             9748155375 (  +0.00)     3287.60 (   +0.00)          0 (       0)                    0 (  +0.00)           0  
##> csa_opto                       START             9748155375 (  +0.00)     3287.60 (   +0.00)          0 (       0)                    0 (  +0.00)              
##>                                  END             9748155375 (  +0.00)     3287.60 (   +0.00)          0 (       0)                    0 (  +0.00)           0  
##>                                  END             9748155375 (  -3.39)     3287.60 (   +0.00)          0 (       0)                    0 (  +0.00)           0  
##>datapath_rewrite_post_csa_one_  START             9748155375 (  +0.00)     3287.60 (   +0.00)          0 (       0)                    0 (  +0.00)              
##>                                  END             9748155375 (  +0.00)     3287.60 (   +0.00)          0 (       0)                    0 (  +0.00)           0  
##>datapath_csa_factoring_one_gde  START             9748155375 (  +0.00)     3287.60 (   +0.00)          0 (       0)                    0 (  +0.00)              
##>                                  END             9748155375 (  +0.00)     3287.60 (   +0.00)          0 (       0)                    0 (  +0.00)           0  
##>dpopt_share_one_def             START             9748155375 (  +0.00)     3287.60 (   +0.00)          0 (       0)                    0 (  +0.00)              
##>                                  END             9748155375 (  +0.00)     3287.60 (   +0.00)          0 (       0)                    0 (  +0.00)           0  
##>datapath_rewrite_post_share     START             9748155375 (  +0.00)     3287.60 (   +0.00)          0 (       0)                    0 (  +0.00)              
##>                                  END             9748155375 (  +0.00)     3287.60 (   +0.00)          0 (       0)                    0 (  +0.00)           0  
##>dp_combine_const_mult_with_com  START             9748155375 (  +0.00)     3287.60 (   +0.00)          0 (       0)                    0 (  +0.00)              
##>                                  END             9748155375 (  +0.00)     3287.60 (   +0.00)          0 (       0)                    0 (  +0.00)           0  
##>speculate_in_gdef               START             9748155375 (  +0.00)     3287.60 (   +0.00)          0 (       0)                    0 (  +0.00)              
##> pre_speculate_mux_merge        START             9748155375 (  +0.00)     3287.60 (   +0.00)          0 (       0)                    0 (  +0.00)              
##>                                  END             9748155375 (  +0.00)     3287.60 (   +0.00)          0 (       0)                    0 (  +0.00)           0  
##>                                  END             9748155375 (  +0.00)     3287.60 (   +0.00)          0 (       0)                    0 (  +0.00)           0  
##>dp_operator_level_decompositio  START             9748155375 (  +0.00)     3287.60 (   +0.00)          0 (       0)                    0 (  +0.00)              
##>                                  END             9748155375 (  +0.00)     3287.60 (   +0.00)          0 (       0)                    0 (  +0.00)           0  
##>selective_flatten_dp_config     START             9748155375 (  +0.00)     3287.60 (   +0.00)          0 (       0)                    0 (  +0.00)              
##>                                  END             9748155375 (  +0.00)     3287.60 (   +0.00)          0 (       0)                    0 (  +0.00)           0  
##>createMaxCarrySave              START             9748155375 (  +0.00)     3287.60 (   +0.00)          0 (       0)                    0 (  +0.00)              
##> datapath_rewrite_one_def       START             9748155375 (  +0.00)     3287.60 (   +0.00)          0 (       0)                    0 (  +0.00)              
##>  fast_cse_elim                 START             9748155375 (  +0.00)     3287.60 (   +0.00)          0 (       0)                    0 (  +0.00)              
##>                                  END             9748155375 (  +0.00)     3287.60 (   +0.00)          0 (       0)                    0 (  +0.00)           0  
##>  fast_cse_elim                 START             9748155375 (  +0.00)     3287.60 (   +0.00)          0 (       0)                    0 (  +0.00)              
##>                                  END             9748155375 (  +0.00)     3287.60 (   +0.00)          0 (       0)                    0 (  +0.00)           0  
##>                                  END             9748155375 (  +0.00)     3287.60 (   +0.00)          0 (       0)                    0 (  +0.00)           0  
##> speculate_in_gdef              START             9748155375 (  +0.00)     3287.60 (   +0.00)          0 (       0)                    0 (  +0.00)              
##>  pre_speculate_mux_merge       START             9748155375 (  +0.00)     3287.60 (   +0.00)          0 (       0)                    0 (  +0.00)              
##>                                  END             9748155375 (  +0.00)     3287.60 (   +0.00)          0 (       0)                    0 (  +0.00)           0  
##>                                  END             9748155375 (  +0.00)     3287.60 (   +0.00)          0 (       0)                    0 (  +0.00)           0  
##> csa_opto                       START             9748155375 (  +0.00)     3287.60 (   +0.00)          0 (       0)                    0 (  +0.00)              
##>                                  END             9748155375 (  +0.00)     3287.60 (   +0.00)          0 (       0)                    0 (  +0.00)           0  
##>                                  END             9748155375 (  +0.00)     3287.60 (   +0.00)          0 (       0)                    0 (  +0.00)           0  
##>context_based_simplify          START             9673375005 (  -0.77)     3287.60 (   +0.00)          0 (       0)                    0 (  +0.00)              
##>                                  END             9673375005 (  +0.00)     3287.60 (   +0.00)          0 (       0)                    0 (  +0.00)           0  
##>group_csa_final_adder_dp        START             9673375005 (  +0.00)     3287.60 (   +0.00)          0 (       0)                    0 (  +0.00)              
##>                                  END             9673375005 (  +0.00)     3287.60 (   +0.00)          0 (       0)                    0 (  +0.00)           0  
##>dpopt_flatten_critical_muxes_i  START             9673375005 (  +0.00)     3287.60 (   +0.00)          0 (       0)                    0 (  +0.00)              
##>                                  END             9673375005 (  +0.00)     3287.60 (   +0.00)          0 (       0)                    0 (  +0.00)           0  
##>speculate_in_gdef               START             9673375005 (  +0.00)     3287.60 (   +0.00)          0 (       0)                    0 (  +0.00)              
##> pre_speculate_mux_merge        START             9673375005 (  +0.00)     3287.60 (   +0.00)          0 (       0)                    0 (  +0.00)              
##>                                  END             9673375005 (  +0.00)     3287.60 (   +0.00)          0 (       0)                    0 (  +0.00)           0  
##>                                  END             9673375005 (  +0.00)     3287.60 (   +0.00)          0 (       0)                    0 (  +0.00)           0  
##>create_score                    START             9454375350 (  -2.26)     3287.60 (   +0.00)          0 (       0)                    0 (  +0.00)              
##>                                  END             9454375350 (  +0.00)     3287.60 (   +0.00)          0 (       0)                    0 (  +0.00)           0  
##>+-----------------------------------------------------------------------------------------------------------------------------------------------------------------------------------------------------+
Committed config: CDN_DP_region_0_3_c5
Info    : Done implementing datapath configurations. [DPOPT-4]
        : Selected 'very_fast' configuration 5 for module 'CDN_DP_region_0_3_c5'.
          Optimizations applied to 'very_fast' configuration:
            rewriting(1), factoring(0), sharing(1), cmultcse(0), downsizing(0), speculation(0)
Info    : Implementing datapath configurations. [DPOPT-3]
        : Implementing datapath configurations for 'CDN_DP_region_0_7'
CSAGen Prep Share:0 Re-Write:0 Speculation: 0
CDN_DP_region_0_7 level = 0 loads = 2 drivers = 0
CDN_DP_region_0_7_c0 in picorv32: area: 1639826685 ,dp = 1 mux = 7 sg = slow         worst_clk_period: -1.0000 
    wns: 0  norm_wns:  -1.0000 
    fail_endp: -1 
    tns:  0  tns_per_endp:  -1.0000   norm_tns_per_endp:  -1.0000 
    tns_sense_max:  -1.0000  tns_sense_avg:  -1.0000   tns_sense_num: -1
 skipped
CDN_DP_region_0_7_c1 in picorv32: area: 1639826685 ,dp = 1 mux = 7 sg = fast         worst_clk_period: -1.0000 
    wns: 0  norm_wns:  -1.0000 
    fail_endp: -1 
    tns:  0  tns_per_endp:  -1.0000   norm_tns_per_endp:  -1.0000 
    tns_sense_max:  -1.0000  tns_sense_avg:  -1.0000   tns_sense_num: -1
 is current best
CDN_DP_region_0_7_c2 in picorv32: area: 1639826685 ,dp = 1 mux = 7 sg = very_slow    worst_clk_period: -1.0000 
    wns: 0  norm_wns:  -1.0000 
    fail_endp: -1 
    tns:  0  tns_per_endp:  -1.0000   norm_tns_per_endp:  -1.0000 
    tns_sense_max:  -1.0000  tns_sense_avg:  -1.0000   tns_sense_num: -1
 is current best
CDN_DP_region_0_7_c3 in picorv32: area: 1639826685 ,dp = 1 mux = 7 sg = very_fast    worst_clk_period: -1.0000 
    wns: 0  norm_wns:  -1.0000 
    fail_endp: -1 
    tns:  0  tns_per_endp:  -1.0000   norm_tns_per_endp:  -1.0000 
    tns_sense_max:  -1.0000  tns_sense_avg:  -1.0000   tns_sense_num: -1
 is current best
CDN_DP_region_0_7_c4 in picorv32: area: 1639826685 ,dp = 1 mux = 7 sg = very_fast    worst_clk_period: -1.0000 
    wns: 0  norm_wns:  -1.0000 
    fail_endp: -1 
    tns:  0  tns_per_endp:  -1.0000   norm_tns_per_endp:  -1.0000 
    tns_sense_max:  -1.0000  tns_sense_avg:  -1.0000   tns_sense_num: -1
 is current best
CDN_DP_region_0_7_c5 in picorv32: area: 1639826685 ,dp = 1 mux = 7 sg = very_fast    worst_clk_period: -1.0000 
    wns: 0  norm_wns:  -1.0000 
    fail_endp: -1 
    tns:  0  tns_per_endp:  -1.0000   norm_tns_per_endp:  -1.0000 
    tns_sense_max:  -1.0000  tns_sense_avg:  -1.0000   tns_sense_num: -1
 is current best
CDN_DP_region_0_7_c6 in picorv32: area: 1639826685 ,dp = 1 mux = 7 sg = very_fast    worst_clk_period: -1.0000 
    wns: 0  norm_wns:  -1.0000 
    fail_endp: -1 
    tns:  0  tns_per_endp:  -1.0000   norm_tns_per_endp:  -1.0000 
    tns_sense_max:  -1.0000  tns_sense_avg:  -1.0000   tns_sense_num: -1
 is current best
CDN_DP_region_0_7_c7 in picorv32: area: 1639826685 ,dp = 1 mux = 7 sg = very_fast    worst_clk_period: -1.0000 
    wns: 0  norm_wns:  -1.0000 
    fail_endp: -1 
    tns:  0  tns_per_endp:  -1.0000   norm_tns_per_endp:  -1.0000 
    tns_sense_max:  -1.0000  tns_sense_avg:  -1.0000   tns_sense_num: -1
 is current best
Best config: CDN_DP_region_0_7_c7 in picorv32: area: 1639826685 ,dp = 1 mux = 7 sg = very_fast    worst_clk_period: -1.0000 
    wns: 0  norm_wns:  -1.0000 
    fail_endp: -1 
    tns:  0  tns_per_endp:  -1.0000   norm_tns_per_endp:  -1.0000 
    tns_sense_max:  -1.0000  tns_sense_avg:  -1.0000   tns_sense_num: -1
  Smallest config area : 1639826685.  Fastest config wns;  0
##>+----------------------------------------------------------------------------------------------------------------------------------------------------------------+
##>Summary table of configs (Best config is CDN_DP_region_0_7_c7)
##>+----------------------------------------------------------------------------------------------------------------------------------------------------------------+
##>                     0                  1                  2                  3                  4                  5                  6                  7            
##>+----------------------------------------------------------------------------------------------------------------------------------------------------------------+
##>           Area       1639826685         1639826685         1639826685         1639826685         1639826685         1639826685         1639826685         1639826685  
##>            WNS         +3404.40           +3404.40           +3404.40           +3404.40           +3404.40           +3404.40           +3404.40           +3404.40  
##>            TNS                0                  0                  0                  0                  0                  0                  0                  0  
##>    Num Rewrite                0                  0                  0                  0                  0                  0                  0                  0  
##>     Num Factor                0                  0                  0                  0                  0                  0                  0                  0  
##>      Num Share                0                  0                  0                  0                  0                  0                  0                  0  
##>   Num CmultCse                0                  0                  0                  0                  0                  0                  0                  0  
##>   Num Downsize                0                  0                  0                  0                  0                  0                  0                  0  
##>  Num Speculate                0                  0                  0                  0                  0                  0                  0                  0  
##>     Runtime(s)                0                  0                  0                  0                  0                  0                  0                  0  
+----------------------------------------------------------------------------------------------------------------------------------------------------------------+
##>
##>
##>+-----------------------------------------------------------------------------------------------------------------------------------------------------------------------------------------------------+
##>Optimization Step DEBUG Table for config CDN_DP_region_0_7_c7
##>
##>                          Step                        Area   (  % Chg)         WNS (Change)          TNS (Change)                Power   (  % Chg)        Runtime (s)        Comment                   
##>+-----------------------------------------------------------------------------------------------------------------------------------------------------------------------------------------------------+
##>EquationExtraction              START             1639826685 (       )     3404.40 (        )          0 (        )                    0 (       )              
##>                                  END             1639826685 (  +0.00)     3404.40 (   +0.00)          0 (       0)                    0 (  +0.00)           0  
##>createMaxCarrySave              START             1639826685 (  +0.00)     3404.40 (   +0.00)          0 (       0)                    0 (  +0.00)              
##> datapath_rewrite_one_def       START             1639826685 (  +0.00)     3404.40 (   +0.00)          0 (       0)                    0 (  +0.00)              
##>                                  END             1639826685 (  +0.00)     3404.40 (   +0.00)          0 (       0)                    0 (  +0.00)           0  
##> csa_opto                       START             1639826685 (  +0.00)     3404.40 (   +0.00)          0 (       0)                    0 (  +0.00)              
##>                                  END             1639826685 (  +0.00)     3404.40 (   +0.00)          0 (       0)                    0 (  +0.00)           0  
##>                                  END             1639826685 (  +0.00)     3404.40 (   +0.00)          0 (       0)                    0 (  +0.00)           0  
##>canonicalize_by_names           START             1639826685 (  +0.00)     3404.40 (   +0.00)          0 (       0)                    0 (  +0.00)              
##>                                  END             1639826685 (  +0.00)     3404.40 (   +0.00)          0 (       0)                    0 (  +0.00)           0  
##>datapath_rewrite_post_csa_one_  START             1639826685 (  +0.00)     3404.40 (   +0.00)          0 (       0)                    0 (  +0.00)              
##>                                  END             1639826685 (  +0.00)     3404.40 (   +0.00)          0 (       0)                    0 (  +0.00)           0  
##>datapath_csa_factoring_one_gde  START             1639826685 (  +0.00)     3404.40 (   +0.00)          0 (       0)                    0 (  +0.00)              
##>                                  END             1639826685 (  +0.00)     3404.40 (   +0.00)          0 (       0)                    0 (  +0.00)           0  
##>dpopt_share_one_def             START             1639826685 (  +0.00)     3404.40 (   +0.00)          0 (       0)                    0 (  +0.00)              
##>                                  END             1639826685 (  +0.00)     3404.40 (   +0.00)          0 (       0)                    0 (  +0.00)           0  
##>datapath_rewrite_post_share     START             1639826685 (  +0.00)     3404.40 (   +0.00)          0 (       0)                    0 (  +0.00)              
##>                                  END             1639826685 (  +0.00)     3404.40 (   +0.00)          0 (       0)                    0 (  +0.00)           0  
##>dp_combine_const_mult_with_com  START             1639826685 (  +0.00)     3404.40 (   +0.00)          0 (       0)                    0 (  +0.00)              
##>                                  END             1639826685 (  +0.00)     3404.40 (   +0.00)          0 (       0)                    0 (  +0.00)           0  
##>dp_operator_level_decompositio  START             1639826685 (  +0.00)     3404.40 (   +0.00)          0 (       0)                    0 (  +0.00)              
##>                                  END             1639826685 (  +0.00)     3404.40 (   +0.00)          0 (       0)                    0 (  +0.00)           0  
##>selective_flatten_dp_config     START             1639826685 (  +0.00)     3404.40 (   +0.00)          0 (       0)                    0 (  +0.00)              
##>                                  END             1639826685 (  +0.00)     3404.40 (   +0.00)          0 (       0)                    0 (  +0.00)           0  
##>createMaxCarrySave              START             1639826685 (  +0.00)     3404.40 (   +0.00)          0 (       0)                    0 (  +0.00)              
##> datapath_rewrite_one_def       START             1639826685 (  +0.00)     3404.40 (   +0.00)          0 (       0)                    0 (  +0.00)              
##>  fast_cse_elim                 START             1639826685 (  +0.00)     3404.40 (   +0.00)          0 (       0)                    0 (  +0.00)              
##>                                  END             1639826685 (  +0.00)     3404.40 (   +0.00)          0 (       0)                    0 (  +0.00)           0  
##>  fast_cse_elim                 START             1639826685 (  +0.00)     3404.40 (   +0.00)          0 (       0)                    0 (  +0.00)              
##>                                  END             1639826685 (  +0.00)     3404.40 (   +0.00)          0 (       0)                    0 (  +0.00)           0  
##>                                  END             1639826685 (  +0.00)     3404.40 (   +0.00)          0 (       0)                    0 (  +0.00)           0  
##> csa_opto                       START             1639826685 (  +0.00)     3404.40 (   +0.00)          0 (       0)                    0 (  +0.00)              
##>                                  END             1639826685 (  +0.00)     3404.40 (   +0.00)          0 (       0)                    0 (  +0.00)           0  
##>                                  END             1639826685 (  +0.00)     3404.40 (   +0.00)          0 (       0)                    0 (  +0.00)           0  
##>context_based_simplify          START             1639826685 (  +0.00)     3404.40 (   +0.00)          0 (       0)                    0 (  +0.00)              
##>                                  END             1639826685 (  +0.00)     3404.40 (   +0.00)          0 (       0)                    0 (  +0.00)           0  
##>group_csa_final_adder_dp        START             1639826685 (  +0.00)     3404.40 (   +0.00)          0 (       0)                    0 (  +0.00)              
##>                                  END             1639826685 (  +0.00)     3404.40 (   +0.00)          0 (       0)                    0 (  +0.00)           0  
##>dpopt_flatten_critical_muxes_i  START             1639826685 (  +0.00)     3404.40 (   +0.00)          0 (       0)                    0 (  +0.00)              
##>                                  END             1639826685 (  +0.00)     3404.40 (   +0.00)          0 (       0)                    0 (  +0.00)           0  
##>create_score                    START             1639826685 (  +0.00)     3404.40 (   +0.00)          0 (       0)                    0 (  +0.00)              
##>                                  END             1639826685 (  +0.00)     3404.40 (   +0.00)          0 (       0)                    0 (  +0.00)           0  
##>+-----------------------------------------------------------------------------------------------------------------------------------------------------------------------------------------------------+
Committed config: CDN_DP_region_0_7_c7
Info    : Done implementing datapath configurations. [DPOPT-4]
        : Selected 'very_fast' configuration 7 for module 'CDN_DP_region_0_7_c7'.
          Optimizations applied to 'very_fast' configuration:
            rewriting(0), factoring(0), sharing(0), cmultcse(0), downsizing(0), speculation(0)
Info    : Implementing datapath configurations. [DPOPT-3]
        : Implementing datapath configurations for 'CDN_DP_region_0_8'
CSAGen Prep Share:0 Re-Write:0 Speculation: 0
    MaxCSA: weighted_instance_count is 128 
MaxCSA: Successfully built Maximal CSA Expression Expr21
      Timing increment_unsigned_838_1628...
        Done timing increment_unsigned_838_1628.
      Timing increment_unsigned_838_1633...
        Done timing increment_unsigned_838_1633.
      Timing increment_unsigned_838_1638...
        Done timing increment_unsigned_838_1638.
      Timing increment_unsigned_838_1643...
        Done timing increment_unsigned_838_1643.
      Timing increment_unsigned_838_1648...
        Done timing increment_unsigned_838_1648.
      Timing increment_unsigned_838_1653...
        Done timing increment_unsigned_838_1653.
      Timing increment_unsigned_838_1658...
        Done timing increment_unsigned_838_1658.
CDN_DP_region_0_8 level = 0 loads = 0 drivers = 0
CDN_DP_region_0_8_c0 in picorv32: area: 3557409030 ,dp = 1 mux = 0 sg = slow         worst_clk_period: -1.0000 
    wns: 0  norm_wns:  -1.0000 
    fail_endp: -1 
    tns:  0  tns_per_endp:  -1.0000   norm_tns_per_endp:  -1.0000 
    tns_sense_max:  -1.0000  tns_sense_avg:  -1.0000   tns_sense_num: -1
 skipped
CDN_DP_region_0_8_c1 in picorv32: area: 2665386045 ,dp = 1 mux = 0 sg = fast         worst_clk_period: -1.0000 
    wns: 0  norm_wns:  -1.0000 
    fail_endp: -1 
    tns:  0  tns_per_endp:  -1.0000   norm_tns_per_endp:  -1.0000 
    tns_sense_max:  -1.0000  tns_sense_avg:  -1.0000   tns_sense_num: -1
 is current best
CDN_DP_region_0_8_c2 in picorv32: area: 2665386045 ,dp = 1 mux = 0 sg = very_slow    worst_clk_period: -1.0000 
    wns: 0  norm_wns:  -1.0000 
    fail_endp: -1 
    tns:  0  tns_per_endp:  -1.0000   norm_tns_per_endp:  -1.0000 
    tns_sense_max:  -1.0000  tns_sense_avg:  -1.0000   tns_sense_num: -1
 is current best
CDN_DP_region_0_8_c3 in picorv32: area: 2665386045 ,dp = 1 mux = 0 sg = very_fast    worst_clk_period: -1.0000 
    wns: 0  norm_wns:  -1.0000 
    fail_endp: -1 
    tns:  0  tns_per_endp:  -1.0000   norm_tns_per_endp:  -1.0000 
    tns_sense_max:  -1.0000  tns_sense_avg:  -1.0000   tns_sense_num: -1
 is current best
CDN_DP_region_0_8_c4 in picorv32: area: 2665386045 ,dp = 1 mux = 0 sg = very_fast    worst_clk_period: -1.0000 
    wns: 0  norm_wns:  -1.0000 
    fail_endp: -1 
    tns:  0  tns_per_endp:  -1.0000   norm_tns_per_endp:  -1.0000 
    tns_sense_max:  -1.0000  tns_sense_avg:  -1.0000   tns_sense_num: -1
 is current best
CDN_DP_region_0_8_c5 in picorv32: area: 2665386045 ,dp = 1 mux = 0 sg = very_fast    worst_clk_period: -1.0000 
    wns: 0  norm_wns:  -1.0000 
    fail_endp: -1 
    tns:  0  tns_per_endp:  -1.0000   norm_tns_per_endp:  -1.0000 
    tns_sense_max:  -1.0000  tns_sense_avg:  -1.0000   tns_sense_num: -1
 is current best
CDN_DP_region_0_8_c6 in picorv32: area: 2665386045 ,dp = 1 mux = 0 sg = very_fast    worst_clk_period: -1.0000 
    wns: 0  norm_wns:  -1.0000 
    fail_endp: -1 
    tns:  0  tns_per_endp:  -1.0000   norm_tns_per_endp:  -1.0000 
    tns_sense_max:  -1.0000  tns_sense_avg:  -1.0000   tns_sense_num: -1
 is current best
CDN_DP_region_0_8_c7 in picorv32: area: 2665386045 ,dp = 1 mux = 0 sg = very_fast    worst_clk_period: -1.0000 
    wns: 0  norm_wns:  -1.0000 
    fail_endp: -1 
    tns:  0  tns_per_endp:  -1.0000   norm_tns_per_endp:  -1.0000 
    tns_sense_max:  -1.0000  tns_sense_avg:  -1.0000   tns_sense_num: -1
 is current best
Best config: CDN_DP_region_0_8_c7 in picorv32: area: 2665386045 ,dp = 1 mux = 0 sg = very_fast    worst_clk_period: -1.0000 
    wns: 0  norm_wns:  -1.0000 
    fail_endp: -1 
    tns:  0  tns_per_endp:  -1.0000   norm_tns_per_endp:  -1.0000 
    tns_sense_max:  -1.0000  tns_sense_avg:  -1.0000   tns_sense_num: -1
  Smallest config area : 2665386045.  Fastest config wns;  0
##>+----------------------------------------------------------------------------------------------------------------------------------------------------------------+
##>Summary table of configs (Best config is CDN_DP_region_0_8_c7)
##>+----------------------------------------------------------------------------------------------------------------------------------------------------------------+
##>                     0                  1                  2                  3                  4                  5                  6                  7            
##>+----------------------------------------------------------------------------------------------------------------------------------------------------------------+
##>           Area       3557409030         2665386045         2665386045         2665386045         2665386045         2665386045         2665386045         2665386045  
##>            WNS         +3503.10           +3579.90           +3579.90           +3579.90           +3579.90           +3579.90           +3579.90           +3579.90  
##>            TNS                0                  0                  0                  0                  0                  0                  0                  0  
##>    Num Rewrite                0                  0                  0                  0                  0                  0                  0                  0  
##>     Num Factor                0                  0                  0                  0                  0                  0                  0                  0  
##>      Num Share                0                  0                  0                  0                  0                  0                  0                  0  
##>   Num CmultCse                0                  0                  0                  0                  0                  0                  0                  0  
##>   Num Downsize                0                  0                  0                  0                  0                  0                  0                  0  
##>  Num Speculate                0                  0                  0                  0                  0                  0                  0                  0  
##>     Runtime(s)                0                  0                  0                  0                  0                  0                  0                  0  
+----------------------------------------------------------------------------------------------------------------------------------------------------------------+
##>
##>
##>+-----------------------------------------------------------------------------------------------------------------------------------------------------------------------------------------------------+
##>Optimization Step DEBUG Table for config CDN_DP_region_0_8_c7
##>
##>                          Step                        Area   (  % Chg)         WNS (Change)          TNS (Change)                Power   (  % Chg)        Runtime (s)        Comment                   
##>+-----------------------------------------------------------------------------------------------------------------------------------------------------------------------------------------------------+
##>EquationExtraction              START             3557409030 (       )     3503.10 (        )          0 (        )                    0 (       )              
##> rewrite                        START             6286892535 ( +76.73)     3490.00 (  -13.10)          0 (       0)                    0 (  +0.00)              (a,ar) Expr21_from --> Expr21_to
##>                                  END            12958369830 (+106.12)     3490.00 (   +0.00)          0 (       0)                    0 (  +0.00)           0  
##>                                  END             3557409030 (  +0.00)     3503.10 (   +0.00)          0 (       0)                    0 (  +0.00)           0  
##>createMaxCarrySave              START             3557409030 (  +0.00)     3503.10 (   +0.00)          0 (       0)                    0 (  +0.00)              
##> datapath_rewrite_one_def       START             3557409030 (  +0.00)     3503.10 (   +0.00)          0 (       0)                    0 (  +0.00)              
##>                                  END             3557409030 (  +0.00)     3503.10 (   +0.00)          0 (       0)                    0 (  +0.00)           0  
##> csa_opto                       START             3557409030 (  +0.00)     3503.10 (   +0.00)          0 (       0)                    0 (  +0.00)              
##>                                  END             3317043555 (  -6.76)     3543.70 (  +40.60)          0 (       0)                    0 (  +0.00)           0  
##>                                  END             3317043555 (  -6.76)     3543.70 (  +40.60)          0 (       0)                    0 (  +0.00)           0  
##>canonicalize_by_names           START             3317043555 (  +0.00)     3543.70 (   +0.00)          0 (       0)                    0 (  +0.00)              
##>                                  END             3317043555 (  +0.00)     3543.70 (   +0.00)          0 (       0)                    0 (  +0.00)           0  
##>datapath_rewrite_post_csa_one_  START             3317043555 (  +0.00)     3543.70 (   +0.00)          0 (       0)                    0 (  +0.00)              
##>                                  END             3317043555 (  +0.00)     3543.70 (   +0.00)          0 (       0)                    0 (  +0.00)           0  
##>datapath_csa_factoring_one_gde  START             3317043555 (  +0.00)     3543.70 (   +0.00)          0 (       0)                    0 (  +0.00)              
##>                                  END             3317043555 (  +0.00)     3543.70 (   +0.00)          0 (       0)                    0 (  +0.00)           0  
##>dpopt_share_one_def             START             3317043555 (  +0.00)     3543.70 (   +0.00)          0 (       0)                    0 (  +0.00)              
##>                                  END             3317043555 (  +0.00)     3543.70 (   +0.00)          0 (       0)                    0 (  +0.00)           0  
##>datapath_rewrite_post_share     START             3317043555 (  +0.00)     3543.70 (   +0.00)          0 (       0)                    0 (  +0.00)              
##>                                  END             3317043555 (  +0.00)     3543.70 (   +0.00)          0 (       0)                    0 (  +0.00)           0  
##>dp_combine_const_mult_with_com  START             3317043555 (  +0.00)     3543.70 (   +0.00)          0 (       0)                    0 (  +0.00)              
##>                                  END             3317043555 (  +0.00)     3543.70 (   +0.00)          0 (       0)                    0 (  +0.00)           0  
##>dp_operator_level_decompositio  START             3317043555 (  +0.00)     3543.70 (   +0.00)          0 (       0)                    0 (  +0.00)              
##>                                  END             3317043555 (  +0.00)     3543.70 (   +0.00)          0 (       0)                    0 (  +0.00)           0  
##>selective_flatten_dp_config     START             3317043555 (  +0.00)     3543.70 (   +0.00)          0 (       0)                    0 (  +0.00)              
##>                                  END             3317043555 (  +0.00)     3543.70 (   +0.00)          0 (       0)                    0 (  +0.00)           0  
##>createMaxCarrySave              START             3317043555 (  +0.00)     3543.70 (   +0.00)          0 (       0)                    0 (  +0.00)              
##> datapath_rewrite_one_def       START             3317043555 (  +0.00)     3543.70 (   +0.00)          0 (       0)                    0 (  +0.00)              
##>  fast_cse_elim                 START             3317043555 (  +0.00)     3543.70 (   +0.00)          0 (       0)                    0 (  +0.00)              
##>                                  END             3317043555 (  +0.00)     3543.70 (   +0.00)          0 (       0)                    0 (  +0.00)           0  
##>  fast_cse_elim                 START             3317043555 (  +0.00)     3543.70 (   +0.00)          0 (       0)                    0 (  +0.00)              
##>                                  END             3317043555 (  +0.00)     3543.70 (   +0.00)          0 (       0)                    0 (  +0.00)           0  
##>                                  END             3317043555 (  +0.00)     3543.70 (   +0.00)          0 (       0)                    0 (  +0.00)           0  
##> csa_opto                       START             3317043555 (  +0.00)     3543.70 (   +0.00)          0 (       0)                    0 (  +0.00)              
##>                                  END             3317043555 (  +0.00)     3543.70 (   +0.00)          0 (       0)                    0 (  +0.00)           0  
##>                                  END             3317043555 (  +0.00)     3543.70 (   +0.00)          0 (       0)                    0 (  +0.00)           0  
##>context_based_simplify          START             3295677735 (  -0.64)     3554.30 (  +10.60)          0 (       0)                    0 (  +0.00)              
##>                                  END             2665386045 ( -19.12)     3579.90 (  +25.60)          0 (       0)                    0 (  +0.00)           0  
##>group_csa_final_adder_dp        START             2665386045 (  +0.00)     3579.90 (   +0.00)          0 (       0)                    0 (  +0.00)              
##>                                  END             2665386045 (  +0.00)     3579.90 (   +0.00)          0 (       0)                    0 (  +0.00)           0  
##>dpopt_flatten_critical_muxes_i  START             2665386045 (  +0.00)     3579.90 (   +0.00)          0 (       0)                    0 (  +0.00)              
##>                                  END             2665386045 (  +0.00)     3579.90 (   +0.00)          0 (       0)                    0 (  +0.00)           0  
##>create_score                    START             2665386045 (  +0.00)     3579.90 (   +0.00)          0 (       0)                    0 (  +0.00)              
##>                                  END             2665386045 (  +0.00)     3579.90 (   +0.00)          0 (       0)                    0 (  +0.00)           0  
##>+-----------------------------------------------------------------------------------------------------------------------------------------------------------------------------------------------------+
Committed config: CDN_DP_region_0_8_c7
Info    : Done implementing datapath configurations. [DPOPT-4]
        : Selected 'very_fast' configuration 7 for module 'CDN_DP_region_0_8_c7'.
          Optimizations applied to 'very_fast' configuration:
            rewriting(0), factoring(0), sharing(0), cmultcse(0), downsizing(0), speculation(0)
Info    : Implementing datapath configurations. [DPOPT-3]
        : Implementing datapath configurations for 'CDN_DP_region_0_0'
CSAGen Prep Share:0 Re-Write:0 Speculation: 0
CDN_DP_region_0_0 level = 0 loads = 0 drivers = 0
CDN_DP_region_0_0_c0 in picorv32: area: 2147264910 ,dp = 1 mux = 1 sg = slow         worst_clk_period: -1.0000 
    wns: 0  norm_wns:  -1.0000 
    fail_endp: -1 
    tns:  0  tns_per_endp:  -1.0000   norm_tns_per_endp:  -1.0000 
    tns_sense_max:  -1.0000  tns_sense_avg:  -1.0000   tns_sense_num: -1
 skipped
CDN_DP_region_0_0_c1 in picorv32: area: 2093850360 ,dp = 0 mux = 1 sg = fast         worst_clk_period: -1.0000 
    wns: 0  norm_wns:  -1.0000 
    fail_endp: -1 
    tns:  0  tns_per_endp:  -1.0000   norm_tns_per_endp:  -1.0000 
    tns_sense_max:  -1.0000  tns_sense_avg:  -1.0000   tns_sense_num: -1
 is current best
CDN_DP_region_0_0_c2 in picorv32: area: 2093850360 ,dp = 0 mux = 1 sg = very_slow    worst_clk_period: -1.0000 
    wns: 0  norm_wns:  -1.0000 
    fail_endp: -1 
    tns:  0  tns_per_endp:  -1.0000   norm_tns_per_endp:  -1.0000 
    tns_sense_max:  -1.0000  tns_sense_avg:  -1.0000   tns_sense_num: -1
 is current best
CDN_DP_region_0_0_c3 in picorv32: area: 2093850360 ,dp = 0 mux = 1 sg = very_fast    worst_clk_period: -1.0000 
    wns: 0  norm_wns:  -1.0000 
    fail_endp: -1 
    tns:  0  tns_per_endp:  -1.0000   norm_tns_per_endp:  -1.0000 
    tns_sense_max:  -1.0000  tns_sense_avg:  -1.0000   tns_sense_num: -1
 is current best
CDN_DP_region_0_0_c4 in picorv32: area: 2093850360 ,dp = 0 mux = 1 sg = very_fast    worst_clk_period: -1.0000 
    wns: 0  norm_wns:  -1.0000 
    fail_endp: -1 
    tns:  0  tns_per_endp:  -1.0000   norm_tns_per_endp:  -1.0000 
    tns_sense_max:  -1.0000  tns_sense_avg:  -1.0000   tns_sense_num: -1
 is current best
CDN_DP_region_0_0_c5 in picorv32: area: 2093850360 ,dp = 0 mux = 1 sg = very_fast    worst_clk_period: -1.0000 
    wns: 0  norm_wns:  -1.0000 
    fail_endp: -1 
    tns:  0  tns_per_endp:  -1.0000   norm_tns_per_endp:  -1.0000 
    tns_sense_max:  -1.0000  tns_sense_avg:  -1.0000   tns_sense_num: -1
 is current best
CDN_DP_region_0_0_c6 in picorv32: area: 2093850360 ,dp = 0 mux = 1 sg = very_fast    worst_clk_period: -1.0000 
    wns: 0  norm_wns:  -1.0000 
    fail_endp: -1 
    tns:  0  tns_per_endp:  -1.0000   norm_tns_per_endp:  -1.0000 
    tns_sense_max:  -1.0000  tns_sense_avg:  -1.0000   tns_sense_num: -1
 is current best
CDN_DP_region_0_0_c7 in picorv32: area: 2093850360 ,dp = 0 mux = 1 sg = very_fast    worst_clk_period: -1.0000 
    wns: 0  norm_wns:  -1.0000 
    fail_endp: -1 
    tns:  0  tns_per_endp:  -1.0000   norm_tns_per_endp:  -1.0000 
    tns_sense_max:  -1.0000  tns_sense_avg:  -1.0000   tns_sense_num: -1
 is current best
Best config: CDN_DP_region_0_0_c7 in picorv32: area: 2093850360 ,dp = 0 mux = 1 sg = very_fast    worst_clk_period: -1.0000 
    wns: 0  norm_wns:  -1.0000 
    fail_endp: -1 
    tns:  0  tns_per_endp:  -1.0000   norm_tns_per_endp:  -1.0000 
    tns_sense_max:  -1.0000  tns_sense_avg:  -1.0000   tns_sense_num: -1
  Smallest config area : 2093850360.  Fastest config wns;  0
##>+----------------------------------------------------------------------------------------------------------------------------------------------------------------+
##>Summary table of configs (Best config is CDN_DP_region_0_0_c7)
##>+----------------------------------------------------------------------------------------------------------------------------------------------------------------+
##>                     0                  1                  2                  3                  4                  5                  6                  7            
##>+----------------------------------------------------------------------------------------------------------------------------------------------------------------+
##>           Area       2147264910         2093850360         2093850360         2093850360         2093850360         2093850360         2093850360         2093850360  
##>            WNS         +3287.60           +3285.80           +3285.80           +3285.80           +3285.80           +3285.80           +3285.80           +3285.80  
##>            TNS                0                  0                  0                  0                  0                  0                  0                  0  
##>    Num Rewrite                0                  0                  0                  0                  0                  0                  0                  0  
##>     Num Factor                0                  0                  0                  0                  0                  0                  0                  0  
##>      Num Share                0                  0                  0                  0                  0                  0                  0                  0  
##>   Num CmultCse                0                  0                  0                  0                  0                  0                  0                  0  
##>   Num Downsize                0                  0                  0                  0                  0                  0                  0                  0  
##>  Num Speculate                0                  0                  0                  0                  0                  0                  0                  0  
##>     Runtime(s)                0                  0                  0                  0                  0                  0                  0                  0  
+----------------------------------------------------------------------------------------------------------------------------------------------------------------+
##>
##>
##>+-----------------------------------------------------------------------------------------------------------------------------------------------------------------------------------------------------+
##>Optimization Step DEBUG Table for config CDN_DP_region_0_0_c7
##>
##>                          Step                        Area   (  % Chg)         WNS (Change)          TNS (Change)                Power   (  % Chg)        Runtime (s)        Comment                   
##>+-----------------------------------------------------------------------------------------------------------------------------------------------------------------------------------------------------+
##>EquationExtraction              START             2147264910 (       )     3287.60 (        )          0 (        )                    0 (       )              
##>                                  END             2147264910 (  +0.00)     3287.60 (   +0.00)          0 (       0)                    0 (  +0.00)           0  
##>createMaxCarrySave              START             2147264910 (  +0.00)     3287.60 (   +0.00)          0 (       0)                    0 (  +0.00)              
##> datapath_rewrite_one_def       START             2147264910 (  +0.00)     3287.60 (   +0.00)          0 (       0)                    0 (  +0.00)              
##>                                  END             2147264910 (  +0.00)     3287.60 (   +0.00)          0 (       0)                    0 (  +0.00)           0  
##> csa_opto                       START             2147264910 (  +0.00)     3287.60 (   +0.00)          0 (       0)                    0 (  +0.00)              
##>                                  END             2147264910 (  +0.00)     3287.60 (   +0.00)          0 (       0)                    0 (  +0.00)           0  
##>                                  END             2147264910 (  +0.00)     3287.60 (   +0.00)          0 (       0)                    0 (  +0.00)           0  
##>canonicalize_by_names           START             2147264910 (  +0.00)     3287.60 (   +0.00)          0 (       0)                    0 (  +0.00)              
##>                                  END             2147264910 (  +0.00)     3287.60 (   +0.00)          0 (       0)                    0 (  +0.00)           0  
##>datapath_rewrite_post_csa_one_  START             2147264910 (  +0.00)     3287.60 (   +0.00)          0 (       0)                    0 (  +0.00)              
##>                                  END             2147264910 (  +0.00)     3287.60 (   +0.00)          0 (       0)                    0 (  +0.00)           0  
##>datapath_csa_factoring_one_gde  START             2147264910 (  +0.00)     3287.60 (   +0.00)          0 (       0)                    0 (  +0.00)              
##>                                  END             2147264910 (  +0.00)     3287.60 (   +0.00)          0 (       0)                    0 (  +0.00)           0  
##>dpopt_share_one_def             START             2147264910 (  +0.00)     3287.60 (   +0.00)          0 (       0)                    0 (  +0.00)              
##>                                  END             2147264910 (  +0.00)     3287.60 (   +0.00)          0 (       0)                    0 (  +0.00)           0  
##>datapath_rewrite_post_share     START             2147264910 (  +0.00)     3287.60 (   +0.00)          0 (       0)                    0 (  +0.00)              
##>                                  END             2147264910 (  +0.00)     3287.60 (   +0.00)          0 (       0)                    0 (  +0.00)           0  
##>dp_combine_const_mult_with_com  START             2147264910 (  +0.00)     3287.60 (   +0.00)          0 (       0)                    0 (  +0.00)              
##>                                  END             2147264910 (  +0.00)     3287.60 (   +0.00)          0 (       0)                    0 (  +0.00)           0  
##>dp_operator_level_decompositio  START             2147264910 (  +0.00)     3287.60 (   +0.00)          0 (       0)                    0 (  +0.00)              
##>                                  END             2147264910 (  +0.00)     3287.60 (   +0.00)          0 (       0)                    0 (  +0.00)           0  
##>selective_flatten_dp_config     START             2147264910 (  +0.00)     3287.60 (   +0.00)          0 (       0)                    0 (  +0.00)              
##>                                  END             2147264910 (  +0.00)     3287.60 (   +0.00)          0 (       0)                    0 (  +0.00)           0  
##>createMaxCarrySave              START             2147264910 (  +0.00)     3287.60 (   +0.00)          0 (       0)                    0 (  +0.00)              
##> datapath_rewrite_one_def       START             2147264910 (  +0.00)     3287.60 (   +0.00)          0 (       0)                    0 (  +0.00)              
##>  fast_cse_elim                 START             2147264910 (  +0.00)     3287.60 (   +0.00)          0 (       0)                    0 (  +0.00)              
##>                                  END             2147264910 (  +0.00)     3287.60 (   +0.00)          0 (       0)                    0 (  +0.00)           0  
##>  fast_cse_elim                 START             2147264910 (  +0.00)     3287.60 (   +0.00)          0 (       0)                    0 (  +0.00)              
##>                                  END             2147264910 (  +0.00)     3287.60 (   +0.00)          0 (       0)                    0 (  +0.00)           0  
##>                                  END             2147264910 (  +0.00)     3287.60 (   +0.00)          0 (       0)                    0 (  +0.00)           0  
##> csa_opto                       START             2147264910 (  +0.00)     3287.60 (   +0.00)          0 (       0)                    0 (  +0.00)              
##>                                  END             2147264910 (  +0.00)     3287.60 (   +0.00)          0 (       0)                    0 (  +0.00)           0  
##>                                  END             2147264910 (  +0.00)     3287.60 (   +0.00)          0 (       0)                    0 (  +0.00)           0  
##>context_based_simplify          START             2093850360 (  -2.49)     3285.80 (   -1.80)          0 (       0)                    0 (  +0.00)              
##>                                  END             2093850360 (  +0.00)     3285.80 (   +0.00)          0 (       0)                    0 (  +0.00)           0  
##>group_csa_final_adder_dp        START             2093850360 (  +0.00)     3285.80 (   +0.00)          0 (       0)                    0 (  +0.00)              
##>                                  END             2093850360 (  +0.00)     3285.80 (   +0.00)          0 (       0)                    0 (  +0.00)           0  
##>dpopt_flatten_critical_muxes_i  START             2093850360 (  +0.00)     3285.80 (   +0.00)          0 (       0)                    0 (  +0.00)              
##>                                  END             2093850360 (  +0.00)     3285.80 (   +0.00)          0 (       0)                    0 (  +0.00)           0  
##>create_score                    START             2093850360 (  +0.00)     3285.80 (   +0.00)          0 (       0)                    0 (  +0.00)              
##>                                  END             2093850360 (  +0.00)     3285.80 (   +0.00)          0 (       0)                    0 (  +0.00)           0  
##>+-----------------------------------------------------------------------------------------------------------------------------------------------------------------------------------------------------+
Committed config: CDN_DP_region_0_0_c7
Info    : Done implementing datapath configurations. [DPOPT-4]
        : Selected 'very_fast' configuration 7 for module 'CDN_DP_region_0_0_c7'.
          Optimizations applied to 'very_fast' configuration:
            rewriting(0), factoring(0), sharing(0), cmultcse(0), downsizing(0), speculation(0)
Info    : Implementing datapath configurations. [DPOPT-3]
        : Implementing datapath configurations for 'CDN_DP_region_0_6'
CSAGen Prep Share:0 Re-Write:0 Speculation: 0
CDN_DP_region_0_6 level = 0 loads = 1 drivers = 0
CDN_DP_region_0_6_c0 in picorv32: area: 699730605 ,dp = 0 mux = 1 sg = slow         worst_clk_period: -1.0000 
    wns: 0  norm_wns:  -1.0000 
    fail_endp: -1 
    tns:  0  tns_per_endp:  -1.0000   norm_tns_per_endp:  -1.0000 
    tns_sense_max:  -1.0000  tns_sense_avg:  -1.0000   tns_sense_num: -1
 skipped
CDN_DP_region_0_6_c1 in picorv32: area: 699730605 ,dp = 0 mux = 1 sg = fast         worst_clk_period: -1.0000 
    wns: 0  norm_wns:  -1.0000 
    fail_endp: -1 
    tns:  0  tns_per_endp:  -1.0000   norm_tns_per_endp:  -1.0000 
    tns_sense_max:  -1.0000  tns_sense_avg:  -1.0000   tns_sense_num: -1
 is current best
CDN_DP_region_0_6_c2 in picorv32: area: 699730605 ,dp = 0 mux = 1 sg = very_slow    worst_clk_period: -1.0000 
    wns: 0  norm_wns:  -1.0000 
    fail_endp: -1 
    tns:  0  tns_per_endp:  -1.0000   norm_tns_per_endp:  -1.0000 
    tns_sense_max:  -1.0000  tns_sense_avg:  -1.0000   tns_sense_num: -1
 is current best
CDN_DP_region_0_6_c3 in picorv32: area: 699730605 ,dp = 0 mux = 1 sg = very_fast    worst_clk_period: -1.0000 
    wns: 0  norm_wns:  -1.0000 
    fail_endp: -1 
    tns:  0  tns_per_endp:  -1.0000   norm_tns_per_endp:  -1.0000 
    tns_sense_max:  -1.0000  tns_sense_avg:  -1.0000   tns_sense_num: -1
 is current best
CDN_DP_region_0_6_c4 in picorv32: area: 699730605 ,dp = 0 mux = 1 sg = very_fast    worst_clk_period: -1.0000 
    wns: 0  norm_wns:  -1.0000 
    fail_endp: -1 
    tns:  0  tns_per_endp:  -1.0000   norm_tns_per_endp:  -1.0000 
    tns_sense_max:  -1.0000  tns_sense_avg:  -1.0000   tns_sense_num: -1
 is current best
CDN_DP_region_0_6_c5 in picorv32: area: 699730605 ,dp = 0 mux = 1 sg = very_fast    worst_clk_period: -1.0000 
    wns: 0  norm_wns:  -1.0000 
    fail_endp: -1 
    tns:  0  tns_per_endp:  -1.0000   norm_tns_per_endp:  -1.0000 
    tns_sense_max:  -1.0000  tns_sense_avg:  -1.0000   tns_sense_num: -1
 is current best
CDN_DP_region_0_6_c6 in picorv32: area: 699730605 ,dp = 0 mux = 1 sg = very_fast    worst_clk_period: -1.0000 
    wns: 0  norm_wns:  -1.0000 
    fail_endp: -1 
    tns:  0  tns_per_endp:  -1.0000   norm_tns_per_endp:  -1.0000 
    tns_sense_max:  -1.0000  tns_sense_avg:  -1.0000   tns_sense_num: -1
 is current best
CDN_DP_region_0_6_c7 in picorv32: area: 699730605 ,dp = 0 mux = 1 sg = very_fast    worst_clk_period: -1.0000 
    wns: 0  norm_wns:  -1.0000 
    fail_endp: -1 
    tns:  0  tns_per_endp:  -1.0000   norm_tns_per_endp:  -1.0000 
    tns_sense_max:  -1.0000  tns_sense_avg:  -1.0000   tns_sense_num: -1
 is current best
Best config: CDN_DP_region_0_6_c7 in picorv32: area: 699730605 ,dp = 0 mux = 1 sg = very_fast    worst_clk_period: -1.0000 
    wns: 0  norm_wns:  -1.0000 
    fail_endp: -1 
    tns:  0  tns_per_endp:  -1.0000   norm_tns_per_endp:  -1.0000 
    tns_sense_max:  -1.0000  tns_sense_avg:  -1.0000   tns_sense_num: -1
  Smallest config area : 699730605.  Fastest config wns;  0
##>+----------------------------------------------------------------------------------------------------------------------------------------------------------------+
##>Summary table of configs (Best config is CDN_DP_region_0_6_c7)
##>+----------------------------------------------------------------------------------------------------------------------------------------------------------------+
##>                     0                  1                  2                  3                  4                  5                  6                  7            
##>+----------------------------------------------------------------------------------------------------------------------------------------------------------------+
##>           Area        699730605          699730605          699730605          699730605          699730605          699730605          699730605          699730605  
##>            WNS         +3384.70           +3384.70           +3384.70           +3384.70           +3384.70           +3384.70           +3384.70           +3384.70  
##>            TNS                0                  0                  0                  0                  0                  0                  0                  0  
##>    Num Rewrite                0                  0                  0                  0                  0                  0                  0                  0  
##>     Num Factor                0                  0                  0                  0                  0                  0                  0                  0  
##>      Num Share                0                  0                  0                  0                  0                  0                  0                  0  
##>   Num CmultCse                0                  0                  0                  0                  0                  0                  0                  0  
##>   Num Downsize                0                  0                  0                  0                  0                  0                  0                  0  
##>  Num Speculate                0                  0                  0                  0                  0                  0                  0                  0  
##>     Runtime(s)                0                  0                  0                  0                  0                  0                  0                  0  
+----------------------------------------------------------------------------------------------------------------------------------------------------------------+
##>
##>
##>+-----------------------------------------------------------------------------------------------------------------------------------------------------------------------------------------------------+
##>Optimization Step DEBUG Table for config CDN_DP_region_0_6_c7
##>
##>                          Step                        Area   (  % Chg)         WNS (Change)          TNS (Change)                Power   (  % Chg)        Runtime (s)        Comment                   
##>+-----------------------------------------------------------------------------------------------------------------------------------------------------------------------------------------------------+
##>EquationExtraction              START              699730605 (       )     3384.70 (        )          0 (        )                    0 (       )              
##>                                  END              699730605 (  +0.00)     3384.70 (   +0.00)          0 (       0)                    0 (  +0.00)           0  
##>createMaxCarrySave              START              699730605 (  +0.00)     3384.70 (   +0.00)          0 (       0)                    0 (  +0.00)              
##> datapath_rewrite_one_def       START              699730605 (  +0.00)     3384.70 (   +0.00)          0 (       0)                    0 (  +0.00)              
##>                                  END              699730605 (  +0.00)     3384.70 (   +0.00)          0 (       0)                    0 (  +0.00)           0  
##> csa_opto                       START              699730605 (  +0.00)     3384.70 (   +0.00)          0 (       0)                    0 (  +0.00)              
##>                                  END              699730605 (  +0.00)     3384.70 (   +0.00)          0 (       0)                    0 (  +0.00)           0  
##>                                  END              699730605 (  +0.00)     3384.70 (   +0.00)          0 (       0)                    0 (  +0.00)           0  
##>canonicalize_by_names           START              699730605 (  +0.00)     3384.70 (   +0.00)          0 (       0)                    0 (  +0.00)              
##>                                  END              699730605 (  +0.00)     3384.70 (   +0.00)          0 (       0)                    0 (  +0.00)           0  
##>datapath_rewrite_post_csa_one_  START              699730605 (  +0.00)     3384.70 (   +0.00)          0 (       0)                    0 (  +0.00)              
##>                                  END              699730605 (  +0.00)     3384.70 (   +0.00)          0 (       0)                    0 (  +0.00)           0  
##>datapath_csa_factoring_one_gde  START              699730605 (  +0.00)     3384.70 (   +0.00)          0 (       0)                    0 (  +0.00)              
##>                                  END              699730605 (  +0.00)     3384.70 (   +0.00)          0 (       0)                    0 (  +0.00)           0  
##>dpopt_share_one_def             START              699730605 (  +0.00)     3384.70 (   +0.00)          0 (       0)                    0 (  +0.00)              
##>                                  END              699730605 (  +0.00)     3384.70 (   +0.00)          0 (       0)                    0 (  +0.00)           0  
##>datapath_rewrite_post_share     START              699730605 (  +0.00)     3384.70 (   +0.00)          0 (       0)                    0 (  +0.00)              
##>                                  END              699730605 (  +0.00)     3384.70 (   +0.00)          0 (       0)                    0 (  +0.00)           0  
##>dp_combine_const_mult_with_com  START              699730605 (  +0.00)     3384.70 (   +0.00)          0 (       0)                    0 (  +0.00)              
##>                                  END              699730605 (  +0.00)     3384.70 (   +0.00)          0 (       0)                    0 (  +0.00)           0  
##>dp_operator_level_decompositio  START              699730605 (  +0.00)     3384.70 (   +0.00)          0 (       0)                    0 (  +0.00)              
##>                                  END              699730605 (  +0.00)     3384.70 (   +0.00)          0 (       0)                    0 (  +0.00)           0  
##>selective_flatten_dp_config     START              699730605 (  +0.00)     3384.70 (   +0.00)          0 (       0)                    0 (  +0.00)              
##>                                  END              699730605 (  +0.00)     3384.70 (   +0.00)          0 (       0)                    0 (  +0.00)           0  
##>createMaxCarrySave              START              699730605 (  +0.00)     3384.70 (   +0.00)          0 (       0)                    0 (  +0.00)              
##> datapath_rewrite_one_def       START              699730605 (  +0.00)     3384.70 (   +0.00)          0 (       0)                    0 (  +0.00)              
##>  fast_cse_elim                 START              699730605 (  +0.00)     3384.70 (   +0.00)          0 (       0)                    0 (  +0.00)              
##>                                  END              699730605 (  +0.00)     3384.70 (   +0.00)          0 (       0)                    0 (  +0.00)           0  
##>  fast_cse_elim                 START              699730605 (  +0.00)     3384.70 (   +0.00)          0 (       0)                    0 (  +0.00)              
##>                                  END              699730605 (  +0.00)     3384.70 (   +0.00)          0 (       0)                    0 (  +0.00)           0  
##>                                  END              699730605 (  +0.00)     3384.70 (   +0.00)          0 (       0)                    0 (  +0.00)           0  
##> csa_opto                       START              699730605 (  +0.00)     3384.70 (   +0.00)          0 (       0)                    0 (  +0.00)              
##>                                  END              699730605 (  +0.00)     3384.70 (   +0.00)          0 (       0)                    0 (  +0.00)           0  
##>                                  END              699730605 (  +0.00)     3384.70 (   +0.00)          0 (       0)                    0 (  +0.00)           0  
##>context_based_simplify          START              699730605 (  +0.00)     3384.70 (   +0.00)          0 (       0)                    0 (  +0.00)              
##>                                  END              699730605 (  +0.00)     3384.70 (   +0.00)          0 (       0)                    0 (  +0.00)           0  
##>group_csa_final_adder_dp        START              699730605 (  +0.00)     3384.70 (   +0.00)          0 (       0)                    0 (  +0.00)              
##>                                  END              699730605 (  +0.00)     3384.70 (   +0.00)          0 (       0)                    0 (  +0.00)           0  
##>dpopt_flatten_critical_muxes_i  START              699730605 (  +0.00)     3384.70 (   +0.00)          0 (       0)                    0 (  +0.00)              
##>                                  END              699730605 (  +0.00)     3384.70 (   +0.00)          0 (       0)                    0 (  +0.00)           0  
##>create_score                    START              699730605 (  +0.00)     3384.70 (   +0.00)          0 (       0)                    0 (  +0.00)              
##>                                  END              699730605 (  +0.00)     3384.70 (   +0.00)          0 (       0)                    0 (  +0.00)           0  
##>+-----------------------------------------------------------------------------------------------------------------------------------------------------------------------------------------------------+
Committed config: CDN_DP_region_0_6_c7
Info    : Done implementing datapath configurations. [DPOPT-4]
        : Selected 'very_fast' configuration 7 for module 'CDN_DP_region_0_6_c7'.
          Optimizations applied to 'very_fast' configuration:
            rewriting(0), factoring(0), sharing(0), cmultcse(0), downsizing(0), speculation(0)
Info    : Implementing datapath configurations. [DPOPT-3]
        : Implementing datapath configurations for 'CDN_DP_region_0_2'
CSAGen Prep Share:0 Re-Write:0 Speculation: 0
CDN_DP_region_0_2 level = 0 loads = 0 drivers = 0
CDN_DP_region_0_2_c0 in picorv32: area: 1078973910 ,dp = 1 mux = 1 sg = slow         worst_clk_period: -1.0000 
    wns: 0  norm_wns:  -1.0000 
    fail_endp: -1 
    tns:  0  tns_per_endp:  -1.0000   norm_tns_per_endp:  -1.0000 
    tns_sense_max:  -1.0000  tns_sense_avg:  -1.0000   tns_sense_num: -1
 skipped
CDN_DP_region_0_2_c1 in picorv32: area: 1078973910 ,dp = 1 mux = 1 sg = fast         worst_clk_period: -1.0000 
    wns: 0  norm_wns:  -1.0000 
    fail_endp: -1 
    tns:  0  tns_per_endp:  -1.0000   norm_tns_per_endp:  -1.0000 
    tns_sense_max:  -1.0000  tns_sense_avg:  -1.0000   tns_sense_num: -1
 is current best
CDN_DP_region_0_2_c2 in picorv32: area: 1078973910 ,dp = 1 mux = 1 sg = very_slow    worst_clk_period: -1.0000 
    wns: 0  norm_wns:  -1.0000 
    fail_endp: -1 
    tns:  0  tns_per_endp:  -1.0000   norm_tns_per_endp:  -1.0000 
    tns_sense_max:  -1.0000  tns_sense_avg:  -1.0000   tns_sense_num: -1
 is current best
CDN_DP_region_0_2_c3 in picorv32: area: 1078973910 ,dp = 1 mux = 1 sg = very_fast    worst_clk_period: -1.0000 
    wns: 0  norm_wns:  -1.0000 
    fail_endp: -1 
    tns:  0  tns_per_endp:  -1.0000   norm_tns_per_endp:  -1.0000 
    tns_sense_max:  -1.0000  tns_sense_avg:  -1.0000   tns_sense_num: -1
 is current best
CDN_DP_region_0_2_c4 in picorv32: area: 1078973910 ,dp = 1 mux = 1 sg = very_fast    worst_clk_period: -1.0000 
    wns: 0  norm_wns:  -1.0000 
    fail_endp: -1 
    tns:  0  tns_per_endp:  -1.0000   norm_tns_per_endp:  -1.0000 
    tns_sense_max:  -1.0000  tns_sense_avg:  -1.0000   tns_sense_num: -1
 is current best
CDN_DP_region_0_2_c5 in picorv32: area: 1078973910 ,dp = 1 mux = 1 sg = very_fast    worst_clk_period: -1.0000 
    wns: 0  norm_wns:  -1.0000 
    fail_endp: -1 
    tns:  0  tns_per_endp:  -1.0000   norm_tns_per_endp:  -1.0000 
    tns_sense_max:  -1.0000  tns_sense_avg:  -1.0000   tns_sense_num: -1
 is current best
CDN_DP_region_0_2_c6 in picorv32: area: 1078973910 ,dp = 1 mux = 1 sg = very_fast    worst_clk_period: -1.0000 
    wns: 0  norm_wns:  -1.0000 
    fail_endp: -1 
    tns:  0  tns_per_endp:  -1.0000   norm_tns_per_endp:  -1.0000 
    tns_sense_max:  -1.0000  tns_sense_avg:  -1.0000   tns_sense_num: -1
 is current best
CDN_DP_region_0_2_c7 in picorv32: area: 1078973910 ,dp = 1 mux = 1 sg = very_fast    worst_clk_period: -1.0000 
    wns: 0  norm_wns:  -1.0000 
    fail_endp: -1 
    tns:  0  tns_per_endp:  -1.0000   norm_tns_per_endp:  -1.0000 
    tns_sense_max:  -1.0000  tns_sense_avg:  -1.0000   tns_sense_num: -1
 is current best
Best config: CDN_DP_region_0_2_c7 in picorv32: area: 1078973910 ,dp = 1 mux = 1 sg = very_fast    worst_clk_period: -1.0000 
    wns: 0  norm_wns:  -1.0000 
    fail_endp: -1 
    tns:  0  tns_per_endp:  -1.0000   norm_tns_per_endp:  -1.0000 
    tns_sense_max:  -1.0000  tns_sense_avg:  -1.0000   tns_sense_num: -1
  Smallest config area : 1078973910.  Fastest config wns;  0
##>+----------------------------------------------------------------------------------------------------------------------------------------------------------------+
##>Summary table of configs (Best config is CDN_DP_region_0_2_c7)
##>+----------------------------------------------------------------------------------------------------------------------------------------------------------------+
##>                     0                  1                  2                  3                  4                  5                  6                  7            
##>+----------------------------------------------------------------------------------------------------------------------------------------------------------------+
##>           Area       1078973910         1078973910         1078973910         1078973910         1078973910         1078973910         1078973910         1078973910  
##>            WNS         +3383.10           +3383.10           +3383.10           +3383.10           +3383.10           +3383.10           +3383.10           +3383.10  
##>            TNS                0                  0                  0                  0                  0                  0                  0                  0  
##>    Num Rewrite                0                  0                  0                  0                  0                  0                  0                  0  
##>     Num Factor                0                  0                  0                  0                  0                  0                  0                  0  
##>      Num Share                0                  0                  0                  0                  0                  0                  0                  0  
##>   Num CmultCse                0                  0                  0                  0                  0                  0                  0                  0  
##>   Num Downsize                0                  0                  0                  0                  0                  0                  0                  0  
##>  Num Speculate                0                  0                  0                  0                  0                  0                  0                  0  
##>     Runtime(s)                0                  0                  0                  0                  0                  0                  0                  0  
+----------------------------------------------------------------------------------------------------------------------------------------------------------------+
##>
##>
##>+-----------------------------------------------------------------------------------------------------------------------------------------------------------------------------------------------------+
##>Optimization Step DEBUG Table for config CDN_DP_region_0_2_c7
##>
##>                          Step                        Area   (  % Chg)         WNS (Change)          TNS (Change)                Power   (  % Chg)        Runtime (s)        Comment                   
##>+-----------------------------------------------------------------------------------------------------------------------------------------------------------------------------------------------------+
##>EquationExtraction              START             1078973910 (       )     3383.10 (        )          0 (        )                    0 (       )              
##>                                  END             1078973910 (  +0.00)     3383.10 (   +0.00)          0 (       0)                    0 (  +0.00)           0  
##>createMaxCarrySave              START             1078973910 (  +0.00)     3383.10 (   +0.00)          0 (       0)                    0 (  +0.00)              
##> datapath_rewrite_one_def       START             1078973910 (  +0.00)     3383.10 (   +0.00)          0 (       0)                    0 (  +0.00)              
##>                                  END             1078973910 (  +0.00)     3383.10 (   +0.00)          0 (       0)                    0 (  +0.00)           0  
##> csa_opto                       START             1078973910 (  +0.00)     3383.10 (   +0.00)          0 (       0)                    0 (  +0.00)              
##>                                  END             1078973910 (  +0.00)     3383.10 (   +0.00)          0 (       0)                    0 (  +0.00)           0  
##>                                  END             1078973910 (  +0.00)     3383.10 (   +0.00)          0 (       0)                    0 (  +0.00)           0  
##>canonicalize_by_names           START             1078973910 (  +0.00)     3383.10 (   +0.00)          0 (       0)                    0 (  +0.00)              
##>                                  END             1078973910 (  +0.00)     3383.10 (   +0.00)          0 (       0)                    0 (  +0.00)           0  
##>datapath_rewrite_post_csa_one_  START             1078973910 (  +0.00)     3383.10 (   +0.00)          0 (       0)                    0 (  +0.00)              
##>                                  END             1078973910 (  +0.00)     3383.10 (   +0.00)          0 (       0)                    0 (  +0.00)           0  
##>datapath_csa_factoring_one_gde  START             1078973910 (  +0.00)     3383.10 (   +0.00)          0 (       0)                    0 (  +0.00)              
##>                                  END             1078973910 (  +0.00)     3383.10 (   +0.00)          0 (       0)                    0 (  +0.00)           0  
##>dpopt_share_one_def             START             1078973910 (  +0.00)     3383.10 (   +0.00)          0 (       0)                    0 (  +0.00)              
##>                                  END             1078973910 (  +0.00)     3383.10 (   +0.00)          0 (       0)                    0 (  +0.00)           0  
##>datapath_rewrite_post_share     START             1078973910 (  +0.00)     3383.10 (   +0.00)          0 (       0)                    0 (  +0.00)              
##>                                  END             1078973910 (  +0.00)     3383.10 (   +0.00)          0 (       0)                    0 (  +0.00)           0  
##>dp_combine_const_mult_with_com  START             1078973910 (  +0.00)     3383.10 (   +0.00)          0 (       0)                    0 (  +0.00)              
##>                                  END             1078973910 (  +0.00)     3383.10 (   +0.00)          0 (       0)                    0 (  +0.00)           0  
##>dp_operator_level_decompositio  START             1078973910 (  +0.00)     3383.10 (   +0.00)          0 (       0)                    0 (  +0.00)              
##>                                  END             1078973910 (  +0.00)     3383.10 (   +0.00)          0 (       0)                    0 (  +0.00)           0  
##>selective_flatten_dp_config     START             1078973910 (  +0.00)     3383.10 (   +0.00)          0 (       0)                    0 (  +0.00)              
##>                                  END             1078973910 (  +0.00)     3383.10 (   +0.00)          0 (       0)                    0 (  +0.00)           0  
##>createMaxCarrySave              START             1078973910 (  +0.00)     3383.10 (   +0.00)          0 (       0)                    0 (  +0.00)              
##> datapath_rewrite_one_def       START             1078973910 (  +0.00)     3383.10 (   +0.00)          0 (       0)                    0 (  +0.00)              
##>  fast_cse_elim                 START             1078973910 (  +0.00)     3383.10 (   +0.00)          0 (       0)                    0 (  +0.00)              
##>                                  END             1078973910 (  +0.00)     3383.10 (   +0.00)          0 (       0)                    0 (  +0.00)           0  
##>  fast_cse_elim                 START             1078973910 (  +0.00)     3383.10 (   +0.00)          0 (       0)                    0 (  +0.00)              
##>                                  END             1078973910 (  +0.00)     3383.10 (   +0.00)          0 (       0)                    0 (  +0.00)           0  
##>                                  END             1078973910 (  +0.00)     3383.10 (   +0.00)          0 (       0)                    0 (  +0.00)           0  
##> csa_opto                       START             1078973910 (  +0.00)     3383.10 (   +0.00)          0 (       0)                    0 (  +0.00)              
##>                                  END             1078973910 (  +0.00)     3383.10 (   +0.00)          0 (       0)                    0 (  +0.00)           0  
##>                                  END             1078973910 (  +0.00)     3383.10 (   +0.00)          0 (       0)                    0 (  +0.00)           0  
##>context_based_simplify          START             1078973910 (  +0.00)     3383.10 (   +0.00)          0 (       0)                    0 (  +0.00)              
##>                                  END             1078973910 (  +0.00)     3383.10 (   +0.00)          0 (       0)                    0 (  +0.00)           0  
##>group_csa_final_adder_dp        START             1078973910 (  +0.00)     3383.10 (   +0.00)          0 (       0)                    0 (  +0.00)              
##>                                  END             1078973910 (  +0.00)     3383.10 (   +0.00)          0 (       0)                    0 (  +0.00)           0  
##>dpopt_flatten_critical_muxes_i  START             1078973910 (  +0.00)     3383.10 (   +0.00)          0 (       0)                    0 (  +0.00)              
##>                                  END             1078973910 (  +0.00)     3383.10 (   +0.00)          0 (       0)                    0 (  +0.00)           0  
##>create_score                    START             1078973910 (  +0.00)     3383.10 (   +0.00)          0 (       0)                    0 (  +0.00)              
##>                                  END             1078973910 (  +0.00)     3383.10 (   +0.00)          0 (       0)                    0 (  +0.00)           0  
##>+-----------------------------------------------------------------------------------------------------------------------------------------------------------------------------------------------------+
Committed config: CDN_DP_region_0_2_c7
Info    : Done implementing datapath configurations. [DPOPT-4]
        : Selected 'very_fast' configuration 7 for module 'CDN_DP_region_0_2_c7'.
          Optimizations applied to 'very_fast' configuration:
            rewriting(0), factoring(0), sharing(0), cmultcse(0), downsizing(0), speculation(0)
Info    : Implementing datapath configurations. [DPOPT-3]
        : Implementing datapath configurations for 'CDN_DP_region_0_4'
CSAGen Prep Share:0 Re-Write:0 Speculation: 0
    MaxCSA: weighted_instance_count is 8 
MaxCSA: Successfully built Maximal CSA Expression Expr22
      Timing decrement_unsigned_1696...
        Done timing decrement_unsigned_1696.
      Timing decrement_unsigned_1698_1701...
        Done timing decrement_unsigned_1698_1701.
      Timing decrement_unsigned_1698_1707...
        Done timing decrement_unsigned_1698_1707.
      Timing decrement_unsigned_1698_1713...
        Done timing decrement_unsigned_1698_1713.
      Timing decrement_unsigned_1698_1719...
        Done timing decrement_unsigned_1698_1719.
      Timing decrement_unsigned_1698_1725...
        Done timing decrement_unsigned_1698_1725.
      Timing decrement_unsigned_1698_1731...
        Done timing decrement_unsigned_1698_1731.
      Timing decrement_unsigned_1698_1737...
        Done timing decrement_unsigned_1698_1737.
CDN_DP_region_0_4 level = 0 loads = 0 drivers = 0
CDN_DP_region_0_4_c0 in picorv32: area: 181609470 ,dp = 1 mux = 1 sg = slow         worst_clk_period: -1.0000 
    wns: 0  norm_wns:  -1.0000 
    fail_endp: -1 
    tns:  0  tns_per_endp:  -1.0000   norm_tns_per_endp:  -1.0000 
    tns_sense_max:  -1.0000  tns_sense_avg:  -1.0000   tns_sense_num: -1
 skipped
CDN_DP_region_0_4_c1 in picorv32: area: 165585105 ,dp = 1 mux = 1 sg = fast         worst_clk_period: -1.0000 
    wns: 0  norm_wns:  -1.0000 
    fail_endp: -1 
    tns:  0  tns_per_endp:  -1.0000   norm_tns_per_endp:  -1.0000 
    tns_sense_max:  -1.0000  tns_sense_avg:  -1.0000   tns_sense_num: -1
 is current best
CDN_DP_region_0_4_c2 in picorv32: area: 165585105 ,dp = 1 mux = 1 sg = very_slow    worst_clk_period: -1.0000 
    wns: 0  norm_wns:  -1.0000 
    fail_endp: -1 
    tns:  0  tns_per_endp:  -1.0000   norm_tns_per_endp:  -1.0000 
    tns_sense_max:  -1.0000  tns_sense_avg:  -1.0000   tns_sense_num: -1
 is current best
CDN_DP_region_0_4_c3 in picorv32: area: 165585105 ,dp = 1 mux = 1 sg = very_fast    worst_clk_period: -1.0000 
    wns: 0  norm_wns:  -1.0000 
    fail_endp: -1 
    tns:  0  tns_per_endp:  -1.0000   norm_tns_per_endp:  -1.0000 
    tns_sense_max:  -1.0000  tns_sense_avg:  -1.0000   tns_sense_num: -1
 is current best
CDN_DP_region_0_4_c4 in picorv32: area: 165585105 ,dp = 1 mux = 1 sg = very_fast    worst_clk_period: -1.0000 
    wns: 0  norm_wns:  -1.0000 
    fail_endp: -1 
    tns:  0  tns_per_endp:  -1.0000   norm_tns_per_endp:  -1.0000 
    tns_sense_max:  -1.0000  tns_sense_avg:  -1.0000   tns_sense_num: -1
 is current best
CDN_DP_region_0_4_c5 in picorv32: area: 165585105 ,dp = 1 mux = 1 sg = very_fast    worst_clk_period: -1.0000 
    wns: 0  norm_wns:  -1.0000 
    fail_endp: -1 
    tns:  0  tns_per_endp:  -1.0000   norm_tns_per_endp:  -1.0000 
    tns_sense_max:  -1.0000  tns_sense_avg:  -1.0000   tns_sense_num: -1
 is current best
CDN_DP_region_0_4_c6 in picorv32: area: 165585105 ,dp = 1 mux = 1 sg = very_fast    worst_clk_period: -1.0000 
    wns: 0  norm_wns:  -1.0000 
    fail_endp: -1 
    tns:  0  tns_per_endp:  -1.0000   norm_tns_per_endp:  -1.0000 
    tns_sense_max:  -1.0000  tns_sense_avg:  -1.0000   tns_sense_num: -1
 is current best
CDN_DP_region_0_4_c7 in picorv32: area: 165585105 ,dp = 1 mux = 1 sg = very_fast    worst_clk_period: -1.0000 
    wns: 0  norm_wns:  -1.0000 
    fail_endp: -1 
    tns:  0  tns_per_endp:  -1.0000   norm_tns_per_endp:  -1.0000 
    tns_sense_max:  -1.0000  tns_sense_avg:  -1.0000   tns_sense_num: -1
 is current best
Best config: CDN_DP_region_0_4_c7 in picorv32: area: 165585105 ,dp = 1 mux = 1 sg = very_fast    worst_clk_period: -1.0000 
    wns: 0  norm_wns:  -1.0000 
    fail_endp: -1 
    tns:  0  tns_per_endp:  -1.0000   norm_tns_per_endp:  -1.0000 
    tns_sense_max:  -1.0000  tns_sense_avg:  -1.0000   tns_sense_num: -1
  Smallest config area : 165585105.  Fastest config wns;  0
##>+----------------------------------------------------------------------------------------------------------------------------------------------------------------+
##>Summary table of configs (Best config is CDN_DP_region_0_4_c7)
##>+----------------------------------------------------------------------------------------------------------------------------------------------------------------+
##>                     0                  1                  2                  3                  4                  5                  6                  7            
##>+----------------------------------------------------------------------------------------------------------------------------------------------------------------+
##>           Area        181609470          165585105          165585105          165585105          165585105          165585105          165585105          165585105  
##>            WNS         +3480.50           +3480.50           +3480.50           +3480.50           +3480.50           +3480.50           +3480.50           +3480.50  
##>            TNS                0                  0                  0                  0                  0                  0                  0                  0  
##>    Num Rewrite                0                  0                  0                  0                  0                  0                  0                  0  
##>     Num Factor                0                  0                  0                  0                  0                  0                  0                  0  
##>      Num Share                0                  0                  0                  0                  0                  0                  0                  0  
##>   Num CmultCse                0                  0                  0                  0                  0                  0                  0                  0  
##>   Num Downsize                0                  0                  0                  0                  0                  0                  0                  0  
##>  Num Speculate                0                  0                  0                  0                  0                  0                  0                  0  
##>     Runtime(s)                0                  0                  0                  0                  0                  0                  0                  0  
+----------------------------------------------------------------------------------------------------------------------------------------------------------------+
##>
##>
##>+-----------------------------------------------------------------------------------------------------------------------------------------------------------------------------------------------------+
##>Optimization Step DEBUG Table for config CDN_DP_region_0_4_c7
##>
##>                          Step                        Area   (  % Chg)         WNS (Change)          TNS (Change)                Power   (  % Chg)        Runtime (s)        Comment                   
##>+-----------------------------------------------------------------------------------------------------------------------------------------------------------------------------------------------------+
##>EquationExtraction              START              181609470 (       )     3480.50 (        )          0 (        )                    0 (       )              
##> rewrite                        START              309804390 ( +70.59)     3480.50 (   +0.00)          0 (       0)                    0 (  +0.00)              (a,ar) Expr22_from --> Expr22_to
##>                                  END              421974945 ( +36.21)     3480.50 (   +0.00)          0 (       0)                    0 (  +0.00)           0  
##>                                  END              181609470 (  +0.00)     3480.50 (   +0.00)          0 (       0)                    0 (  +0.00)           0  
##>createMaxCarrySave              START              181609470 (  +0.00)     3480.50 (   +0.00)          0 (       0)                    0 (  +0.00)              
##> datapath_rewrite_one_def       START              181609470 (  +0.00)     3480.50 (   +0.00)          0 (       0)                    0 (  +0.00)              
##>                                  END              181609470 (  +0.00)     3480.50 (   +0.00)          0 (       0)                    0 (  +0.00)           0  
##> csa_opto                       START              181609470 (  +0.00)     3480.50 (   +0.00)          0 (       0)                    0 (  +0.00)              
##>                                  END              202975290 ( +11.76)     3480.50 (   +0.00)          0 (       0)                    0 (  +0.00)           0  
##>                                  END              202975290 ( +11.76)     3480.50 (   +0.00)          0 (       0)                    0 (  +0.00)           0  
##>canonicalize_by_names           START              202975290 (  +0.00)     3480.50 (   +0.00)          0 (       0)                    0 (  +0.00)              
##>                                  END              202975290 (  +0.00)     3480.50 (   +0.00)          0 (       0)                    0 (  +0.00)           0  
##>datapath_rewrite_post_csa_one_  START              202975290 (  +0.00)     3480.50 (   +0.00)          0 (       0)                    0 (  +0.00)              
##>                                  END              202975290 (  +0.00)     3480.50 (   +0.00)          0 (       0)                    0 (  +0.00)           0  
##>datapath_csa_factoring_one_gde  START              202975290 (  +0.00)     3480.50 (   +0.00)          0 (       0)                    0 (  +0.00)              
##>                                  END              202975290 (  +0.00)     3480.50 (   +0.00)          0 (       0)                    0 (  +0.00)           0  
##>dpopt_share_one_def             START              202975290 (  +0.00)     3480.50 (   +0.00)          0 (       0)                    0 (  +0.00)              
##>                                  END              202975290 (  +0.00)     3480.50 (   +0.00)          0 (       0)                    0 (  +0.00)           0  
##>datapath_rewrite_post_share     START              202975290 (  +0.00)     3480.50 (   +0.00)          0 (       0)                    0 (  +0.00)              
##>                                  END              202975290 (  +0.00)     3480.50 (   +0.00)          0 (       0)                    0 (  +0.00)           0  
##>dp_combine_const_mult_with_com  START              202975290 (  +0.00)     3480.50 (   +0.00)          0 (       0)                    0 (  +0.00)              
##>                                  END              202975290 (  +0.00)     3480.50 (   +0.00)          0 (       0)                    0 (  +0.00)           0  
##>dp_operator_level_decompositio  START              202975290 (  +0.00)     3480.50 (   +0.00)          0 (       0)                    0 (  +0.00)              
##>                                  END              202975290 (  +0.00)     3480.50 (   +0.00)          0 (       0)                    0 (  +0.00)           0  
##>selective_flatten_dp_config     START              202975290 (  +0.00)     3480.50 (   +0.00)          0 (       0)                    0 (  +0.00)              
##>                                  END              202975290 (  +0.00)     3480.50 (   +0.00)          0 (       0)                    0 (  +0.00)           0  
##>createMaxCarrySave              START              202975290 (  +0.00)     3480.50 (   +0.00)          0 (       0)                    0 (  +0.00)              
##> datapath_rewrite_one_def       START              202975290 (  +0.00)     3480.50 (   +0.00)          0 (       0)                    0 (  +0.00)              
##>  fast_cse_elim                 START              202975290 (  +0.00)     3480.50 (   +0.00)          0 (       0)                    0 (  +0.00)              
##>                                  END              202975290 (  +0.00)     3480.50 (   +0.00)          0 (       0)                    0 (  +0.00)           0  
##>  fast_cse_elim                 START              202975290 (  +0.00)     3480.50 (   +0.00)          0 (       0)                    0 (  +0.00)              
##>                                  END              202975290 (  +0.00)     3480.50 (   +0.00)          0 (       0)                    0 (  +0.00)           0  
##>                                  END              202975290 (  +0.00)     3480.50 (   +0.00)          0 (       0)                    0 (  +0.00)           0  
##> csa_opto                       START              202975290 (  +0.00)     3480.50 (   +0.00)          0 (       0)                    0 (  +0.00)              
##>                                  END              202975290 (  +0.00)     3480.50 (   +0.00)          0 (       0)                    0 (  +0.00)           0  
##>                                  END              202975290 (  +0.00)     3480.50 (   +0.00)          0 (       0)                    0 (  +0.00)           0  
##>context_based_simplify          START              176268015 ( -13.16)     3480.50 (   +0.00)          0 (       0)                    0 (  +0.00)              
##>                                  END              165585105 (  -6.06)     3480.50 (   +0.00)          0 (       0)                    0 (  +0.00)           0  
##>group_csa_final_adder_dp        START              165585105 (  +0.00)     3480.50 (   +0.00)          0 (       0)                    0 (  +0.00)              
##>                                  END              165585105 (  +0.00)     3480.50 (   +0.00)          0 (       0)                    0 (  +0.00)           0  
##>dpopt_flatten_critical_muxes_i  START              165585105 (  +0.00)     3480.50 (   +0.00)          0 (       0)                    0 (  +0.00)              
##>                                  END              165585105 (  +0.00)     3480.50 (   +0.00)          0 (       0)                    0 (  +0.00)           0  
##>create_score                    START              165585105 (  +0.00)     3480.50 (   +0.00)          0 (       0)                    0 (  +0.00)              
##>                                  END              165585105 (  +0.00)     3480.50 (   +0.00)          0 (       0)                    0 (  +0.00)           0  
##>+-----------------------------------------------------------------------------------------------------------------------------------------------------------------------------------------------------+
Committed config: CDN_DP_region_0_4_c7
Info    : Done implementing datapath configurations. [DPOPT-4]
        : Selected 'very_fast' configuration 7 for module 'CDN_DP_region_0_4_c7'.
          Optimizations applied to 'very_fast' configuration:
            rewriting(0), factoring(0), sharing(0), cmultcse(0), downsizing(0), speculation(0)
Info    : Optimized a mux chain. [DPOPT-10]
        : Created Flattened Mux 'F_mux_mem_la_wstrb_403_9' in design 'CDN_DP_region_0_5'.
	The following set of instances are flattened ( mux_mem_la_wstrb_403_9 mux_411_20 ).

Info    : Optimized a mux chain. [DPOPT-10]
        : Created Flattened Mux 'F_mux_reg_out_1481_9' in design 'CDN_DP_region_0_5'.
	The following set of instances are flattened ( mux_reg_out_1481_9 mux_reg_out_1579_5 ).

Info    : Implementing datapath configurations. [DPOPT-3]
        : Implementing datapath configurations for 'CDN_DP_region_0_5'
CSAGen Prep Share:0 Re-Write:1 Speculation: 0
    MaxCSA: weighted_instance_count is 160 
MaxCSA: Successfully built Maximal CSA Expression Expr23
    MaxCSA: weighted_instance_count is 32 
MaxCSA: Successfully built Maximal CSA Expression Expr24
      Timing csa_tree_1799...
        Done timing csa_tree_1799.
Info    : Accepted resource sharing opportunity. [RTLOPT-30]
        : Merged the following sets of instances in 'CDN_DP_region_0_5_c7 in picorv32':
	  (SUB_TC_OP_2, SUB_TC_OP_1)

Number of non-ctl's : 7
F_mux_reg_out_1481_9 g5469 g5472 g5473 g5474 g5475 mux_reg_op1_1481_9 
SOP DEBUG : Module= CDN_DP_region_0_5_c7, Cluster= ctl_cpu_state_1481_9_create, ctl= 1, Non-ctl= 7
Selected impl_type 4 (factored_form (optimized)) for sop cluster ctl_cpu_state_1481_9_create.
Number of non-ctl's : 1
mux_mem_wstrb_581_10 
SOP DEBUG : Module= CDN_DP_region_0_5_c7, Cluster= ctl_mem_state_581_10_create, ctl= 1, Non-ctl= 1
Selected impl_type 0 (ctl + 1-hot mux form) for sop cluster ctl_mem_state_581_10_create.
      Timing decrement_unsigned_1883...
        Done timing decrement_unsigned_1883.
      Timing sub_unsigned_1888...
        Done timing sub_unsigned_1888.
Number of non-ctl's : 7
F_mux_reg_out_1481_9 g5469 g5472 g5473 g5474 g5475 mux_reg_op1_1481_9 
SOP DEBUG : Module= CDN_DP_region_0_5_c1, Cluster= ctl_cpu_state_1481_9_create, ctl= 1, Non-ctl= 7
Selected impl_type 4 (factored_form (optimized)) for sop cluster ctl_cpu_state_1481_9_create.
Number of non-ctl's : 1
mux_mem_wstrb_581_10 
SOP DEBUG : Module= CDN_DP_region_0_5_c1, Cluster= ctl_mem_state_581_10_create, ctl= 1, Non-ctl= 1
Selected impl_type 0 (ctl + 1-hot mux form) for sop cluster ctl_mem_state_581_10_create.
      Timing decrement_unsigned_1924_1951...
        Done timing decrement_unsigned_1924_1951.
      Timing geq_unsigned_809_rtlopto_model_1952...
        Done timing geq_unsigned_809_rtlopto_model_1952.
Number of non-ctl's : 7
F_mux_reg_out_1481_9 g5469 g5472 g5473 g5474 g5475 mux_reg_op1_1481_9 
SOP DEBUG : Module= CDN_DP_region_0_5_c2, Cluster= ctl_cpu_state_1481_9_create, ctl= 1, Non-ctl= 7
Selected impl_type 4 (factored_form (optimized)) for sop cluster ctl_cpu_state_1481_9_create.
Number of non-ctl's : 1
mux_mem_wstrb_581_10 
SOP DEBUG : Module= CDN_DP_region_0_5_c2, Cluster= ctl_mem_state_581_10_create, ctl= 1, Non-ctl= 1
Selected impl_type 0 (ctl + 1-hot mux form) for sop cluster ctl_mem_state_581_10_create.
      Timing decrement_unsigned_1924_2022...
        Done timing decrement_unsigned_1924_2022.
      Timing geq_unsigned_809_rtlopto_model_2023...
        Done timing geq_unsigned_809_rtlopto_model_2023.
Number of non-ctl's : 7
F_mux_reg_out_1481_9 g5469 g5472 g5473 g5474 g5475 mux_reg_op1_1481_9 
SOP DEBUG : Module= CDN_DP_region_0_5_c3, Cluster= ctl_cpu_state_1481_9_create, ctl= 1, Non-ctl= 7
Selected impl_type 4 (factored_form (optimized)) for sop cluster ctl_cpu_state_1481_9_create.
Number of non-ctl's : 1
mux_mem_wstrb_581_10 
SOP DEBUG : Module= CDN_DP_region_0_5_c3, Cluster= ctl_mem_state_581_10_create, ctl= 1, Non-ctl= 1
Selected impl_type 0 (ctl + 1-hot mux form) for sop cluster ctl_mem_state_581_10_create.
      Timing decrement_unsigned_1924_2093...
        Done timing decrement_unsigned_1924_2093.
      Timing geq_unsigned_809_rtlopto_model_2094...
        Done timing geq_unsigned_809_rtlopto_model_2094.
Number of non-ctl's : 7
F_mux_reg_out_1481_9 g5469 g5472 g5473 g5474 g5475 mux_reg_op1_1481_9 
SOP DEBUG : Module= CDN_DP_region_0_5_c4, Cluster= ctl_cpu_state_1481_9_create, ctl= 1, Non-ctl= 7
Selected impl_type 4 (factored_form (optimized)) for sop cluster ctl_cpu_state_1481_9_create.
Number of non-ctl's : 1
mux_mem_wstrb_581_10 
SOP DEBUG : Module= CDN_DP_region_0_5_c4, Cluster= ctl_mem_state_581_10_create, ctl= 1, Non-ctl= 1
Selected impl_type 0 (ctl + 1-hot mux form) for sop cluster ctl_mem_state_581_10_create.
      Timing decrement_unsigned_1924_2164...
        Done timing decrement_unsigned_1924_2164.
      Timing geq_unsigned_809_rtlopto_model_2165...
        Done timing geq_unsigned_809_rtlopto_model_2165.
Number of non-ctl's : 7
F_mux_reg_out_1481_9 g5469 g5472 g5473 g5474 g5475 mux_reg_op1_1481_9 
SOP DEBUG : Module= CDN_DP_region_0_5_c5, Cluster= ctl_cpu_state_1481_9_create, ctl= 1, Non-ctl= 7
Selected impl_type 4 (factored_form (optimized)) for sop cluster ctl_cpu_state_1481_9_create.
Number of non-ctl's : 1
mux_mem_wstrb_581_10 
SOP DEBUG : Module= CDN_DP_region_0_5_c5, Cluster= ctl_mem_state_581_10_create, ctl= 1, Non-ctl= 1
Selected impl_type 0 (ctl + 1-hot mux form) for sop cluster ctl_mem_state_581_10_create.
      Timing decrement_unsigned_1924_2235...
        Done timing decrement_unsigned_1924_2235.
      Timing geq_unsigned_809_rtlopto_model_2236...
        Done timing geq_unsigned_809_rtlopto_model_2236.
Number of non-ctl's : 7
F_mux_reg_out_1481_9 g5469 g5472 g5473 g5474 g5475 mux_reg_op1_1481_9 
SOP DEBUG : Module= CDN_DP_region_0_5_c6, Cluster= ctl_cpu_state_1481_9_create, ctl= 1, Non-ctl= 7
Selected impl_type 4 (factored_form (optimized)) for sop cluster ctl_cpu_state_1481_9_create.
Number of non-ctl's : 1
mux_mem_wstrb_581_10 
SOP DEBUG : Module= CDN_DP_region_0_5_c6, Cluster= ctl_mem_state_581_10_create, ctl= 1, Non-ctl= 1
Selected impl_type 0 (ctl + 1-hot mux form) for sop cluster ctl_mem_state_581_10_create.
      Timing decrement_unsigned_1924_2312...
        Done timing decrement_unsigned_1924_2312.
      Timing geq_unsigned_809_rtlopto_model_2313...
        Done timing geq_unsigned_809_rtlopto_model_2313.
CDN_DP_region_0_5 level = 1 loads = 1 drivers = 1 is driven by : CDN_DP_region_0_7 
CDN_DP_region_0_5_c0 in picorv32: area: 25131545775 ,dp = 19 mux = 27 sg = slow         worst_clk_period: -1.0000 
    wns: 0  norm_wns:  -1.0000 
    fail_endp: -1 
    tns:  0  tns_per_endp:  -1.0000   norm_tns_per_endp:  -1.0000 
    tns_sense_max:  -1.0000  tns_sense_avg:  -1.0000   tns_sense_num: -1
 skipped
CDN_DP_region_0_5_c1 in picorv32: area: 24410449350 ,dp = 7 mux = 26 sg = fast         worst_clk_period: -1.0000 
    wns: 0  norm_wns:  -1.0000 
    fail_endp: -1 
    tns:  0  tns_per_endp:  -1.0000   norm_tns_per_endp:  -1.0000 
    tns_sense_max:  -1.0000  tns_sense_avg:  -1.0000   tns_sense_num: -1
 is current best
CDN_DP_region_0_5_c2 in picorv32: area: 24410449350 ,dp = 7 mux = 26 sg = very_slow    worst_clk_period: -1.0000 
    wns: 0  norm_wns:  -1.0000 
    fail_endp: -1 
    tns:  0  tns_per_endp:  -1.0000   norm_tns_per_endp:  -1.0000 
    tns_sense_max:  -1.0000  tns_sense_avg:  -1.0000   tns_sense_num: -1
 is current best
CDN_DP_region_0_5_c3 in picorv32: area: 24410449350 ,dp = 7 mux = 26 sg = very_fast    worst_clk_period: -1.0000 
    wns: 0  norm_wns:  -1.0000 
    fail_endp: -1 
    tns:  0  tns_per_endp:  -1.0000   norm_tns_per_endp:  -1.0000 
    tns_sense_max:  -1.0000  tns_sense_avg:  -1.0000   tns_sense_num: -1
 is current best
CDN_DP_region_0_5_c4 in picorv32: area: 24410449350 ,dp = 7 mux = 26 sg = very_fast    worst_clk_period: -1.0000 
    wns: 0  norm_wns:  -1.0000 
    fail_endp: -1 
    tns:  0  tns_per_endp:  -1.0000   norm_tns_per_endp:  -1.0000 
    tns_sense_max:  -1.0000  tns_sense_avg:  -1.0000   tns_sense_num: -1
 is current best
CDN_DP_region_0_5_c5 in picorv32: area: 24410449350 ,dp = 7 mux = 26 sg = very_fast    worst_clk_period: -1.0000 
    wns: 0  norm_wns:  -1.0000 
    fail_endp: -1 
    tns:  0  tns_per_endp:  -1.0000   norm_tns_per_endp:  -1.0000 
    tns_sense_max:  -1.0000  tns_sense_avg:  -1.0000   tns_sense_num: -1
 is current best
CDN_DP_region_0_5_c6 in picorv32: area: 24410449350 ,dp = 7 mux = 26 sg = very_fast    worst_clk_period: -1.0000 
    wns: 0  norm_wns:  -1.0000 
    fail_endp: -1 
    tns:  0  tns_per_endp:  -1.0000   norm_tns_per_endp:  -1.0000 
    tns_sense_max:  -1.0000  tns_sense_avg:  -1.0000   tns_sense_num: -1
 is current best
CDN_DP_region_0_5_c7 in picorv32: area: 24832424295 ,dp = 6 mux = 26 sg = very_fast    worst_clk_period: -1.0000 
    wns: 0  norm_wns:  -1.0000 
    fail_endp: -1 
    tns:  0  tns_per_endp:  -1.0000   norm_tns_per_endp:  -1.0000 
    tns_sense_max:  -1.0000  tns_sense_avg:  -1.0000   tns_sense_num: -1

Best config: CDN_DP_region_0_5_c6 in picorv32: area: 24410449350 ,dp = 7 mux = 26 sg = very_fast    worst_clk_period: -1.0000 
    wns: 0  norm_wns:  -1.0000 
    fail_endp: -1 
    tns:  0  tns_per_endp:  -1.0000   norm_tns_per_endp:  -1.0000 
    tns_sense_max:  -1.0000  tns_sense_avg:  -1.0000   tns_sense_num: -1
  Smallest config area : 24410449350.  Fastest config wns;  0
##>+----------------------------------------------------------------------------------------------------------------------------------------------------------------+
##>Summary table of configs (Best config is CDN_DP_region_0_5_c6)
##>+----------------------------------------------------------------------------------------------------------------------------------------------------------------+
##>                     0                  1                  2                  3                  4                  5                  6                  7            
##>+----------------------------------------------------------------------------------------------------------------------------------------------------------------+
##>           Area      25131545775        24410449350        24410449350        24410449350        24410449350        24410449350        24410449350        24832424295  
##>            WNS         +3282.80           +3273.80           +3273.80           +3273.80           +3273.80           +3273.80           +3273.80           +3273.80  
##>            TNS                0                  0                  0                  0                  0                  0                  0                  0  
##>    Num Rewrite                0                  0                  0                  0                  0                  0                  0                  1  
##>     Num Factor                0                  0                  0                  0                  0                  0                  0                  0  
##>      Num Share                0                  0                  0                  0                  0                  0                  0                  1  
##>   Num CmultCse                0                  0                  0                  0                  0                  0                  0                  0  
##>   Num Downsize                0                  0                  0                  0                  0                  0                  0                  0  
##>  Num Speculate                0                  0                  0                  0                  0                  0                  0                  0  
##>     Runtime(s)                0                  0                  0                  0                  0                  0                  0                  0  
+----------------------------------------------------------------------------------------------------------------------------------------------------------------+
##>
##>
##>+-----------------------------------------------------------------------------------------------------------------------------------------------------------------------------------------------------+
##>Optimization Step DEBUG Table for config CDN_DP_region_0_5_c6
##>
##>                          Step                        Area   (  % Chg)         WNS (Change)          TNS (Change)                Power   (  % Chg)        Runtime (s)        Comment                   
##>+-----------------------------------------------------------------------------------------------------------------------------------------------------------------------------------------------------+
##>createMaxCarrySave              START            25131545775 (       )    107377465.20 (        )          0 (        )                    0 (       )              
##> datapath_rewrite_one_def       START            25131545775 (  +0.00)    107377465.20 (   +0.00)          0 (       0)                    0 (  +0.00)              
##>  fast_cse_elim                 START            25131545775 (  +0.00)    107377465.20 (   +0.00)          0 (       0)                    0 (  +0.00)              
##>                                  END            25035399585 (  -0.38)    107377465.20 (   +0.00)          0 (       0)                    0 (  +0.00)           0  
##>  fast_cse_elim                 START            25035399585 (  +0.00)    107377465.20 (   +0.00)          0 (       0)                    0 (  +0.00)              
##>                                  END            25035399585 (  +0.00)    107377465.20 (   +0.00)          0 (       0)                    0 (  +0.00)           0  
##>  rewrite                       START            25035399585 (  +0.00)    107377465.20 (   +0.00)          0 (       0)                    0 (  +0.00)              (na,csaa) and_en_v2 --> en_mux
##>                                  END            25083472680 (  +0.19)    107377465.20 (   +0.00)          0 (       0)                    0 (  +0.00)           0  
##>                                  END            25035399585 (  -0.38)    107377465.20 (   +0.00)          0 (       0)                    0 (  +0.00)           0  
##> dpopt_share_one_def            START            25035399585 (  +0.00)    107377465.20 (   +0.00)          0 (       0)                    0 (  +0.00)              
##>                                  END            25035399585 (  +0.00)    107377465.20 (   +0.00)          0 (       0)                    0 (  +0.00)           0  
##> csa_opto                       START            25035399585 (  +0.00)    214748364.70 (+107370899.50)          0 (       0)                    0 (  +0.00)              
##>                                  END            25072789770 (  +0.15)    214748364.70 (   +0.00)          0 (       0)                    0 (  +0.00)           0  
##>                                  END            25072789770 (  -0.23)    214748364.70 (+107370899.50)          0 (       0)                    0 (  +0.00)           0  
##>canonicalize_by_names           START            25072789770 (  +0.00)    214748364.70 (   +0.00)          0 (       0)                    0 (  +0.00)              
##>                                  END            25072789770 (  +0.00)    214748364.70 (   +0.00)          0 (       0)                    0 (  +0.00)           0  
##>datapath_rewrite_post_csa_one_  START            25072789770 (  +0.00)    214748364.70 (   +0.00)          0 (       0)                    0 (  +0.00)              
##>                                  END            25072789770 (  +0.00)    214748364.70 (   +0.00)          0 (       0)                    0 (  +0.00)           0  
##>datapath_csa_factoring_one_gde  START            25072789770 (  +0.00)    214748364.70 (   +0.00)          0 (       0)                    0 (  +0.00)              
##>                                  END            25072789770 (  +0.00)    214748364.70 (   +0.00)          0 (       0)                    0 (  +0.00)           0  
##>dpopt_share_one_def             START            25072789770 (  +0.00)    214748364.70 (   +0.00)          0 (       0)                    0 (  +0.00)              
##>                                  END            25072789770 (  +0.00)    214748364.70 (   +0.00)          0 (       0)                    0 (  +0.00)           0  
##>datapath_rewrite_post_share     START            25072789770 (  +0.00)    214748364.70 (   +0.00)          0 (       0)                    0 (  +0.00)              
##>                                  END            25072789770 (  +0.00)    214748364.70 (   +0.00)          0 (       0)                    0 (  +0.00)           0  
##>dp_combine_const_mult_with_com  START            25072789770 (  +0.00)    214748364.70 (   +0.00)          0 (       0)                    0 (  +0.00)              
##>                                  END            25072789770 (  +0.00)    214748364.70 (   +0.00)          0 (       0)                    0 (  +0.00)           0  
##>speculate_in_gdef               START            25072789770 (  +0.00)    214748364.70 (   +0.00)          0 (       0)                    0 (  +0.00)              
##> pre_speculate_mux_merge        START            25072789770 (  +0.00)    214748364.70 (   +0.00)          0 (       0)                    0 (  +0.00)              
##>                                  END            25072789770 (  +0.00)    214748364.70 (   +0.00)          0 (       0)                    0 (  +0.00)           0  
##>                                  END            25072789770 (  +0.00)    214748364.70 (   +0.00)          0 (       0)                    0 (  +0.00)           0  
##>dp_operator_level_decompositio  START            25072789770 (  +0.00)    214748364.70 (   +0.00)          0 (       0)                    0 (  +0.00)              
##>                                  END            25072789770 (  +0.00)    214748364.70 (   +0.00)          0 (       0)                    0 (  +0.00)           0  
##>selective_flatten_dp_config     START            25072789770 (  +0.00)    214748364.70 (   +0.00)          0 (       0)                    0 (  +0.00)              
##>                                  END            25046082495 (  -0.11)    214748364.70 (   +0.00)          0 (       0)                    0 (  +0.00)           0  
##>createMaxCarrySave              START            25046082495 (  +0.00)    214748364.70 (   +0.00)          0 (       0)                    0 (  +0.00)              
##> datapath_rewrite_one_def       START            25046082495 (  +0.00)    214748364.70 (   +0.00)          0 (       0)                    0 (  +0.00)              
##>  fast_cse_elim                 START            25046082495 (  +0.00)    214748364.70 (   +0.00)          0 (       0)                    0 (  +0.00)              
##>                                  END            25046082495 (  +0.00)    214748364.70 (   +0.00)          0 (       0)                    0 (  +0.00)           0  
##>  fast_cse_elim                 START            25046082495 (  +0.00)    214748364.70 (   +0.00)          0 (       0)                    0 (  +0.00)              
##>                                  END            25046082495 (  +0.00)    214748364.70 (   +0.00)          0 (       0)                    0 (  +0.00)           0  
##>                                  END            25046082495 (  +0.00)    214748364.70 (   +0.00)          0 (       0)                    0 (  +0.00)           0  
##> dpopt_share_one_def            START            25046082495 (  +0.00)    214748364.70 (   +0.00)          0 (       0)                    0 (  +0.00)              
##>                                  END            25046082495 (  +0.00)    214748364.70 (   +0.00)          0 (       0)                    0 (  +0.00)           0  
##> csa_opto                       START            25046082495 (  +0.00)    214748364.70 (   +0.00)          0 (       0)                    0 (  +0.00)              
##>                                  END            25046082495 (  +0.00)    214748364.70 (   +0.00)          0 (       0)                    0 (  +0.00)           0  
##>                                  END            25046082495 (  +0.00)    214748364.70 (   +0.00)          0 (       0)                    0 (  +0.00)           0  
##>context_based_simplify          START            24602741730 (  -1.77)    214748364.70 (   +0.00)          0 (       0)                    0 (  +0.00)              
##>                                  END            24554668635 (  -0.20)    214748364.70 (   +0.00)          0 (       0)                    0 (  +0.00)           0  
##>group_csa_final_adder_dp        START            24554668635 (  +0.00)    214748364.70 (   +0.00)          0 (       0)                    0 (  +0.00)              
##>                                  END            24554668635 (  +0.00)    214748364.70 (   +0.00)          0 (       0)                    0 (  +0.00)           0  
##>dpopt_flatten_critical_muxes_i  START            24554668635 (  +0.00)    214748364.70 (   +0.00)          0 (       0)                    0 (  +0.00)              
##>                                  END            24554668635 (  +0.00)    214748364.70 (   +0.00)          0 (       0)                    0 (  +0.00)           0  
##>speculate_in_gdef               START            24554668635 (  +0.00)    214748364.70 (   +0.00)          0 (       0)                    0 (  +0.00)              
##> pre_speculate_mux_merge        START            24554668635 (  +0.00)    214748364.70 (   +0.00)          0 (       0)                    0 (  +0.00)              
##>                                  END            24554668635 (  +0.00)    214748364.70 (   +0.00)          0 (       0)                    0 (  +0.00)           0  
##>                                  END            24554668635 (  +0.00)    214748364.70 (   +0.00)          0 (       0)                    0 (  +0.00)           0  
##>create_score                    START            24410449350 (  -0.59)     3273.80 (-214745090.90)          0 (       0)                    0 (  +0.00)              
##>                                  END            24410449350 (  +0.00)     3273.80 (   +0.00)          0 (       0)                    0 (  +0.00)           0  
##>+-----------------------------------------------------------------------------------------------------------------------------------------------------------------------------------------------------+
Committed config: CDN_DP_region_0_5_c6
Info    : Done implementing datapath configurations. [DPOPT-4]
        : Selected 'very_fast' configuration 6 for module 'CDN_DP_region_0_5_c6'.
          Optimizations applied to 'very_fast' configuration:
            rewriting(0), factoring(0), sharing(0), cmultcse(0), downsizing(0), speculation(0)
Info:  Ungrouped 0 dp-cluster instances.  0 cluster instances were left intact, to aid verification.
              Preparing netlist for verification ...
              Done preparing netlist for verification.
Info    : Done optimizing datapath logic. [DPOPT-2]
        : Done optimizing datapath logic in 'picorv32'.
      Removing temporary intermediate hierarchies under picorv32
Number of big hc bmuxes after = 0
Starting bit-level redundancy removal [v1.0] (stage: post_rtlopt, startdef: picorv32, recur: true)
Completed bit-level redundancy removal (accepts: 0, rejects: 0, runtime: 0.146s)
Starting logic reduction [v1.0] (stage: post_rtlopt, startdef: picorv32, recur: true)
Completed logic reduction (accepts: 0, rejects: 0, runtime: 0.000s)
Starting mux data reorder optimization [v1.0] (stage: post_rtlopt, startdef: picorv32, recur: true)
Completed mux data reorder optimization (accepts: 0, rejects: 0, runtime: 0.000s)

Stage: post_rtlopt
-----------------------------------------------------------------
| Transform                  | Accepts | Rejects | Runtime (ms) | 
-----------------------------------------------------------------
| hlo_redundancy_removal_bit |       0 |       0 |       146.00 | 
| hlo_logic_reduction        |       0 |       0 |         0.00 | 
| hlo_mux_reorder            |       0 |       0 |         0.00 | 
-----------------------------------------------------------------
              Optimizing muxes in design 'picorv32'.
              Optimizing muxes in design 'picorv32_pcpi_mul'.
              Post blast muxes in design 'picorv32'.
Running post blast mux optimization. Please follow up with Cadence support if runtime issues are seen with this optimization.
              Post blast muxes in design 'picorv32_pcpi_mul'.
Running post blast mux optimization. Please follow up with Cadence support if runtime issues are seen with this optimization.
Starting mux speculation [v1.0] (stage: post_muxopt, startdef: picorv32, recur: true)
Starting speculation optimization
Completed speculation optimization (accepts:0)
Completed mux speculation (accepts: 0, rejects: 0, runtime: 0.170s)

Stage: post_muxopt
------------------------------------------------------
| Transform       | Accepts | Rejects | Runtime (ms) | 
------------------------------------------------------
| hlo_speculation |       0 |       0 |       170.00 | 
------------------------------------------------------
==================================
Stage : to_generic 
==================================
  =================
   Message Summary
  =================
-----------------------------------------------------------------------------------------------------------------------------------------------------------------------------------------
|    Id    |  Sev  |Count|                                                                         Message Text                                                                         |
-----------------------------------------------------------------------------------------------------------------------------------------------------------------------------------------
|CDFG-250  |Info   |    1|Processing multi-dimensional arrays.                                                                                                                          |
|CDFG-372  |Info   |  260|Bitwidth mismatch in assignment.                                                                                                                              |
|          |       |     |Review and make sure the mismatch is intentional. Genus can possibly issue bitwidth mismatch warning for explicit assignments present in RTL as-well-as for   |
|          |       |     | implicit assignments inferred by the tool. For example, in case of enum declaration without value, the tool will implicitly assign value to the enum         |
|          |       |     | variables. It also issues the warning for any bitwidth mismatch that appears in this implicit assignment.                                                    |
|CDFG-373  |Info   |   12|Sign mismatch in assignment.                                                                                                                                  |
|CDFG-472  |Warning|    8|Unreachable statements for case item.                                                                                                                         |
|CDFG-480  |Warning|    9|Ignored redundant case item.                                                                                                                                  |
|          |       |     |When multiple case item expressions match the case condition, only the statements associated with the first matching item are considered.                     |
|CDFG-500  |Info   |    5|Unused module input port.                                                                                                                                     |
|          |       |     |(In port definition within the module, the input port is not used in any assignment statements or conditional expressions for decision statements.            |
|CDFG-508  |Warning|   48|Removing unused register.                                                                                                                                     |
|          |       |     |Genus removes the flip-flop or latch inferred for an unused signal or variable. To preserve the flip-flop or latch, set the hdl_preserve_unused_registers     |
|          |       |     | attribute to true or use a pragma in the RTL.                                                                                                                |
|CDFG-738  |Info   |   63|Common subexpression eliminated.                                                                                                                              |
|CDFG-739  |Info   |   63|Common subexpression kept.                                                                                                                                    |
|CDFG-769  |Info   |    2|Identified sum-of-products logic to be optimized during syn_generic.                                                                                          |
|CDFG-771  |Info   |    4|Replaced logic with a constant value.                                                                                                                         |
|CDFG-818  |Warning|    1|Using default parameter value for module elaboration.                                                                                                         |
|CWD-19    |Info   |  464|An implementation was inferred.                                                                                                                               |
|CWD-36    |Info   |   20|Sorted the set of valid implementations for synthetic operator.                                                                                               |
|DPOPT-1   |Info   |    1|Optimizing datapath logic.                                                                                                                                    |
|DPOPT-2   |Info   |    1|Done optimizing datapath logic.                                                                                                                               |
|DPOPT-3   |Info   |   10|Implementing datapath configurations.                                                                                                                         |
|DPOPT-4   |Info   |   10|Done implementing datapath configurations.                                                                                                                    |
|DPOPT-6   |Info   |    1|Pre-processed datapath logic.                                                                                                                                 |
|DPOPT-10  |Info   |    4|Optimized a mux chain.                                                                                                                                        |
|ELAB-1    |Info   |    1|Elaborating Design.                                                                                                                                           |
|ELAB-2    |Info   |    1|Elaborating Subdesign.                                                                                                                                        |
|ELAB-3    |Info   |    1|Done Elaborating Design.                                                                                                                                      |
|GB-6      |Info   |    1|A datapath component has been ungrouped.                                                                                                                      |
|GLO-12    |Info   |  129|Replacing a flip-flop with a logic constant 0.                                                                                                                |
|          |       |     |To prevent this optimization, set the 'optimize_constant_0_flops' root attribute to 'false' or 'optimize_constant_0_seq' instance attribute to 'false'. You   |
|          |       |     | can also see the complete list of deleted sequential with command 'report sequential -deleted' (on Reason 'constant0').                                      |
|GLO-24    |Info   |   36|Replacing a dont care flip-flop with a logic constant 0.                                                                                                      |
|          |       |     |The value used to replace the flop can be set by the root attribute 'optimize_seq_x_to'.                                                                      |
|GLO-32    |Info   |    2|Deleting sequential instances not driving any primary outputs.                                                                                                |
|          |       |     |Optimizations such as constant propagation or redundancy removal could change the connections so an instance does not drive any primary outputs anymore. To   |
|          |       |     | see the list of deleted sequential, set the 'information_level' attribute to 2 or above. If the message is truncated set the message attribute 'truncate' to |
|          |       |     | false to see the complete list.                                                                                                                              |
|GLO-34    |Info   |    1|Deleting instances not driving any primary outputs.                                                                                                           |
|          |       |     |Optimizations such as constant propagation or redundancy removal could change the connections so a hierarchical instance does not drive any primary outputs   |
|          |       |     | anymore. To see the list of deleted hierarchical instances, set the 'information_level' attribute to 2 or above. If the message is truncated set the message |
|          |       |     | attribute 'truncate' to false to see the complete list. To prevent this optimization, set the 'delete_unloaded_insts' root/subdesign attribute to 'false' or |
|          |       |     | 'preserve' instance attribute to 'true'.                                                                                                                     |
|GLO-42    |Info   |   22|Equivalent sequential instances have been merged.                                                                                                             |
|          |       |     |To prevent merging of sequential instances, set the 'optimize_merge_flops' and 'optimize_merge_latches' root attributes to 'false' or the 'optimize_merge_seq'|
|          |       |     | instance attribute to 'false'.                                                                                                                               |
|GLO-45    |Info   |  126|Replacing the synchronous part of an always feeding back flip-flop with a logic constant.                                                                     |
|          |       |     |To prevent this optimization, set 'optimize_constant_feedback_seqs' root attribute to 'false'. The instance attribute 'optimize_constant_feedback_seq'        |
|          |       |     | controls this optimization.                                                                                                                                  |
|GLO-46    |Info   |    1|Combinational hierarchical instances are merged.                                                                                                              |
|LBR-3     |Info   |    1|Appending library.                                                                                                                                            |
|          |       |     |Appending libraries will overwrite some of the characteristics of the library.                                                                                |
|LBR-9     |Warning|   20|Library cell has no output pins defined.                                                                                                                      |
|          |       |     |Add the missing output pin(s)                                                                                                                                 |
|          |       |     | , then reload the library. Else the library cell will be marked as timing model i.e. unusable. Timing_model means that the cell does not have any defined    |
|          |       |     | function. If there is no output pin, Genus will mark library cell as unusable i.e. the attribute 'usable' will be marked to 'false' on the libcell.          |
|          |       |     | Therefore, the cell is not used for mapping and it will not be picked up from the library for synthesis. If you query the attribute 'unusable_reason' on the |
|          |       |     | libcell; result will be: 'Library cell has no output pins.'Note: The message LBR-9 is only for the logical pins and not for the power_ground pins. Genus will|
|          |       |     | depend upon the output function defined in the pin group (output pin) of the cell, to use it for mapping. The pg_pin will not have any function defined.     |
|LBR-40    |Info   |    3|An unsupported construct was detected in this library.                                                                                                        |
|          |       |     |Check to see if this construct is really needed for synthesis. Many liberty constructs are not actually required.                                             |
|LBR-41    |Info   |   33|An output library pin lacks a function attribute.                                                                                                             |
|          |       |     |If the remainder of this library cell's semantic checks are successful, it will be considered as a timing-model                                               |
|          |       |     | (because one of its outputs does not have a valid function.                                                                                                  |
|LBR-72    |Info   |    2|Detected an unsupported timing arc type.                                                                                                                      |
|          |       |     |Refer to 'Supported Liberty timing_type Values' in the 'Timing Analysis Guide' for more information.                                                          |
|LBR-141   |Warning|   16|Clock function definition makes cell unusable.                                                                                                                |
|          |       |     |The sequential cell cannot be inferred because its clock function is unknown.                                                                                 |
|LBR-155   |Info   |  264|Mismatch in unateness between 'timing_sense' attribute and the function.                                                                                      |
|          |       |     |The 'timing_sense' attribute will be respected.                                                                                                               |
|LBR-161   |Info   |    1|Setting the maximum print count of this message to 10 if information_level is less than 9.                                                                    |
|LBR-162   |Info   |  124|Both 'pos_unate' and 'neg_unate' timing_sense arcs have been processed.                                                                                       |
|          |       |     |Setting the 'timing_sense' to non_unate.                                                                                                                      |
|LBR-412   |Info   |    2|Created nominal operating condition.                                                                                                                          |
|          |       |     |The nominal operating condition is represented, either by the nominal PVT values specified in the library source                                              |
|          |       |     | (via nom_process,nom_voltage and nom_temperature respectively), or by the default PVT values (1.0,1.0,1.0).                                                  |
|LBR-415   |Info   |    3|Unusable library cells found at the time of loading a library.                                                                                                |
|          |       |     |For  more  information, refer to 'Cells Identified as Unusable' in the 'User Guide'. To know the reason why a cell is considered as unusable, check           |
|          |       |     | 'unusable_reason' libcell attribute.                                                                                                                         |
|LBR-518   |Info   |   49|Missing a function attribute in the output pin definition.                                                                                                    |
|PHYS-107  |Warning|   16|Duplicate macro definition.                                                                                                                                   |
|PHYS-128  |Warning|    2|Library cell pin 'use' attribute is inconsistent between lib and LEF.                                                                                         |
|          |       |     |Overriding lib value with LEF value. To use .lib as golden do: '::legacy::set_attribute use_power_ground_pin_from_lef false'.                                 |
|PHYS-129  |Info   |  119|Via with no resistance will have a value of '0.0' assigned for resistance value.                                                                              |
|          |       |     |If this is the expected behavior, this message can be ignored.                                                                                                |
|PHYS-279  |Warning|   80|Physical cell not defined in library.                                                                                                                         |
|          |       |     |Ensure that the proper library files are available and have been imported.                                                                                    |
|PHYS-752  |Info   |    1|Partition Based Synthesis execution skipped.                                                                                                                  |
|RTLOPT-30 |Info   |   15|Accepted resource sharing opportunity.                                                                                                                        |
|RTLOPT-40 |Info   |   12|Transformed datapath macro.                                                                                                                                   |
|RTLOPT-54 |Warning|  221|Use of 'parallel_case' pragma may hinder datapath resource sharing.                                                                                           |
|SYNTH-1   |Info   |    1|Synthesizing.                                                                                                                                                 |
|TIM-11    |Warning|    6|Timing problems have been detected in this design.                                                                                                            |
|          |       |     |Use 'check_timing_intent' or 'report timing -lint' to report more information.                                                                                |
|TIM-1000  |Info   |    1|Multimode clock gating check is disabled.                                                                                                                     |
|VLOGPT-37 |Warning|    1|Ignoring unsynthesizable construct.                                                                                                                           |
|          |       |     |For example, the following constructs will be ignored:
    - initial block
    - final block
    - program block
    - property block
    - sequence block
   |
|          |       |     | - covergroup
    - checker block
    - gate drive strength
    - system task enable
    - reg declaration with initial value
    - specify block.            |
|VLOGPT-692|Warning|    1|Usage of non-static tasks or functions might result in simulation-synthesis mismatch.                                                                         |
|          |       |     |Use the 'automatic' keyword for declaring functions and tasks.                                                                                                |
-----------------------------------------------------------------------------------------------------------------------------------------------------------------------------------------
Current PLE settings:

Aspect ratio        : 1.000
Shrink factor       : 1.000
Scale of res/length : 1.000
Scale of cap/length : 1.000
Net derating factor : 1.000
Thermal factor      : 0.919
Via Resistance      : 0.400 ohm (from qrc_tech_file)
Site size           : 1.910 um (from lef [tech+cell])

                                    Capacitance  
   Layer                             / Length         Data source:
 Name        Direction Utilization  (pF/micron)       qrc_tech_file
-------------------------------------------------
metal1_conn      H         0.00        0.000305  
metal2_conn      V         1.00        0.000260  
metal3_conn      H         1.00        0.000257  
metal4_conn      V         1.00        0.000260  
metal5_conn      H         1.00        0.000261  
metal6_conn      V         1.00        0.000260  
metal7_conn      H         1.00        0.000259  
metal8_conn      V         1.00        0.000257  
metal9_conn      H         1.00        0.001314  
metal10_conn     V         1.00        0.000555  
metal11_conn     H         1.00        0.000635  

                                     Resistance   
   Layer                              / Length         Data source:
 Name        Direction Utilization  (ohm/micron)       qrc_tech_file
--------------------------------------------------
metal1_conn      H         0.00         0.909621  
metal2_conn      V         1.00         0.590722  
metal3_conn      H         1.00         0.590722  
metal4_conn      V         1.00         0.590722  
metal5_conn      H         1.00         0.590722  
metal6_conn      V         1.00         0.590722  
metal7_conn      H         1.00         0.590722  
metal8_conn      V         1.00         0.195195  
metal9_conn      H         1.00         0.195195  
metal10_conn     V         1.00         0.070980  
metal11_conn     H         1.00         0.068930  

                                         Area     
   Layer                               / Length        Data source:
 Name        Direction Utilization     (micron)        lef_library
--------------------------------------------------
Metal1           H         0.00         0.060000  
Metal2           V         1.00         0.080000  
Metal3           H         1.00         0.080000  
Metal4           V         1.00         0.080000  
Metal5           H         1.00         0.080000  
Metal6           V         1.00         0.080000  
Metal7           H         1.00         0.080000  
Metal8           V         1.00         0.080000  
Metal9           H         1.00         0.080000  
Metal10          V         1.00         0.220000  
Metal11          H         1.00         0.220000  

Mapper: Libraries have:
	domain _default_: 324 combo usable cells and 128 sequential usable cells
      Mapping 'picorv32'...
        Preparing the circuit
          Pruning unused logic
Multi-threaded constant propagation [1|0] ...
Info    : A datapath component has been ungrouped. [GB-6]
        : The instance 'dec_sub_1421_51' of datapath component 'decrement_unsigned_1698_1701'.
Info    : A datapath component has been ungrouped. [GB-6]
        : The instance 'dec_sub_1845_23' of datapath component 'decrement_unsigned_1924_2312'.
Info    : A datapath component has been ungrouped. [GB-6]
        : The instance 'add_2260_63_I1_I1' of datapath component 'add_unsigned_29'.
Info    : A datapath component has been ungrouped. [GB-6]
        : The instance 'addinc_ADD_UNS_OP_2' of datapath component 'add_unsigned_carry_411'.
Info    : A datapath component has been ungrouped. [GB-6]
        : The instance 'dec_sub_2294_31' of datapath component 'decrement_unsigned_312_785'.
Info    : A datapath component has been ungrouped. [GB-6]
        : The instance 'gte_1830_34' of datapath component 'geq_unsigned_809_rtlopto_model_2313'.
Info    : A datapath component has been ungrouped. [GB-6]
        : The instance 'sub_1837_23' of datapath component 'sub_unsigned_801'.
Info    : A datapath component has been ungrouped. [GB-6]
        : The instance 'addinc_add_2260_63_I1_I2' of datapath component 'add_unsigned_carry'.
Info    : A datapath component has been ungrouped. [GB-6]
        : The instance 'addinc_add_2260_63_I1_I3' of datapath component 'add_unsigned_carry'.
Info    : A datapath component has been ungrouped. [GB-6]
        : The instance 'addinc_add_2260_63_I1_I4' of datapath component 'add_unsigned_carry'.
Info    : A datapath component has been ungrouped. [GB-6]
        : The instance 'addinc_add_2260_63_I1_I5' of datapath component 'add_unsigned_carry'.
Info    : A datapath component has been ungrouped. [GB-6]
        : The instance 'addinc_add_2260_63_I1_I6' of datapath component 'add_unsigned_carry'.
Info    : A datapath component has been ungrouped. [GB-6]
        : The instance 'addinc_add_2260_63_I1_I7' of datapath component 'add_unsigned_carry'.
Info    : A datapath component has been ungrouped. [GB-6]
        : The instance 'addinc_add_2260_63_I1_I8' of datapath component 'add_unsigned_carry'.
Info    : A datapath component has been ungrouped. [GB-6]
        : The instance 'addinc_add_2260_63_I1_I9' of datapath component 'add_unsigned_carry'.
Info    : A datapath component has been ungrouped. [GB-6]
        : The instance 'addinc_add_2260_63_I1_I10' of datapath component 'add_unsigned_carry'.
Info    : A datapath component has been ungrouped. [GB-6]
        : The instance 'addinc_add_2260_63_I1_I11' of datapath component 'add_unsigned_carry'.
Info    : A datapath component has been ungrouped. [GB-6]
        : The instance 'addinc_add_2260_63_I1_I12' of datapath component 'add_unsigned_carry'.
Info    : A datapath component has been ungrouped. [GB-6]
        : The instance 'addinc_add_2260_63_I1_I13' of datapath component 'add_unsigned_carry'.
Info    : A datapath component has been ungrouped. [GB-6]
        : The instance 'addinc_add_2260_63_I1_I14' of datapath component 'add_unsigned_carry'.
Warning : Maximum message print count reached. [MESG-11]
        : Maximum print count of '21' reached for message 'GB-6'.
Info    : Hierarchical instance automatically ungrouped. [GLO-51]
        : Instance 'lt_1237_31' in module 'picorv32' would be automatically ungrouped.
        : Hierarchical instances can be automatically ungrouped to allow for better area or timing optimization. To prevent this ungroup, set the root-level attribute 'auto_ungroup' to 'none'. You can also prevent individual ungroup with setting the attribute 'ungroup_ok' of instances or modules to 'false'.
Info    : Hierarchical instance automatically ungrouped. [GLO-51]
        : Instance 'lt_1238_22' in module 'picorv32' would be automatically ungrouped.
          There are 2 hierarchical instances automatically ungrouped.
          Analyzing hierarchical boundaries
          Aggressive hierarchical optimization: disabled
          Propagating constants
        Done preparing the circuit
          Structuring (delay-based) picorv32...
          Done structuring (delay-based) picorv32
Multi-threaded Virtual Mapping    (2 threads per ST process, 2 of 24 CPUs usable)
          Structuring (delay-based) cdec_600...
            Starting partial collapsing  cdec_600
            Finished partial collapsing.
          Done structuring (delay-based) cdec_600
        Mapping component cdec_600...
          Structuring (delay-based) cdec...
            Starting partial collapsing  cdec
            Finished partial collapsing.
          Done structuring (delay-based) cdec
        Mapping component cdec...
          Structuring (delay-based) logic partition in picorv32...
            Starting partial collapsing  cb_part
            Finished partial collapsing.
            Starting redundancy-removal...
            Finished redundancy-removal...
          Done structuring (delay-based) logic partition in picorv32
        Mapping logic partition in picorv32...
          Structuring (delay-based) cmux...
          Done structuring (delay-based) cmux
        Mapping component cmux...
          Structuring (delay-based) cmux_598...
          Done structuring (delay-based) cmux_598
        Mapping component cmux_598...
          Structuring (delay-based) cb_oseq...
            Starting partial collapsing (xors only) cb_oseq
            Finished partial collapsing.
            Starting partial collapsing  cb_oseq
            Finished partial collapsing.
            Starting redundancy-removal...
            Finished redundancy-removal...
            Starting redundancy-removal...
            Finished redundancy-removal...
          Done structuring (delay-based) cb_oseq
        Mapping component cb_oseq...
          Structuring (delay-based) addsub_unsigned_865...
            Starting partial collapsing (xors only) addsub_unsigned_865
            Finished partial collapsing.
            Starting partial collapsing  addsub_unsigned_865
            Finished partial collapsing.
          Done structuring (delay-based) addsub_unsigned_865
        Mapping component addsub_unsigned_865...
          Structuring (delay-based) add_unsigned_145_10...
            Starting partial collapsing (xors only) add_unsigned_145_10
            Finished partial collapsing.
            Starting partial collapsing  add_unsigned_145_10
            Finished partial collapsing.
          Done structuring (delay-based) add_unsigned_145_10
        Mapping component add_unsigned_145_10...
          Structuring (delay-based) add_unsigned_1407_964...
            Starting partial collapsing (xors only) add_unsigned_1407_964
            Finished partial collapsing.
            Starting partial collapsing  add_unsigned_1407_964
            Finished partial collapsing.
          Done structuring (delay-based) add_unsigned_1407_964
        Mapping component add_unsigned_1407_964...
          Structuring (delay-based) increment_unsigned_838_1300...
            Starting partial collapsing (xors only) increment_unsigned_838_1300
            Finished partial collapsing.
            Starting partial collapsing  increment_unsigned_838_1300
            Finished partial collapsing.
            Starting redundancy-removal...
            Finished redundancy-removal...
          Done structuring (delay-based) increment_unsigned_838_1300
        Mapping component increment_unsigned_838_1300...
          Structuring (delay-based) increment_unsigned_838_1628...
            Starting partial collapsing (xors only) increment_unsigned_838_1628
            Finished partial collapsing.
            Starting partial collapsing  increment_unsigned_838_1628
            Finished partial collapsing.
            Starting redundancy-removal...
            Finished redundancy-removal...
          Done structuring (delay-based) increment_unsigned_838_1628
        Mapping component increment_unsigned_838_1628...
          Structuring (delay-based) add_unsigned_1373...
            Starting partial collapsing (xors only) add_unsigned_1373
            Finished partial collapsing.
            Starting partial collapsing  add_unsigned_1373
            Finished partial collapsing.
            Starting redundancy-removal...
            Finished redundancy-removal...
            Starting redundancy-removal...
            Finished redundancy-removal...
          Done structuring (delay-based) add_unsigned_1373
        Mapping component add_unsigned_1373...
          Structuring (delay-based) cb_part_3503...
            Starting partial collapsing (xors only) cb_part_3503
            Finished partial collapsing.
            Starting partial collapsing  cb_part_3503
            Finished partial collapsing.
            Starting redundancy-removal...
            Finished redundancy-removal...
            Starting redundancy-removal...
            Finished redundancy-removal...
          Done structuring (delay-based) cb_part_3503
        Mapping component cb_part_3503...
          Structuring (delay-based) cb_seq...
          Done structuring (delay-based) cb_seq
        Mapping component cb_seq...
          Structuring (delay-based) add_unsigned_1407...
            Starting partial collapsing (xors only) add_unsigned_1407
            Finished partial collapsing.
            Starting partial collapsing  add_unsigned_1407
            Finished partial collapsing.
            Starting redundancy-removal...
            Finished redundancy-removal...
            Starting redundancy-removal...
            Finished redundancy-removal...
          Done structuring (delay-based) add_unsigned_1407
        Mapping component add_unsigned_1407...
          Structuring (delay-based) cb_seq_3501...
          Done structuring (delay-based) cb_seq_3501
        Mapping component cb_seq_3501...
==================================
Stage : first_condense 
==================================
  =================
   Message Summary
  =================
-----------------------------------------------------------------------------------------------------------------------------------------------------------------------------------------
|  Id  |Sev |Count|                                                                            Message Text                                                                             |
-----------------------------------------------------------------------------------------------------------------------------------------------------------------------------------------
|GB-6  |Info|   21|A datapath component has been ungrouped.                                                                                                                             |
|GLO-51|Info|    2|Hierarchical instance automatically ungrouped.                                                                                                                       |
|      |    |     |Hierarchical instances can be automatically ungrouped to allow for better area or timing optimization. To prevent this ungroup, set the root-level attribute         |
|      |    |     | 'auto_ungroup' to 'none'. You can also prevent individual ungroup with setting the attribute 'ungroup_ok' of instances or modules to 'false'.                       |
-----------------------------------------------------------------------------------------------------------------------------------------------------------------------------------------
 
Global mapping target info
==========================
Cost Group 'C2O' target slack:   112 ps
Target path end-point (Port: picorv32/mem_la_addr[6])

            Pin                        Type          Fanout Load Arrival   
                                                            (fF)   (ps)    
---------------------------------------------------------------------------
(clock myclock)              <<<  launch                               0 R 
cb_seqi
  mem_do_rinst_reg/clk                                                     
  mem_do_rinst_reg/q         (u)  unmapped_d_flop         5  5.5           
cb_seqi/g24034_in_1 
cb_parti25607/cb_seqi_g24034_in_1 
  g24034/in_1                                                              
  g24034/z                   (u)  unmapped_or2           34 37.4           
  g50173/in_0                                                              
  g50173/z                   (u)  unmapped_nand2         30 30.0           
  g49950/in_0                                                              
  g49950/z                   (u)  unmapped_complex2       1  1.0           
  g49529/in_1                                                              
  g49529/z                   (u)  unmapped_nand2          1  1.1           
  g49165/in_1                                                              
  g49165/z                   (u)  unmapped_complex2       2 53.5           
cb_parti25607/mem_la_addr[4] 
mem_la_addr[6]               <<<  interconnect                             
                                  out port                                 
(picorv32.sdc_line_24_197_1)      ext delay                                
- - - - - - - - - - - - - - - - - - - - - - - - - - - - - - - - - - - - - -
(clock myclock)                   capture                           4000 R 
                                  uncertainty                              
---------------------------------------------------------------------------
Cost Group   : 'C2O' (path_group 'C2O_nom')
Start-point  : cb_seqi/mem_do_rinst_reg/clk
End-point    : mem_la_addr[6]

(u) : Net has unmapped pin(s).

The global mapper estimates a slack for this path of 3189ps.
 
Cost Group 'I2O' target slack:   109 ps
Target path end-point (Port: picorv32/mem_la_write)

            Pin                        Type          Fanout Load Arrival   
                                                            (fF)   (ps)    
---------------------------------------------------------------------------
(clock myclock)              <<<  launch                               0 R 
(picorv32.sdc_line_18)            ext delay                                
resetn                       (u)  in port               304 19.8           
cb_parti25607/resetn 
  g50998/in_1                                                              
  g50998/z                   (u)  unmapped_complex2       1 52.4           
cb_parti25607/mem_la_write 
mem_la_write                 <<<  interconnect                             
                                  out port                                 
(picorv32.sdc_line_24_171_1)      ext delay                                
- - - - - - - - - - - - - - - - - - - - - - - - - - - - - - - - - - - - - -
(clock myclock)                   capture                           4000 R 
                                  uncertainty                              
---------------------------------------------------------------------------
Cost Group   : 'I2O' (path_group 'I2O_nom')
Start-point  : resetn
End-point    : mem_la_write

(u) : Net has unmapped pin(s).

The global mapper estimates a slack for this path of 3614ps.
 
Cost Group 'C2C' target slack:   116 ps
Target path end-point (Pin: reg_op1_reg[31]/d)

          Pin                      Type          Fanout Load Arrival   
                                                        (fF)   (ps)    
-----------------------------------------------------------------------
(clock myclock)          <<<  launch                               0 R 
cb_seqi
  decoded_imm_reg[0]/clk                                               
  decoded_imm_reg[0]/q   (u)  unmapped_d_flop         6  6.0           
cb_seqi/add_1864_26_B[0] 
add_1864_26/B[0] 
  g2/in_1                                                              
  g2/z                   (u)  unmapped_nand2          3  3.3           
  g1627/in_1                                                           
  g1627/z                (u)  unmapped_complex2       1  1.1           
  g1589/in_0                                                           
  g1589/z                (u)  unmapped_nand2          3  3.0           
  g1588/in_1                                                           
  g1588/z                (u)  unmapped_nand2          1  1.1           
  g1578/in_0                                                           
  g1578/z                (u)  unmapped_nand2          3  3.0           
  g1573/in_1                                                           
  g1573/z                (u)  unmapped_nand2          1  1.1           
  g1571/in_0                                                           
  g1571/z                (u)  unmapped_nand2          3  3.0           
  g1565/in_1                                                           
  g1565/z                (u)  unmapped_nand2          1  1.1           
  g1564/in_1                                                           
  g1564/z                (u)  unmapped_nand2          3  3.0           
  g1563/in_0                                                           
  g1563/z                (u)  unmapped_nand2          1  1.1           
  g1559/in_0                                                           
  g1559/z                (u)  unmapped_nand2          3  3.0           
  g1555/in_1                                                           
  g1555/z                (u)  unmapped_nand2          1  1.1           
  g1554/in_0                                                           
  g1554/z                (u)  unmapped_nand2          3  3.0           
  g1553/in_1                                                           
  g1553/z                (u)  unmapped_nand2          1  1.1           
  g1549/in_0                                                           
  g1549/z                (u)  unmapped_nand2          4  4.0           
  g1548/in_0                                                           
  g1548/z                (u)  unmapped_complex2       1  1.1           
  g1542/in_1                                                           
  g1542/z                (u)  unmapped_complex2       3  3.0           
  g1535/in_1                                                           
  g1535/z                (u)  unmapped_nand2          1  1.1           
  g1534/in_1                                                           
  g1534/z                (u)  unmapped_nand2          3  3.0           
  g1533/in_0                                                           
  g1533/z                (u)  unmapped_nand2          1  1.1           
  g1529/in_0                                                           
  g1529/z                (u)  unmapped_nand2          4  4.0           
  g1528/in_1                                                           
  g1528/z                (u)  unmapped_complex2       1  1.1           
  g1523/in_1                                                           
  g1523/z                (u)  unmapped_complex2       3  3.0           
  g1521/in_1                                                           
  g1521/z                (u)  unmapped_nand2          1  1.1           
  g1514/in_1                                                           
  g1514/z                (u)  unmapped_nand2          3  3.0           
  g1510/in_0                                                           
  g1510/z                (u)  unmapped_nand2          1  1.1           
  g1509/in_0                                                           
  g1509/z                (u)  unmapped_nand2          5  5.0           
  g1504/in_1                                                           
  g1504/z                (u)  unmapped_complex2       1  1.1           
  g1502/in_1                                                           
  g1502/z                (u)  unmapped_complex2       4  4.0           
  g1489/in_0                                                           
  g1489/z                (u)  unmapped_complex2       1  1.1           
  g1487/in_1                                                           
  g1487/z                (u)  unmapped_complex2       3  3.0           
  g1484/in_1                                                           
  g1484/z                (u)  unmapped_nand2          1  1.1           
  g1474/in_1                                                           
  g1474/z                (u)  unmapped_nand2          3  3.0           
  g1470/in_0                                                           
  g1470/z                (u)  unmapped_nand2          1  1.1           
  g1469/in_1                                                           
  g1469/z                (u)  unmapped_nand2          5  5.0           
  g1468/in_1                                                           
  g1468/z                (u)  unmapped_complex2       1  1.1           
  g1461/in_1                                                           
  g1461/z                (u)  unmapped_complex2       4  4.0           
  g1455/in_1                                                           
  g1455/z                (u)  unmapped_complex2       1  1.1           
  g1445/in_1                                                           
  g1445/z                (u)  unmapped_complex2       3  3.0           
  g1435/in_0                                                           
  g1435/z                (u)  unmapped_nand2          1  1.1           
  g1434/in_1                                                           
  g1434/z                (u)  unmapped_nand2          2  2.0           
  g1432/in_0                                                           
  g1432/z                (u)  unmapped_or2            1  1.0           
  g1433/in_1                                                           
  g1433/z                (u)  unmapped_nand2          1  1.1           
add_1864_26/Z[31] 
cb_parti25607/add_1864_26_Z[31] 
  g45253/in_1                                                          
  g45253/z               (u)  unmapped_complex2       1  1.0           
  g44998/in_0                                                          
  g44998/z               (u)  unmapped_nand2          1  1.1           
  g44474/in_1                                                          
  g44474/z               (u)  unmapped_or2            1  1.1           
  g44406/in_1                                                          
  g44406/z               (u)  unmapped_or2            1  1.1           
  g44397/in_1                                                          
  g44397/z               (u)  unmapped_complex2       1  1.1           
cb_parti25607/cb_seqi_g8870_g14820_z 
cb_seqi/g8870_g14820_z 
  reg_op1_reg[31]/d      <<<  unmapped_d_flop                          
  reg_op1_reg[31]/clk         setup                                    
- - - - - - - - - - - - - - - - - - - - - - - - - - - - - - - - - - - -
(clock myclock)               capture                           4000 R 
                              uncertainty                              
-----------------------------------------------------------------------
Cost Group   : 'C2C' (path_group 'C2C_nom')
Start-point  : cb_seqi/decoded_imm_reg[0]/clk
End-point    : cb_seqi/reg_op1_reg[31]/d

(u) : Net has unmapped pin(s).

The global mapper estimates a slack for this path of 2712ps.
 
Cost Group 'I2C' target slack:   116 ps
Target path end-point (Pin: cpu_state_reg[6]/d)

           Pin                       Type          Fanout Load Arrival   
                                                          (fF)   (ps)    
-------------------------------------------------------------------------
(clock myclock)            <<<  launch                               0 R 
(picorv32.sdc_line_18_1_1)      ext delay                                
mem_ready                  (u)  in port                 2  2.2           
cb_parti25607/mem_ready 
  g50897/in_1                                                            
  g50897/z                 (u)  unmapped_nand2         23 23.0           
  g49336/in_1                                                            
  g49336/z                 (u)  unmapped_or2            1  1.0           
  g49098/in_1                                                            
  g49098/z                 (u)  unmapped_nand2          1  1.1           
  g49004/in_0                                                            
  g49004/z                 (u)  unmapped_nand2          5  5.0           
  g48782/in_0                                                            
  g48782/z                 (u)  unmapped_or2            2  2.0           
  g48525/in_1                                                            
  g48525/z                 (u)  unmapped_complex2       2  2.0           
  g48455/in_1                                                            
  g48455/z                 (u)  unmapped_nand2          1  1.1           
  g48397/in_1                                                            
  g48397/z                 (u)  unmapped_complex2       1  1.1           
  g48317/in_1                                                            
  g48317/z                 (u)  unmapped_complex2       1  1.1           
  g44750/in_1                                                            
  g44750/z                 (u)  unmapped_or2            1  1.1           
  g44730/in_1                                                            
  g44730/z                 (u)  unmapped_complex2       1  1.1           
  g44688/in_0                                                            
  g44688/z                 (u)  unmapped_complex2       1  1.1           
  g44625/in_1                                                            
  g44625/z                 (u)  unmapped_complex2       1  1.1           
  g44613/in_0                                                            
  g44613/z                 (u)  unmapped_complex2       2  2.2           
  g44561/in_1                                                            
  g44561/z                 (u)  unmapped_nand2          1  1.0           
  g44518/in_0                                                            
  g44518/z                 (u)  unmapped_complex2       1  1.0           
  g44511/in_0                                                            
  g44511/z                 (u)  unmapped_complex2       5  5.0           
  g44456/in_1                                                            
  g44456/z                 (u)  unmapped_complex2       5  5.0           
  g44410/in_1                                                            
  g44410/z                 (u)  unmapped_or2            1  1.0           
  g44402/in_1                                                            
  g44402/z                 (u)  unmapped_nand2          1  1.1           
  g44387/in_1                                                            
  g44387/z                 (u)  unmapped_complex2       1  1.1           
  g44384/in_0                                                            
  g44384/z                 (u)  unmapped_complex2       1  1.1           
cb_parti25607/cb_seqi_g6581_g14751_z 
cb_seqi/g6581_g14751_z 
  cpu_state_reg[6]/d       <<<  unmapped_d_flop                          
  cpu_state_reg[6]/clk          setup                                    
- - - - - - - - - - - - - - - - - - - - - - - - - - - - - - - - - - - - -
(clock myclock)                 capture                           4000 R 
                                uncertainty                              
-------------------------------------------------------------------------
Cost Group   : 'I2C' (path_group 'I2C_nom')
Start-point  : mem_ready
End-point    : cb_seqi/cpu_state_reg[6]/d

(u) : Net has unmapped pin(s).

The global mapper estimates a slack for this path of 3478ps.
 
          Performing post-condense optimization ...

Info    : Hierarchical instance automatically ungrouped. [GLO-51]
        : Instance 'genblk1.pcpi_mul' in module 'picorv32' would be automatically ungrouped.
          There are 1 hierarchical instances automatically ungrouped.

State Retention Synthesis Status
================================

Category                        Flops   Percentage
--------------------------------------------------
Total instances                  1850        100.0
Excluded from State Retention    1850        100.0
    - Will not convert           1850        100.0
      - Preserved                   0          0.0
      - Power intent excluded    1850        100.0
    - Could not convert             0          0.0
      - Scan type                   0          0.0
      - No suitable cell            0          0.0
State Retention instances           0          0.0
--------------------------------------------------

        Computing net loads.
PBS_Generic_Opt-Post - Elapsed_Time 33, CPU_Time 33.031939
stamp 'PBS_Generic_Opt-Post' being created for table 'pbs_debug'

  Total Time (Wall) |  Stage Time (Wall)  |   % (Wall)   |    Date - Time     |  Memory   | Stage
--------------------+---------------------+--------------+--------------------+-----------+----------------------
 00:00:10(00:00:56) |  00:00:00(00:00:00) |   0.0(  0.0) |   19:18:33 (Apr13) |  584.0 MB | PBS_Generic-Start
--------------------+---------------------+--------------+--------------------+-----------+----------------------
 00:00:43(00:01:29) |  00:00:33(00:00:33) | 100.0(100.0) |   19:19:06 (Apr13) |   1.08 GB | PBS_Generic_Opt-Post
--------------------+---------------------+--------------+--------------------+-----------+----------------------
Number of threads: 2 * 1   (id: pbs_debug, time_info v1.57)
Info: (*N*) indicates data that was populated from previously saved time_info database
Info: CPU time includes time of parent + longest thread
        Computing net loads.
PBS_Generic-Postgen HBO Optimizations - Elapsed_Time 0, CPU_Time 1.0
stamp 'PBS_Generic-Postgen HBO Optimizations' being created for table 'pbs_debug'

  Total Time (Wall) |  Stage Time (Wall)  |   % (Wall)   |    Date - Time     |  Memory   | Stage
--------------------+---------------------+--------------+--------------------+-----------+----------------------
 00:00:10(00:00:56) |  00:00:00(00:00:00) |   0.0(  0.0) |   19:18:33 (Apr13) |  584.0 MB | PBS_Generic-Start
--------------------+---------------------+--------------+--------------------+-----------+----------------------
 00:00:43(00:01:29) |  00:00:33(00:00:33) |  97.1(100.0) |   19:19:06 (Apr13) |   1.08 GB | PBS_Generic_Opt-Post
--------------------+---------------------+--------------+--------------------+-----------+----------------------
 00:00:44(00:01:29) |  00:00:01(00:00:00) |   2.9(  0.0) |   19:19:06 (Apr13) |   1.08 GB | PBS_Generic-Postgen HBO Optimizations
--------------------+---------------------+--------------+--------------------+-----------+----------------------
Number of threads: 2 * 1   (id: pbs_debug, time_info v1.57)
Info: (*N*) indicates data that was populated from previously saved time_info database
Info: CPU time includes time of parent + longest thread
##>=================== Cadence Confidential (Generic-Logical) ===================
##>=================== Cadence Confidential (Generic-Logical) ===================
##>Main Thread Summary:
##>----------------------------------------------------------------------------------------
##>STEP                           Elapsed       WNS       TNS     Insts      Area    Memory
##>----------------------------------------------------------------------------------------
##>G:Initial                            1         -         -      9991     49238       584
##>G:Setup                              0         -         -         -         -         -
##>G:Early Clock Gating                 0         -         -         -         -         -
##>G:Launch ST                          0         -         -         -         -         -
##>G:Design Partition                   0         -         -         -         -         -
##>G:Create Partition Netlists          0         -         -         -         -         -
##>G:Init Power                         0         -         -         -         -         -
##>G:Budgeting                          0         -         -         -         -         -
##>G:Derenv-DB                          0         -         -         -         -         -
##>G:Debug Outputs                      0         -         -         -         -         -
##>G:ST loading                         0         -         -         -         -         -
##>G:Distributed                        0         -         -         -         -         -
##>G:Timer                              0         -         -         -         -         -
##>G:Assembly                           0         -         -         -         -         -
##>G:DFT                                0         -         -         -         -         -
##>G:Const Prop                         0         -         -     14751     53350      1081
##>G:PostGen Opt                        0         -         -     14751     53350      1081
##>G:Early Clock Gating Cleanup         0         -         -         -         -         -
##>G:Misc                              33
##>----------------------------------------------------------------------------------------
##>Total Elapsed                       34
##>========================================================================================
Info    : Done synthesizing. [SYNTH-2]
        : Done synthesizing 'picorv32' to generic gates.
        Computing net loads.
      flow.cputime  flow.realtime  timing.setup.tns  timing.setup.wns  snapshot
UM:*                                                                   syn_gen
@file(synth2.tcl) 54: puts "Runtime & Memory after 'syn_generic'"
Runtime & Memory after 'syn_generic'
@file(synth2.tcl) 55: time_info GENERIC
stamp 'GENERIC' being created for table 'default'

  Total Time (Wall) |  Stage Time (Wall)  |   % (Wall)   |    Date - Time     |  Memory   | Stage
--------------------+---------------------+--------------+--------------------+-----------+----------------------
 00:00:03(00:00:00) |  00:00:00(00:00:00) |   0.0(  0.0) |   19:17:37 (Apr13) |  216.9 MB | init
--------------------+---------------------+--------------+--------------------+-----------+----------------------
 00:00:09(00:00:42) |  00:00:06(00:00:42) |  14.3( 46.7) |   19:18:19 (Apr13) |  563.6 MB | Elaboration
--------------------+---------------------+--------------+--------------------+-----------+----------------------
 00:00:44(00:01:30) |  00:00:35(00:00:48) |  85.7( 53.3) |   19:19:07 (Apr13) |   1.08 GB | GENERIC
--------------------+---------------------+--------------+--------------------+-----------+----------------------
Number of threads: 2 * 1   (id: default, time_info v1.57)
Info: (*N*) indicates data that was populated from previously saved time_info database
Info: CPU time includes time of parent + longest thread
@file(synth2.tcl) 63: set_db / .syn_map_effort $MAP_OPT_EFF
  Setting attribute of root '/': 'syn_map_effort' = high
@file(synth2.tcl) 64: syn_map
#--------------------------------------------------------------------------
# Root attributes for category: opt
#--------------------------------------------------------------------------
# Feature                           | Attribute                | Value  
#--------------------------------------------------------------------------
# Net area optimization             | optimize_net_area        | true   
# Power optimization effort         | design_power_effort      | none   
# Do not use qbar sequential pins   | dont_use_qbar_seq_pins   | false  
#--------------------------------------------------------------------------

##Generic Timing Info for library domain: _default_ typical gate delay: 36.9 ps std_slew: 5.4 ps std_load: 1.0 fF
Mapping ChipWare ICG instances in picorv32
Found 0 unmapped ChipWare ICG instances
Mapped 0 of 0 ChipWare ICG instances
Current PLE settings:

Aspect ratio        : 1.000
Shrink factor       : 1.000
Scale of res/length : 1.000
Scale of cap/length : 1.000
Net derating factor : 1.000
Thermal factor      : 0.919
Via Resistance      : 0.400 ohm (from qrc_tech_file)
Site size           : 1.910 um (from lef [tech+cell])

                                    Capacitance  
   Layer                             / Length         Data source:
 Name        Direction Utilization  (pF/micron)       qrc_tech_file
-------------------------------------------------
metal1_conn      H         0.00        0.000305  
metal2_conn      V         1.00        0.000260  
metal3_conn      H         1.00        0.000257  
metal4_conn      V         1.00        0.000260  
metal5_conn      H         1.00        0.000261  
metal6_conn      V         1.00        0.000260  
metal7_conn      H         1.00        0.000259  
metal8_conn      V         1.00        0.000257  
metal9_conn      H         1.00        0.001314  
metal10_conn     V         1.00        0.000555  
metal11_conn     H         1.00        0.000635  

                                     Resistance   
   Layer                              / Length         Data source:
 Name        Direction Utilization  (ohm/micron)       qrc_tech_file
--------------------------------------------------
metal1_conn      H         0.00         0.909621  
metal2_conn      V         1.00         0.590722  
metal3_conn      H         1.00         0.590722  
metal4_conn      V         1.00         0.590722  
metal5_conn      H         1.00         0.590722  
metal6_conn      V         1.00         0.590722  
metal7_conn      H         1.00         0.590722  
metal8_conn      V         1.00         0.195195  
metal9_conn      H         1.00         0.195195  
metal10_conn     V         1.00         0.070980  
metal11_conn     H         1.00         0.068930  

                                         Area     
   Layer                               / Length        Data source:
 Name        Direction Utilization     (micron)        lef_library
--------------------------------------------------
Metal1           H         0.00         0.060000  
Metal2           V         1.00         0.080000  
Metal3           H         1.00         0.080000  
Metal4           V         1.00         0.080000  
Metal5           H         1.00         0.080000  
Metal6           V         1.00         0.080000  
Metal7           H         1.00         0.080000  
Metal8           V         1.00         0.080000  
Metal9           H         1.00         0.080000  
Metal10          V         1.00         0.220000  
Metal11          H         1.00         0.220000  

Info    : Mapping. [SYNTH-4]
        : Mapping 'picorv32' using 'high' effort.
Mapper: Libraries have:
	domain _default_: 324 combo usable cells and 128 sequential usable cells
PBS_TechMap-Start - Elapsed_Time 0, CPU_Time 0.0
stamp 'PBS_TechMap-Start' being created for table 'pbs_debug'

  Total Time (Wall) |  Stage Time (Wall)  |   % (Wall)   |    Date - Time     |  Memory   | Stage
--------------------+---------------------+--------------+--------------------+-----------+----------------------
 00:00:10(00:00:56) |  00:00:00(00:00:00) |   0.0(  0.0) |   19:18:33 (Apr13) |  584.0 MB | PBS_Generic-Start
--------------------+---------------------+--------------+--------------------+-----------+----------------------
 00:00:43(00:01:29) |  00:00:33(00:00:33) |  97.1( 97.1) |   19:19:06 (Apr13) |   1.08 GB | PBS_Generic_Opt-Post
--------------------+---------------------+--------------+--------------------+-----------+----------------------
 00:00:44(00:01:29) |  00:00:01(00:00:00) |   2.9(  0.0) |   19:19:06 (Apr13) |   1.08 GB | PBS_Generic-Postgen HBO Optimizations
--------------------+---------------------+--------------+--------------------+-----------+----------------------
 00:00:44(00:01:30) |  00:00:00(00:00:01) |   0.0(  2.9) |   19:19:07 (Apr13) |   1.08 GB | PBS_TechMap-Start
--------------------+---------------------+--------------+--------------------+-----------+----------------------
Number of threads: 2 * 1   (id: pbs_debug, time_info v1.57)
Info: (*N*) indicates data that was populated from previously saved time_info database
Info: CPU time includes time of parent + longest thread
        Computing net loads.
PBS_TechMap-Premap HBO Optimizations - Elapsed_Time 0, CPU_Time 0.0
stamp 'PBS_TechMap-Premap HBO Optimizations' being created for table 'pbs_debug'

  Total Time (Wall) |  Stage Time (Wall)  |   % (Wall)   |    Date - Time     |  Memory   | Stage
--------------------+---------------------+--------------+--------------------+-----------+----------------------
 00:00:10(00:00:56) |  00:00:00(00:00:00) |   0.0(  0.0) |   19:18:33 (Apr13) |  584.0 MB | PBS_Generic-Start
--------------------+---------------------+--------------+--------------------+-----------+----------------------
 00:00:43(00:01:29) |  00:00:33(00:00:33) |  97.1( 97.1) |   19:19:06 (Apr13) |   1.08 GB | PBS_Generic_Opt-Post
--------------------+---------------------+--------------+--------------------+-----------+----------------------
 00:00:44(00:01:29) |  00:00:01(00:00:00) |   2.9(  0.0) |   19:19:06 (Apr13) |   1.08 GB | PBS_Generic-Postgen HBO Optimizations
--------------------+---------------------+--------------+--------------------+-----------+----------------------
 00:00:44(00:01:30) |  00:00:00(00:00:01) |   0.0(  2.9) |   19:19:07 (Apr13) |   1.08 GB | PBS_TechMap-Start
--------------------+---------------------+--------------+--------------------+-----------+----------------------
 00:00:44(00:01:30) |  00:00:00(00:00:00) |   0.0(  0.0) |   19:19:07 (Apr13) |   1.08 GB | PBS_TechMap-Premap HBO Optimizations
--------------------+---------------------+--------------+--------------------+-----------+----------------------
Number of threads: 2 * 1   (id: pbs_debug, time_info v1.57)
Info: (*N*) indicates data that was populated from previously saved time_info database
Info: CPU time includes time of parent + longest thread
Info    : Partition Based Synthesis execution skipped. [PHYS-752]
        : Design size is less than the partition size '100000' for distributed mapping optimization to kick in.
Current PLE settings:

Aspect ratio        : 1.000
Shrink factor       : 1.000
Scale of res/length : 1.000
Scale of cap/length : 1.000
Net derating factor : 1.000
Thermal factor      : 0.919
Via Resistance      : 0.400 ohm (from qrc_tech_file)
Site size           : 1.910 um (from lef [tech+cell])

                                    Capacitance  
   Layer                             / Length         Data source:
 Name        Direction Utilization  (pF/micron)       qrc_tech_file
-------------------------------------------------
metal1_conn      H         0.00        0.000305  
metal2_conn      V         1.00        0.000260  
metal3_conn      H         1.00        0.000257  
metal4_conn      V         1.00        0.000260  
metal5_conn      H         1.00        0.000261  
metal6_conn      V         1.00        0.000260  
metal7_conn      H         1.00        0.000259  
metal8_conn      V         1.00        0.000257  
metal9_conn      H         1.00        0.001314  
metal10_conn     V         1.00        0.000555  
metal11_conn     H         1.00        0.000635  

                                     Resistance   
   Layer                              / Length         Data source:
 Name        Direction Utilization  (ohm/micron)       qrc_tech_file
--------------------------------------------------
metal1_conn      H         0.00         0.909621  
metal2_conn      V         1.00         0.590722  
metal3_conn      H         1.00         0.590722  
metal4_conn      V         1.00         0.590722  
metal5_conn      H         1.00         0.590722  
metal6_conn      V         1.00         0.590722  
metal7_conn      H         1.00         0.590722  
metal8_conn      V         1.00         0.195195  
metal9_conn      H         1.00         0.195195  
metal10_conn     V         1.00         0.070980  
metal11_conn     H         1.00         0.068930  

                                         Area     
   Layer                               / Length        Data source:
 Name        Direction Utilization     (micron)        lef_library
--------------------------------------------------
Metal1           H         0.00         0.060000  
Metal2           V         1.00         0.080000  
Metal3           H         1.00         0.080000  
Metal4           V         1.00         0.080000  
Metal5           H         1.00         0.080000  
Metal6           V         1.00         0.080000  
Metal7           H         1.00         0.080000  
Metal8           V         1.00         0.080000  
Metal9           H         1.00         0.080000  
Metal10          V         1.00         0.220000  
Metal11          H         1.00         0.220000  

              Enable datapath components refolding ...
Mapper: Libraries have:
	domain _default_: 324 combo usable cells and 128 sequential usable cells
      Mapping 'picorv32'...
        Preparing the circuit
          Pruning unused logic
          Analyzing hierarchical boundaries
          Aggressive hierarchical optimization: disabled
          Propagating constants
        Done preparing the circuit
          Structuring (delay-based) picorv32...
          Done structuring (delay-based) picorv32
Multi-threaded Virtual Mapping    (2 threads per ST process, 2 of 24 CPUs usable)
          Structuring (delay-based) cdec_600...
          Done structuring (delay-based) cdec_600
        Mapping component cdec_600...
          Structuring (delay-based) cdec...
          Done structuring (delay-based) cdec
        Mapping component cdec...
          Structuring (delay-based) logic partition in picorv32...
            Starting redundancy-removal...
            Finished redundancy-removal...
          Done structuring (delay-based) logic partition in picorv32
        Mapping logic partition in picorv32...
          Structuring (delay-based) cmux...
          Done structuring (delay-based) cmux
        Mapping component cmux...
          Structuring (delay-based) cmux_598...
          Done structuring (delay-based) cmux_598
        Mapping component cmux_598...
          Structuring (delay-based) addsub_unsigned_865...
          Done structuring (delay-based) addsub_unsigned_865
        Mapping component addsub_unsigned_865...
          Structuring (delay-based) increment_unsigned_838_1300...
          Done structuring (delay-based) increment_unsigned_838_1300
        Mapping component increment_unsigned_838_1300...
          Structuring (delay-based) increment_unsigned_838_1628...
          Done structuring (delay-based) increment_unsigned_838_1628
        Mapping component increment_unsigned_838_1628...
          Structuring (delay-based) add_unsigned_145_10...
          Done structuring (delay-based) add_unsigned_145_10
        Mapping component add_unsigned_145_10...
          Structuring (delay-based) add_unsigned_1407_964...
          Done structuring (delay-based) add_unsigned_1407_964
        Mapping component add_unsigned_1407_964...
          Structuring (delay-based) add_unsigned_1373...
          Done structuring (delay-based) add_unsigned_1373
        Mapping component add_unsigned_1373...
          Structuring (delay-based) cb_part_3504...
            Starting redundancy-removal...
            Finished redundancy-removal...
          Done structuring (delay-based) cb_part_3504
        Mapping component cb_part_3504...
          Structuring (delay-based) add_unsigned_1407...
          Done structuring (delay-based) add_unsigned_1407
        Mapping component add_unsigned_1407...
          Structuring (delay-based) cb_seq...
            Starting redundancy-removal...
            Finished redundancy-removal...
            Starting redundancy-removal...
            Finished redundancy-removal...
          Done structuring (delay-based) cb_seq
        Mapping component cb_seq...
 
Global mapping target info
==========================
Cost Group 'C2O' target slack:   112 ps
Target path end-point (Port: picorv32/mem_la_addr[2])

            Pin                        Type          Fanout Load Arrival   
                                                            (fF)   (ps)    
---------------------------------------------------------------------------
(clock myclock)              <<<  launch                               0 R 
cb_seqi
  mem_do_rinst_reg/clk                                                     
  mem_do_rinst_reg/q         (u)  unmapped_d_flop         5  5.5           
cb_seqi/g24034_in_1 
cb_parti51070/cb_seqi_g24034_in_1 
  g51708/in_1                                                              
  g51708/z                   (u)  unmapped_or2           34 37.4           
  g51804/in_0                                                              
  g51804/z                   (u)  unmapped_complex2      30 30.0           
  g53080/in_0                                                              
  g53080/z                   (u)  unmapped_complex2       1  1.0           
  g52988/in_0                                                              
  g52988/z                   (u)  unmapped_nand2          1  1.1           
  g52907/in_1                                                              
  g52907/z                   (u)  unmapped_complex2       2 53.5           
cb_parti51070/mem_la_addr[0] 
mem_la_addr[2]               <<<  interconnect                             
                                  out port                                 
(picorv32.sdc_line_24_201_1)      ext delay                                
- - - - - - - - - - - - - - - - - - - - - - - - - - - - - - - - - - - - - -
(clock myclock)                   capture                           4000 R 
                                  uncertainty                              
---------------------------------------------------------------------------
Cost Group   : 'C2O' (path_group 'C2O_nom')
Start-point  : cb_seqi/mem_do_rinst_reg/clk
End-point    : mem_la_addr[2]

(u) : Net has unmapped pin(s).

The global mapper estimates a slack for this path of 3178ps.
 
Cost Group 'I2O' target slack:   109 ps
Target path end-point (Port: picorv32/mem_la_write)

            Pin                        Type          Fanout Load Arrival   
                                                            (fF)   (ps)    
---------------------------------------------------------------------------
(clock myclock)              <<<  launch                               0 R 
(picorv32.sdc_line_18)            ext delay                                
resetn                       (u)  in port               304 19.8           
cb_parti51070/resetn 
  g53390/in_1                                                              
  g53390/z                   (u)  unmapped_complex2       1 52.4           
cb_parti51070/mem_la_write 
mem_la_write                 <<<  interconnect                             
                                  out port                                 
(picorv32.sdc_line_24_171_1)      ext delay                                
- - - - - - - - - - - - - - - - - - - - - - - - - - - - - - - - - - - - - -
(clock myclock)                   capture                           4000 R 
                                  uncertainty                              
---------------------------------------------------------------------------
Cost Group   : 'I2O' (path_group 'I2O_nom')
Start-point  : resetn
End-point    : mem_la_write

(u) : Net has unmapped pin(s).

The global mapper estimates a slack for this path of 3614ps.
 
Cost Group 'C2C' target slack:   116 ps
Target path end-point (Pin: decoder_trigger_reg/d)

          Pin                       Type          Fanout  Load Arrival   
                                                          (fF)   (ps)    
-------------------------------------------------------------------------
(clock myclock)           <<<  launch                                0 R 
cb_seqi
  reg_op2_reg[0]/clk                                                     
  reg_op2_reg[0]/q        (u)  unmapped_d_flop        13 115.7           
  g78612/in_1                                                            
  g78612/z                (u)  unmapped_complex2       2   2.0           
  g77601/in_1                                                            
  g77601/z                (u)  unmapped_complex2       1   1.0           
  g76744/in_0                                                            
  g76744/z                (u)  unmapped_nand2          1   1.1           
  g76518/in_1                                                            
  g76518/z                (u)  unmapped_complex2       1   1.1           
  g75970/in_0                                                            
  g75970/z                (u)  unmapped_complex2       1   1.1           
  g75842/in_0                                                            
  g75842/z                (u)  unmapped_nand2          1   1.0           
  g75731/in_1                                                            
  g75731/z                (u)  unmapped_complex2       1   1.0           
  g75559/in_0                                                            
  g75559/z                (u)  unmapped_nand2          1   1.1           
  g75395/in_1                                                            
  g75395/z                (u)  unmapped_nand2          1   1.0           
  g75180/in_1                                                            
  g75180/z                (u)  unmapped_complex2       1   1.0           
  g74864/in_0                                                            
  g74864/z                (u)  unmapped_nand2          1   1.1           
  g73951/in_1                                                            
  g73951/z                (u)  unmapped_complex2       1   1.1           
  g72115/in_0                                                            
  g72115/z                (u)  unmapped_complex2       1   1.1           
  g72086/in_1                                                            
  g72086/z                (u)  unmapped_nand2          1   1.0           
  g71916/in_1                                                            
  g71916/z                (u)  unmapped_nand2          1   1.1           
  g71883/in_0                                                            
  g71883/z                (u)  unmapped_nand2          1   1.0           
  g71799/in_0                                                            
  g71799/z                (u)  unmapped_or2            1   1.0           
  g71720/in_1                                                            
  g71720/z                (u)  unmapped_nand2          1   1.1           
  g71693/in_1                                                            
  g71693/z                (u)  unmapped_or2            1   1.1           
  g71655/in_0                                                            
  g71655/z                (u)  unmapped_complex2       1   1.1           
  g71581/in_0                                                            
  g71581/z                (u)  unmapped_complex2       2   2.0           
  g71567/in_1                                                            
  g71567/z                (u)  unmapped_or2            1   1.0           
  g71562/in_1                                                            
  g71562/z                (u)  unmapped_complex2       1   1.1           
  g71559/in_1                                                            
  g71559/z                (u)  unmapped_nand2          1   1.0           
  g71557/in_1                                                            
  g71557/z                (u)  unmapped_complex2       1   1.0           
  g71555/in_0                                                            
  g71555/z                (u)  unmapped_nand2          1   1.1           
  g71552/in_1                                                            
  g71552/z                (u)  unmapped_complex2       1   1.1           
  g71550/in_0                                                            
  g71550/z                (u)  unmapped_complex2       1   1.1           
  g71548/in_1                                                            
  g71548/z                (u)  unmapped_nand2          1   1.0           
  g71546/in_0                                                            
  g71546/z                (u)  unmapped_nand2          1   1.1           
  g71544/in_1                                                            
  g71544/z                (u)  unmapped_or2            1   1.1           
  g71542/in_0                                                            
  g71542/z                (u)  unmapped_complex2       1   1.1           
  g59935/in_1                                                            
  g59935/z                (u)  unmapped_complex2       1   1.0           
  g71539/in_0                                                            
  g71539/z                (u)  unmapped_nand2          1   1.1           
  g71538/in_1                                                            
  g71538/z                (u)  unmapped_nand2          1   1.0           
  g71537/in_0                                                            
  g71537/z                (u)  unmapped_nand2          1   1.1           
  g71536/in_0                                                            
  g71536/z                (u)  unmapped_nand2          1   1.0           
  g71535/in_1                                                            
  g71535/z                (u)  unmapped_complex2       1   1.0           
  g71534/in_0                                                            
  g71534/z                (u)  unmapped_nand2          1   1.1           
  g71533/in_0                                                            
  g71533/z                (u)  unmapped_nand2          1   1.0           
  g71532/in_0                                                            
  g71532/z                (u)  unmapped_nand2          1   1.1           
  g71531/in_0                                                            
  g71531/z                (u)  unmapped_complex2       1   1.1           
  g71530/in_0                                                            
  g71530/z                (u)  unmapped_complex2       1   1.1           
  g71529/in_0                                                            
  g71529/z                (u)  unmapped_complex2       1   1.1           
  g71528/in_0                                                            
  g71528/z                (u)  unmapped_nand2          1   1.0           
  g71527/in_1                                                            
  g71527/z                (u)  unmapped_complex2       2   2.0           
  g71525/in_0                                                            
  g71525/z                (u)  unmapped_nand2          1   1.1           
  g71524/in_0                                                            
  g71524/z                (u)  unmapped_nand2          2   2.0           
  g71520/in_1                                                            
  g71520/z                (u)  unmapped_nand2          1   1.1           
  g71517/in_1                                                            
  g71517/z                (u)  unmapped_nand2          1   1.0           
  g71516/in_0                                                            
  g71516/z                (u)  unmapped_complex2       1   1.0           
  g71515/in_1                                                            
  g71515/z                (u)  unmapped_complex2       1   1.0           
  g71514/in_1                                                            
  g71514/z                (u)  unmapped_or2            5   5.0           
  g71509/in_1                                                            
  g71509/z                (u)  unmapped_complex2       1   1.0           
  g71505/in_0                                                            
  g71505/z                (u)  unmapped_complex2       1   1.1           
  g71501/in_1                                                            
  g71501/z                (u)  unmapped_or2            1   1.1           
  g71496/in_0                                                            
  g71496/z                (u)  unmapped_complex2       1   1.1           
  g71495/in_1                                                            
  g71495/z                (u)  unmapped_complex2       1   1.0           
  g71494/in_1                                                            
  g71494/z                (u)  unmapped_nand2          1   1.1           
  decoder_trigger_reg/d   <<<  unmapped_d_flop                           
  decoder_trigger_reg/clk      setup                                     
- - - - - - - - - - - - - - - - - - - - - - - - - - - - - - - - - - - - -
(clock myclock)                capture                            4000 R 
                               uncertainty                               
-------------------------------------------------------------------------
Cost Group   : 'C2C' (path_group 'C2C_nom')
Start-point  : cb_seqi/reg_op2_reg[0]/clk
End-point    : cb_seqi/decoder_trigger_reg/d

(u) : Net has unmapped pin(s).

The global mapper estimates a slack for this path of 2619ps.
 
Cost Group 'I2C' target slack:   116 ps
Target path end-point (Pin: reg_op1_reg[29]/d)

           Pin                       Type          Fanout Load Arrival   
                                                          (fF)   (ps)    
-------------------------------------------------------------------------
(clock myclock)            <<<  launch                               0 R 
(picorv32.sdc_line_18_1_1)      ext delay                                
mem_ready                  (u)  in port                 2  2.2           
cb_seqi/mem_ready 
  g50897/in_1                                                            
  g50897/z                 (u)  unmapped_nand2         23 23.0           
  g76566/in_0                                                            
  g76566/z                 (u)  unmapped_or2            1  1.0           
  g75951/in_0                                                            
  g75951/z                 (u)  unmapped_nand2          1  1.1           
  g75897/in_0                                                            
  g75897/z                 (u)  unmapped_nand2          6  6.0           
  g75737/in_1                                                            
  g75737/z                 (u)  unmapped_nand2          2  2.2           
  g75481/in_0                                                            
  g75481/z                 (u)  unmapped_complex2       1  1.0           
  g75382/in_0                                                            
  g75382/z                 (u)  unmapped_complex2       2  2.0           
  g75203/in_1                                                            
  g75203/z                 (u)  unmapped_nand2          1  1.1           
  g74911/in_1                                                            
  g74911/z                 (u)  unmapped_or2            1  1.1           
  g73819/in_0                                                            
  g73819/z                 (u)  unmapped_nand2          1  1.0           
  g72149/in_0                                                            
  g72149/z                 (u)  unmapped_nand2         39 42.9           
  g72108/in_1                                                            
  g72108/z                 (u)  unmapped_complex2       1  1.0           
  g71920/in_0                                                            
  g71920/z                 (u)  unmapped_complex2       3  3.0           
  g51865/in_0                                                            
  g51865/z                 (u)  unmapped_complex2      31 31.0           
  g71807/in_1                                                            
  g71807/z                 (u)  unmapped_complex2       1  1.0           
  g71711/in_1                                                            
  g71711/z                 (u)  unmapped_nand2          1  1.1           
  g71681/in_1                                                            
  g71681/z                 (u)  unmapped_or2            1  1.1           
  g71641/in_0                                                            
  g71641/z                 (u)  unmapped_complex2       1  1.1           
  g71588/in_0                                                            
  g71588/z                 (u)  unmapped_or2            1  1.1           
  g71569/in_0                                                            
  g71569/z                 (u)  unmapped_complex2       1  1.1           
  reg_op1_reg[29]/d        <<<  unmapped_d_flop                          
  reg_op1_reg[29]/clk           setup                                    
- - - - - - - - - - - - - - - - - - - - - - - - - - - - - - - - - - - - -
(clock myclock)                 capture                           4000 R 
                                uncertainty                              
-------------------------------------------------------------------------
Cost Group   : 'I2C' (path_group 'I2C_nom')
Start-point  : mem_ready
End-point    : cb_seqi/reg_op1_reg[29]/d

(u) : Net has unmapped pin(s).

The global mapper estimates a slack for this path of 3476ps.
 
Multi-threaded Technology Mapping (2 threads per ST process, 2 of 24 CPUs usable)
          Restructuring (delay-based) cb_seq...
          Done restructuring (delay-based) cb_seq
        Optimizing component cb_seq...
          Restructuring (delay-based) add_unsigned_1407...
          Done restructuring (delay-based) add_unsigned_1407
        Optimizing component add_unsigned_1407...
        Early Area Reclamation for add_unsigned_1407 'very_fast' (slack=1716, area=228)...
                  			o_slack=1716,  bc_slack=0
          Restructuring (delay-based) add_unsigned...
          Done restructuring (delay-based) add_unsigned
        Optimizing component add_unsigned...
          Restructuring (delay-based) add_unsigned...
          Done restructuring (delay-based) add_unsigned
        Optimizing component add_unsigned...
          Restructuring (delay-based) cb_part_3504...
          Done restructuring (delay-based) cb_part_3504
        Optimizing component cb_part_3504...
          Restructuring (delay-based) cmux_598...
          Done restructuring (delay-based) cmux_598
        Optimizing component cmux_598...
          Restructuring (delay-based) cmux...
          Done restructuring (delay-based) cmux
        Optimizing component cmux...
          Restructuring (delay-based) addsub_unsigned_865...
          Done restructuring (delay-based) addsub_unsigned_865
        Optimizing component addsub_unsigned_865...
        Early Area Reclamation for addsub_unsigned_865 'very_fast' (slack=1702, area=318)...
                  			o_slack=1702,  bc_slack=0
          Restructuring (delay-based) addsub_unsigned...
          Done restructuring (delay-based) addsub_unsigned
        Optimizing component addsub_unsigned...
          Restructuring (delay-based) addsub_unsigned...
          Done restructuring (delay-based) addsub_unsigned
        Optimizing component addsub_unsigned...
          Restructuring (delay-based) increment_unsigned_838_1300...
          Done restructuring (delay-based) increment_unsigned_838_1300
        Optimizing component increment_unsigned_838_1300...
        Early Area Reclamation for increment_unsigned_838_1300 'very_fast' (slack=2020, area=274)...
                  			o_slack=2020,  bc_slack=0
          Restructuring (delay-based) increment_unsigned...
          Done restructuring (delay-based) increment_unsigned
        Optimizing component increment_unsigned...
          Restructuring (delay-based) increment_unsigned...
          Done restructuring (delay-based) increment_unsigned
        Optimizing component increment_unsigned...
          Restructuring (delay-based) increment_unsigned_838_1628...
          Done restructuring (delay-based) increment_unsigned_838_1628
        Optimizing component increment_unsigned_838_1628...
        Early Area Reclamation for increment_unsigned_838_1628 'very_fast' (slack=1967, area=277)...
                  			o_slack=1967,  bc_slack=0
          Restructuring (delay-based) increment_unsigned...
          Done restructuring (delay-based) increment_unsigned
        Optimizing component increment_unsigned...
          Restructuring (delay-based) increment_unsigned...
          Done restructuring (delay-based) increment_unsigned
        Optimizing component increment_unsigned...
          Restructuring (delay-based) add_unsigned_145_10...
          Done restructuring (delay-based) add_unsigned_145_10
        Optimizing component add_unsigned_145_10...
        Early Area Reclamation for add_unsigned_145_10 'very_fast' (slack=1508, area=175)...
                  			o_slack=1508,  bc_slack=0
          Restructuring (delay-based) add_unsigned...
          Done restructuring (delay-based) add_unsigned
        Optimizing component add_unsigned...
          Restructuring (delay-based) add_unsigned...
          Done restructuring (delay-based) add_unsigned
        Optimizing component add_unsigned...
          Restructuring (delay-based) add_unsigned_1407_964...
          Done restructuring (delay-based) add_unsigned_1407_964
        Optimizing component add_unsigned_1407_964...
        Early Area Reclamation for add_unsigned_1407_964 'very_fast' (slack=1588, area=170)...
                  			o_slack=1588,  bc_slack=0
          Restructuring (delay-based) add_unsigned...
          Done restructuring (delay-based) add_unsigned
        Optimizing component add_unsigned...
          Restructuring (delay-based) add_unsigned...
          Done restructuring (delay-based) add_unsigned
        Optimizing component add_unsigned...
          Restructuring (delay-based) add_unsigned_1373...
          Done restructuring (delay-based) add_unsigned_1373
        Optimizing component add_unsigned_1373...
        Early Area Reclamation for add_unsigned_1373 'very_fast' (slack=2144, area=108)...
                  			o_slack=2144,  bc_slack=0
          Restructuring (delay-based) add_unsigned...
          Done restructuring (delay-based) add_unsigned
        Optimizing component add_unsigned...
          Restructuring (delay-based) add_unsigned...
          Done restructuring (delay-based) add_unsigned
        Optimizing component add_unsigned...
          Restructuring (delay-based) cdec...
          Done restructuring (delay-based) cdec
        Optimizing component cdec...
          Restructuring (delay-based) cdec_600...
          Done restructuring (delay-based) cdec_600
        Optimizing component cdec_600...
          Restructuring (delay-based) logic partition in picorv32...
          Done restructuring (delay-based) logic partition in picorv32
        Optimizing logic partition in picorv32...
 
Global mapping timing result
============================
        Computing net loads.
        Tracing clock networks.
        Levelizing the circuit.
        Computing delays.
        Computing arrivals and requireds.
            Pin                      Type       Fanout Load Slew Delay Arrival   
                                                       (fF) (ps)  (ps)   (ps)    
---------------------------------------------------------------------------------
(clock myclock)                   launch                                     0 R 
(picorv32.sdc_line_18)            ext delay                       +100     100 R 
resetn                            in port            9 20.4   15    +0     100 R 
cb_parti51070/resetn 
  g55558/A                                                          +0     100   
  g55558/Y                        AND3X4             1 52.4  104  +107     207 R 
cb_parti51070/mem_la_read 
mem_la_read                  <<<  interconnect               104    +0     207 R 
                                  out port                          +0     207 R 
(picorv32.sdc_line_24_170_1)      ext delay                       +200     407 R 
- - - - - - - - - - - - - - - - - - - - - - - - - - - - - - - - - - - - - - - - -
(clock myclock)                   capture                                 4000 R 
                                  uncertainty                      -20    3980 R 
---------------------------------------------------------------------------------
Cost Group   : 'I2O' (path_group 'I2O_nom')
Timing slack :    3573ps 
Start-point  : resetn
End-point    : mem_la_read

            Pin                      Type       Fanout Load Slew Delay Arrival   
                                                       (fF) (ps)  (ps)   (ps)    
---------------------------------------------------------------------------------
(clock myclock)                   launch                                     0 R 
cb_seqi
  latched_branch_reg/CK                                        0    +0       0 R 
  latched_branch_reg/Q            DFFHQX8           34 56.0   54   +88      88 R 
cb_seqi/g50646_in_0 
cb_parti51070/cb_seqi_g50646_in_0 
  g55738/B                                                          +0      88   
  g55738/Y                        NAND2X8           33 54.0  112   +75     163 F 
  g55719/B                                                          +0     163   
  g55719/Y                        AND2X4            30 45.4   91   +91     254 F 
  g55597/A1                                                         +0     254   
  g55597/Y                        AO22X1             1  2.8   24   +62     317 F 
  g55508/B0                                                         +0     317   
  g55508/Y                        AO21X4             2 53.9  110   +99     416 F 
cb_parti51070/mem_la_addr[29] 
mem_la_addr[31]              <<<  interconnect               110    +0     416 F 
                                  out port                          +0     416 F 
(picorv32.sdc_line_24_172_1)      ext delay                       +200     616 F 
- - - - - - - - - - - - - - - - - - - - - - - - - - - - - - - - - - - - - - - - -
(clock myclock)                   capture                                 4000 R 
                                  uncertainty                      -20    3980 R 
---------------------------------------------------------------------------------
Cost Group   : 'C2O' (path_group 'C2O_nom')
Timing slack :    3364ps 
Start-point  : cb_seqi/latched_branch_reg/CK
End-point    : mem_la_addr[31]

           Pin                    Type       Fanout Load Slew Delay Arrival   
                                                    (fF) (ps)  (ps)   (ps)    
------------------------------------------------------------------------------
(clock myclock)                 launch                                    0 R 
(picorv32.sdc_line_18_1_1)      ext delay                      +100     100 R 
mem_ready                       in port           2  7.8   15    +0     100 R 
cb_seqi/mem_ready 
  g109191/A                                                      +0     100   
  g109191/Y                     NAND2X8          37 64.1  138   +79     179 F 
  g109032/A                                                      +0     179   
  g109032/Y                     CLKINVX4          9 17.1   55   +46     225 R 
  g108043/B0                                                     +0     225   
  g108043/Y                     OAI211X1          1  2.8   71   +66     291 F 
  g107464/A1                                                     +0     291   
  g107464/Y                     AOI21X1           6 11.0  150  +108     399 R 
  g107161/AN                                                     +0     399   
  g107161/Y                     NAND2BX1          2  4.4   36   +53     452 R 
  g107016/AN                                                     +0     452   
  g107016/Y                     NOR3BX1           2  4.4   96   +78     530 R 
  g106831/C0                                                     +0     530   
  g106831/Y                     AOI211XL          1  2.8   72   +54     584 F 
  g106603/A1                                                     +0     584   
  g106603/Y                     OA21X4           33 54.0  110  +113     697 F 
  g105597/C                                                      +0     697   
  g105597/Y                     NOR3X1            3  6.0  134  +109     806 R 
  g105543/B                                                      +0     806   
  g105543/Y                     AND2X4           30 52.3  101  +114     920 R 
  g105388/C1                                                     +0     920   
  g105388/Y                     AOI222X1          1  2.8   79   +62     982 F 
  g105375/C0                                                     +0     982   
  g105375/Y                     OAI221X1          1  2.9   66   +40    1022 R 
  g105353/C0                                                     +0    1022   
  g105353/Y                     AOI221X1          1  2.8   70   +36    1057 F 
  g105307/B                                                      +0    1057   
  g105307/Y                     NAND2X1           1  2.8   40   +36    1093 R 
  reg_op1_reg[28]/D        <<<  DFFHQX8                          +0    1093   
  reg_op1_reg[28]/CK            setup                       0   +28    1121 R 
- - - - - - - - - - - - - - - - - - - - - - - - - - - - - - - - - - - - - - - 
(clock myclock)                 capture                                4000 R 
                                uncertainty                     -20    3980 R 
------------------------------------------------------------------------------
Cost Group   : 'I2C' (path_group 'I2C_nom')
Timing slack :    2859ps 
Start-point  : mem_ready
End-point    : cb_seqi/reg_op1_reg[28]/D

          Pin                   Type       Fanout Load Slew Delay Arrival   
                                                  (fF) (ps)  (ps)   (ps)    
----------------------------------------------------------------------------
(clock myclock)               launch                                    0 R 
cb_seqi
  count_instr_reg[1]/CK                                   0    +0       0 R 
  count_instr_reg[1]/Q        DFFHQX1           3  6.1   44   +64      64 R 
cb_seqi/inc_add_1559_34_A[1] 
inc_add_1559_34/A[1] 
  g920/A                                                       +0      64   
  g920/CO                     ADDHX1            1  3.2   25   +43     107 R 
  g919/B                                                       +0     107   
  g919/CO                     ADDHX1            1  3.2   25   +38     145 R 
  g918/B                                                       +0     145   
  g918/CO                     ADDHX1            1  3.2   25   +38     183 R 
  g917/B                                                       +0     183   
  g917/CO                     ADDHX1            1  3.2   25   +38     221 R 
  g916/B                                                       +0     221   
  g916/CO                     ADDHX1            1  3.2   25   +38     259 R 
  g915/B                                                       +0     259   
  g915/CO                     ADDHX1            1  3.2   25   +38     297 R 
  g914/B                                                       +0     297   
  g914/CO                     ADDHX1            1  3.2   25   +38     335 R 
  g913/B                                                       +0     335   
  g913/CO                     ADDHX1            1  3.2   25   +38     374 R 
  g912/B                                                       +0     374   
  g912/CO                     ADDHX1            1  3.2   25   +38     412 R 
  g911/B                                                       +0     412   
  g911/CO                     ADDHX1            1  3.2   25   +38     450 R 
  g910/B                                                       +0     450   
  g910/CO                     ADDHX1            1  3.2   25   +38     488 R 
  g909/B                                                       +0     488   
  g909/CO                     ADDHX1            1  3.2   25   +38     526 R 
  g908/B                                                       +0     526   
  g908/CO                     ADDHX1            1  3.2   25   +38     564 R 
  g907/B                                                       +0     564   
  g907/CO                     ADDHX1            1  3.2   25   +38     602 R 
  g906/B                                                       +0     602   
  g906/CO                     ADDHX1            1  3.2   25   +38     640 R 
  g905/B                                                       +0     640   
  g905/CO                     ADDHX1            1  3.2   25   +38     678 R 
  g904/B                                                       +0     678   
  g904/CO                     ADDHX1            2  4.7   35   +44     722 R 
  g903/C                                                       +0     722   
  g903/Y                      AND3XL            1  3.2   40   +54     776 R 
  g900/B                                                       +0     776   
  g900/CO                     ADDHX1            1  3.2   25   +41     816 R 
  g899/B                                                       +0     816   
  g899/CO                     ADDHX1            1  3.2   25   +38     854 R 
  g898/B                                                       +0     854   
  g898/CO                     ADDHX1            1  3.2   25   +38     893 R 
  g897/B                                                       +0     893   
  g897/CO                     ADDHX1            1  3.2   25   +38     931 R 
  g896/B                                                       +0     931   
  g896/CO                     ADDHX1            1  3.2   25   +38     969 R 
  g895/B                                                       +0     969   
  g895/CO                     ADDHX1            1  3.2   25   +38    1007 R 
  g894/B                                                       +0    1007   
  g894/CO                     ADDHX1            1  3.2   25   +38    1045 R 
  g893/B                                                       +0    1045   
  g893/CO                     ADDHX1            1  3.2   25   +38    1083 R 
  g892/B                                                       +0    1083   
  g892/CO                     ADDHX1            1  3.2   25   +38    1121 R 
  g891/B                                                       +0    1121   
  g891/CO                     ADDHX1            1  3.2   25   +38    1159 R 
  g890/B                                                       +0    1159   
  g890/CO                     ADDHX1            1  3.2   25   +38    1197 R 
  g889/B                                                       +0    1197   
  g889/CO                     ADDHX1            1  3.2   25   +38    1236 R 
  g888/B                                                       +0    1236   
  g888/CO                     ADDHX1            1  3.2   25   +38    1274 R 
  g887/B                                                       +0    1274   
  g887/CO                     ADDHX1            1  3.2   25   +38    1312 R 
  g886/B                                                       +0    1312   
  g886/CO                     ADDHX1            1  3.2   25   +38    1350 R 
  g885/B                                                       +0    1350   
  g885/CO                     ADDHX1            1  3.2   25   +38    1388 R 
  g884/B                                                       +0    1388   
  g884/CO                     ADDHX1            1  3.2   25   +38    1426 R 
  g883/B                                                       +0    1426   
  g883/CO                     ADDHX1            1  3.2   25   +38    1464 R 
  g882/B                                                       +0    1464   
  g882/CO                     ADDHX1            1  3.2   25   +38    1502 R 
  g881/B                                                       +0    1502   
  g881/CO                     ADDHX1            1  3.2   25   +38    1540 R 
  g880/B                                                       +0    1540   
  g880/CO                     ADDHX1            1  3.2   25   +38    1578 R 
  g879/B                                                       +0    1578   
  g879/CO                     ADDHX1            1  3.2   25   +38    1616 R 
  g878/B                                                       +0    1616   
  g878/CO                     ADDHX1            1  3.2   25   +38    1655 R 
  g877/B                                                       +0    1655   
  g877/CO                     ADDHX1            1  3.2   25   +38    1693 R 
  g876/B                                                       +0    1693   
  g876/CO                     ADDHX1            1  3.2   25   +38    1731 R 
  g875/B                                                       +0    1731   
  g875/CO                     ADDHX1            1  3.2   25   +38    1769 R 
  g874/B                                                       +0    1769   
  g874/CO                     ADDHX1            1  3.2   25   +38    1807 R 
  g873/B                                                       +0    1807   
  g873/CO                     ADDHX1            1  3.2   25   +38    1845 R 
  g872/B                                                       +0    1845   
  g872/CO                     ADDHX1            1  3.2   25   +38    1883 R 
  g871/B                                                       +0    1883   
  g871/CO                     ADDHX1            1  3.2   25   +38    1921 R 
  g870/B                                                       +0    1921   
  g870/CO                     ADDHX1            1  3.2   25   +38    1959 R 
  g869/B                                                       +0    1959   
  g869/CO                     ADDHX1            1  3.2   25   +38    1998 R 
  g868/B                                                       +0    1998   
  g868/CO                     ADDHX1            1  3.2   25   +38    2036 R 
  g867/B                                                       +0    2036   
  g867/CO                     ADDHX1            1  3.2   25   +38    2074 R 
  g866/B                                                       +0    2074   
  g866/CO                     ADDHX1            1  3.2   25   +38    2112 R 
  g865/B                                                       +0    2112   
  g865/CO                     ADDHX1            1  3.2   25   +38    2150 R 
  g864/B                                                       +0    2150   
  g864/CO                     ADDHX1            1  3.2   25   +38    2188 R 
  g863/B                                                       +0    2188   
  g863/CO                     ADDHX1            1  3.2   25   +38    2226 R 
  g862/B                                                       +0    2226   
  g862/CO                     ADDHX1            1  3.2   25   +38    2264 R 
  g861/B                                                       +0    2264   
  g861/CO                     ADDHX1            1  3.2   25   +38    2302 R 
  g860/B                                                       +0    2302   
  g860/CO                     ADDHX1            1  3.2   25   +38    2340 R 
  g859/B                                                       +0    2340   
  g859/CO                     ADDHX1            1  3.2   25   +38    2378 R 
  g858/B                                                       +0    2378   
  g858/CO                     ADDHX1            1  3.0   24   +37    2416 R 
  g857/B                                                       +0    2416   
  g857/Y                      CLKXOR2X1         1  2.7   22   +38    2454 R 
inc_add_1559_34/Z[63] 
cb_seqi/inc_add_1559_34_Z[62] 
  g108472/A                                                    +0    2454   
  g108472/Y                   MXI2XL            1  2.8   77   +50    2505 F 
  g107823/B                                                    +0    2505   
  g107823/Y                   NOR2X1            1  2.8   51   +51    2556 R 
  count_instr_reg[63]/D  <<<  DFFHQX1                          +0    2556   
  count_instr_reg[63]/CK      setup                       0   +29    2585 R 
- - - - - - - - - - - - - - - - - - - - - - - - - - - - - - - - - - - - - - 
(clock myclock)               capture                                4000 R 
                              uncertainty                     -20    3980 R 
----------------------------------------------------------------------------
Cost Group   : 'C2C' (path_group 'C2C_nom')
Timing slack :    1395ps 
Start-point  : cb_seqi/count_instr_reg[1]/CK
End-point    : cb_seqi/count_instr_reg[63]/D

 
 
Global mapping status
=====================
                                   Group   
                                  Tot Wrst 
                           Total  Weighted 
Operation                   Area   Slacks  
 global_map                32188        0 

    Cost Group            Target    Slack    Diff.  Constr.
-----------------------------------------------------------
           C2C               116     1395              4000 
           C2O               112     3364              4000 
           I2C               116     2859              4000 
           I2O               109     3573              4000 

 
Global incremental target info
==============================
Cost Group 'C2O' target slack:    74 ps
Target path end-point (Port: picorv32/mem_la_addr[2])

            Pin                      Type       Fanout Load Arrival   
                                                       (fF)   (ps)    
----------------------------------------------------------------------
(clock myclock)              <<<  launch                          0 R 
cb_seqi
  latched_branch_reg/CK                                               
  latched_branch_reg/Q            DFFHQX8           34 56.0           
cb_seqi/g50646_in_0 
cb_parti51070/cb_seqi_g50646_in_0 
  g55738/B                                                            
  g55738/Y                        NAND2X8           33 54.0           
  g55719/B                                                            
  g55719/Y                        AND2X4            30 45.4           
  g55564/A1                                                           
  g55564/Y                        AO22X1             1  2.8           
  g55536/B0                                                           
  g55536/Y                        AO21X4             2 53.9           
cb_parti51070/mem_la_addr[0] 
mem_la_addr[2]               <<<  interconnect                        
                                  out port                            
(picorv32.sdc_line_24_201_1)      ext delay                           
- - - - - - - - - - - - - - - - - - - - - - - - - - - - - - - - - - - 
(clock myclock)                   capture                      4000 R 
                                  uncertainty                         
----------------------------------------------------------------------
Cost Group   : 'C2O' (path_group 'C2O_nom')
Start-point  : cb_seqi/latched_branch_reg/CK
End-point    : mem_la_addr[2]

The global mapper estimates a slack for this path of 2995ps.
 
Cost Group 'I2O' target slack:    73 ps
Target path end-point (Port: picorv32/mem_la_write)

            Pin                      Type       Fanout Load Arrival   
                                                       (fF)   (ps)    
----------------------------------------------------------------------
(clock myclock)              <<<  launch                          0 R 
(picorv32.sdc_line_18)            ext delay                           
resetn                            in port            9 20.4           
cb_parti51070/resetn 
  g55651/A                                                            
  g55651/Y                        AND3X4             1 52.4           
cb_parti51070/mem_la_write 
mem_la_write                 <<<  interconnect                        
                                  out port                            
(picorv32.sdc_line_24_171_1)      ext delay                           
- - - - - - - - - - - - - - - - - - - - - - - - - - - - - - - - - - - 
(clock myclock)                   capture                      4000 R 
                                  uncertainty                         
----------------------------------------------------------------------
Cost Group   : 'I2O' (path_group 'I2O_nom')
Start-point  : resetn
End-point    : mem_la_write

The global mapper estimates a slack for this path of 3573ps.
 
Cost Group 'C2C' target slack:    77 ps
Target path end-point (Pin: count_instr_reg[63]/D (DFFHQX1/D))

          Pin                   Type       Fanout Load Arrival   
                                                  (fF)   (ps)    
-----------------------------------------------------------------
(clock myclock)          <<<  launch                         0 R 
cb_seqi
  count_instr_reg[1]/CK                                          
  count_instr_reg[1]/Q        DFFHQX1           3  6.1           
cb_seqi/inc_add_1559_34_A[1] 
inc_add_1559_34/A[1] 
  g920/A                                                         
  g920/CO                     ADDHX1            1  3.2           
  g919/B                                                         
  g919/CO                     ADDHX1            1  3.2           
  g918/B                                                         
  g918/CO                     ADDHX1            1  3.2           
  g917/B                                                         
  g917/CO                     ADDHX1            1  3.2           
  g916/B                                                         
  g916/CO                     ADDHX1            1  3.2           
  g915/B                                                         
  g915/CO                     ADDHX1            1  3.2           
  g914/B                                                         
  g914/CO                     ADDHX1            1  3.2           
  g913/B                                                         
  g913/CO                     ADDHX1            1  3.2           
  g912/B                                                         
  g912/CO                     ADDHX1            1  3.2           
  g911/B                                                         
  g911/CO                     ADDHX1            1  3.2           
  g910/B                                                         
  g910/CO                     ADDHX1            1  3.2           
  g909/B                                                         
  g909/CO                     ADDHX1            1  3.2           
  g908/B                                                         
  g908/CO                     ADDHX1            1  3.2           
  g907/B                                                         
  g907/CO                     ADDHX1            1  3.2           
  g906/B                                                         
  g906/CO                     ADDHX1            1  3.2           
  g905/B                                                         
  g905/CO                     ADDHX1            1  3.2           
  g904/B                                                         
  g904/CO                     ADDHX1            2  4.7           
  g903/C                                                         
  g903/Y                      AND3XL            1  3.2           
  g900/B                                                         
  g900/CO                     ADDHX1            1  3.2           
  g899/B                                                         
  g899/CO                     ADDHX1            1  3.2           
  g898/B                                                         
  g898/CO                     ADDHX1            1  3.2           
  g897/B                                                         
  g897/CO                     ADDHX1            1  3.2           
  g896/B                                                         
  g896/CO                     ADDHX1            1  3.2           
  g895/B                                                         
  g895/CO                     ADDHX1            1  3.2           
  g894/B                                                         
  g894/CO                     ADDHX1            1  3.2           
  g893/B                                                         
  g893/CO                     ADDHX1            1  3.2           
  g892/B                                                         
  g892/CO                     ADDHX1            1  3.2           
  g891/B                                                         
  g891/CO                     ADDHX1            1  3.2           
  g890/B                                                         
  g890/CO                     ADDHX1            1  3.2           
  g889/B                                                         
  g889/CO                     ADDHX1            1  3.2           
  g888/B                                                         
  g888/CO                     ADDHX1            1  3.2           
  g887/B                                                         
  g887/CO                     ADDHX1            1  3.2           
  g886/B                                                         
  g886/CO                     ADDHX1            1  3.2           
  g885/B                                                         
  g885/CO                     ADDHX1            1  3.2           
  g884/B                                                         
  g884/CO                     ADDHX1            1  3.2           
  g883/B                                                         
  g883/CO                     ADDHX1            1  3.2           
  g882/B                                                         
  g882/CO                     ADDHX1            1  3.2           
  g881/B                                                         
  g881/CO                     ADDHX1            1  3.2           
  g880/B                                                         
  g880/CO                     ADDHX1            1  3.2           
  g879/B                                                         
  g879/CO                     ADDHX1            1  3.2           
  g878/B                                                         
  g878/CO                     ADDHX1            1  3.2           
  g877/B                                                         
  g877/CO                     ADDHX1            1  3.2           
  g876/B                                                         
  g876/CO                     ADDHX1            1  3.2           
  g875/B                                                         
  g875/CO                     ADDHX1            1  3.2           
  g874/B                                                         
  g874/CO                     ADDHX1            1  3.2           
  g873/B                                                         
  g873/CO                     ADDHX1            1  3.2           
  g872/B                                                         
  g872/CO                     ADDHX1            1  3.2           
  g871/B                                                         
  g871/CO                     ADDHX1            1  3.2           
  g870/B                                                         
  g870/CO                     ADDHX1            1  3.2           
  g869/B                                                         
  g869/CO                     ADDHX1            1  3.2           
  g868/B                                                         
  g868/CO                     ADDHX1            1  3.2           
  g867/B                                                         
  g867/CO                     ADDHX1            1  3.2           
  g866/B                                                         
  g866/CO                     ADDHX1            1  3.2           
  g865/B                                                         
  g865/CO                     ADDHX1            1  3.2           
  g864/B                                                         
  g864/CO                     ADDHX1            1  3.2           
  g863/B                                                         
  g863/CO                     ADDHX1            1  3.2           
  g862/B                                                         
  g862/CO                     ADDHX1            1  3.2           
  g861/B                                                         
  g861/CO                     ADDHX1            1  3.2           
  g860/B                                                         
  g860/CO                     ADDHX1            1  3.2           
  g859/B                                                         
  g859/CO                     ADDHX1            1  3.2           
  g858/B                                                         
  g858/CO                     ADDHX1            1  3.0           
  g857/B                                                         
  g857/Y                      CLKXOR2X1         1  2.7           
inc_add_1559_34/Z[63] 
cb_seqi/inc_add_1559_34_Z[62] 
  g108472/A                                                      
  g108472/Y                   MXI2XL            1  2.8           
  g107823/B                                                      
  g107823/Y                   NOR2X1            1  2.8           
  count_instr_reg[63]/D  <<<  DFFHQX1                            
  count_instr_reg[63]/CK      setup                              
- - - - - - - - - - - - - - - - - - - - - - - - - - - - - - - - -
(clock myclock)               capture                     4000 R 
                              uncertainty                        
-----------------------------------------------------------------
Cost Group   : 'C2C' (path_group 'C2C_nom')
Start-point  : cb_seqi/count_instr_reg[1]/CK
End-point    : cb_seqi/count_instr_reg[63]/D

The global mapper estimates a slack for this path of 1026ps.
 
Cost Group 'I2C' target slack:    77 ps
Target path end-point (Pin: reg_op1_reg[30]/D (DFFHQX8/D))

           Pin                    Type       Fanout Load Arrival   
                                                    (fF)   (ps)    
-------------------------------------------------------------------
(clock myclock)            <<<  launch                         0 R 
(picorv32.sdc_line_18_1_1)      ext delay                          
mem_ready                       in port           2  7.8           
cb_seqi/mem_ready 
  g109191/A                                                        
  g109191/Y                     NAND2X8          37 64.1           
  g109032/A                                                        
  g109032/Y                     CLKINVX4          9 17.1           
  g108043/B0                                                       
  g108043/Y                     OAI211X1          1  2.8           
  g107464/A1                                                       
  g107464/Y                     AOI21X1           6 11.0           
  g107161/AN                                                       
  g107161/Y                     NAND2BX1          2  4.4           
  g107016/AN                                                       
  g107016/Y                     NOR3BX1           2  4.4           
  g106831/C0                                                       
  g106831/Y                     AOI211XL          1  2.8           
  g106603/A1                                                       
  g106603/Y                     OA21X4           33 54.0           
  g105597/C                                                        
  g105597/Y                     NOR3X1            3  6.0           
  g105543/B                                                        
  g105543/Y                     AND2X4           30 52.3           
  g105386/C1                                                       
  g105386/Y                     AOI222X1          1  2.8           
  g105373/C0                                                       
  g105373/Y                     OAI221X1          1  2.9           
  g105355/C0                                                       
  g105355/Y                     AOI221X1          1  2.8           
  g105309/B                                                        
  g105309/Y                     NAND2X1           1  2.8           
  reg_op1_reg[30]/D        <<<  DFFHQX8                            
  reg_op1_reg[30]/CK            setup                              
- - - - - - - - - - - - - - - - - - - - - - - - - - - - - - - - - -
(clock myclock)                 capture                     4000 R 
                                uncertainty                        
-------------------------------------------------------------------
Cost Group   : 'I2C' (path_group 'I2C_nom')
Start-point  : mem_ready
End-point    : cb_seqi/reg_op1_reg[30]/D

The global mapper estimates a slack for this path of 2855ps.
 
 
Global incremental timing result
================================
        Computing net loads.
        Tracing clock networks.
        Levelizing the circuit.
        Computing delays.
        Computing arrivals and requireds.
            Pin                      Type       Fanout Load Slew Delay Arrival   
                                                       (fF) (ps)  (ps)   (ps)    
---------------------------------------------------------------------------------
(clock myclock)                   launch                                     0 R 
(picorv32.sdc_line_18)            ext delay                       +100     100 R 
resetn                            in port            9 17.3   15    +0     100 R 
cb_parti51070/resetn 
  g55558/A                                                          +0     100   
  g55558/Y                        AND3X4             1 52.4  104  +107     207 R 
cb_parti51070/mem_la_read 
mem_la_read                  <<<  interconnect               104    +0     207 R 
                                  out port                          +0     207 R 
(picorv32.sdc_line_24_170_1)      ext delay                       +200     407 R 
- - - - - - - - - - - - - - - - - - - - - - - - - - - - - - - - - - - - - - - - -
(clock myclock)                   capture                                 4000 R 
                                  uncertainty                      -20    3980 R 
---------------------------------------------------------------------------------
Cost Group   : 'I2O' (path_group 'I2O_nom')
Timing slack :    3573ps 
Start-point  : resetn
End-point    : mem_la_read

            Pin                      Type       Fanout Load Slew Delay Arrival   
                                                       (fF) (ps)  (ps)   (ps)    
---------------------------------------------------------------------------------
(clock myclock)                   launch                                     0 R 
cb_seqi
  mem_wordsize_reg[1]/CK                                       0    +0       0 R 
  mem_wordsize_reg[1]/Q           EDFFHQX1           4  7.5   53   +72      72 R 
cb_seqi/g50517_in_0 
cb_parti51070/cb_seqi_g50517_in_0 
  g55755/A                                                          +0      72   
  g55755/Y                        INVX1              9 15.4  111   +76     148 F 
  g55735/B                                                          +0     148   
  g55735/Y                        NOR2X1             5  9.8  144  +112     260 R 
  g55724/A                                                          +0     260   
  g55724/Y                        INVX1              9 15.4  127  +105     365 F 
  g55641/A2                                                         +0     365   
  g55641/Y                        OAI31X1            2  4.6  116  +106     471 R 
  g55544/B                                                          +0     471   
  g55544/Y                        OR2X4              2 53.9  100   +96     567 R 
cb_parti51070/mem_la_wstrb[2] 
mem_la_wstrb[2]              <<<  interconnect               100    +0     567 R 
                                  out port                          +0     567 R 
(picorv32.sdc_line_24_237_1)      ext delay                       +200     767 R 
- - - - - - - - - - - - - - - - - - - - - - - - - - - - - - - - - - - - - - - - -
(clock myclock)                   capture                                 4000 R 
                                  uncertainty                      -20    3980 R 
---------------------------------------------------------------------------------
Cost Group   : 'C2O' (path_group 'C2O_nom')
Timing slack :    3213ps 
Start-point  : cb_seqi/mem_wordsize_reg[1]/CK
End-point    : mem_la_wstrb[2]

           Pin                    Type       Fanout Load Slew Delay Arrival   
                                                    (fF) (ps)  (ps)   (ps)    
------------------------------------------------------------------------------
(clock myclock)                 launch                                    0 R 
(picorv32.sdc_line_18_1_1)      ext delay                      +100     100 R 
mem_ready                       in port           2  7.8   15    +0     100 R 
cb_seqi/mem_ready 
  g109191/A                                                      +0     100   
  g109191/Y                     NAND2X8          37 62.8  136   +77     177 F 
  g109032/A                                                      +0     177   
  g109032/Y                     INVX1             9 16.9  138  +108     285 R 
  g108043/B0                                                     +0     285   
  g108043/Y                     OAI211X1          1  2.8   76   +91     377 F 
  g107464/A1                                                     +0     377   
  g107464/Y                     AOI21X1           6 10.5  144  +106     483 R 
  g107161/AN                                                     +0     483   
  g107161/Y                     NAND2BX1          2  4.4   39   +52     535 R 
  g107108/B                                                      +0     535   
  g107108/Y                     NAND2X1           2  4.4   65   +49     584 F 
  g106983/C                                                      +0     584   
  g106983/Y                     NOR3X1            3  5.8  126   +92     676 R 
  g106931/A                                                      +0     676   
  g106931/Y                     INVX1             2  4.4   54   +59     735 F 
  g106603/B0                                                     +0     735   
  g106603/Y                     OA21X4           33 52.7  108   +89     824 F 
  g106408/A                                                      +0     824   
  g106408/Y                     INVX1             5  9.6   85   +72     896 R 
  g106210/D                                                      +0     896   
  g106210/Y                     AND4X4           31 53.1  110  +137    1033 R 
  g105386/A1                                                     +0    1033   
  g105386/Y                     AOI222X1          1  2.8   79   +80    1113 F 
  g105373/C0                                                     +0    1113   
  g105373/Y                     OAI221X1          1  2.9   68   +40    1154 R 
  g105355/C0                                                     +0    1154   
  g105355/Y                     AOI221X1          1  2.8   70   +36    1190 F 
  g105309/B                                                      +0    1190   
  g105309/Y                     NAND2X1           1  2.8   40   +36    1226 R 
  reg_op1_reg[30]/D        <<<  DFFHQX4                          +0    1226   
  reg_op1_reg[30]/CK            setup                       0   +28    1254 R 
- - - - - - - - - - - - - - - - - - - - - - - - - - - - - - - - - - - - - - - 
(clock myclock)                 capture                                4000 R 
                                uncertainty                     -20    3980 R 
------------------------------------------------------------------------------
Cost Group   : 'I2C' (path_group 'I2C_nom')
Timing slack :    2726ps 
Start-point  : mem_ready
End-point    : cb_seqi/reg_op1_reg[30]/D

          Pin                   Type       Fanout Load Slew Delay Arrival   
                                                  (fF) (ps)  (ps)   (ps)    
----------------------------------------------------------------------------
(clock myclock)               launch                                    0 R 
cb_seqi
  count_instr_reg[1]/CK                                   0    +0       0 R 
  count_instr_reg[1]/Q        DFFHQX1           3  6.1   44   +64      64 R 
cb_seqi/inc_add_1559_34_A[1] 
inc_add_1559_34/A[1] 
  g920/A                                                       +0      64   
  g920/CO                     ADDHX1            1  3.2   25   +43     107 R 
  g919/B                                                       +0     107   
  g919/CO                     ADDHX1            1  3.2   25   +38     145 R 
  g918/B                                                       +0     145   
  g918/CO                     ADDHX1            1  3.2   25   +38     183 R 
  g917/B                                                       +0     183   
  g917/CO                     ADDHX1            1  3.2   25   +38     221 R 
  g916/B                                                       +0     221   
  g916/CO                     ADDHX1            1  3.2   25   +38     259 R 
  g915/B                                                       +0     259   
  g915/CO                     ADDHX1            1  3.2   25   +38     297 R 
  g914/B                                                       +0     297   
  g914/CO                     ADDHX1            1  3.2   25   +38     335 R 
  g913/B                                                       +0     335   
  g913/CO                     ADDHX1            1  3.2   25   +38     374 R 
  g912/B                                                       +0     374   
  g912/CO                     ADDHX1            1  3.2   25   +38     412 R 
  g911/B                                                       +0     412   
  g911/CO                     ADDHX1            1  3.2   25   +38     450 R 
  g910/B                                                       +0     450   
  g910/CO                     ADDHX1            1  3.2   25   +38     488 R 
  g909/B                                                       +0     488   
  g909/CO                     ADDHX1            1  3.2   25   +38     526 R 
  g908/B                                                       +0     526   
  g908/CO                     ADDHX1            1  3.2   25   +38     564 R 
  g907/B                                                       +0     564   
  g907/CO                     ADDHX1            1  3.2   25   +38     602 R 
  g906/B                                                       +0     602   
  g906/CO                     ADDHX1            1  3.2   25   +38     640 R 
  g905/B                                                       +0     640   
  g905/CO                     ADDHX1            1  3.2   25   +38     678 R 
  g904/B                                                       +0     678   
  g904/CO                     ADDHX1            2  4.7   35   +44     722 R 
  g903/C                                                       +0     722   
  g903/Y                      AND3XL            1  3.2   40   +54     776 R 
  g900/B                                                       +0     776   
  g900/CO                     ADDHX1            1  3.2   25   +41     816 R 
  g899/B                                                       +0     816   
  g899/CO                     ADDHX1            1  3.2   25   +38     854 R 
  g898/B                                                       +0     854   
  g898/CO                     ADDHX1            1  3.2   25   +38     893 R 
  g897/B                                                       +0     893   
  g897/CO                     ADDHX1            1  3.2   25   +38     931 R 
  g896/B                                                       +0     931   
  g896/CO                     ADDHX1            1  3.2   25   +38     969 R 
  g895/B                                                       +0     969   
  g895/CO                     ADDHX1            1  3.2   25   +38    1007 R 
  g894/B                                                       +0    1007   
  g894/CO                     ADDHX1            1  3.2   25   +38    1045 R 
  g893/B                                                       +0    1045   
  g893/CO                     ADDHX1            1  3.2   25   +38    1083 R 
  g892/B                                                       +0    1083   
  g892/CO                     ADDHX1            1  3.2   25   +38    1121 R 
  g891/B                                                       +0    1121   
  g891/CO                     ADDHX1            1  3.2   25   +38    1159 R 
  g890/B                                                       +0    1159   
  g890/CO                     ADDHX1            1  3.2   25   +38    1197 R 
  g889/B                                                       +0    1197   
  g889/CO                     ADDHX1            1  3.2   25   +38    1236 R 
  g888/B                                                       +0    1236   
  g888/CO                     ADDHX1            1  3.2   25   +38    1274 R 
  g887/B                                                       +0    1274   
  g887/CO                     ADDHX1            1  3.2   25   +38    1312 R 
  g886/B                                                       +0    1312   
  g886/CO                     ADDHX1            1  3.2   25   +38    1350 R 
  g885/B                                                       +0    1350   
  g885/CO                     ADDHX1            1  3.2   25   +38    1388 R 
  g884/B                                                       +0    1388   
  g884/CO                     ADDHX1            1  3.2   25   +38    1426 R 
  g883/B                                                       +0    1426   
  g883/CO                     ADDHX1            1  3.2   25   +38    1464 R 
  g882/B                                                       +0    1464   
  g882/CO                     ADDHX1            1  3.2   25   +38    1502 R 
  g881/B                                                       +0    1502   
  g881/CO                     ADDHX1            1  3.2   25   +38    1540 R 
  g880/B                                                       +0    1540   
  g880/CO                     ADDHX1            1  3.2   25   +38    1578 R 
  g879/B                                                       +0    1578   
  g879/CO                     ADDHX1            1  3.2   25   +38    1616 R 
  g878/B                                                       +0    1616   
  g878/CO                     ADDHX1            1  3.2   25   +38    1655 R 
  g877/B                                                       +0    1655   
  g877/CO                     ADDHX1            1  3.2   25   +38    1693 R 
  g876/B                                                       +0    1693   
  g876/CO                     ADDHX1            1  3.2   25   +38    1731 R 
  g875/B                                                       +0    1731   
  g875/CO                     ADDHX1            1  3.2   25   +38    1769 R 
  g874/B                                                       +0    1769   
  g874/CO                     ADDHX1            1  3.2   25   +38    1807 R 
  g873/B                                                       +0    1807   
  g873/CO                     ADDHX1            1  3.2   25   +38    1845 R 
  g872/B                                                       +0    1845   
  g872/CO                     ADDHX1            1  3.2   25   +38    1883 R 
  g871/B                                                       +0    1883   
  g871/CO                     ADDHX1            1  3.2   25   +38    1921 R 
  g870/B                                                       +0    1921   
  g870/CO                     ADDHX1            1  3.2   25   +38    1959 R 
  g869/B                                                       +0    1959   
  g869/CO                     ADDHX1            1  3.2   25   +38    1998 R 
  g868/B                                                       +0    1998   
  g868/CO                     ADDHX1            1  3.2   25   +38    2036 R 
  g867/B                                                       +0    2036   
  g867/CO                     ADDHX1            1  3.2   25   +38    2074 R 
  g866/B                                                       +0    2074   
  g866/CO                     ADDHX1            1  3.2   25   +38    2112 R 
  g865/B                                                       +0    2112   
  g865/CO                     ADDHX1            1  3.2   25   +38    2150 R 
  g864/B                                                       +0    2150   
  g864/CO                     ADDHX1            1  3.2   25   +38    2188 R 
  g863/B                                                       +0    2188   
  g863/CO                     ADDHX1            1  3.2   25   +38    2226 R 
  g862/B                                                       +0    2226   
  g862/CO                     ADDHX1            1  3.2   25   +38    2264 R 
  g861/B                                                       +0    2264   
  g861/CO                     ADDHX1            1  3.2   25   +38    2302 R 
  g860/B                                                       +0    2302   
  g860/CO                     ADDHX1            1  3.2   25   +38    2340 R 
  g859/B                                                       +0    2340   
  g859/CO                     ADDHX1            1  3.2   25   +38    2378 R 
  g858/B                                                       +0    2378   
  g858/CO                     ADDHX1            1  3.0   24   +37    2416 R 
  g857/B                                                       +0    2416   
  g857/Y                      CLKXOR2X1         1  2.7   22   +38    2454 R 
inc_add_1559_34/Z[63] 
cb_seqi/inc_add_1559_34_Z[62] 
  g108472/A                                                    +0    2454   
  g108472/Y                   MXI2XL            1  2.8   81   +50    2505 F 
  g107823/B                                                    +0    2505   
  g107823/Y                   NOR2X1            1  2.8   52   +52    2557 R 
  count_instr_reg[63]/D  <<<  DFFHQX1                          +0    2557   
  count_instr_reg[63]/CK      setup                       0   +29    2586 R 
- - - - - - - - - - - - - - - - - - - - - - - - - - - - - - - - - - - - - - 
(clock myclock)               capture                                4000 R 
                              uncertainty                     -20    3980 R 
----------------------------------------------------------------------------
Cost Group   : 'C2C' (path_group 'C2C_nom')
Timing slack :    1394ps 
Start-point  : cb_seqi/count_instr_reg[1]/CK
End-point    : cb_seqi/count_instr_reg[63]/D

 
==================================
Stage : global_incr_map 
==================================
  =================
   Message Summary
  =================
-----------------------------------------------------------------------------------------------------------------------------------------------------------------------------------------
|   Id   |Sev |Count|                                                                           Message Text                                                                            |
-----------------------------------------------------------------------------------------------------------------------------------------------------------------------------------------
|GLO-51  |Info|    1|Hierarchical instance automatically ungrouped.                                                                                                                     |
|        |    |     |Hierarchical instances can be automatically ungrouped to allow for better area or timing optimization. To prevent this ungroup, set the root-level attribute       |
|        |    |     | 'auto_ungroup' to 'none'. You can also prevent individual ungroup with setting the attribute 'ungroup_ok' of instances or modules to 'false'.                     |
|PA-7    |Info|   28|Resetting power analysis results.                                                                                                                                  |
|        |    |     |All computed switching activities are removed.                                                                                                                     |
|PHYS-752|Info|    1|Partition Based Synthesis execution skipped.                                                                                                                       |
|SYNTH-2 |Info|    1|Done synthesizing.                                                                                                                                                 |
|SYNTH-4 |Info|    1|Mapping.                                                                                                                                                           |
-----------------------------------------------------------------------------------------------------------------------------------------------------------------------------------------
 
Global incremental optimization status
======================================
                                   Group   
                                  Tot Wrst 
                           Total  Weighted 
Operation                   Area   Slacks  
 global_incr               30811        0 

    Cost Group            Target    Slack    Diff.  Constr.
-----------------------------------------------------------
           C2C                77     1394              4000 
           C2O                74     3213              4000 
           I2C                77     2726              4000 
           I2O                73     3573              4000 


Scan mapping status report
==========================
    Scan mapping: converting flip-flops that pass TDRC.
    Scan mapping: bypassed.  You have to either 1) set attribute 'dft_scan_map_mode' to 'tdrc_pass' and run 'check_dft_rules' or 2) set attribute 'dft_scan_map_mode' to 'force_all'.

    Scan mapping bypassed because no TDRC data is available: either command 'check_dft_rules' has not been run or TDRC data has been subsequently invalidated.
          Performing post-mapping optimization ...

Info    : Hierarchical instance automatically ungrouped. [GLO-51]
        : Instance 'sub_1235_38_Y_add_1235_58' in module 'picorv32' would be automatically ungrouped.
Info    : Hierarchical instance automatically ungrouped. [GLO-51]
        : Instance 'inc_add_1559_34' in module 'picorv32' would be automatically ungrouped.
Info    : Hierarchical instance automatically ungrouped. [GLO-51]
        : Instance 'inc_add_1428_40' in module 'picorv32' would be automatically ungrouped.
Info    : Hierarchical instance automatically ungrouped. [GLO-51]
        : Instance 'add_1864_26' in module 'picorv32' would be automatically ungrouped.
Info    : Hierarchical instance automatically ungrouped. [GLO-51]
        : Instance 'ADD_UNS_OP' in module 'picorv32' would be automatically ungrouped.
Info    : Hierarchical instance automatically ungrouped. [GLO-51]
        : Instance 'add_1801_23' in module 'picorv32' would be automatically ungrouped.
Info    : Hierarchical instance automatically ungrouped. [GLO-51]
        : Instance 'add_1312_30' in module 'picorv32' would be automatically ungrouped.
          There are 7 hierarchical instances automatically ungrouped.

State Retention Synthesis Status
================================

Category                        Flops   Percentage
--------------------------------------------------
Total instances                  1850        100.0
Excluded from State Retention    1850        100.0
    - Will not convert           1850        100.0
      - Preserved                   0          0.0
      - Power intent excluded    1850        100.0
    - Could not convert             0          0.0
      - Scan type                   0          0.0
      - No suitable cell            0          0.0
State Retention instances           0          0.0
--------------------------------------------------

INFO: skipping constant propagation
PBS_Techmap-Global Mapping - Elapsed_Time 28, CPU_Time 28.527102000000014
stamp 'PBS_Techmap-Global Mapping' being created for table 'pbs_debug'

  Total Time (Wall) |  Stage Time (Wall)  |   % (Wall)   |    Date - Time     |  Memory   | Stage
--------------------+---------------------+--------------+--------------------+-----------+----------------------
 00:00:10(00:00:56) |  00:00:00(00:00:00) |   0.0(  0.0) |   19:18:33 (Apr13) |  584.0 MB | PBS_Generic-Start
--------------------+---------------------+--------------+--------------------+-----------+----------------------
 00:00:43(00:01:29) |  00:00:33(00:00:33) |  52.8( 53.2) |   19:19:06 (Apr13) |   1.08 GB | PBS_Generic_Opt-Post
--------------------+---------------------+--------------+--------------------+-----------+----------------------
 00:00:44(00:01:29) |  00:00:01(00:00:00) |   1.6(  0.0) |   19:19:06 (Apr13) |   1.08 GB | PBS_Generic-Postgen HBO Optimizations
--------------------+---------------------+--------------+--------------------+-----------+----------------------
 00:00:44(00:01:30) |  00:00:00(00:00:01) |   0.0(  1.6) |   19:19:07 (Apr13) |   1.08 GB | PBS_TechMap-Start
--------------------+---------------------+--------------+--------------------+-----------+----------------------
 00:00:44(00:01:30) |  00:00:00(00:00:00) |   0.0(  0.0) |   19:19:07 (Apr13) |   1.08 GB | PBS_TechMap-Premap HBO Optimizations
--------------------+---------------------+--------------+--------------------+-----------+----------------------
 00:01:13(00:01:58) |  00:00:28(00:00:28) |  45.6( 45.2) |   19:19:35 (Apr13) |   1.00 GB | PBS_Techmap-Global Mapping
--------------------+---------------------+--------------+--------------------+-----------+----------------------
Number of threads: 2 * 1   (id: pbs_debug, time_info v1.57)
Info: (*N*) indicates data that was populated from previously saved time_info database
Info: CPU time includes time of parent + longest thread
Info    : Wrote formal verification information. [CFM-5]
        : Wrote 'fv/picorv32/fv_map.fv.json' for netlist 'fv/picorv32/fv_map.v.gz'.
Info    : Wrote dofile. [CFM-1]
        : Dofile is 'fv/picorv32/rtl_to_fv_map.do'.
        : Alias mapping flow is enabled.
        Computing net loads.
PBS_TechMap-Datapath Postmap Operations - Elapsed_Time 1, CPU_Time 1.0
stamp 'PBS_TechMap-Datapath Postmap Operations' being created for table 'pbs_debug'

  Total Time (Wall) |  Stage Time (Wall)  |   % (Wall)   |    Date - Time     |  Memory   | Stage
--------------------+---------------------+--------------+--------------------+-----------+----------------------
 00:00:10(00:00:56) |  00:00:00(00:00:00) |   0.0(  0.0) |   19:18:33 (Apr13) |  584.0 MB | PBS_Generic-Start
--------------------+---------------------+--------------+--------------------+-----------+----------------------
 00:00:43(00:01:29) |  00:00:33(00:00:33) |  52.0( 52.4) |   19:19:06 (Apr13) |   1.08 GB | PBS_Generic_Opt-Post
--------------------+---------------------+--------------+--------------------+-----------+----------------------
 00:00:44(00:01:29) |  00:00:01(00:00:00) |   1.6(  0.0) |   19:19:06 (Apr13) |   1.08 GB | PBS_Generic-Postgen HBO Optimizations
--------------------+---------------------+--------------+--------------------+-----------+----------------------
 00:00:44(00:01:30) |  00:00:00(00:00:01) |   0.0(  1.6) |   19:19:07 (Apr13) |   1.08 GB | PBS_TechMap-Start
--------------------+---------------------+--------------+--------------------+-----------+----------------------
 00:00:44(00:01:30) |  00:00:00(00:00:00) |   0.0(  0.0) |   19:19:07 (Apr13) |   1.08 GB | PBS_TechMap-Premap HBO Optimizations
--------------------+---------------------+--------------+--------------------+-----------+----------------------
 00:01:13(00:01:58) |  00:00:28(00:00:28) |  44.9( 44.4) |   19:19:35 (Apr13) |   1.00 GB | PBS_Techmap-Global Mapping
--------------------+---------------------+--------------+--------------------+-----------+----------------------
 00:01:14(00:01:59) |  00:00:01(00:00:01) |   1.6(  1.6) |   19:19:36 (Apr13) |   1.00 GB | PBS_TechMap-Datapath Postmap Operations
--------------------+---------------------+--------------+--------------------+-----------+----------------------
Number of threads: 2 * 1   (id: pbs_debug, time_info v1.57)
Info: (*N*) indicates data that was populated from previously saved time_info database
Info: CPU time includes time of parent + longest thread
PBS_TechMap-Postmap HBO Optimizations - Elapsed_Time 0, CPU_Time -0.016271000000003255
stamp 'PBS_TechMap-Postmap HBO Optimizations' being created for table 'pbs_debug'

  Total Time (Wall) |  Stage Time (Wall)  |   % (Wall)   |    Date - Time     |  Memory   | Stage
--------------------+---------------------+--------------+--------------------+-----------+----------------------
 00:00:10(00:00:56) |  00:00:00(00:00:00) |   0.0(  0.0) |   19:18:33 (Apr13) |  584.0 MB | PBS_Generic-Start
--------------------+---------------------+--------------+--------------------+-----------+----------------------
 00:00:43(00:01:29) |  00:00:33(00:00:33) |  52.0( 52.4) |   19:19:06 (Apr13) |   1.08 GB | PBS_Generic_Opt-Post
--------------------+---------------------+--------------+--------------------+-----------+----------------------
 00:00:44(00:01:29) |  00:00:01(00:00:00) |   1.6(  0.0) |   19:19:06 (Apr13) |   1.08 GB | PBS_Generic-Postgen HBO Optimizations
--------------------+---------------------+--------------+--------------------+-----------+----------------------
 00:00:44(00:01:30) |  00:00:00(00:00:01) |   0.0(  1.6) |   19:19:07 (Apr13) |   1.08 GB | PBS_TechMap-Start
--------------------+---------------------+--------------+--------------------+-----------+----------------------
 00:00:44(00:01:30) |  00:00:00(00:00:00) |   0.0(  0.0) |   19:19:07 (Apr13) |   1.08 GB | PBS_TechMap-Premap HBO Optimizations
--------------------+---------------------+--------------+--------------------+-----------+----------------------
 00:01:13(00:01:58) |  00:00:28(00:00:28) |  44.9( 44.4) |   19:19:35 (Apr13) |   1.00 GB | PBS_Techmap-Global Mapping
--------------------+---------------------+--------------+--------------------+-----------+----------------------
 00:01:14(00:01:59) |  00:00:01(00:00:01) |   1.6(  1.6) |   19:19:36 (Apr13) |   1.00 GB | PBS_TechMap-Datapath Postmap Operations
--------------------+---------------------+--------------+--------------------+-----------+----------------------
 00:01:14(00:01:59) |  00:00:00(00:00:00) |  -0.0(  0.0) |   19:19:36 (Apr13) |   1.00 GB | PBS_TechMap-Postmap HBO Optimizations
--------------------+---------------------+--------------+--------------------+-----------+----------------------
Number of threads: 2 * 1   (id: pbs_debug, time_info v1.57)
Info: (*N*) indicates data that was populated from previously saved time_info database
Info: CPU time includes time of parent + longest thread
 Doing ConstProp on design:picorv32 ... 

Time taken by ConstProp Step: 00:00:01
PBS_TechMap-Postmap Clock Gating - Elapsed_Time 1, CPU_Time 1.0
stamp 'PBS_TechMap-Postmap Clock Gating' being created for table 'pbs_debug'

  Total Time (Wall) |  Stage Time (Wall)  |   % (Wall)   |    Date - Time     |  Memory   | Stage
--------------------+---------------------+--------------+--------------------+-----------+----------------------
 00:00:10(00:00:56) |  00:00:00(00:00:00) |   0.0(  0.0) |   19:18:33 (Apr13) |  584.0 MB | PBS_Generic-Start
--------------------+---------------------+--------------+--------------------+-----------+----------------------
 00:00:43(00:01:29) |  00:00:33(00:00:33) |  51.2( 51.6) |   19:19:06 (Apr13) |   1.08 GB | PBS_Generic_Opt-Post
--------------------+---------------------+--------------+--------------------+-----------+----------------------
 00:00:44(00:01:29) |  00:00:01(00:00:00) |   1.5(  0.0) |   19:19:06 (Apr13) |   1.08 GB | PBS_Generic-Postgen HBO Optimizations
--------------------+---------------------+--------------+--------------------+-----------+----------------------
 00:00:44(00:01:30) |  00:00:00(00:00:01) |   0.0(  1.6) |   19:19:07 (Apr13) |   1.08 GB | PBS_TechMap-Start
--------------------+---------------------+--------------+--------------------+-----------+----------------------
 00:00:44(00:01:30) |  00:00:00(00:00:00) |   0.0(  0.0) |   19:19:07 (Apr13) |   1.08 GB | PBS_TechMap-Premap HBO Optimizations
--------------------+---------------------+--------------+--------------------+-----------+----------------------
 00:01:13(00:01:58) |  00:00:28(00:00:28) |  44.2( 43.8) |   19:19:35 (Apr13) |   1.00 GB | PBS_Techmap-Global Mapping
--------------------+---------------------+--------------+--------------------+-----------+----------------------
 00:01:14(00:01:59) |  00:00:01(00:00:01) |   1.5(  1.6) |   19:19:36 (Apr13) |   1.00 GB | PBS_TechMap-Datapath Postmap Operations
--------------------+---------------------+--------------+--------------------+-----------+----------------------
 00:01:14(00:01:59) |  00:00:00(00:00:00) |  -0.0(  0.0) |   19:19:36 (Apr13) |   1.00 GB | PBS_TechMap-Postmap HBO Optimizations
--------------------+---------------------+--------------+--------------------+-----------+----------------------
 00:01:15(00:02:00) |  00:00:01(00:00:01) |   1.5(  1.6) |   19:19:37 (Apr13) |   1.00 GB | PBS_TechMap-Postmap Clock Gating
--------------------+---------------------+--------------+--------------------+-----------+----------------------
Number of threads: 2 * 1   (id: pbs_debug, time_info v1.57)
Info: (*N*) indicates data that was populated from previously saved time_info database
Info: CPU time includes time of parent + longest thread
-------------------------------------------------------------------------------
 hi_fo_buf                 30811        0         0         0        0        0

           Trick     Calls     Accepts   Attempts    Time(secs) 
-----------------------------------------------------------
       hi_fo_buf         0  (        0 /        0 )  0.00

 
Incremental optimization status
===============================
                                   Group   
                                  Tot Wrst     Total - - - - DRC Totals - - - -
                           Total  Weighted      Neg      Max       Max     Max  
Operation                   Area   Slacks      Slack    Trans      Cap   Fanout 
 init_delay                30811        0         0         0        0        0

           Trick     Calls     Accepts   Attempts    Time(secs) 
-----------------------------------------------------------
       crit_upsz         0  (        0 /        0 )  0.00
    plc_bal_star         0  (        0 /        0 )  0.00
     drc_buftimb         0  (        0 /        0 )  0.00
          plc_st         0  (        0 /        0 )  0.00
    plc_st_fence         0  (        0 /        0 )  0.00
        plc_star         0  (        0 /        0 )  0.00
      plc_laf_st         0  (        0 /        0 )  0.00
 plc_laf_st_fence         0  (        0 /        0 )  0.00
     drc_buftims         0  (        0 /        0 )  0.00
            fopt         0  (        0 /        0 )  0.00
   plc_laf_lo_st         0  (        0 /        0 )  0.00
       plc_lo_st         0  (        0 /        0 )  0.00
        mb_split         0  (        0 /        0 )  0.00

 
Local TNS optimization status
=============================
                                   Group   
                                  Tot Wrst     Total - - - - DRC Totals - - - -
                           Total  Weighted      Neg      Max       Max     Max  
Operation                   Area   Slacks      Slack    Trans      Cap   Fanout 
 init_tns                  30811        0         0         0        0        0

           Trick     Calls     Accepts   Attempts    Time(secs) 
-----------------------------------------------------------
    plc_bal_star         0  (        0 /        0 )  0.00
     drc_buftimb         0  (        0 /        0 )  0.00
     drc_buftims         0  (        0 /        0 )  0.00
       crit_upsz         0  (        0 /        0 )  0.00
   plc_laf_lo_st         0  (        0 /        0 )  0.00
       plc_lo_st         0  (        0 /        0 )  0.00
            fopt         0  (        0 /        0 )  0.00
       crit_dnsz         0  (        0 /        0 )  0.00
             dup         0  (        0 /        0 )  0.00
        setup_dn         0  (        0 /        0 )  0.00
        mb_split         0  (        0 /        0 )  0.00

PBS_TechMap-Postmap Cleanup - Elapsed_Time 0, CPU_Time -0.016332000000005564
stamp 'PBS_TechMap-Postmap Cleanup' being created for table 'pbs_debug'

  Total Time (Wall) |  Stage Time (Wall)  |   % (Wall)   |    Date - Time     |  Memory   | Stage
--------------------+---------------------+--------------+--------------------+-----------+----------------------
 00:00:10(00:00:56) |  00:00:00(00:00:00) |   0.0(  0.0) |   19:18:33 (Apr13) |  584.0 MB | PBS_Generic-Start
--------------------+---------------------+--------------+--------------------+-----------+----------------------
 00:00:43(00:01:29) |  00:00:33(00:00:33) |  51.2( 51.6) |   19:19:06 (Apr13) |   1.08 GB | PBS_Generic_Opt-Post
--------------------+---------------------+--------------+--------------------+-----------+----------------------
 00:00:44(00:01:29) |  00:00:01(00:00:00) |   1.5(  0.0) |   19:19:06 (Apr13) |   1.08 GB | PBS_Generic-Postgen HBO Optimizations
--------------------+---------------------+--------------+--------------------+-----------+----------------------
 00:00:44(00:01:30) |  00:00:00(00:00:01) |   0.0(  1.6) |   19:19:07 (Apr13) |   1.08 GB | PBS_TechMap-Start
--------------------+---------------------+--------------+--------------------+-----------+----------------------
 00:00:44(00:01:30) |  00:00:00(00:00:00) |   0.0(  0.0) |   19:19:07 (Apr13) |   1.08 GB | PBS_TechMap-Premap HBO Optimizations
--------------------+---------------------+--------------+--------------------+-----------+----------------------
 00:01:13(00:01:58) |  00:00:28(00:00:28) |  44.2( 43.8) |   19:19:35 (Apr13) |   1.00 GB | PBS_Techmap-Global Mapping
--------------------+---------------------+--------------+--------------------+-----------+----------------------
 00:01:14(00:01:59) |  00:00:01(00:00:01) |   1.5(  1.6) |   19:19:36 (Apr13) |   1.00 GB | PBS_TechMap-Datapath Postmap Operations
--------------------+---------------------+--------------+--------------------+-----------+----------------------
 00:01:14(00:01:59) |  00:00:00(00:00:00) |  -0.0(  0.0) |   19:19:36 (Apr13) |   1.00 GB | PBS_TechMap-Postmap HBO Optimizations
--------------------+---------------------+--------------+--------------------+-----------+----------------------
 00:01:15(00:02:00) |  00:00:01(00:00:01) |   1.5(  1.6) |   19:19:37 (Apr13) |   1.00 GB | PBS_TechMap-Postmap Clock Gating
--------------------+---------------------+--------------+--------------------+-----------+----------------------
 00:01:15(00:02:00) |  00:00:00(00:00:00) |  -0.0(  0.0) |   19:19:37 (Apr13) |   1.00 GB | PBS_TechMap-Postmap Cleanup
--------------------+---------------------+--------------+--------------------+-----------+----------------------
Number of threads: 2 * 1   (id: pbs_debug, time_info v1.57)
Info: (*N*) indicates data that was populated from previously saved time_info database
Info: CPU time includes time of parent + longest thread
PBS_Techmap-Post_MBCI - Elapsed_Time 0, CPU_Time 0.0
stamp 'PBS_Techmap-Post_MBCI' being created for table 'pbs_debug'

  Total Time (Wall) |  Stage Time (Wall)  |   % (Wall)   |    Date - Time     |  Memory   | Stage
--------------------+---------------------+--------------+--------------------+-----------+----------------------
 00:00:10(00:00:56) |  00:00:00(00:00:00) |   0.0(  0.0) |   19:18:33 (Apr13) |  584.0 MB | PBS_Generic-Start
--------------------+---------------------+--------------+--------------------+-----------+----------------------
 00:00:43(00:01:29) |  00:00:33(00:00:33) |  51.2( 51.6) |   19:19:06 (Apr13) |   1.08 GB | PBS_Generic_Opt-Post
--------------------+---------------------+--------------+--------------------+-----------+----------------------
 00:00:44(00:01:29) |  00:00:01(00:00:00) |   1.5(  0.0) |   19:19:06 (Apr13) |   1.08 GB | PBS_Generic-Postgen HBO Optimizations
--------------------+---------------------+--------------+--------------------+-----------+----------------------
 00:00:44(00:01:30) |  00:00:00(00:00:01) |   0.0(  1.6) |   19:19:07 (Apr13) |   1.08 GB | PBS_TechMap-Start
--------------------+---------------------+--------------+--------------------+-----------+----------------------
 00:00:44(00:01:30) |  00:00:00(00:00:00) |   0.0(  0.0) |   19:19:07 (Apr13) |   1.08 GB | PBS_TechMap-Premap HBO Optimizations
--------------------+---------------------+--------------+--------------------+-----------+----------------------
 00:01:13(00:01:58) |  00:00:28(00:00:28) |  44.2( 43.8) |   19:19:35 (Apr13) |   1.00 GB | PBS_Techmap-Global Mapping
--------------------+---------------------+--------------+--------------------+-----------+----------------------
 00:01:14(00:01:59) |  00:00:01(00:00:01) |   1.5(  1.6) |   19:19:36 (Apr13) |   1.00 GB | PBS_TechMap-Datapath Postmap Operations
--------------------+---------------------+--------------+--------------------+-----------+----------------------
 00:01:14(00:01:59) |  00:00:00(00:00:00) |  -0.0(  0.0) |   19:19:36 (Apr13) |   1.00 GB | PBS_TechMap-Postmap HBO Optimizations
--------------------+---------------------+--------------+--------------------+-----------+----------------------
 00:01:15(00:02:00) |  00:00:01(00:00:01) |   1.5(  1.6) |   19:19:37 (Apr13) |   1.00 GB | PBS_TechMap-Postmap Clock Gating
--------------------+---------------------+--------------+--------------------+-----------+----------------------
 00:01:15(00:02:00) |  00:00:00(00:00:00) |  -0.0(  0.0) |   19:19:37 (Apr13) |   1.00 GB | PBS_TechMap-Postmap Cleanup
--------------------+---------------------+--------------+--------------------+-----------+----------------------
 00:01:15(00:02:00) |  00:00:00(00:00:00) |   0.0(  0.0) |   19:19:37 (Apr13) |   1.00 GB | PBS_Techmap-Post_MBCI
--------------------+---------------------+--------------+--------------------+-----------+----------------------
Number of threads: 2 * 1   (id: pbs_debug, time_info v1.57)
Info: (*N*) indicates data that was populated from previously saved time_info database
Info: CPU time includes time of parent + longest thread
##>=================== Cadence Confidential (Mapping-Logical) ===================
##>Main Thread Summary:
##>----------------------------------------------------------------------------------------
##>STEP                           Elapsed       WNS       TNS     Insts      Area    Memory
##>----------------------------------------------------------------------------------------
##>M:Initial                            0         -         -     14751     53350      1081
##>M:Pre Cleanup                        0         -         -     14751     53350      1081
##>M:Setup                              0         -         -         -         -         -
##>M:Early Clock Gating                 0         -         -         -         -         -
##>M:Launch ST                          0         -         -         -         -         -
##>M:Design Partition                   0         -         -         -         -         -
##>M:Create Partition Netlists          0         -         -         -         -         -
##>M:Init Power                         0         -         -         -         -         -
##>M:Budgeting                          0         -         -         -         -         -
##>M:Derenv-DB                          0         -         -         -         -         -
##>M:Debug Outputs                      0         -         -         -         -         -
##>M:ST loading                         0         -         -         -         -         -
##>M:Distributed                        0         -         -         -         -         -
##>M:Timer                              0         -         -         -         -         -
##>M:Assembly                           0         -         -         -         -         -
##>M:DFT                                0         -         -         -         -         -
##>M:DP Operations                      1         -         -      6043     21853      1002
##>M:Const Prop                         0      1394         0      6043     21853      1002
##>M:Cleanup                            0      1394         0      6043     21853      1002
##>M:MBCI                               0         -         -      6043     21853      1002
##>M:PostGen Opt                        0         -         -         -         -         -
##>M:Early Clock Gating Cleanup         0         -         -         -         -         -
##>M:Const Gate Removal                 0         -         -         -         -         -
##>M:Misc                              29
##>----------------------------------------------------------------------------------------
##>Total Elapsed                       30
##>========================================================================================
Info    : Done mapping. [SYNTH-5]
        : Done mapping 'picorv32'.
        Computing net loads.
      flow.cputime  flow.realtime  timing.setup.tns  timing.setup.wns  snapshot
UM:*                                                                   syn_map
@file(synth2.tcl) 65: puts "Runtime & Memory after 'syn_map'"
Runtime & Memory after 'syn_map'
@file(synth2.tcl) 66: time_info MAPPED
stamp 'MAPPED' being created for table 'default'

  Total Time (Wall) |  Stage Time (Wall)  |   % (Wall)   |    Date - Time     |  Memory   | Stage
--------------------+---------------------+--------------+--------------------+-----------+----------------------
 00:00:03(00:00:00) |  00:00:00(00:00:00) |   0.0(  0.0) |   19:17:37 (Apr13) |  216.9 MB | init
--------------------+---------------------+--------------+--------------------+-----------+----------------------
 00:00:09(00:00:42) |  00:00:06(00:00:42) |   8.3( 35.0) |   19:18:19 (Apr13) |  563.6 MB | Elaboration
--------------------+---------------------+--------------+--------------------+-----------+----------------------
 00:00:44(00:01:30) |  00:00:35(00:00:48) |  49.6( 40.0) |   19:19:07 (Apr13) |   1.08 GB | GENERIC
--------------------+---------------------+--------------+--------------------+-----------+----------------------
 00:01:15(00:02:00) |  00:00:30(00:00:30) |  42.1( 25.0) |   19:19:37 (Apr13) |   1.00 GB | MAPPED
--------------------+---------------------+--------------+--------------------+-----------+----------------------
Number of threads: 2 * 1   (id: default, time_info v1.57)
Info: (*N*) indicates data that was populated from previously saved time_info database
Info: CPU time includes time of parent + longest thread
@file(synth2.tcl) 69: foreach cg [vfind / -cost_group *] {
  report_timing -group [list $cg] > $_REPORTS_PATH/${DESIGN}_[vbasename $cg]_post_map.rpt
}
        Computing net loads.
        Tracing clock networks.
        Levelizing the circuit.
        Computing delays.
        Computing arrivals and requireds.
@file(synth2.tcl) 82: set_db / .syn_opt_effort $MAP_OPT_EFF
  Setting attribute of root '/': 'syn_opt_effort' = high
@file(synth2.tcl) 83: syn_opt
Current PLE settings:

Aspect ratio        : 1.000
Shrink factor       : 1.000
Scale of res/length : 1.000
Scale of cap/length : 1.000
Net derating factor : 1.000
Thermal factor      : 0.919
Via Resistance      : 0.400 ohm (from qrc_tech_file)
Site size           : 1.910 um (from lef [tech+cell])

                                    Capacitance  
   Layer                             / Length         Data source:
 Name        Direction Utilization  (pF/micron)       qrc_tech_file
-------------------------------------------------
metal1_conn      H         0.00        0.000305  
metal2_conn      V         1.00        0.000260  
metal3_conn      H         1.00        0.000257  
metal4_conn      V         1.00        0.000260  
metal5_conn      H         1.00        0.000261  
metal6_conn      V         1.00        0.000260  
metal7_conn      H         1.00        0.000259  
metal8_conn      V         1.00        0.000257  
metal9_conn      H         1.00        0.001314  
metal10_conn     V         1.00        0.000555  
metal11_conn     H         1.00        0.000635  

                                     Resistance   
   Layer                              / Length         Data source:
 Name        Direction Utilization  (ohm/micron)       qrc_tech_file
--------------------------------------------------
metal1_conn      H         0.00         0.909621  
metal2_conn      V         1.00         0.590722  
metal3_conn      H         1.00         0.590722  
metal4_conn      V         1.00         0.590722  
metal5_conn      H         1.00         0.590722  
metal6_conn      V         1.00         0.590722  
metal7_conn      H         1.00         0.590722  
metal8_conn      V         1.00         0.195195  
metal9_conn      H         1.00         0.195195  
metal10_conn     V         1.00         0.070980  
metal11_conn     H         1.00         0.068930  

                                         Area     
   Layer                               / Length        Data source:
 Name        Direction Utilization     (micron)        lef_library
--------------------------------------------------
Metal1           H         0.00         0.060000  
Metal2           V         1.00         0.080000  
Metal3           H         1.00         0.080000  
Metal4           V         1.00         0.080000  
Metal5           H         1.00         0.080000  
Metal6           V         1.00         0.080000  
Metal7           H         1.00         0.080000  
Metal8           V         1.00         0.080000  
Metal9           H         1.00         0.080000  
Metal10          V         1.00         0.220000  
Metal11          H         1.00         0.220000  

Info    : Incrementally optimizing. [SYNTH-7]
        : Incrementally optimizing 'picorv32' using 'high' effort.
 
Incremental optimization status
===============================
                                   Group   
                                  Tot Wrst     Total - - - - DRC Totals - - - -
                           Total  Weighted      Neg      Max       Max     Max  
Operation                   Area   Slacks      Slack    Trans      Cap   Fanout 
 init_iopt                 30811        0         0         0        0        0
-------------------------------------------------------------------------------
 const_prop                30811        0         0         0        0        0
 simp_cc_inputs            30811        0         0         0        0        0
-------------------------------------------------------------------------------
 hi_fo_buf                 30811        0         0         0        0        0

           Trick     Calls     Accepts   Attempts    Time(secs) 
-----------------------------------------------------------
       hi_fo_buf         0  (        0 /        0 )  0.00

 
Incremental optimization status
===============================
                                   Group   
                                  Tot Wrst     Total - - - - DRC Totals - - - -
                           Total  Weighted      Neg      Max       Max     Max  
Operation                   Area   Slacks      Slack    Trans      Cap   Fanout 
 init_delay                30811        0         0         0        0        0

           Trick     Calls     Accepts   Attempts    Time(secs) 
-----------------------------------------------------------
        crit_msz         0  (        0 /        0 )  0.00
       crit_upsz         0  (        0 /        0 )  0.00
       crit_slew         0  (        0 /        0 )  0.00
        setup_dn         0  (        0 /        0 )  0.00
    plc_bal_star         0  (        0 /        0 )  0.00
     drc_buftimb         0  (        0 /        0 )  0.00
          plc_st         0  (        0 /        0 )  0.00
    plc_st_fence         0  (        0 /        0 )  0.00
        plc_star         0  (        0 /        0 )  0.00
      plc_laf_st         0  (        0 /        0 )  0.00
 plc_laf_st_fence         0  (        0 /        0 )  0.00
     drc_buftims         0  (        0 /        0 )  0.00
   plc_laf_lo_st         0  (        0 /        0 )  0.00
       plc_lo_st         0  (        0 /        0 )  0.00
            fopt         0  (        0 /        0 )  0.00
       crit_swap         0  (        0 /        0 )  0.00
       mux2_swap         0  (        0 /        0 )  0.00
       crit_dnsz         0  (        0 /        0 )  0.00
       load_swap         0  (        0 /        0 )  0.00
            fopt         0  (        0 /        0 )  0.00
        setup_dn         0  (        0 /        0 )  0.00
       load_isol         0  (        0 /        0 )  0.00
       load_isol         0  (        0 /        0 )  0.00
        move_for         0  (        0 /        0 )  0.00
        move_for         0  (        0 /        0 )  0.00
          rem_bi         0  (        0 /        0 )  0.00
         offload         0  (        0 /        0 )  0.00
          rem_bi         0  (        0 /        0 )  0.00
         offload         0  (        0 /        0 )  0.00
           phase         0  (        0 /        0 )  0.00
        in_phase         0  (        0 /        0 )  0.00
       merge_bit         0  (        0 /        0 )  0.00
     merge_idrvr         0  (        0 /        0 )  0.00
     merge_iload         0  (        0 /        0 )  0.00
    merge_idload         0  (        0 /        0 )  0.00
      merge_drvr         0  (        0 /        0 )  0.00
      merge_load         0  (        0 /        0 )  0.00
          decomp         0  (        0 /        0 )  0.00
        p_decomp         0  (        0 /        0 )  0.00
        levelize         0  (        0 /        0 )  0.00
        mb_split         0  (        0 /        0 )  0.00
             dup         0  (        0 /        0 )  0.00
      mux_retime         0  (        0 /        0 )  0.00
         buf2inv         0  (        0 /        0 )  0.00
             exp         0  (        0 /        0 )  0.00
       gate_deco         0  (        0 /        0 )  0.00
       gcomp_tim         0  (        0 /        0 )  0.00
  inv_pair_2_buf         0  (        0 /        0 )  0.00


           Trick     Calls     Accepts   Attempts    Time(secs) 
-----------------------------------------------------------
         crr_220         0  (        0 /        0 )  0.00
        crr_glob         0  (        0 /        0 )  0.00
         crr_200         0  (        0 /        0 )  0.00
        crr_glob         0  (        0 /        0 )  0.00
         crr_300         0  (        0 /        0 )  0.00
        crr_glob         0  (        0 /        0 )  0.00
         crr_400         0  (        0 /        0 )  0.00
        crr_glob         0  (        0 /        0 )  0.00
         crr_111         0  (        0 /        0 )  0.00
        crr_glob         0  (        0 /        0 )  0.00
         crr_210         0  (        0 /        0 )  0.00
        crr_glob         0  (        0 /        0 )  0.00
         crr_110         0  (        0 /        0 )  0.00
        crr_glob         0  (        0 /        0 )  0.00
         crr_101         0  (        0 /        0 )  0.00
        crr_glob         0  (        0 /        0 )  0.00
         crr_201         0  (        0 /        0 )  0.00
        crr_glob         0  (        0 /        0 )  0.00
         crr_211         0  (        0 /        0 )  0.00
        crr_glob         0  (        0 /        0 )  0.00
        crit_msz         0  (        0 /        0 )  0.00
       crit_upsz         0  (        0 /        0 )  0.00
       crit_slew         0  (        0 /        0 )  0.00
        setup_dn         0  (        0 /        0 )  0.00
    plc_bal_star         0  (        0 /        0 )  0.00
     drc_buftimb         0  (        0 /        0 )  0.00
          plc_st         0  (        0 /        0 )  0.00
    plc_st_fence         0  (        0 /        0 )  0.00
        plc_star         0  (        0 /        0 )  0.00
      plc_laf_st         0  (        0 /        0 )  0.00
 plc_laf_st_fence         0  (        0 /        0 )  0.00
     drc_buftims         0  (        0 /        0 )  0.00
       plc_lo_st         0  (        0 /        0 )  0.00
            fopt         0  (        0 /        0 )  0.00
       crit_swap         0  (        0 /        0 )  0.00
       mux2_swap         0  (        0 /        0 )  0.00
       crit_dnsz         0  (        0 /        0 )  0.00
       load_swap         0  (        0 /        0 )  0.00
            fopt         0  (        0 /        0 )  0.00
        setup_dn         0  (        0 /        0 )  0.00
       load_isol         0  (        0 /        0 )  0.00
       load_isol         0  (        0 /        0 )  0.00
        move_for         0  (        0 /        0 )  0.00
        move_for         0  (        0 /        0 )  0.00
          rem_bi         0  (        0 /        0 )  0.00
         offload         0  (        0 /        0 )  0.00
          rem_bi         0  (        0 /        0 )  0.00
         offload         0  (        0 /        0 )  0.00
       merge_bit         0  (        0 /        0 )  0.00
     merge_idrvr         0  (        0 /        0 )  0.00
     merge_iload         0  (        0 /        0 )  0.00
    merge_idload         0  (        0 /        0 )  0.00
      merge_drvr         0  (        0 /        0 )  0.00
      merge_load         0  (        0 /        0 )  0.00
           phase         0  (        0 /        0 )  0.00
          decomp         0  (        0 /        0 )  0.00
        p_decomp         0  (        0 /        0 )  0.00
        levelize         0  (        0 /        0 )  0.00
        mb_split         0  (        0 /        0 )  0.00
        in_phase         0  (        0 /        0 )  0.00
             dup         0  (        0 /        0 )  0.00
      mux_retime         0  (        0 /        0 )  0.00
         buf2inv         0  (        0 /        0 )  0.00
             exp         0  (        0 /        0 )  0.00
       gate_deco         0  (        0 /        0 )  0.00
       gcomp_tim         0  (        0 /        0 )  0.00
  inv_pair_2_buf         0  (        0 /        0 )  0.00
 init_drc                  30811        0         0         0        0        0

           Trick     Calls     Accepts   Attempts    Time(secs) 
-----------------------------------------------------------
          plc_st         0  (        0 /        0 )  0.00
        plc_star         0  (        0 /        0 )  0.00
        drc_bufs         0  (        0 /        0 )  0.00
        drc_fopt         0  (        0 /        0 )  0.00
        drc_bufb         0  (        0 /        0 )  0.00
      simple_buf         0  (        0 /        0 )  0.00
             dup         0  (        0 /        0 )  0.00
       crit_dnsz         0  (        0 /        0 )  0.00
       crit_upsz         0  (        0 /        0 )  0.00
       crit_slew         0  (        0 /        0 )  0.00


           Trick     Calls     Accepts   Attempts    Time(secs) 
-----------------------------------------------------------
          plc_st         0  (        0 /        0 )  0.00
        plc_star         0  (        0 /        0 )  0.00
      drc_buf_sp         0  (        0 /        0 )  0.00
        drc_bufs         0  (        0 /        0 )  0.00
        drc_fopt         0  (        0 /        0 )  0.00
        drc_bufb         0  (        0 /        0 )  0.00
      simple_buf         0  (        0 /        0 )  0.00
             dup         0  (        0 /        0 )  0.00
       crit_dnsz         0  (        0 /        0 )  0.00
       crit_upsz         0  (        0 /        0 )  0.00


           Trick     Calls     Accepts   Attempts    Time(secs) 
-----------------------------------------------------------
          plc_st         0  (        0 /        0 )  0.00
        plc_star         0  (        0 /        0 )  0.00
      drc_buf_sp         0  (        0 /        0 )  0.00
        drc_bufs         0  (        0 /        0 )  0.00
        drc_fopt         0  (        0 /        0 )  0.00
        drc_bufb         0  (        0 /        0 )  0.00
             dup         0  (        0 /        0 )  0.00
       crit_dnsz         0  (        0 /        0 )  0.00
       crit_upsz         0  (        0 /        0 )  0.00

 init_tns                  30811        0         0         0        0        0

           Trick     Calls     Accepts   Attempts    Time(secs) 
-----------------------------------------------------------
            fopt         0  (        0 /        0 )  0.00
    plc_bal_star         0  (        0 /        0 )  0.00
     drc_buftimb         0  (        0 /        0 )  0.00
     drc_buftims         0  (        0 /        0 )  0.00
        crit_msz         0  (        0 /        0 )  0.00
       crit_upsz         0  (        0 /        0 )  0.00
   plc_laf_lo_st         0  (        0 /        0 )  0.00
       plc_lo_st         0  (        0 /        0 )  0.00
       crit_swap         0  (        0 /        0 )  0.00
       mux2_swap         0  (        0 /        0 )  0.00
       crit_dnsz         0  (        0 /        0 )  0.00
       load_swap         0  (        0 /        0 )  0.00
            fopt         0  (        0 /        0 )  0.00
        setup_dn         0  (        0 /        0 )  0.00
       load_isol         0  (        0 /        0 )  0.00
       load_isol         0  (        0 /        0 )  0.00
        move_for         0  (        0 /        0 )  0.00
        move_for         0  (        0 /        0 )  0.00
          rem_bi         0  (        0 /        0 )  0.00
         offload         0  (        0 /        0 )  0.00
          rem_bi         0  (        0 /        0 )  0.00
         offload         0  (        0 /        0 )  0.00
       merge_bit         0  (        0 /        0 )  0.00
     merge_idrvr         0  (        0 /        0 )  0.00
     merge_iload         0  (        0 /        0 )  0.00
    merge_idload         0  (        0 /        0 )  0.00
      merge_drvr         0  (        0 /        0 )  0.00
      merge_load         0  (        0 /        0 )  0.00
           phase         0  (        0 /        0 )  0.00
          decomp         0  (        0 /        0 )  0.00
        p_decomp         0  (        0 /        0 )  0.00
        levelize         0  (        0 /        0 )  0.00
        mb_split         0  (        0 /        0 )  0.00
             dup         0  (        0 /        0 )  0.00
      mux_retime         0  (        0 /        0 )  0.00
       crr_local         0  (        0 /        0 )  0.00
         buf2inv         0  (        0 /        0 )  0.00

 init_area                 30811        0         0         0        0        0
 rem_buf                   30806        0         0         0        0        0
 rem_inv                   30800        0         0         0        0        0
 merge_bi                  30789        0         0         0        0        0
 rem_inv_qb                30785        0         0         0        0        0
 seq_res_area              30761        0         0         0        0        0
 glob_area                 30759        0         0         0        0        0
 area_down                 30744        0         0         0        0        0

           Trick     Calls     Accepts   Attempts    Time(secs) 
-----------------------------------------------------------
           undup         0  (        0 /        0 )  0.00
         rem_buf         5  (        3 /        3 )  0.02
         rem_inv        15  (        3 /        3 )  0.02
        merge_bi        18  (        8 /       10 )  0.05
      rem_inv_qb        10  (        2 /        2 )  0.02
    seq_res_area        31  (        4 /        4 )  16.71
        io_phase        19  (        0 /        0 )  0.02
       gate_comp        20  (        0 /        0 )  0.21
       gcomp_mog         0  (        0 /        0 )  0.06
       glob_area        59  (        4 /       59 )  0.13
       area_down       132  (       17 /       17 )  0.69
      size_n_buf        11  (        0 /        0 )  0.11
  gate_deco_area         0  (        0 /        0 )  0.00
         rem_buf         2  (        0 /        0 )  0.00
         rem_inv        10  (        0 /        0 )  0.01
        merge_bi        10  (        0 /        2 )  0.04
      rem_inv_qb         5  (        0 /        0 )  0.00

 
Incremental optimization status
===============================
                                   Group   
                                  Tot Wrst     Total - - - - DRC Totals - - - -
                           Total  Weighted      Neg      Max       Max     Max  
Operation                   Area   Slacks      Slack    Trans      Cap   Fanout 
 init_delay                30744        0         0         0        0        0

           Trick     Calls     Accepts   Attempts    Time(secs) 
-----------------------------------------------------------
         crr_220         0  (        0 /        0 )  0.00
        crr_glob         0  (        0 /        0 )  0.00
         crr_200         0  (        0 /        0 )  0.00
        crr_glob         0  (        0 /        0 )  0.00
         crr_300         0  (        0 /        0 )  0.00
        crr_glob         0  (        0 /        0 )  0.00
         crr_400         0  (        0 /        0 )  0.00
        crr_glob         0  (        0 /        0 )  0.00
         crr_111         0  (        0 /        0 )  0.00
        crr_glob         0  (        0 /        0 )  0.00
         crr_210         0  (        0 /        0 )  0.00
        crr_glob         0  (        0 /        0 )  0.00
         crr_110         0  (        0 /        0 )  0.00
        crr_glob         0  (        0 /        0 )  0.00
         crr_101         0  (        0 /        0 )  0.00
        crr_glob         0  (        0 /        0 )  0.00
         crr_201         0  (        0 /        0 )  0.00
        crr_glob         0  (        0 /        0 )  0.00
         crr_211         0  (        0 /        0 )  0.00
        crr_glob         0  (        0 /        0 )  0.00
        crit_msz         0  (        0 /        0 )  0.00
       crit_upsz         0  (        0 /        0 )  0.00
       crit_slew         0  (        0 /        0 )  0.00
        setup_dn         0  (        0 /        0 )  0.00
    plc_bal_star         0  (        0 /        0 )  0.00
     drc_buftimb         0  (        0 /        0 )  0.00
          plc_st         0  (        0 /        0 )  0.00
    plc_st_fence         0  (        0 /        0 )  0.00
        plc_star         0  (        0 /        0 )  0.00
      plc_laf_st         0  (        0 /        0 )  0.00
 plc_laf_st_fence         0  (        0 /        0 )  0.00
     drc_buftims         0  (        0 /        0 )  0.00
       plc_lo_st         0  (        0 /        0 )  0.00
            fopt         0  (        0 /        0 )  0.00
       crit_swap         0  (        0 /        0 )  0.00
       mux2_swap         0  (        0 /        0 )  0.00
       crit_dnsz         0  (        0 /        0 )  0.00
       load_swap         0  (        0 /        0 )  0.00
            fopt         0  (        0 /        0 )  0.00
        setup_dn         0  (        0 /        0 )  0.00
       load_isol         0  (        0 /        0 )  0.00
       load_isol         0  (        0 /        0 )  0.00
        move_for         0  (        0 /        0 )  0.00
        move_for         0  (        0 /        0 )  0.00
          rem_bi         0  (        0 /        0 )  0.00
         offload         0  (        0 /        0 )  0.00
          rem_bi         0  (        0 /        0 )  0.00
         offload         0  (        0 /        0 )  0.00
       merge_bit         0  (        0 /        0 )  0.00
     merge_idrvr         0  (        0 /        0 )  0.00
     merge_iload         0  (        0 /        0 )  0.00
    merge_idload         0  (        0 /        0 )  0.00
      merge_drvr         0  (        0 /        0 )  0.00
      merge_load         0  (        0 /        0 )  0.00
           phase         0  (        0 /        0 )  0.00
          decomp         0  (        0 /        0 )  0.00
        p_decomp         0  (        0 /        0 )  0.00
        levelize         0  (        0 /        0 )  0.00
        mb_split         0  (        0 /        0 )  0.00
        in_phase         0  (        0 /        0 )  0.00
             dup         0  (        0 /        0 )  0.00
      mux_retime         0  (        0 /        0 )  0.00
         buf2inv         0  (        0 /        0 )  0.00
             exp         0  (        0 /        0 )  0.00
       gate_deco         0  (        0 /        0 )  0.00
       gcomp_tim         0  (        0 /        0 )  0.00
  inv_pair_2_buf         0  (        0 /        0 )  0.00
 init_drc                  30744        0         0         0        0        0

           Trick     Calls     Accepts   Attempts    Time(secs) 
-----------------------------------------------------------
          plc_st         0  (        0 /        0 )  0.00
        plc_star         0  (        0 /        0 )  0.00
        drc_bufs         0  (        0 /        0 )  0.00
        drc_fopt         0  (        0 /        0 )  0.00
        drc_bufb         0  (        0 /        0 )  0.00
      simple_buf         0  (        0 /        0 )  0.00
             dup         0  (        0 /        0 )  0.00
       crit_dnsz         0  (        0 /        0 )  0.00
       crit_upsz         0  (        0 /        0 )  0.00
       crit_slew         0  (        0 /        0 )  0.00


           Trick     Calls     Accepts   Attempts    Time(secs) 
-----------------------------------------------------------
          plc_st         0  (        0 /        0 )  0.00
        plc_star         0  (        0 /        0 )  0.00
        drc_bufs         0  (        0 /        0 )  0.00
        drc_fopt         0  (        0 /        0 )  0.00
        drc_bufb         0  (        0 /        0 )  0.00
      simple_buf         0  (        0 /        0 )  0.00
             dup         0  (        0 /        0 )  0.00
       crit_dnsz         0  (        0 /        0 )  0.00
       crit_upsz         0  (        0 /        0 )  0.00


           Trick     Calls     Accepts   Attempts    Time(secs) 
-----------------------------------------------------------
          plc_st         0  (        0 /        0 )  0.00
        plc_star         0  (        0 /        0 )  0.00
        drc_bufs         0  (        0 /        0 )  0.00
        drc_fopt         0  (        0 /        0 )  0.00
        drc_bufb         0  (        0 /        0 )  0.00
             dup         0  (        0 /        0 )  0.00
       crit_dnsz         0  (        0 /        0 )  0.00
       crit_upsz         0  (        0 /        0 )  0.00

 init_tns                  30744        0         0         0        0        0

           Trick     Calls     Accepts   Attempts    Time(secs) 
-----------------------------------------------------------
            fopt         0  (        0 /        0 )  0.00
    plc_bal_star         0  (        0 /        0 )  0.00
     drc_buftimb         0  (        0 /        0 )  0.00
     drc_buftims         0  (        0 /        0 )  0.00
        crit_msz         0  (        0 /        0 )  0.00
       crit_upsz         0  (        0 /        0 )  0.00
   plc_laf_lo_st         0  (        0 /        0 )  0.00
       plc_lo_st         0  (        0 /        0 )  0.00
       crit_swap         0  (        0 /        0 )  0.00
       mux2_swap         0  (        0 /        0 )  0.00
       crit_dnsz         0  (        0 /        0 )  0.00
       load_swap         0  (        0 /        0 )  0.00
            fopt         0  (        0 /        0 )  0.00
        setup_dn         0  (        0 /        0 )  0.00
       load_isol         0  (        0 /        0 )  0.00
       load_isol         0  (        0 /        0 )  0.00
        move_for         0  (        0 /        0 )  0.00
        move_for         0  (        0 /        0 )  0.00
          rem_bi         0  (        0 /        0 )  0.00
         offload         0  (        0 /        0 )  0.00
          rem_bi         0  (        0 /        0 )  0.00
         offload         0  (        0 /        0 )  0.00
       merge_bit         0  (        0 /        0 )  0.00
     merge_idrvr         0  (        0 /        0 )  0.00
     merge_iload         0  (        0 /        0 )  0.00
    merge_idload         0  (        0 /        0 )  0.00
      merge_drvr         0  (        0 /        0 )  0.00
      merge_load         0  (        0 /        0 )  0.00
           phase         0  (        0 /        0 )  0.00
          decomp         0  (        0 /        0 )  0.00
        p_decomp         0  (        0 /        0 )  0.00
        levelize         0  (        0 /        0 )  0.00
        mb_split         0  (        0 /        0 )  0.00
             dup         0  (        0 /        0 )  0.00
      mux_retime         0  (        0 /        0 )  0.00
       crr_local         0  (        0 /        0 )  0.00
         buf2inv         0  (        0 /        0 )  0.00

 init_area                 30744        0         0         0        0        0
 area_down                 30744        0         0         0        0        0

           Trick     Calls     Accepts   Attempts    Time(secs) 
-----------------------------------------------------------
           undup         0  (        0 /        0 )  0.01
         rem_buf         2  (        0 /        0 )  0.00
         rem_inv        10  (        0 /        0 )  0.01
        merge_bi        10  (        0 /        2 )  0.04
      rem_inv_qb         5  (        0 /        0 )  0.00
        io_phase        19  (        0 /        0 )  0.02
       gate_comp        20  (        0 /        0 )  0.20
       gcomp_mog         0  (        0 /        0 )  0.06
       glob_area        50  (        0 /       50 )  0.13
       area_down       131  (        1 /        1 )  0.60
      size_n_buf         0  (        0 /        0 )  0.02
  gate_deco_area         0  (        0 /        0 )  0.00

 
Incremental optimization status
===============================
                                   Group   
                                  Tot Wrst     Total - - - - DRC Totals - - - -
                           Total  Weighted      Neg      Max       Max     Max  
Operation                   Area   Slacks      Slack    Trans      Cap   Fanout 
 init_delay                30744        0         0         0        0        0

           Trick     Calls     Accepts   Attempts    Time(secs) 
-----------------------------------------------------------
        crit_msz         0  (        0 /        0 )  0.00
       crit_upsz         0  (        0 /        0 )  0.00
       crit_slew         0  (        0 /        0 )  0.00
        setup_dn         0  (        0 /        0 )  0.00
    plc_bal_star         0  (        0 /        0 )  0.00
     drc_buftimb         0  (        0 /        0 )  0.00
          plc_st         0  (        0 /        0 )  0.00
    plc_st_fence         0  (        0 /        0 )  0.00
        plc_star         0  (        0 /        0 )  0.00
      plc_laf_st         0  (        0 /        0 )  0.00
 plc_laf_st_fence         0  (        0 /        0 )  0.00
     drc_buftims         0  (        0 /        0 )  0.00
   plc_laf_lo_st         0  (        0 /        0 )  0.00
       plc_lo_st         0  (        0 /        0 )  0.00
            fopt         0  (        0 /        0 )  0.00
       crit_swap         0  (        0 /        0 )  0.00
       mux2_swap         0  (        0 /        0 )  0.00
       crit_dnsz         0  (        0 /        0 )  0.00
       load_swap         0  (        0 /        0 )  0.00
            fopt         0  (        0 /        0 )  0.00
        setup_dn         0  (        0 /        0 )  0.00
       load_isol         0  (        0 /        0 )  0.00
       load_isol         0  (        0 /        0 )  0.00
        move_for         0  (        0 /        0 )  0.00
        move_for         0  (        0 /        0 )  0.00
          rem_bi         0  (        0 /        0 )  0.00
         offload         0  (        0 /        0 )  0.00
          rem_bi         0  (        0 /        0 )  0.00
         offload         0  (        0 /        0 )  0.00
           phase         0  (        0 /        0 )  0.00
        in_phase         0  (        0 /        0 )  0.00
       merge_bit         0  (        0 /        0 )  0.00
     merge_idrvr         0  (        0 /        0 )  0.00
     merge_iload         0  (        0 /        0 )  0.00
    merge_idload         0  (        0 /        0 )  0.00
      merge_drvr         0  (        0 /        0 )  0.00
      merge_load         0  (        0 /        0 )  0.00
          decomp         0  (        0 /        0 )  0.00
        p_decomp         0  (        0 /        0 )  0.00
        levelize         0  (        0 /        0 )  0.00
        mb_split         0  (        0 /        0 )  0.00
             dup         0  (        0 /        0 )  0.00
      mux_retime         0  (        0 /        0 )  0.00
         buf2inv         0  (        0 /        0 )  0.00
             exp         0  (        0 /        0 )  0.00
       gate_deco         0  (        0 /        0 )  0.00
       gcomp_tim         0  (        0 /        0 )  0.00
  inv_pair_2_buf         0  (        0 /        0 )  0.00

 init_drc                  30744        0         0         0        0        0

           Trick     Calls     Accepts   Attempts    Time(secs) 
-----------------------------------------------------------
          plc_st         0  (        0 /        0 )  0.00
        plc_star         0  (        0 /        0 )  0.00
        drc_bufs         0  (        0 /        0 )  0.00
        drc_fopt         0  (        0 /        0 )  0.00
        drc_bufb         0  (        0 /        0 )  0.00
      simple_buf         0  (        0 /        0 )  0.00
             dup         0  (        0 /        0 )  0.00
       crit_dnsz         0  (        0 /        0 )  0.00
       crit_upsz         0  (        0 /        0 )  0.00
       crit_slew         0  (        0 /        0 )  0.00


           Trick     Calls     Accepts   Attempts    Time(secs) 
-----------------------------------------------------------
          plc_st         0  (        0 /        0 )  0.00
        plc_star         0  (        0 /        0 )  0.00
        drc_bufs         0  (        0 /        0 )  0.00
        drc_fopt         0  (        0 /        0 )  0.00
        drc_bufb         0  (        0 /        0 )  0.00
      simple_buf         0  (        0 /        0 )  0.00
             dup         0  (        0 /        0 )  0.00
       crit_dnsz         0  (        0 /        0 )  0.00
       crit_upsz         0  (        0 /        0 )  0.00


           Trick     Calls     Accepts   Attempts    Time(secs) 
-----------------------------------------------------------
          plc_st         0  (        0 /        0 )  0.00
        plc_star         0  (        0 /        0 )  0.00
        drc_bufs         0  (        0 /        0 )  0.00
        drc_fopt         0  (        0 /        0 )  0.00
        drc_bufb         0  (        0 /        0 )  0.00
             dup         0  (        0 /        0 )  0.00
       crit_dnsz         0  (        0 /        0 )  0.00
       crit_upsz         0  (        0 /        0 )  0.00

==================================
Stage : incr_opt 
==================================
  =================
   Message Summary
  =================
-----------------------------------------------------------------------------------------------------------------------------------------------------------------------------------------
|  Id   |  Sev  |Count|                                                                          Message Text                                                                           |
-----------------------------------------------------------------------------------------------------------------------------------------------------------------------------------------
|CFM-1  |Info   |    1|Wrote dofile.                                                                                                                                                    |
|CFM-5  |Info   |    1|Wrote formal verification information.                                                                                                                           |
|GLO-51 |Info   |    7|Hierarchical instance automatically ungrouped.                                                                                                                   |
|       |       |     |Hierarchical instances can be automatically ungrouped to allow for better area or timing optimization. To prevent this ungroup, set the root-level attribute     |
|       |       |     | 'auto_ungroup' to 'none'. You can also prevent individual ungroup with setting the attribute 'ungroup_ok' of instances or modules to 'false'.                   |
|PA-7   |Info   |    4|Resetting power analysis results.                                                                                                                                |
|       |       |     |All computed switching activities are removed.                                                                                                                   |
|SYNTH-5|Info   |    1|Done mapping.                                                                                                                                                    |
|SYNTH-7|Info   |    1|Incrementally optimizing.                                                                                                                                        |
|TIM-11 |Warning|    6|Timing problems have been detected in this design.                                                                                                               |
|       |       |     |Use 'check_timing_intent' or 'report timing -lint' to report more information.                                                                                   |
-----------------------------------------------------------------------------------------------------------------------------------------------------------------------------------------
Info    : Done incrementally optimizing. [SYNTH-8]
        : Done incrementally optimizing 'picorv32'.
        Computing net loads.
      flow.cputime  flow.realtime  timing.setup.tns  timing.setup.wns  snapshot
UM:*                                                                   syn_opt
@file(synth2.tcl) 85: puts "Runtime & Memory after 'syn_opt'"
Runtime & Memory after 'syn_opt'
@file(synth2.tcl) 86: time_info OPT
stamp 'OPT' being created for table 'default'

  Total Time (Wall) |  Stage Time (Wall)  |   % (Wall)   |    Date - Time     |  Memory   | Stage
--------------------+---------------------+--------------+--------------------+-----------+----------------------
 00:00:03(00:00:00) |  00:00:00(00:00:00) |   0.0(  0.0) |   19:17:37 (Apr13) |  216.9 MB | init
--------------------+---------------------+--------------+--------------------+-----------+----------------------
 00:00:09(00:00:42) |  00:00:06(00:00:42) |   6.5( 30.0) |   19:18:19 (Apr13) |  563.6 MB | Elaboration
--------------------+---------------------+--------------+--------------------+-----------+----------------------
 00:00:44(00:01:30) |  00:00:35(00:00:48) |  38.9( 34.3) |   19:19:07 (Apr13) |   1.08 GB | GENERIC
--------------------+---------------------+--------------+--------------------+-----------+----------------------
 00:01:15(00:02:00) |  00:00:30(00:00:30) |  33.0( 21.4) |   19:19:37 (Apr13) |   1.00 GB | MAPPED
--------------------+---------------------+--------------+--------------------+-----------+----------------------
 00:01:35(00:02:20) |  00:00:19(00:00:20) |  21.6( 14.3) |   19:19:57 (Apr13) |  990.4 MB | OPT
--------------------+---------------------+--------------+--------------------+-----------+----------------------
Number of threads: 2 * 1   (id: default, time_info v1.57)
Info: (*N*) indicates data that was populated from previously saved time_info database
Info: CPU time includes time of parent + longest thread
@file(synth2.tcl) 88: foreach cg [vfind / -cost_group *] {
  report_timing -max_paths 50 -group [list $cg] > $_REPORTS_PATH/${DESIGN}_[vbasename $cg]_post_opt.rpt
}
        Computing net loads.
        Tracing clock networks.
        Levelizing the circuit.
        Computing delays.
        Computing arrivals and requireds.
Warning : Violating paths are less than num_paths/max_paths. [CHKTIM-19]
        : Only 2 violating paths found
        : The timing query has number of violating paths less than requested num_paths/max_paths.
@file(synth2.tcl) 98: report_power > $_REPORTS_PATH/${DESIGN}_power.rpt
Warning: Library 'fast_vdd1v0' found in multiple domains.
Info: Use -domain to uniquify.
Info: Selecting library 'fast_vdd1v0' in domain '-1'
Warning: Library 'scm_128x32' found in multiple domains.
Info: Use -domain to uniquify.
Info: Selecting library 'scm_128x32' in domain '-1'
Info    : Joules engine is used. [RPT-16]
        : Joules engine is being used for the command report_power.
Info   : ACTP-0001 [ACTPInfo] Activity propagation started for stim#0 netlist
       : picorv32
Info   : ACTP-0009 [ACTPInfo] Activity Propagation Progress Report :   0%   1%   2%   3%   4%   5%   6%   7%   8%   9%  10%  11%  12%  13%  14%  15%  16%  17%  18%  19%  20%  21%  22%  23%  24%  25%  26%  27%  28%  29%  30%  31%  32%  33%  34%  35%  36%  37%  38%  39%  40%  41%  42%  43%  44%  45%  46%  47%  48%  49%  50%  51%  52%  53%  54%  55%  56%  57%  58%  59%  60%  61%  62%  63%  64%  65%  66%  67%  68%  69%  70%  71%  72%  73%  74%  75%  76%  77%  78%  79%  80%  81%  82%  83%  84%  85%  86%  87%  88%  89%  90%  91%  92%  93%  94%  95%  96%  97%  98%  99% 100%
Info   : ACTP-0001 Activity propagation ended for stim#0
Info   : PWRA-0001 [PwrInfo] compute_power effective options 
       : -mode : vectorless
       : -skip_propagation : 1
       : -frequency_scaling_factor : 1.0
       : -use_clock_freq : stim
       : -stim :/stim#0
       : -fromGenus : 1
Info   : ACTP-0001 Timing initialization started
Info   : ACTP-0001 Timing initialization ended
Info   : PWRA-0002 [PwrInfo] Skipping activity propagation due to -skip_ap
       : option....
Warning: PWRA-0302 [PwrWarn] Frequency scaling is not applicable for vectorless
       : flow. Ignoring frequency scaling.
Warning: PWRA-0304 [PwrWarn] -stim option is not applicable with vectorless mode
       : of power analysis, ignored this option.
Info   : PWRA-0002 Started 'vectorless' power computation.
Info   : PWRA-0009 [PwrInfo] Power Computation Progress Report :   0%   1%   2%   3%   4%   5%   6%   7%   8%   9%  10%  11%  12%  13%  14%  15%  16%  17%  18%  19%  20%  21%  22%  23%  24%  25%  26%  27%  28%  29%  30%  31%  32%  33%  34%  35%  36%  37%  38%  39%  40%  41%  42%  43%  44%  45%  46%  47%  48%  49%  50%  51%  52%  53%  54%  55%  56%  57%  58%  59%  60%  61%  62%  63%  64%  65%  66%  67%  68%  69%  70%  71%  72%  73%  74%  75%  76%  77%  78%  79%  80%  81%  82%  83%  84%  85%  86%  87%  88%  89%  90%  91%  92%  93%  94%  95%  96%  97%  98%  99% 100%
Info   : PWRA-0002 Finished power computation.
Info   : PWRA-0007 [PwrInfo] Completed successfully.
       : Info=6, Warn=2, Error=0, Fatal=0
Output file: reports_Apr13-19:18:17/picorv32_power.rpt
@file(synth2.tcl) 99: report_dp > $_REPORTS_PATH/${DESIGN}_datapath_incr.rpt
Beginning report datapath command
Warning : The filename, column and line number information will not be available in the report. [RPT_DP-100]
        : The attribute for getting HDL filename and line number is not set.
        : You must set the 'hdl_track_filename_row_col' attribute to 'true' (before elaborate) to enable filename, column, and line number tracking in the datapath report.
@file(synth2.tcl) 100: report_messages > $_REPORTS_PATH/${DESIGN}_messages.rpt
@file(synth2.tcl) 101: write_snapshot -outdir $_REPORTS_PATH -tag final
%# Begin write_snapshot (04/13 19:19:58, mem=2151.27M)
%# Begin qos_stats (04/13 19:19:58, mem=2151.27M)
        Computing arrivals and requireds.
%# End qos_stats (04/13 19:19:58, total cpu=09:00:00, real=09:00:00, peak res=1109.90M, current mem=2151.27M)
Warning : A required object parameter could not be found. [TUI-78]
        : An object named "" could not be found for attribute 'name'.
        : Check if a previous get_db or find returned an empty string.
Warning : A required object parameter could not be found. [TUI-78]
        : An object named "" could not be found for attribute 'analysis_view'.


Working Directory = /home/alumnes/s/serik.perez/dnd/synth/caravel-picorv32/R2-core-mul
QoS Summary for picorv32
================================================================================
Metric                          final          
================================================================================
Slack (ps):                     1,394
  R2R (ps):                     1,394
  I2R (ps):                     2,726
  R2O (ps):                     3,289
  I2O (ps):                     3,573
  CG  (ps):                  no_value
TNS (ps):                           0
  R2R (ps):                         0
  I2R (ps):                         0
  R2O (ps):                         0
  I2O (ps):                         0
  CG  (ps):                  no_value
Failing Paths:                      0
Cell Area:                     21,800
Total Cell Area:               21,800
Leaf Instances:                 6,024
Total Instances:                6,024
Utilization (%):                 0.00
Tot. Net Length (um):        no_value
Avg. Net Length (um):        no_value
Route Overflow H (%):        no_value
Route Overflow V (%):        no_value
MBCI(%) (bits/gate) :            0.00
Norm Cong Hotspot Area:
  Max Cong:                  no_value
  Tot Cong:                  no_value
================================================================================
CPU  Runtime (h:m:s):        00:01:45
Real Runtime (h:m:s):        00:02:22
CPU  Elapsed (h:m:s):        00:01:48
Real Elapsed (h:m:s):        00:02:23
Memory (MB):                  2151.27
================================================================================
================================================================================
Flow Settings:
================================================================================
Total Runtime (h:m:s): 00:02:22
Total Memory (MB):     2151.27
Executable Version:    22.13-s093_1
================================================================================
Total Cell Area =  Cell Area + Physical Cell Area
Total Instances =  Leaf Instances + Physical Instances




Finished exporting design database to file 'reports_Apr13-19:18:17/final_picorv32.db' for 'picorv32' (command execution time mm:ss cpu = 00:00, real = 00:01).
Info    : Joules engine is used. [RPT-16]
        : Joules engine is being used for the command report_gates -power.
Finished generating snapshot at stage final (command execution time mm:ss cpu = 00:00, real = 00:01).
%# End write_snapshot (04/13 19:19:59, total cpu=09:00:00, real=09:00:01, peak res=1109.90M, current mem=2151.27M)
@file(synth2.tcl) 102: report_summary -directory $_REPORTS_PATH
Warning : A required object parameter could not be found. [TUI-78]
        : An object named "" could not be found for attribute 'name'.
Warning : A required object parameter could not be found. [TUI-78]
        : An object named "" could not be found for attribute 'analysis_view'.


Working Directory = /home/alumnes/s/serik.perez/dnd/synth/caravel-picorv32/R2-core-mul
QoS Summary for picorv32
================================================================================
Metric                          final          
================================================================================
Slack (ps):                     1,394
  R2R (ps):                     1,394
  I2R (ps):                     2,726
  R2O (ps):                     3,289
  I2O (ps):                     3,573
  CG  (ps):                  no_value
TNS (ps):                           0
  R2R (ps):                         0
  I2R (ps):                         0
  R2O (ps):                         0
  I2O (ps):                         0
  CG  (ps):                  no_value
Failing Paths:                      0
Cell Area:                     21,800
Total Cell Area:               21,800
Leaf Instances:                 6,024
Total Instances:                6,024
Utilization (%):                 0.00
Tot. Net Length (um):        no_value
Avg. Net Length (um):        no_value
Route Overflow H (%):        no_value
Route Overflow V (%):        no_value
MBCI(%) (bits/gate) :            0.00
Norm Cong Hotspot Area:
  Max Cong:                  no_value
  Tot Cong:                  no_value
================================================================================
CPU  Runtime (h:m:s):        00:01:45
Real Runtime (h:m:s):        00:02:22
CPU  Elapsed (h:m:s):        00:01:48
Real Elapsed (h:m:s):        00:02:23
Memory (MB):                  2151.27
================================================================================
================================================================================
Flow Settings:
================================================================================
Total Runtime (h:m:s): 00:02:23
Total Memory (MB):     2151.27
Executable Version:    22.13-s093_1
================================================================================
Total Cell Area =  Cell Area + Physical Cell Area
Total Instances =  Leaf Instances + Physical Instances




@file(synth2.tcl) 104: write_db -common ${_OUTPUTS_PATH}/${DESIGN}_m
%# Begin ::stylus_db::write (04/13 19:19:59, mem=2151.27M)
(stylus_db): Argument checking
Warning : Saving 'Common-DB' of a design using non-MMMC timing configuration. [DATABASE-140]
        : Timing will likely be upgraded to use MMMC on read.
(stylus_db): Directory creation under 'out_Apr13-19:18:17/picorv32_m'
(stylus_db): Saving Verilog
(stylus_db): Saving DEF
(stylus_db): No floorplan exists, DEF will not be written.
(stylus_db): Saving SCANDEF
(stylus_db): No scan definition is present.
(stylus_db): Saving MMMC/SDC
File out_Apr13-19:18:17/picorv32_m/cmn/picorv32.mmmc/picorv32.mmmc.tcl has been written.
Writing compressed SDC constraint file out_Apr13-19:18:17/picorv32_m/cmn/picorv32.mmmc/modes/default_emulate_constraint_mode/default_emulate_constraint_mode.sdc.gz
Finished SDC export (command execution time mm:ss (real) = 00:01).
Info: file out_Apr13-19:18:17/picorv32_m/cmn/picorv32.mmmc/modes/default_emulate_constraint_mode/default_emulate_constraint_mode.sdc.gz has been written
Info: file out_Apr13-19:18:17/picorv32_m/cmn/picorv32.mmmc/modes/default_emulate_constraint_mode/default_emulate_constraint_mode.sdc.gz has been written
(stylus_db): Saving Latency
(stylus_db): Saving Derates
(stylus_db): Saving Path-Adjusts
Writing compressed SDC constraint file out_Apr13-19:18:17/picorv32_m/cmn/picorv32.mmmc/views/default_emulate_view/latency.sdc.gz
(stylus_db): Saving SPEF
(stylus_db): Saving Unified Metrics
(stylus_db): Saving User-Attribute Settings
(stylus_db): Saving Flowkit Settings
(stylus_db): Saving Genus .g
Writing compressed 'write_spef' file out_Apr13-19:18:17/picorv32_m/cmn/picorv32.mmmc/corners/default_emulate_rc_corner/default_emulate_rc_corner.spef.gz
Starting spef generation ..
printing HEADER ..
printing NAME_MAP section ..
printing NAME_MAP all ports section ..
printing NAME_MAP top level nets ..
printing NAME_MAP all other level nets ..
printing NAME_MAP instances ..
printing PORTS section ..
Total number of net segments is 6437 ..
Total number of physical nets is 6436 ..
printing D_NET section ..
 ... 643 nets processed
 ... 1286 nets processed
 ... 1929 nets processed
 ... 2572 nets processed
 ... 3215 nets processed
 ... 3858 nets processed
 ... 4501 nets processed
 ... 5144 nets processed
 ... 5787 nets processed
 ... 6430 nets processed
Completed spef generation ..
(stylus_db): Saving Genus nonMMMC information
Writing GENUS setup file... Library
  Setting attribute of root '/': 'opt_spatial_power_driven' = false
Writing compressed SDC constraint file out_Apr13-19:18:17/picorv32_m/cmn/picorv32.mmmc/pathadjust.sdc.gz
Finished SDC export (command execution time mm:ss (real) = 00:00).
(stylus_db): Saving Native DB
Finished exporting design database to file '/home/alumnes/s/serik.perez/dnd/synth/caravel-picorv32/R2-core-mul/out_Apr13-19:18:17/picorv32_m/syn/picorv32.db' for 'picorv32' (command execution time mm:ss cpu = 00:00, real = 00:00).
(stylus_db): Waiting for all child processes to complete
(stylus_db): Completing mmmc file
%# End ::stylus_db::write (04/13 19:20:01, total cpu=09:00:02, real=09:00:02, peak res=1109.90M, current mem=2156.27M)
@file(synth2.tcl) 105: write_hdl  > ${_OUTPUTS_PATH}/${DESIGN}_m.v
@file(synth2.tcl) 106: write_sdc > ${_OUTPUTS_PATH}/${DESIGN}_m.sdc
Finished SDC export (command execution time mm:ss (real) = 00:01).
@file(synth2.tcl) 118: puts "Final Runtime & Memory."
Final Runtime & Memory.
@file(synth2.tcl) 119: time_info FINAL
stamp 'FINAL' being created for table 'default'

  Total Time (Wall) |  Stage Time (Wall)  |   % (Wall)   |    Date - Time     |  Memory   | Stage
--------------------+---------------------+--------------+--------------------+-----------+----------------------
 00:00:03(00:00:00) |  00:00:00(00:00:00) |   0.0(  0.0) |   19:17:37 (Apr13) |  216.9 MB | init
--------------------+---------------------+--------------+--------------------+-----------+----------------------
 00:00:09(00:00:42) |  00:00:06(00:00:42) |   6.3( 29.0) |   19:18:19 (Apr13) |  563.6 MB | Elaboration
--------------------+---------------------+--------------+--------------------+-----------+----------------------
 00:00:44(00:01:30) |  00:00:35(00:00:48) |  37.7( 33.1) |   19:19:07 (Apr13) |   1.08 GB | GENERIC
--------------------+---------------------+--------------+--------------------+-----------+----------------------
 00:01:15(00:02:00) |  00:00:30(00:00:30) |  32.0( 20.7) |   19:19:37 (Apr13) |   1.00 GB | MAPPED
--------------------+---------------------+--------------+--------------------+-----------+----------------------
 00:01:35(00:02:20) |  00:00:19(00:00:20) |  20.9( 13.8) |   19:19:57 (Apr13) |  990.4 MB | OPT
--------------------+---------------------+--------------+--------------------+-----------+----------------------
 00:01:38(00:02:25) |  00:00:02(00:00:05) |   3.1(  3.4) |   19:20:02 (Apr13) |   1.02 GB | FINAL
--------------------+---------------------+--------------+--------------------+-----------+----------------------
Number of threads: 2 * 1   (id: default, time_info v1.57)
Info: (*N*) indicates data that was populated from previously saved time_info database
Info: CPU time includes time of parent + longest thread
@file(synth2.tcl) 120: puts "============================"
============================
@file(synth2.tcl) 121: puts "Synthesis Finished ........."
Synthesis Finished .........
@file(synth2.tcl) 122: puts "============================"
============================
@file(synth2.tcl) 124: file copy [get_db / .stdout_log] ${_LOG_PATH}/.
@file(synth2.tcl) 126: exit

Lic Summary:
[19:20:02.196162] Cdslmd servers: blendedP
[19:20:02.196168] Feature usage summary:
[19:20:02.196168] Genus_Synthesis

Normal exit.